estado,anio,mes,mes_num,homicidios_total
Aguascalientes,1990,Enero,1,1
Aguascalientes,1990,Febrero,2,2
Aguascalientes,1990,Marzo,3,2
Aguascalientes,1990,Abril,4,6
Aguascalientes,1990,Mayo,5,3
Aguascalientes,1990,Junio,6,4
Aguascalientes,1990,Julio,7,7
Aguascalientes,1990,Agosto,8,3
Aguascalientes,1990,Septiembre,9,3
Aguascalientes,1990,Octubre,10,3
Aguascalientes,1990,Noviembre,11,5
Aguascalientes,1990,Diciembre,12,4
Aguascalientes,1991,Enero,1,6
Aguascalientes,1991,Febrero,2,13
Aguascalientes,1991,Marzo,3,4
Aguascalientes,1991,Abril,4,5
Aguascalientes,1991,Mayo,5,1
Aguascalientes,1991,Julio,7,2
Aguascalientes,1991,Agosto,8,5
Aguascalientes,1991,Septiembre,9,6
Aguascalientes,1991,Octubre,10,3
Aguascalientes,1991,Noviembre,11,6
Aguascalientes,1991,Diciembre,12,3
Aguascalientes,1992,Enero,1,2
Aguascalientes,1992,Febrero,2,3
Aguascalientes,1992,Marzo,3,1
Aguascalientes,1992,Abril,4,2
Aguascalientes,1992,Mayo,5,5
Aguascalientes,1992,Junio,6,3
Aguascalientes,1992,Julio,7,2
Aguascalientes,1992,Agosto,8,2
Aguascalientes,1992,Septiembre,9,6
Aguascalientes,1992,Octubre,10,2
Aguascalientes,1992,Noviembre,11,4
Aguascalientes,1992,Diciembre,12,3
Aguascalientes,1993,Enero,1,4
Aguascalientes,1993,Febrero,2,3
Aguascalientes,1993,Marzo,3,8
Aguascalientes,1993,Abril,4,2
Aguascalientes,1993,Mayo,5,1
Aguascalientes,1993,Julio,7,2
Aguascalientes,1993,Agosto,8,2
Aguascalientes,1993,Octubre,10,3
Aguascalientes,1993,Noviembre,11,7
Aguascalientes,1994,Enero,1,2
Aguascalientes,1994,Febrero,2,4
Aguascalientes,1994,Marzo,3,2
Aguascalientes,1994,Mayo,5,3
Aguascalientes,1994,Julio,7,1
Aguascalientes,1994,Agosto,8,1
Aguascalientes,1994,Septiembre,9,2
Aguascalientes,1994,Octubre,10,3
Aguascalientes,1994,Noviembre,11,2
Aguascalientes,1994,Diciembre,12,2
Aguascalientes,1995,Enero,1,2
Aguascalientes,1995,Febrero,2,3
Aguascalientes,1995,Marzo,3,1
Aguascalientes,1995,Abril,4,1
Aguascalientes,1995,Mayo,5,4
Aguascalientes,1995,Junio,6,4
Aguascalientes,1995,Julio,7,7
Aguascalientes,1995,Agosto,8,2
Aguascalientes,1995,Septiembre,9,7
Aguascalientes,1995,Octubre,10,2
Aguascalientes,1995,Noviembre,11,1
Aguascalientes,1996,Enero,1,2
Aguascalientes,1996,Febrero,2,5
Aguascalientes,1996,Marzo,3,2
Aguascalientes,1996,Abril,4,1
Aguascalientes,1996,Julio,7,5
Aguascalientes,1996,Agosto,8,1
Aguascalientes,1996,Septiembre,9,3
Aguascalientes,1996,Octubre,10,3
Aguascalientes,1996,Noviembre,11,4
Aguascalientes,1996,Diciembre,12,3
Aguascalientes,1997,Enero,1,1
Aguascalientes,1997,Febrero,2,2
Aguascalientes,1997,Marzo,3,6
Aguascalientes,1997,Abril,4,1
Aguascalientes,1997,Mayo,5,3
Aguascalientes,1997,Agosto,8,1
Aguascalientes,1997,Septiembre,9,3
Aguascalientes,1997,Octubre,10,1
Aguascalientes,1997,Diciembre,12,4
Aguascalientes,1998,Enero,1,2
Aguascalientes,1998,Febrero,2,1
Aguascalientes,1998,Marzo,3,5
Aguascalientes,1998,Abril,4,5
Aguascalientes,1998,Mayo,5,7
Aguascalientes,1998,Junio,6,3
Aguascalientes,1998,Julio,7,4
Aguascalientes,1998,Agosto,8,2
Aguascalientes,1998,Septiembre,9,5
Aguascalientes,1998,Octubre,10,1
Aguascalientes,1998,Noviembre,11,3
Aguascalientes,1998,Diciembre,12,4
Aguascalientes,1999,Enero,1,5
Aguascalientes,1999,Febrero,2,1
Aguascalientes,1999,Marzo,3,2
Aguascalientes,1999,Mayo,5,2
Aguascalientes,1999,Junio,6,1
Aguascalientes,1999,Julio,7,2
Aguascalientes,1999,Agosto,8,4
Aguascalientes,1999,Septiembre,9,3
Aguascalientes,1999,Octubre,10,1
Aguascalientes,1999,Noviembre,11,2
Aguascalientes,2000,Marzo,3,1
Aguascalientes,2000,Abril,4,2
Aguascalientes,2000,Mayo,5,1
Aguascalientes,2000,Junio,6,2
Aguascalientes,2000,Agosto,8,3
Aguascalientes,2000,Septiembre,9,2
Aguascalientes,2000,Octubre,10,2
Aguascalientes,2000,Noviembre,11,1
Aguascalientes,2000,Diciembre,12,1
Aguascalientes,2001,Enero,1,3
Aguascalientes,2001,Febrero,2,1
Aguascalientes,2001,Abril,4,3
Aguascalientes,2001,Mayo,5,4
Aguascalientes,2001,Junio,6,2
Aguascalientes,2001,Julio,7,1
Aguascalientes,2001,Agosto,8,1
Aguascalientes,2001,Septiembre,9,2
Aguascalientes,2001,Octubre,10,1
Aguascalientes,2001,Noviembre,11,2
Aguascalientes,2001,Diciembre,12,2
Aguascalientes,2002,Enero,1,2
Aguascalientes,2002,Febrero,2,2
Aguascalientes,2002,Abril,4,4
Aguascalientes,2002,Mayo,5,3
Aguascalientes,2002,Junio,6,2
Aguascalientes,2002,Julio,7,3
Aguascalientes,2002,Agosto,8,1
Aguascalientes,2002,Septiembre,9,2
Aguascalientes,2002,Octubre,10,2
Aguascalientes,2002,Noviembre,11,4
Aguascalientes,2002,Diciembre,12,4
Aguascalientes,2003,Enero,1,1
Aguascalientes,2003,Febrero,2,1
Aguascalientes,2003,Marzo,3,1
Aguascalientes,2003,Abril,4,3
Aguascalientes,2003,Mayo,5,4
Aguascalientes,2003,Junio,6,5
Aguascalientes,2003,Julio,7,2
Aguascalientes,2003,Agosto,8,2
Aguascalientes,2003,Octubre,10,2
Aguascalientes,2003,Diciembre,12,4
Aguascalientes,2004,Enero,1,1
Aguascalientes,2004,Abril,4,2
Aguascalientes,2004,Mayo,5,3
Aguascalientes,2004,Junio,6,2
Aguascalientes,2004,Julio,7,2
Aguascalientes,2004,Agosto,8,1
Aguascalientes,2004,Septiembre,9,2
Aguascalientes,2004,Octubre,10,3
Aguascalientes,2004,Noviembre,11,3
Aguascalientes,2004,Diciembre,12,2
Aguascalientes,2005,Enero,1,2
Aguascalientes,2005,Marzo,3,6
Aguascalientes,2005,Mayo,5,3
Aguascalientes,2005,Junio,6,4
Aguascalientes,2005,Agosto,8,2
Aguascalientes,2005,Septiembre,9,1
Aguascalientes,2005,Octubre,10,1
Aguascalientes,2005,Noviembre,11,4
Aguascalientes,2005,Diciembre,12,2
Aguascalientes,2006,Enero,1,1
Aguascalientes,2006,Febrero,2,3
Aguascalientes,2006,Marzo,3,1
Aguascalientes,2006,Abril,4,1
Aguascalientes,2006,Mayo,5,5
Aguascalientes,2006,Junio,6,1
Aguascalientes,2006,Julio,7,4
Aguascalientes,2006,Agosto,8,3
Aguascalientes,2006,Septiembre,9,2
Aguascalientes,2006,Octubre,10,1
Aguascalientes,2006,Noviembre,11,3
Aguascalientes,2006,Diciembre,12,1
Aguascalientes,2007,Enero,1,3
Aguascalientes,2007,Febrero,2,1
Aguascalientes,2007,Marzo,3,1
Aguascalientes,2007,Abril,4,1
Aguascalientes,2007,Mayo,5,3
Aguascalientes,2007,Junio,6,3
Aguascalientes,2007,Julio,7,6
Aguascalientes,2007,Agosto,8,8
Aguascalientes,2007,Septiembre,9,5
Aguascalientes,2007,Octubre,10,5
Aguascalientes,2007,Noviembre,11,3
Aguascalientes,2007,Diciembre,12,2
Aguascalientes,2008,Enero,1,4
Aguascalientes,2008,Febrero,2,2
Aguascalientes,2008,Marzo,3,3
Aguascalientes,2008,Abril,4,2
Aguascalientes,2008,Mayo,5,5
Aguascalientes,2008,Junio,6,2
Aguascalientes,2008,Julio,7,11
Aguascalientes,2008,Agosto,8,11
Aguascalientes,2008,Septiembre,9,7
Aguascalientes,2008,Octubre,10,4
Aguascalientes,2008,Noviembre,11,2
Aguascalientes,2008,Diciembre,12,5
Aguascalientes,2009,Enero,1,6
Aguascalientes,2009,Febrero,2,5
Aguascalientes,2009,Marzo,3,5
Aguascalientes,2009,Abril,4,6
Aguascalientes,2009,Mayo,5,6
Aguascalientes,2009,Junio,6,3
Aguascalientes,2009,Julio,7,9
Aguascalientes,2009,Agosto,8,3
Aguascalientes,2009,Septiembre,9,5
Aguascalientes,2009,Octubre,10,4
Aguascalientes,2009,Noviembre,11,5
Aguascalientes,2009,Diciembre,12,8
Aguascalientes,2010,Enero,1,4
Aguascalientes,2010,Febrero,2,3
Aguascalientes,2010,Marzo,3,4
Aguascalientes,2010,Abril,4,2
Aguascalientes,2010,Mayo,5,3
Aguascalientes,2010,Junio,6,8
Aguascalientes,2010,Julio,7,5
Aguascalientes,2010,Agosto,8,10
Aguascalientes,2010,Septiembre,9,9
Aguascalientes,2010,Octubre,10,8
Aguascalientes,2010,Noviembre,11,11
Aguascalientes,2010,Diciembre,12,8
Aguascalientes,2011,Enero,1,9
Aguascalientes,2011,Febrero,2,10
Aguascalientes,2011,Marzo,3,6
Aguascalientes,2011,Abril,4,8
Aguascalientes,2011,Mayo,5,8
Aguascalientes,2011,Junio,6,14
Aguascalientes,2011,Julio,7,4
Aguascalientes,2011,Agosto,8,3
Aguascalientes,2011,Septiembre,9,6
Aguascalientes,2011,Octubre,10,6
Aguascalientes,2011,Noviembre,11,2
Aguascalientes,2011,Diciembre,12,5
Aguascalientes,2012,Enero,1,3
Aguascalientes,2012,Febrero,2,4
Aguascalientes,2012,Marzo,3,5
Aguascalientes,2012,Abril,4,2
Aguascalientes,2012,Mayo,5,5
Aguascalientes,2012,Junio,6,3
Aguascalientes,2012,Julio,7,5
Aguascalientes,2012,Agosto,8,2
Aguascalientes,2012,Septiembre,9,2
Aguascalientes,2012,Octubre,10,3
Aguascalientes,2012,Noviembre,11,8
Aguascalientes,2012,Diciembre,12,3
Aguascalientes,2013,Enero,1,2
Aguascalientes,2013,Febrero,2,5
Aguascalientes,2013,Marzo,3,3
Aguascalientes,2013,Abril,4,5
Aguascalientes,2013,Mayo,5,2
Aguascalientes,2013,Junio,6,3
Aguascalientes,2013,Julio,7,6
Aguascalientes,2013,Agosto,8,4
Aguascalientes,2013,Septiembre,9,4
Aguascalientes,2013,Octubre,10,4
Aguascalientes,2013,Noviembre,11,4
Aguascalientes,2013,Diciembre,12,2
Aguascalientes,2014,Enero,1,2
Aguascalientes,2014,Febrero,2,3
Aguascalientes,2014,Marzo,3,4
Aguascalientes,2014,Abril,4,1
Aguascalientes,2014,Mayo,5,3
Aguascalientes,2014,Junio,6,10
Aguascalientes,2014,Julio,7,2
Aguascalientes,2014,Agosto,8,2
Aguascalientes,2014,Septiembre,9,2
Aguascalientes,2014,Octubre,10,7
Aguascalientes,2014,Noviembre,11,4
Aguascalientes,2014,Diciembre,12,6
Aguascalientes,2015,Enero,1,7
Aguascalientes,2015,Marzo,3,5
Aguascalientes,2015,Abril,4,4
Aguascalientes,2015,Mayo,5,5
Aguascalientes,2015,Junio,6,7
Aguascalientes,2015,Julio,7,2
Aguascalientes,2015,Agosto,8,1
Aguascalientes,2015,Septiembre,9,4
Aguascalientes,2015,Octubre,10,2
Aguascalientes,2015,Noviembre,11,3
Aguascalientes,2015,Diciembre,12,5
Aguascalientes,2016,Febrero,2,4
Aguascalientes,2016,Marzo,3,6
Aguascalientes,2016,Abril,4,5
Aguascalientes,2016,Mayo,5,5
Aguascalientes,2016,Junio,6,3
Aguascalientes,2016,Julio,7,1
Aguascalientes,2016,Agosto,8,4
Aguascalientes,2016,Septiembre,9,4
Aguascalientes,2016,Octubre,10,5
Aguascalientes,2016,Noviembre,11,2
Aguascalientes,2016,Diciembre,12,6
Aguascalientes,2017,Enero,1,5
Aguascalientes,2017,Febrero,2,3
Aguascalientes,2017,Marzo,3,3
Aguascalientes,2017,Abril,4,5
Aguascalientes,2017,Mayo,5,11
Aguascalientes,2017,Junio,6,14
Aguascalientes,2017,Julio,7,4
Aguascalientes,2017,Agosto,8,10
Aguascalientes,2017,Septiembre,9,10
Aguascalientes,2017,Octubre,10,8
Aguascalientes,2017,Noviembre,11,5
Aguascalientes,2017,Diciembre,12,5
Aguascalientes,2018,Enero,1,9
Aguascalientes,2018,Febrero,2,8
Aguascalientes,2018,Marzo,3,4
Aguascalientes,2018,Abril,4,9
Aguascalientes,2018,Mayo,5,7
Aguascalientes,2018,Junio,6,5
Aguascalientes,2018,Julio,7,6
Aguascalientes,2018,Agosto,8,7
Aguascalientes,2018,Septiembre,9,10
Aguascalientes,2018,Octubre,10,2
Aguascalientes,2018,Noviembre,11,6
Aguascalientes,2018,Diciembre,12,6
Aguascalientes,2019,Enero,1,9
Aguascalientes,2019,Febrero,2,11
Aguascalientes,2019,Marzo,3,10
Aguascalientes,2019,Abril,4,7
Aguascalientes,2019,Mayo,5,10
Aguascalientes,2019,Junio,6,12
Aguascalientes,2019,Julio,7,8
Aguascalientes,2019,Agosto,8,1
Aguascalientes,2019,Septiembre,9,11
Aguascalientes,2019,Octubre,10,18
Aguascalientes,2019,Noviembre,11,8
Aguascalientes,2019,Diciembre,12,10
Aguascalientes,2020,Enero,1,6
Aguascalientes,2020,Febrero,2,11
Aguascalientes,2020,Marzo,3,7
Aguascalientes,2020,Abril,4,4
Aguascalientes,2020,Mayo,5,11
Aguascalientes,2020,Junio,6,10
Aguascalientes,2020,Julio,7,13
Aguascalientes,2020,Agosto,8,10
Aguascalientes,2020,Septiembre,9,4
Aguascalientes,2020,Octubre,10,4
Aguascalientes,2020,Noviembre,11,7
Aguascalientes,2020,Diciembre,12,2
Aguascalientes,2021,Enero,1,6
Aguascalientes,2021,Febrero,2,6
Aguascalientes,2021,Marzo,3,8
Aguascalientes,2021,Abril,4,12
Aguascalientes,2021,Mayo,5,8
Aguascalientes,2021,Junio,6,8
Aguascalientes,2021,Julio,7,7
Aguascalientes,2021,Agosto,8,13
Aguascalientes,2021,Septiembre,9,5
Aguascalientes,2021,Octubre,10,10
Aguascalientes,2021,Noviembre,11,8
Aguascalientes,2021,Diciembre,12,9
Aguascalientes,2022,Enero,1,7
Aguascalientes,2022,Febrero,2,7
Aguascalientes,2022,Marzo,3,6
Aguascalientes,2022,Abril,4,2
Aguascalientes,2022,Mayo,5,5
Aguascalientes,2022,Junio,6,10
Aguascalientes,2022,Julio,7,8
Aguascalientes,2022,Agosto,8,8
Aguascalientes,2022,Septiembre,9,8
Aguascalientes,2022,Octubre,10,10
Aguascalientes,2022,Noviembre,11,7
Aguascalientes,2022,Diciembre,12,8
Aguascalientes,2023,Enero,1,6
Aguascalientes,2023,Febrero,2,10
Aguascalientes,2023,Marzo,3,17
Aguascalientes,2023,Abril,4,9
Aguascalientes,2023,Mayo,5,3
Aguascalientes,2023,Junio,6,13
Aguascalientes,2023,Julio,7,5
Aguascalientes,2023,Agosto,8,11
Aguascalientes,2023,Septiembre,9,6
Aguascalientes,2023,Octubre,10,4
Aguascalientes,2023,Noviembre,11,16
Aguascalientes,2023,Diciembre,12,9
Aguascalientes,2024,Enero,1,9
Aguascalientes,2024,Febrero,2,5
Aguascalientes,2024,Marzo,3,16
Aguascalientes,2024,Abril,4,9
Aguascalientes,2024,Mayo,5,19
Aguascalientes,2024,Junio,6,16
Aguascalientes,2024,Julio,7,19
Aguascalientes,2024,Agosto,8,14
Aguascalientes,2024,Septiembre,9,13
Aguascalientes,2024,Octubre,10,9
Aguascalientes,2024,Noviembre,11,3
Aguascalientes,2024,Diciembre,12,9
Baja California,1990,Enero,1,31
Baja California,1990,Febrero,2,15
Baja California,1990,Marzo,3,20
Baja California,1990,Abril,4,22
Baja California,1990,Mayo,5,27
Baja California,1990,Junio,6,24
Baja California,1990,Julio,7,19
Baja California,1990,Agosto,8,24
Baja California,1990,Septiembre,9,29
Baja California,1990,Octubre,10,25
Baja California,1990,Noviembre,11,22
Baja California,1990,Diciembre,12,14
Baja California,1991,Enero,1,18
Baja California,1991,Febrero,2,17
Baja California,1991,Marzo,3,23
Baja California,1991,Abril,4,15
Baja California,1991,Mayo,5,24
Baja California,1991,Junio,6,37
Baja California,1991,Julio,7,17
Baja California,1991,Agosto,8,24
Baja California,1991,Septiembre,9,26
Baja California,1991,Octubre,10,25
Baja California,1991,Noviembre,11,22
Baja California,1991,Diciembre,12,32
Baja California,1992,Enero,1,33
Baja California,1992,Febrero,2,28
Baja California,1992,Marzo,3,20
Baja California,1992,Abril,4,30
Baja California,1992,Mayo,5,19
Baja California,1992,Junio,6,16
Baja California,1992,Julio,7,19
Baja California,1992,Agosto,8,23
Baja California,1992,Septiembre,9,16
Baja California,1992,Octubre,10,40
Baja California,1992,Noviembre,11,22
Baja California,1992,Diciembre,12,37
Baja California,1993,Enero,1,33
Baja California,1993,Febrero,2,15
Baja California,1993,Marzo,3,8
Baja California,1993,Abril,4,27
Baja California,1993,Mayo,5,12
Baja California,1993,Junio,6,24
Baja California,1993,Julio,7,40
Baja California,1993,Agosto,8,26
Baja California,1993,Septiembre,9,25
Baja California,1993,Octubre,10,23
Baja California,1993,Noviembre,11,33
Baja California,1993,Diciembre,12,23
Baja California,1994,Enero,1,20
Baja California,1994,Febrero,2,21
Baja California,1994,Marzo,3,23
Baja California,1994,Abril,4,32
Baja California,1994,Mayo,5,37
Baja California,1994,Junio,6,29
Baja California,1994,Julio,7,36
Baja California,1994,Agosto,8,34
Baja California,1994,Septiembre,9,27
Baja California,1994,Octubre,10,24
Baja California,1994,Noviembre,11,30
Baja California,1994,Diciembre,12,33
Baja California,1995,Enero,1,37
Baja California,1995,Febrero,2,25
Baja California,1995,Marzo,3,35
Baja California,1995,Abril,4,30
Baja California,1995,Mayo,5,27
Baja California,1995,Junio,6,38
Baja California,1995,Julio,7,13
Baja California,1995,Agosto,8,38
Baja California,1995,Septiembre,9,32
Baja California,1995,Octubre,10,37
Baja California,1995,Noviembre,11,47
Baja California,1995,Diciembre,12,28
Baja California,1996,Enero,1,23
Baja California,1996,Febrero,2,25
Baja California,1996,Marzo,3,34
Baja California,1996,Abril,4,36
Baja California,1996,Mayo,5,42
Baja California,1996,Junio,6,17
Baja California,1996,Julio,7,32
Baja California,1996,Agosto,8,28
Baja California,1996,Septiembre,9,34
Baja California,1996,Octubre,10,42
Baja California,1996,Noviembre,11,27
Baja California,1996,Diciembre,12,34
Baja California,1997,Enero,1,31
Baja California,1997,Febrero,2,20
Baja California,1997,Marzo,3,30
Baja California,1997,Abril,4,30
Baja California,1997,Mayo,5,26
Baja California,1997,Junio,6,33
Baja California,1997,Julio,7,21
Baja California,1997,Agosto,8,29
Baja California,1997,Septiembre,9,29
Baja California,1997,Octubre,10,23
Baja California,1997,Noviembre,11,23
Baja California,1997,Diciembre,12,35
Baja California,1998,Enero,1,32
Baja California,1998,Febrero,2,42
Baja California,1998,Marzo,3,38
Baja California,1998,Abril,4,41
Baja California,1998,Mayo,5,34
Baja California,1998,Junio,6,64
Baja California,1998,Julio,7,48
Baja California,1998,Agosto,8,65
Baja California,1998,Septiembre,9,66
Baja California,1998,Octubre,10,52
Baja California,1998,Noviembre,11,50
Baja California,1998,Diciembre,12,45
Baja California,1999,Enero,1,46
Baja California,1999,Febrero,2,53
Baja California,1999,Marzo,3,49
Baja California,1999,Abril,4,49
Baja California,1999,Mayo,5,57
Baja California,1999,Junio,6,47
Baja California,1999,Julio,7,58
Baja California,1999,Agosto,8,67
Baja California,1999,Septiembre,9,55
Baja California,1999,Octubre,10,53
Baja California,1999,Noviembre,11,54
Baja California,1999,Diciembre,12,45
Baja California,2000,Enero,1,60
Baja California,2000,Febrero,2,43
Baja California,2000,Marzo,3,35
Baja California,2000,Abril,4,18
Baja California,2000,Mayo,5,35
Baja California,2000,Junio,6,37
Baja California,2000,Julio,7,23
Baja California,2000,Agosto,8,45
Baja California,2000,Septiembre,9,25
Baja California,2000,Octubre,10,35
Baja California,2000,Noviembre,11,31
Baja California,2000,Diciembre,12,39
Baja California,2001,Enero,1,13
Baja California,2001,Febrero,2,24
Baja California,2001,Marzo,3,41
Baja California,2001,Abril,4,28
Baja California,2001,Mayo,5,50
Baja California,2001,Junio,6,36
Baja California,2001,Julio,7,31
Baja California,2001,Agosto,8,38
Baja California,2001,Septiembre,9,44
Baja California,2001,Octubre,10,27
Baja California,2001,Noviembre,11,39
Baja California,2001,Diciembre,12,26
Baja California,2002,Enero,1,42
Baja California,2002,Febrero,2,30
Baja California,2002,Marzo,3,38
Baja California,2002,Abril,4,34
Baja California,2002,Mayo,5,34
Baja California,2002,Junio,6,32
Baja California,2002,Julio,7,49
Baja California,2002,Agosto,8,32
Baja California,2002,Septiembre,9,19
Baja California,2002,Octubre,10,39
Baja California,2002,Noviembre,11,33
Baja California,2002,Diciembre,12,37
Baja California,2003,Enero,1,34
Baja California,2003,Febrero,2,32
Baja California,2003,Marzo,3,30
Baja California,2003,Abril,4,35
Baja California,2003,Mayo,5,44
Baja California,2003,Junio,6,29
Baja California,2003,Julio,7,54
Baja California,2003,Agosto,8,40
Baja California,2003,Septiembre,9,40
Baja California,2003,Octubre,10,47
Baja California,2003,Noviembre,11,27
Baja California,2003,Diciembre,12,34
Baja California,2004,Enero,1,33
Baja California,2004,Febrero,2,41
Baja California,2004,Marzo,3,33
Baja California,2004,Abril,4,30
Baja California,2004,Mayo,5,38
Baja California,2004,Junio,6,56
Baja California,2004,Julio,7,33
Baja California,2004,Agosto,8,32
Baja California,2004,Septiembre,9,47
Baja California,2004,Octubre,10,48
Baja California,2004,Noviembre,11,47
Baja California,2004,Diciembre,12,33
Baja California,2005,Enero,1,19
Baja California,2005,Febrero,2,25
Baja California,2005,Marzo,3,35
Baja California,2005,Abril,4,52
Baja California,2005,Mayo,5,44
Baja California,2005,Junio,6,21
Baja California,2005,Julio,7,38
Baja California,2005,Agosto,8,45
Baja California,2005,Septiembre,9,41
Baja California,2005,Octubre,10,49
Baja California,2005,Noviembre,11,29
Baja California,2005,Diciembre,12,26
Baja California,2006,Enero,1,35
Baja California,2006,Febrero,2,21
Baja California,2006,Marzo,3,36
Baja California,2006,Abril,4,30
Baja California,2006,Mayo,5,41
Baja California,2006,Junio,6,44
Baja California,2006,Julio,7,40
Baja California,2006,Agosto,8,47
Baja California,2006,Septiembre,9,55
Baja California,2006,Octubre,10,42
Baja California,2006,Noviembre,11,34
Baja California,2006,Diciembre,12,31
Baja California,2007,Enero,1,27
Baja California,2007,Febrero,2,29
Baja California,2007,Marzo,3,43
Baja California,2007,Abril,4,49
Baja California,2007,Mayo,5,44
Baja California,2007,Junio,6,42
Baja California,2007,Julio,7,17
Baja California,2007,Agosto,8,31
Baja California,2007,Septiembre,9,27
Baja California,2007,Octubre,10,18
Baja California,2007,Noviembre,11,19
Baja California,2007,Diciembre,12,14
Baja California,2008,Enero,1,53
Baja California,2008,Febrero,2,46
Baja California,2008,Marzo,3,57
Baja California,2008,Abril,4,63
Baja California,2008,Mayo,5,51
Baja California,2008,Junio,6,64
Baja California,2008,Julio,7,47
Baja California,2008,Agosto,8,39
Baja California,2008,Septiembre,9,60
Baja California,2008,Octubre,10,198
Baja California,2008,Noviembre,11,198
Baja California,2008,Diciembre,12,138
Baja California,2009,Enero,1,163
Baja California,2009,Febrero,2,131
Baja California,2009,Marzo,3,116
Baja California,2009,Abril,4,110
Baja California,2009,Mayo,5,104
Baja California,2009,Junio,6,76
Baja California,2009,Julio,7,106
Baja California,2009,Agosto,8,113
Baja California,2009,Septiembre,9,130
Baja California,2009,Octubre,10,94
Baja California,2009,Noviembre,11,99
Baja California,2009,Diciembre,12,227
Baja California,2010,Enero,1,259
Baja California,2010,Febrero,2,128
Baja California,2010,Marzo,3,119
Baja California,2010,Abril,4,154
Baja California,2010,Mayo,5,129
Baja California,2010,Junio,6,115
Baja California,2010,Julio,7,128
Baja California,2010,Agosto,8,137
Baja California,2010,Septiembre,9,79
Baja California,2010,Octubre,10,65
Baja California,2010,Noviembre,11,95
Baja California,2010,Diciembre,12,98
Baja California,2011,Enero,1,92
Baja California,2011,Febrero,2,53
Baja California,2011,Marzo,3,74
Baja California,2011,Abril,4,62
Baja California,2011,Mayo,5,67
Baja California,2011,Junio,6,62
Baja California,2011,Julio,7,61
Baja California,2011,Agosto,8,60
Baja California,2011,Septiembre,9,54
Baja California,2011,Octubre,10,76
Baja California,2011,Noviembre,11,63
Baja California,2011,Diciembre,12,39
Baja California,2012,Enero,1,62
Baja California,2012,Febrero,2,45
Baja California,2012,Marzo,3,50
Baja California,2012,Abril,4,47
Baja California,2012,Mayo,5,43
Baja California,2012,Junio,6,36
Baja California,2012,Julio,7,57
Baja California,2012,Agosto,8,30
Baja California,2012,Septiembre,9,64
Baja California,2012,Octubre,10,46
Baja California,2012,Noviembre,11,47
Baja California,2012,Diciembre,12,27
Baja California,2013,Enero,1,57
Baja California,2013,Febrero,2,38
Baja California,2013,Marzo,3,53
Baja California,2013,Abril,4,74
Baja California,2013,Mayo,5,68
Baja California,2013,Junio,6,46
Baja California,2013,Julio,7,67
Baja California,2013,Agosto,8,48
Baja California,2013,Septiembre,9,77
Baja California,2013,Octubre,10,68
Baja California,2013,Noviembre,11,70
Baja California,2013,Diciembre,12,75
Baja California,2014,Enero,1,57
Baja California,2014,Febrero,2,58
Baja California,2014,Marzo,3,69
Baja California,2014,Abril,4,46
Baja California,2014,Mayo,5,51
Baja California,2014,Junio,6,52
Baja California,2014,Julio,7,69
Baja California,2014,Agosto,8,54
Baja California,2014,Septiembre,9,74
Baja California,2014,Octubre,10,59
Baja California,2014,Noviembre,11,47
Baja California,2014,Diciembre,12,44
Baja California,2015,Enero,1,53
Baja California,2015,Febrero,2,42
Baja California,2015,Marzo,3,46
Baja California,2015,Abril,4,72
Baja California,2015,Mayo,5,61
Baja California,2015,Junio,6,79
Baja California,2015,Julio,7,64
Baja California,2015,Agosto,8,96
Baja California,2015,Septiembre,9,57
Baja California,2015,Octubre,10,97
Baja California,2015,Noviembre,11,74
Baja California,2015,Diciembre,12,88
Baja California,2016,Enero,1,76
Baja California,2016,Febrero,2,79
Baja California,2016,Marzo,3,88
Baja California,2016,Abril,4,69
Baja California,2016,Mayo,5,85
Baja California,2016,Junio,6,73
Baja California,2016,Julio,7,91
Baja California,2016,Agosto,8,79
Baja California,2016,Septiembre,9,116
Baja California,2016,Octubre,10,93
Baja California,2016,Noviembre,11,113
Baja California,2016,Diciembre,12,145
Baja California,2017,Enero,1,88
Baja California,2017,Febrero,2,142
Baja California,2017,Marzo,3,181
Baja California,2017,Abril,4,126
Baja California,2017,Mayo,5,169
Baja California,2017,Junio,6,177
Baja California,2017,Julio,7,166
Baja California,2017,Agosto,8,175
Baja California,2017,Septiembre,9,242
Baja California,2017,Octubre,10,214
Baja California,2017,Noviembre,11,210
Baja California,2017,Diciembre,12,191
Baja California,2018,Enero,1,185
Baja California,2018,Febrero,2,211
Baja California,2018,Marzo,3,194
Baja California,2018,Abril,4,244
Baja California,2018,Mayo,5,247
Baja California,2018,Junio,6,212
Baja California,2018,Julio,7,232
Baja California,2018,Agosto,8,241
Baja California,2018,Septiembre,9,226
Baja California,2018,Octubre,10,253
Baja California,2018,Noviembre,11,250
Baja California,2018,Diciembre,12,227
Baja California,2019,Enero,1,228
Baja California,2019,Febrero,2,158
Baja California,2019,Marzo,3,178
Baja California,2019,Abril,4,172
Baja California,2019,Mayo,5,196
Baja California,2019,Junio,6,224
Baja California,2019,Julio,7,237
Baja California,2019,Agosto,8,234
Baja California,2019,Septiembre,9,200
Baja California,2019,Octubre,10,203
Baja California,2019,Noviembre,11,183
Baja California,2019,Diciembre,12,185
Baja California,2020,Enero,1,196
Baja California,2020,Febrero,2,150
Baja California,2020,Marzo,3,180
Baja California,2020,Abril,4,199
Baja California,2020,Mayo,5,207
Baja California,2020,Junio,6,213
Baja California,2020,Julio,7,171
Baja California,2020,Agosto,8,170
Baja California,2020,Septiembre,9,192
Baja California,2020,Octubre,10,201
Baja California,2020,Noviembre,11,155
Baja California,2020,Diciembre,12,219
Baja California,2021,Enero,1,157
Baja California,2021,Febrero,2,176
Baja California,2021,Marzo,3,199
Baja California,2021,Abril,4,200
Baja California,2021,Mayo,5,242
Baja California,2021,Junio,6,159
Baja California,2021,Julio,7,217
Baja California,2021,Agosto,8,218
Baja California,2021,Septiembre,9,166
Baja California,2021,Octubre,10,155
Baja California,2021,Noviembre,11,183
Baja California,2021,Diciembre,12,234
Baja California,2022,Enero,1,133
Baja California,2022,Febrero,2,158
Baja California,2022,Marzo,3,192
Baja California,2022,Abril,4,140
Baja California,2022,Mayo,5,157
Baja California,2022,Junio,6,189
Baja California,2022,Julio,7,203
Baja California,2022,Agosto,8,170
Baja California,2022,Septiembre,9,199
Baja California,2022,Octubre,10,160
Baja California,2022,Noviembre,11,171
Baja California,2022,Diciembre,12,225
Baja California,2023,Enero,1,179
Baja California,2023,Febrero,2,149
Baja California,2023,Marzo,3,142
Baja California,2023,Abril,4,153
Baja California,2023,Mayo,5,242
Baja California,2023,Junio,6,193
Baja California,2023,Julio,7,172
Baja California,2023,Agosto,8,159
Baja California,2023,Septiembre,9,166
Baja California,2023,Octubre,10,159
Baja California,2023,Noviembre,11,113
Baja California,2023,Diciembre,12,131
Baja California,2024,Enero,1,180
Baja California,2024,Febrero,2,206
Baja California,2024,Marzo,3,158
Baja California,2024,Abril,4,216
Baja California,2024,Mayo,5,216
Baja California,2024,Junio,6,198
Baja California,2024,Julio,7,185
Baja California,2024,Agosto,8,165
Baja California,2024,Septiembre,9,180
Baja California,2024,Octubre,10,159
Baja California,2024,Noviembre,11,137
Baja California,2024,Diciembre,12,153
Baja California Sur,1990,Enero,1,1
Baja California Sur,1990,Febrero,2,1
Baja California Sur,1990,Mayo,5,2
Baja California Sur,1990,Junio,6,1
Baja California Sur,1990,Julio,7,1
Baja California Sur,1990,Septiembre,9,1
Baja California Sur,1990,Octubre,10,1
Baja California Sur,1990,Noviembre,11,3
Baja California Sur,1990,Diciembre,12,1
Baja California Sur,1991,Febrero,2,1
Baja California Sur,1991,Marzo,3,1
Baja California Sur,1991,Abril,4,1
Baja California Sur,1991,Julio,7,1
Baja California Sur,1991,Agosto,8,5
Baja California Sur,1991,Septiembre,9,4
Baja California Sur,1991,Octubre,10,1
Baja California Sur,1991,Noviembre,11,2
Baja California Sur,1991,Diciembre,12,2
Baja California Sur,1992,Marzo,3,1
Baja California Sur,1992,Abril,4,1
Baja California Sur,1992,Mayo,5,2
Baja California Sur,1992,Junio,6,1
Baja California Sur,1992,Julio,7,2
Baja California Sur,1992,Agosto,8,4
Baja California Sur,1992,Septiembre,9,2
Baja California Sur,1992,Noviembre,11,2
Baja California Sur,1992,Diciembre,12,1
Baja California Sur,1993,Enero,1,1
Baja California Sur,1993,Febrero,2,1
Baja California Sur,1993,Abril,4,3
Baja California Sur,1993,Mayo,5,1
Baja California Sur,1993,Julio,7,2
Baja California Sur,1993,Agosto,8,2
Baja California Sur,1993,Septiembre,9,3
Baja California Sur,1993,Octubre,10,5
Baja California Sur,1993,Noviembre,11,2
Baja California Sur,1993,Diciembre,12,1
Baja California Sur,1994,Enero,1,3
Baja California Sur,1994,Febrero,2,4
Baja California Sur,1994,Marzo,3,3
Baja California Sur,1994,Abril,4,1
Baja California Sur,1994,Mayo,5,1
Baja California Sur,1994,Junio,6,1
Baja California Sur,1994,Julio,7,1
Baja California Sur,1994,Agosto,8,7
Baja California Sur,1994,Octubre,10,2
Baja California Sur,1994,Noviembre,11,3
Baja California Sur,1994,Diciembre,12,2
Baja California Sur,1995,Enero,1,2
Baja California Sur,1995,Febrero,2,1
Baja California Sur,1995,Marzo,3,3
Baja California Sur,1995,Abril,4,1
Baja California Sur,1995,Mayo,5,2
Baja California Sur,1995,Junio,6,2
Baja California Sur,1995,Julio,7,5
Baja California Sur,1995,Agosto,8,3
Baja California Sur,1995,Septiembre,9,2
Baja California Sur,1995,Octubre,10,4
Baja California Sur,1995,Noviembre,11,4
Baja California Sur,1995,Diciembre,12,2
Baja California Sur,1996,Enero,1,2
Baja California Sur,1996,Febrero,2,2
Baja California Sur,1996,Mayo,5,2
Baja California Sur,1996,Junio,6,2
Baja California Sur,1996,Julio,7,1
Baja California Sur,1996,Agosto,8,1
Baja California Sur,1996,Septiembre,9,2
Baja California Sur,1996,Noviembre,11,5
Baja California Sur,1996,Diciembre,12,5
Baja California Sur,1997,Enero,1,3
Baja California Sur,1997,Febrero,2,3
Baja California Sur,1997,Marzo,3,2
Baja California Sur,1997,Abril,4,4
Baja California Sur,1997,Junio,6,4
Baja California Sur,1997,Julio,7,1
Baja California Sur,1997,Agosto,8,3
Baja California Sur,1997,Septiembre,9,3
Baja California Sur,1997,Noviembre,11,8
Baja California Sur,1997,Diciembre,12,3
Baja California Sur,1998,Enero,1,1
Baja California Sur,1998,Febrero,2,1
Baja California Sur,1998,Marzo,3,3
Baja California Sur,1998,Mayo,5,1
Baja California Sur,1998,Junio,6,2
Baja California Sur,1998,Julio,7,4
Baja California Sur,1998,Agosto,8,1
Baja California Sur,1998,Octubre,10,2
Baja California Sur,1998,Noviembre,11,1
Baja California Sur,1998,Diciembre,12,1
Baja California Sur,1999,Enero,1,2
Baja California Sur,1999,Marzo,3,3
Baja California Sur,1999,Abril,4,4
Baja California Sur,1999,Mayo,5,6
Baja California Sur,1999,Junio,6,3
Baja California Sur,1999,Julio,7,3
Baja California Sur,1999,Agosto,8,3
Baja California Sur,1999,Septiembre,9,2
Baja California Sur,1999,Octubre,10,1
Baja California Sur,1999,Noviembre,11,2
Baja California Sur,1999,Diciembre,12,3
Baja California Sur,2000,Febrero,2,2
Baja California Sur,2000,Abril,4,1
Baja California Sur,2000,Mayo,5,1
Baja California Sur,2000,Junio,6,4
Baja California Sur,2000,Julio,7,2
Baja California Sur,2000,Agosto,8,5
Baja California Sur,2000,Septiembre,9,4
Baja California Sur,2000,Octubre,10,4
Baja California Sur,2000,Noviembre,11,4
Baja California Sur,2000,Diciembre,12,2
Baja California Sur,2001,Febrero,2,2
Baja California Sur,2001,Abril,4,1
Baja California Sur,2001,Mayo,5,3
Baja California Sur,2001,Junio,6,5
Baja California Sur,2001,Julio,7,1
Baja California Sur,2001,Agosto,8,3
Baja California Sur,2001,Septiembre,9,1
Baja California Sur,2001,Noviembre,11,1
Baja California Sur,2001,Diciembre,12,1
Baja California Sur,2002,Enero,1,6
Baja California Sur,2002,Marzo,3,2
Baja California Sur,2002,Abril,4,5
Baja California Sur,2002,Mayo,5,1
Baja California Sur,2002,Junio,6,4
Baja California Sur,2002,Julio,7,1
Baja California Sur,2002,Agosto,8,4
Baja California Sur,2002,Septiembre,9,2
Baja California Sur,2002,Octubre,10,3
Baja California Sur,2002,Diciembre,12,4
Baja California Sur,2003,Febrero,2,2
Baja California Sur,2003,Marzo,3,2
Baja California Sur,2003,Abril,4,1
Baja California Sur,2003,Mayo,5,2
Baja California Sur,2003,Junio,6,2
Baja California Sur,2003,Julio,7,2
Baja California Sur,2003,Agosto,8,5
Baja California Sur,2003,Septiembre,9,2
Baja California Sur,2003,Octubre,10,3
Baja California Sur,2003,Noviembre,11,1
Baja California Sur,2003,Diciembre,12,2
Baja California Sur,2004,Enero,1,1
Baja California Sur,2004,Febrero,2,3
Baja California Sur,2004,Abril,4,2
Baja California Sur,2004,Junio,6,1
Baja California Sur,2004,Julio,7,4
Baja California Sur,2004,Agosto,8,4
Baja California Sur,2004,Septiembre,9,3
Baja California Sur,2004,Octubre,10,3
Baja California Sur,2004,Noviembre,11,2
Baja California Sur,2004,Diciembre,12,4
Baja California Sur,2005,Enero,1,3
Baja California Sur,2005,Febrero,2,3
Baja California Sur,2005,Marzo,3,3
Baja California Sur,2005,Abril,4,1
Baja California Sur,2005,Mayo,5,4
Baja California Sur,2005,Junio,6,5
Baja California Sur,2005,Julio,7,4
Baja California Sur,2005,Octubre,10,2
Baja California Sur,2005,Noviembre,11,1
Baja California Sur,2005,Diciembre,12,4
Baja California Sur,2006,Enero,1,2
Baja California Sur,2006,Febrero,2,2
Baja California Sur,2006,Marzo,3,5
Baja California Sur,2006,Junio,6,3
Baja California Sur,2006,Julio,7,4
Baja California Sur,2006,Agosto,8,3
Baja California Sur,2006,Septiembre,9,1
Baja California Sur,2006,Octubre,10,1
Baja California Sur,2006,Noviembre,11,4
Baja California Sur,2007,Enero,1,3
Baja California Sur,2007,Febrero,2,2
Baja California Sur,2007,Marzo,3,4
Baja California Sur,2007,Abril,4,3
Baja California Sur,2007,Mayo,5,2
Baja California Sur,2007,Junio,6,1
Baja California Sur,2007,Julio,7,5
Baja California Sur,2007,Agosto,8,3
Baja California Sur,2007,Septiembre,9,1
Baja California Sur,2007,Octubre,10,2
Baja California Sur,2007,Noviembre,11,2
Baja California Sur,2007,Diciembre,12,6
Baja California Sur,2008,Enero,1,4
Baja California Sur,2008,Febrero,2,2
Baja California Sur,2008,Marzo,3,4
Baja California Sur,2008,Abril,4,8
Baja California Sur,2008,Mayo,5,2
Baja California Sur,2008,Junio,6,1
Baja California Sur,2008,Julio,7,2
Baja California Sur,2008,Agosto,8,5
Baja California Sur,2008,Octubre,10,4
Baja California Sur,2008,Noviembre,11,2
Baja California Sur,2008,Diciembre,12,2
Baja California Sur,2009,Enero,1,1
Baja California Sur,2009,Febrero,2,3
Baja California Sur,2009,Marzo,3,4
Baja California Sur,2009,Mayo,5,4
Baja California Sur,2009,Junio,6,2
Baja California Sur,2009,Julio,7,2
Baja California Sur,2009,Agosto,8,2
Baja California Sur,2009,Septiembre,9,5
Baja California Sur,2009,Octubre,10,6
Baja California Sur,2009,Noviembre,11,1
Baja California Sur,2009,Diciembre,12,2
Baja California Sur,2010,Enero,1,5
Baja California Sur,2010,Febrero,2,2
Baja California Sur,2010,Marzo,3,6
Baja California Sur,2010,Abril,4,2
Baja California Sur,2010,Mayo,5,9
Baja California Sur,2010,Julio,7,5
Baja California Sur,2010,Agosto,8,3
Baja California Sur,2010,Septiembre,9,9
Baja California Sur,2010,Octubre,10,2
Baja California Sur,2010,Noviembre,11,5
Baja California Sur,2010,Diciembre,12,3
Baja California Sur,2011,Enero,1,2
Baja California Sur,2011,Febrero,2,3
Baja California Sur,2011,Marzo,3,2
Baja California Sur,2011,Abril,4,3
Baja California Sur,2011,Mayo,5,2
Baja California Sur,2011,Junio,6,5
Baja California Sur,2011,Julio,7,3
Baja California Sur,2011,Agosto,8,8
Baja California Sur,2011,Septiembre,9,3
Baja California Sur,2011,Octubre,10,4
Baja California Sur,2011,Noviembre,11,5
Baja California Sur,2011,Diciembre,12,1
Baja California Sur,2012,Enero,1,3
Baja California Sur,2012,Febrero,2,3
Baja California Sur,2012,Marzo,3,4
Baja California Sur,2012,Abril,4,1
Baja California Sur,2012,Mayo,5,4
Baja California Sur,2012,Julio,7,5
Baja California Sur,2012,Agosto,8,3
Baja California Sur,2012,Septiembre,9,4
Baja California Sur,2012,Octubre,10,4
Baja California Sur,2012,Noviembre,11,2
Baja California Sur,2012,Diciembre,12,2
Baja California Sur,2013,Enero,1,4
Baja California Sur,2013,Febrero,2,2
Baja California Sur,2013,Marzo,3,2
Baja California Sur,2013,Abril,4,5
Baja California Sur,2013,Mayo,5,4
Baja California Sur,2013,Junio,6,4
Baja California Sur,2013,Julio,7,3
Baja California Sur,2013,Agosto,8,2
Baja California Sur,2013,Septiembre,9,4
Baja California Sur,2013,Octubre,10,3
Baja California Sur,2013,Noviembre,11,6
Baja California Sur,2013,Diciembre,12,4
Baja California Sur,2014,Enero,1,3
Baja California Sur,2014,Febrero,2,8
Baja California Sur,2014,Marzo,3,2
Baja California Sur,2014,Abril,4,3
Baja California Sur,2014,Mayo,5,2
Baja California Sur,2014,Junio,6,3
Baja California Sur,2014,Julio,7,3
Baja California Sur,2014,Agosto,8,9
Baja California Sur,2014,Septiembre,9,10
Baja California Sur,2014,Octubre,10,13
Baja California Sur,2014,Noviembre,11,25
Baja California Sur,2014,Diciembre,12,9
Baja California Sur,2015,Enero,1,17
Baja California Sur,2015,Febrero,2,7
Baja California Sur,2015,Marzo,3,8
Baja California Sur,2015,Abril,4,19
Baja California Sur,2015,Mayo,5,22
Baja California Sur,2015,Junio,6,7
Baja California Sur,2015,Julio,7,11
Baja California Sur,2015,Agosto,8,27
Baja California Sur,2015,Septiembre,9,30
Baja California Sur,2015,Octubre,10,8
Baja California Sur,2015,Noviembre,11,8
Baja California Sur,2015,Diciembre,12,10
Baja California Sur,2016,Enero,1,8
Baja California Sur,2016,Febrero,2,9
Baja California Sur,2016,Marzo,3,5
Baja California Sur,2016,Abril,4,11
Baja California Sur,2016,Mayo,5,9
Baja California Sur,2016,Junio,6,18
Baja California Sur,2016,Julio,7,14
Baja California Sur,2016,Agosto,8,33
Baja California Sur,2016,Septiembre,9,31
Baja California Sur,2016,Octubre,10,32
Baja California Sur,2016,Noviembre,11,34
Baja California Sur,2016,Diciembre,12,29
Baja California Sur,2017,Enero,1,51
Baja California Sur,2017,Febrero,2,40
Baja California Sur,2017,Marzo,3,59
Baja California Sur,2017,Abril,4,13
Baja California Sur,2017,Mayo,5,32
Baja California Sur,2017,Junio,6,25
Baja California Sur,2017,Julio,7,49
Baja California Sur,2017,Agosto,8,46
Baja California Sur,2017,Septiembre,9,49
Baja California Sur,2017,Octubre,10,122
Baja California Sur,2017,Noviembre,11,122
Baja California Sur,2017,Diciembre,12,85
Baja California Sur,2018,Enero,1,43
Baja California Sur,2018,Febrero,2,16
Baja California Sur,2018,Marzo,3,28
Baja California Sur,2018,Abril,4,17
Baja California Sur,2018,Mayo,5,10
Baja California Sur,2018,Junio,6,6
Baja California Sur,2018,Julio,7,7
Baja California Sur,2018,Agosto,8,9
Baja California Sur,2018,Septiembre,9,23
Baja California Sur,2018,Octubre,10,8
Baja California Sur,2018,Noviembre,11,5
Baja California Sur,2018,Diciembre,12,4
Baja California Sur,2019,Enero,1,18
Baja California Sur,2019,Febrero,2,5
Baja California Sur,2019,Marzo,3,12
Baja California Sur,2019,Abril,4,8
Baja California Sur,2019,Mayo,5,7
Baja California Sur,2019,Junio,6,1
Baja California Sur,2019,Julio,7,4
Baja California Sur,2019,Agosto,8,4
Baja California Sur,2019,Septiembre,9,6
Baja California Sur,2019,Octubre,10,7
Baja California Sur,2019,Noviembre,11,8
Baja California Sur,2019,Diciembre,12,6
Baja California Sur,2020,Enero,1,8
Baja California Sur,2020,Febrero,2,1
Baja California Sur,2020,Marzo,3,3
Baja California Sur,2020,Abril,4,4
Baja California Sur,2020,Mayo,5,5
Baja California Sur,2020,Junio,6,5
Baja California Sur,2020,Julio,7,7
Baja California Sur,2020,Agosto,8,6
Baja California Sur,2020,Septiembre,9,6
Baja California Sur,2020,Octubre,10,3
Baja California Sur,2020,Noviembre,11,2
Baja California Sur,2020,Diciembre,12,15
Baja California Sur,2021,Enero,1,8
Baja California Sur,2021,Febrero,2,3
Baja California Sur,2021,Marzo,3,8
Baja California Sur,2021,Abril,4,7
Baja California Sur,2021,Mayo,5,6
Baja California Sur,2021,Junio,6,6
Baja California Sur,2021,Julio,7,7
Baja California Sur,2021,Agosto,8,4
Baja California Sur,2021,Septiembre,9,6
Baja California Sur,2021,Octubre,10,2
Baja California Sur,2021,Noviembre,11,2
Baja California Sur,2021,Diciembre,12,12
Baja California Sur,2022,Enero,1,6
Baja California Sur,2022,Febrero,2,7
Baja California Sur,2022,Marzo,3,9
Baja California Sur,2022,Abril,4,2
Baja California Sur,2022,Mayo,5,4
Baja California Sur,2022,Junio,6,12
Baja California Sur,2022,Julio,7,12
Baja California Sur,2022,Agosto,8,7
Baja California Sur,2022,Septiembre,9,8
Baja California Sur,2022,Octubre,10,2
Baja California Sur,2022,Noviembre,11,4
Baja California Sur,2022,Diciembre,12,6
Baja California Sur,2023,Enero,1,5
Baja California Sur,2023,Febrero,2,4
Baja California Sur,2023,Marzo,3,7
Baja California Sur,2023,Abril,4,6
Baja California Sur,2023,Mayo,5,7
Baja California Sur,2023,Junio,6,1
Baja California Sur,2023,Julio,7,1
Baja California Sur,2023,Agosto,8,4
Baja California Sur,2023,Septiembre,9,1
Baja California Sur,2023,Noviembre,11,1
Baja California Sur,2023,Diciembre,12,6
Baja California Sur,2024,Enero,1,2
Baja California Sur,2024,Febrero,2,4
Baja California Sur,2024,Marzo,3,5
Baja California Sur,2024,Abril,4,7
Baja California Sur,2024,Mayo,5,1
Baja California Sur,2024,Junio,6,21
Baja California Sur,2024,Julio,7,7
Baja California Sur,2024,Agosto,8,5
Baja California Sur,2024,Septiembre,9,7
Baja California Sur,2024,Octubre,10,5
Baja California Sur,2024,Noviembre,11,4
Baja California Sur,2024,Diciembre,12,7
Campeche,1990,Enero,1,8
Campeche,1990,Febrero,2,1
Campeche,1990,Marzo,3,5
Campeche,1990,Abril,4,10
Campeche,1990,Mayo,5,9
Campeche,1990,Junio,6,7
Campeche,1990,Julio,7,6
Campeche,1990,Agosto,8,4
Campeche,1990,Septiembre,9,4
Campeche,1990,Octubre,10,9
Campeche,1990,Noviembre,11,4
Campeche,1990,Diciembre,12,15
Campeche,1991,Enero,1,4
Campeche,1991,Febrero,2,4
Campeche,1991,Marzo,3,12
Campeche,1991,Abril,4,6
Campeche,1991,Mayo,5,4
Campeche,1991,Junio,6,3
Campeche,1991,Julio,7,3
Campeche,1991,Agosto,8,5
Campeche,1991,Septiembre,9,7
Campeche,1991,Octubre,10,7
Campeche,1991,Noviembre,11,7
Campeche,1991,Diciembre,12,4
Campeche,1992,Enero,1,6
Campeche,1992,Febrero,2,5
Campeche,1992,Marzo,3,13
Campeche,1992,Abril,4,7
Campeche,1992,Mayo,5,11
Campeche,1992,Junio,6,8
Campeche,1992,Julio,7,4
Campeche,1992,Agosto,8,5
Campeche,1992,Septiembre,9,2
Campeche,1992,Octubre,10,9
Campeche,1992,Noviembre,11,7
Campeche,1992,Diciembre,12,9
Campeche,1993,Enero,1,6
Campeche,1993,Febrero,2,4
Campeche,1993,Marzo,3,8
Campeche,1993,Abril,4,1
Campeche,1993,Mayo,5,4
Campeche,1993,Junio,6,6
Campeche,1993,Julio,7,10
Campeche,1993,Agosto,8,9
Campeche,1993,Septiembre,9,5
Campeche,1993,Octubre,10,7
Campeche,1993,Noviembre,11,7
Campeche,1993,Diciembre,12,10
Campeche,1994,Enero,1,10
Campeche,1994,Febrero,2,2
Campeche,1994,Marzo,3,3
Campeche,1994,Abril,4,10
Campeche,1994,Mayo,5,11
Campeche,1994,Junio,6,6
Campeche,1994,Julio,7,7
Campeche,1994,Agosto,8,7
Campeche,1994,Septiembre,9,7
Campeche,1994,Octubre,10,2
Campeche,1994,Noviembre,11,4
Campeche,1994,Diciembre,12,4
Campeche,1995,Enero,1,3
Campeche,1995,Febrero,2,14
Campeche,1995,Marzo,3,11
Campeche,1995,Abril,4,7
Campeche,1995,Mayo,5,9
Campeche,1995,Junio,6,8
Campeche,1995,Julio,7,2
Campeche,1995,Agosto,8,4
Campeche,1995,Septiembre,9,14
Campeche,1995,Octubre,10,11
Campeche,1995,Noviembre,11,7
Campeche,1995,Diciembre,12,4
Campeche,1996,Enero,1,6
Campeche,1996,Febrero,2,3
Campeche,1996,Marzo,3,4
Campeche,1996,Abril,4,9
Campeche,1996,Mayo,5,7
Campeche,1996,Junio,6,7
Campeche,1996,Julio,7,9
Campeche,1996,Agosto,8,6
Campeche,1996,Septiembre,9,2
Campeche,1996,Octubre,10,8
Campeche,1996,Noviembre,11,7
Campeche,1996,Diciembre,12,9
Campeche,1997,Enero,1,9
Campeche,1997,Febrero,2,10
Campeche,1997,Marzo,3,8
Campeche,1997,Abril,4,1
Campeche,1997,Mayo,5,8
Campeche,1997,Junio,6,5
Campeche,1997,Julio,7,7
Campeche,1997,Agosto,8,7
Campeche,1997,Septiembre,9,3
Campeche,1997,Octubre,10,8
Campeche,1997,Noviembre,11,5
Campeche,1997,Diciembre,12,5
Campeche,1998,Enero,1,5
Campeche,1998,Febrero,2,5
Campeche,1998,Marzo,3,11
Campeche,1998,Abril,4,6
Campeche,1998,Mayo,5,6
Campeche,1998,Junio,6,9
Campeche,1998,Julio,7,9
Campeche,1998,Agosto,8,9
Campeche,1998,Septiembre,9,11
Campeche,1998,Octubre,10,7
Campeche,1998,Noviembre,11,3
Campeche,1998,Diciembre,12,4
Campeche,1999,Enero,1,2
Campeche,1999,Febrero,2,5
Campeche,1999,Marzo,3,6
Campeche,1999,Abril,4,9
Campeche,1999,Mayo,5,8
Campeche,1999,Junio,6,5
Campeche,1999,Julio,7,8
Campeche,1999,Agosto,8,7
Campeche,1999,Septiembre,9,10
Campeche,1999,Octubre,10,5
Campeche,1999,Noviembre,11,4
Campeche,1999,Diciembre,12,7
Campeche,2000,Enero,1,9
Campeche,2000,Febrero,2,4
Campeche,2000,Marzo,3,3
Campeche,2000,Abril,4,4
Campeche,2000,Mayo,5,7
Campeche,2000,Junio,6,8
Campeche,2000,Julio,7,8
Campeche,2000,Agosto,8,5
Campeche,2000,Septiembre,9,6
Campeche,2000,Octubre,10,3
Campeche,2000,Noviembre,11,3
Campeche,2000,Diciembre,12,5
Campeche,2001,Enero,1,3
Campeche,2001,Febrero,2,6
Campeche,2001,Marzo,3,4
Campeche,2001,Abril,4,4
Campeche,2001,Mayo,5,4
Campeche,2001,Junio,6,3
Campeche,2001,Julio,7,3
Campeche,2001,Septiembre,9,3
Campeche,2001,Octubre,10,7
Campeche,2001,Noviembre,11,8
Campeche,2001,Diciembre,12,7
Campeche,2002,Enero,1,7
Campeche,2002,Febrero,2,4
Campeche,2002,Abril,4,6
Campeche,2002,Mayo,5,7
Campeche,2002,Junio,6,2
Campeche,2002,Julio,7,6
Campeche,2002,Agosto,8,6
Campeche,2002,Septiembre,9,1
Campeche,2002,Octubre,10,9
Campeche,2002,Noviembre,11,1
Campeche,2002,Diciembre,12,2
Campeche,2003,Enero,1,2
Campeche,2003,Febrero,2,7
Campeche,2003,Marzo,3,3
Campeche,2003,Abril,4,2
Campeche,2003,Mayo,5,6
Campeche,2003,Junio,6,4
Campeche,2003,Agosto,8,2
Campeche,2003,Septiembre,9,4
Campeche,2003,Octubre,10,4
Campeche,2003,Noviembre,11,5
Campeche,2003,Diciembre,12,3
Campeche,2004,Febrero,2,3
Campeche,2004,Marzo,3,3
Campeche,2004,Abril,4,3
Campeche,2004,Mayo,5,5
Campeche,2004,Junio,6,3
Campeche,2004,Julio,7,7
Campeche,2004,Agosto,8,1
Campeche,2004,Septiembre,9,6
Campeche,2004,Noviembre,11,1
Campeche,2004,Diciembre,12,4
Campeche,2005,Enero,1,2
Campeche,2005,Febrero,2,5
Campeche,2005,Marzo,3,3
Campeche,2005,Abril,4,7
Campeche,2005,Mayo,5,3
Campeche,2005,Junio,6,1
Campeche,2005,Julio,7,2
Campeche,2005,Agosto,8,5
Campeche,2005,Septiembre,9,4
Campeche,2005,Octubre,10,4
Campeche,2005,Noviembre,11,7
Campeche,2005,Diciembre,12,3
Campeche,2006,Enero,1,7
Campeche,2006,Febrero,2,3
Campeche,2006,Marzo,3,2
Campeche,2006,Mayo,5,4
Campeche,2006,Junio,6,2
Campeche,2006,Julio,7,2
Campeche,2006,Agosto,8,2
Campeche,2006,Septiembre,9,2
Campeche,2006,Octubre,10,2
Campeche,2006,Noviembre,11,3
Campeche,2006,Diciembre,12,1
Campeche,2007,Enero,1,6
Campeche,2007,Febrero,2,7
Campeche,2007,Marzo,3,8
Campeche,2007,Abril,4,5
Campeche,2007,Mayo,5,2
Campeche,2007,Junio,6,5
Campeche,2007,Julio,7,4
Campeche,2007,Agosto,8,2
Campeche,2007,Octubre,10,1
Campeche,2007,Noviembre,11,2
Campeche,2007,Diciembre,12,3
Campeche,2008,Enero,1,4
Campeche,2008,Febrero,2,4
Campeche,2008,Marzo,3,4
Campeche,2008,Abril,4,1
Campeche,2008,Mayo,5,1
Campeche,2008,Junio,6,4
Campeche,2008,Julio,7,10
Campeche,2008,Agosto,8,2
Campeche,2008,Septiembre,9,6
Campeche,2008,Octubre,10,4
Campeche,2008,Noviembre,11,3
Campeche,2008,Diciembre,12,7
Campeche,2009,Enero,1,4
Campeche,2009,Febrero,2,4
Campeche,2009,Marzo,3,3
Campeche,2009,Abril,4,4
Campeche,2009,Mayo,5,5
Campeche,2009,Junio,6,4
Campeche,2009,Julio,7,7
Campeche,2009,Agosto,8,5
Campeche,2009,Septiembre,9,6
Campeche,2009,Octubre,10,9
Campeche,2009,Noviembre,11,3
Campeche,2009,Diciembre,12,3
Campeche,2010,Enero,1,2
Campeche,2010,Febrero,2,5
Campeche,2010,Marzo,3,3
Campeche,2010,Abril,4,6
Campeche,2010,Mayo,5,3
Campeche,2010,Junio,6,2
Campeche,2010,Julio,7,3
Campeche,2010,Agosto,8,1
Campeche,2010,Septiembre,9,7
Campeche,2010,Octubre,10,5
Campeche,2010,Noviembre,11,7
Campeche,2010,Diciembre,12,3
Campeche,2011,Enero,1,4
Campeche,2011,Febrero,2,2
Campeche,2011,Marzo,3,5
Campeche,2011,Abril,4,8
Campeche,2011,Mayo,5,4
Campeche,2011,Junio,6,5
Campeche,2011,Julio,7,3
Campeche,2011,Agosto,8,2
Campeche,2011,Septiembre,9,4
Campeche,2011,Octubre,10,3
Campeche,2011,Noviembre,11,3
Campeche,2011,Diciembre,12,4
Campeche,2012,Enero,1,10
Campeche,2012,Febrero,2,2
Campeche,2012,Marzo,3,4
Campeche,2012,Abril,4,4
Campeche,2012,Mayo,5,12
Campeche,2012,Junio,6,11
Campeche,2012,Julio,7,7
Campeche,2012,Agosto,8,4
Campeche,2012,Septiembre,9,4
Campeche,2012,Octubre,10,6
Campeche,2012,Noviembre,11,5
Campeche,2012,Diciembre,12,9
Campeche,2013,Enero,1,1
Campeche,2013,Febrero,2,4
Campeche,2013,Marzo,3,6
Campeche,2013,Abril,4,12
Campeche,2013,Mayo,5,2
Campeche,2013,Junio,6,10
Campeche,2013,Julio,7,7
Campeche,2013,Agosto,8,8
Campeche,2013,Septiembre,9,4
Campeche,2013,Octubre,10,6
Campeche,2013,Noviembre,11,5
Campeche,2013,Diciembre,12,5
Campeche,2014,Enero,1,8
Campeche,2014,Febrero,2,3
Campeche,2014,Marzo,3,5
Campeche,2014,Abril,4,5
Campeche,2014,Mayo,5,8
Campeche,2014,Junio,6,3
Campeche,2014,Julio,7,5
Campeche,2014,Agosto,8,5
Campeche,2014,Septiembre,9,3
Campeche,2014,Octubre,10,11
Campeche,2014,Noviembre,11,7
Campeche,2014,Diciembre,12,10
Campeche,2015,Enero,1,6
Campeche,2015,Febrero,2,4
Campeche,2015,Marzo,3,9
Campeche,2015,Abril,4,6
Campeche,2015,Mayo,5,9
Campeche,2015,Junio,6,6
Campeche,2015,Julio,7,4
Campeche,2015,Agosto,8,4
Campeche,2015,Septiembre,9,4
Campeche,2015,Octubre,10,2
Campeche,2015,Noviembre,11,4
Campeche,2015,Diciembre,12,7
Campeche,2016,Enero,1,14
Campeche,2016,Febrero,2,4
Campeche,2016,Marzo,3,5
Campeche,2016,Abril,4,4
Campeche,2016,Mayo,5,8
Campeche,2016,Junio,6,5
Campeche,2016,Julio,7,8
Campeche,2016,Agosto,8,8
Campeche,2016,Septiembre,9,8
Campeche,2016,Octubre,10,6
Campeche,2016,Noviembre,11,9
Campeche,2016,Diciembre,12,9
Campeche,2017,Enero,1,8
Campeche,2017,Febrero,2,7
Campeche,2017,Marzo,3,10
Campeche,2017,Abril,4,4
Campeche,2017,Mayo,5,8
Campeche,2017,Junio,6,9
Campeche,2017,Julio,7,3
Campeche,2017,Agosto,8,10
Campeche,2017,Septiembre,9,7
Campeche,2017,Octubre,10,3
Campeche,2017,Noviembre,11,3
Campeche,2017,Diciembre,12,4
Campeche,2018,Enero,1,3
Campeche,2018,Febrero,2,7
Campeche,2018,Marzo,3,3
Campeche,2018,Abril,4,4
Campeche,2018,Mayo,5,6
Campeche,2018,Junio,6,10
Campeche,2018,Julio,7,9
Campeche,2018,Agosto,8,9
Campeche,2018,Septiembre,9,6
Campeche,2018,Octubre,10,7
Campeche,2018,Noviembre,11,8
Campeche,2018,Diciembre,12,7
Campeche,2019,Enero,1,3
Campeche,2019,Febrero,2,5
Campeche,2019,Marzo,3,2
Campeche,2019,Abril,4,6
Campeche,2019,Mayo,5,10
Campeche,2019,Junio,6,6
Campeche,2019,Julio,7,7
Campeche,2019,Agosto,8,13
Campeche,2019,Septiembre,9,6
Campeche,2019,Octubre,10,10
Campeche,2019,Noviembre,11,5
Campeche,2019,Diciembre,12,8
Campeche,2020,Enero,1,7
Campeche,2020,Febrero,2,10
Campeche,2020,Marzo,3,8
Campeche,2020,Abril,4,3
Campeche,2020,Mayo,5,4
Campeche,2020,Junio,6,6
Campeche,2020,Julio,7,6
Campeche,2020,Agosto,8,7
Campeche,2020,Septiembre,9,8
Campeche,2020,Octubre,10,6
Campeche,2020,Noviembre,11,2
Campeche,2020,Diciembre,12,6
Campeche,2021,Enero,1,4
Campeche,2021,Febrero,2,10
Campeche,2021,Marzo,3,8
Campeche,2021,Abril,4,4
Campeche,2021,Mayo,5,16
Campeche,2021,Junio,6,6
Campeche,2021,Julio,7,9
Campeche,2021,Agosto,8,20
Campeche,2021,Septiembre,9,11
Campeche,2021,Octubre,10,4
Campeche,2021,Noviembre,11,2
Campeche,2021,Diciembre,12,10
Campeche,2022,Enero,1,8
Campeche,2022,Febrero,2,6
Campeche,2022,Marzo,3,4
Campeche,2022,Abril,4,3
Campeche,2022,Mayo,5,9
Campeche,2022,Junio,6,14
Campeche,2022,Julio,7,9
Campeche,2022,Agosto,8,1
Campeche,2022,Septiembre,9,7
Campeche,2022,Octubre,10,11
Campeche,2022,Noviembre,11,15
Campeche,2022,Diciembre,12,17
Campeche,2023,Enero,1,13
Campeche,2023,Febrero,2,6
Campeche,2023,Marzo,3,8
Campeche,2023,Abril,4,11
Campeche,2023,Mayo,5,16
Campeche,2023,Junio,6,8
Campeche,2023,Julio,7,7
Campeche,2023,Agosto,8,8
Campeche,2023,Septiembre,9,10
Campeche,2023,Octubre,10,10
Campeche,2023,Noviembre,11,14
Campeche,2023,Diciembre,12,4
Campeche,2024,Enero,1,13
Campeche,2024,Febrero,2,3
Campeche,2024,Marzo,3,7
Campeche,2024,Abril,4,10
Campeche,2024,Mayo,5,8
Campeche,2024,Junio,6,8
Campeche,2024,Julio,7,6
Campeche,2024,Agosto,8,12
Campeche,2024,Septiembre,9,7
Campeche,2024,Octubre,10,11
Campeche,2024,Noviembre,11,10
Campeche,2024,Diciembre,12,8
Chiapas,1990,Enero,1,25
Chiapas,1990,Febrero,2,24
Chiapas,1990,Marzo,3,16
Chiapas,1990,Abril,4,33
Chiapas,1990,Mayo,5,24
Chiapas,1990,Junio,6,14
Chiapas,1990,Julio,7,27
Chiapas,1990,Agosto,8,29
Chiapas,1990,Septiembre,9,17
Chiapas,1990,Octubre,10,16
Chiapas,1990,Noviembre,11,22
Chiapas,1990,Diciembre,12,23
Chiapas,1991,Enero,1,23
Chiapas,1991,Febrero,2,27
Chiapas,1991,Marzo,3,53
Chiapas,1991,Abril,4,34
Chiapas,1991,Mayo,5,27
Chiapas,1991,Junio,6,51
Chiapas,1991,Julio,7,58
Chiapas,1991,Agosto,8,38
Chiapas,1991,Septiembre,9,37
Chiapas,1991,Octubre,10,51
Chiapas,1991,Noviembre,11,22
Chiapas,1991,Diciembre,12,37
Chiapas,1992,Enero,1,28
Chiapas,1992,Febrero,2,26
Chiapas,1992,Marzo,3,29
Chiapas,1992,Abril,4,36
Chiapas,1992,Mayo,5,45
Chiapas,1992,Junio,6,49
Chiapas,1992,Julio,7,29
Chiapas,1992,Agosto,8,21
Chiapas,1992,Septiembre,9,39
Chiapas,1992,Octubre,10,37
Chiapas,1992,Noviembre,11,44
Chiapas,1992,Diciembre,12,45
Chiapas,1993,Enero,1,31
Chiapas,1993,Febrero,2,40
Chiapas,1993,Marzo,3,43
Chiapas,1993,Abril,4,42
Chiapas,1993,Mayo,5,41
Chiapas,1993,Junio,6,36
Chiapas,1993,Julio,7,40
Chiapas,1993,Agosto,8,40
Chiapas,1993,Septiembre,9,49
Chiapas,1993,Octubre,10,46
Chiapas,1993,Noviembre,11,54
Chiapas,1993,Diciembre,12,24
Chiapas,1994,Enero,1,50
Chiapas,1994,Febrero,2,43
Chiapas,1994,Marzo,3,68
Chiapas,1994,Abril,4,48
Chiapas,1994,Mayo,5,62
Chiapas,1994,Junio,6,40
Chiapas,1994,Julio,7,56
Chiapas,1994,Agosto,8,60
Chiapas,1994,Septiembre,9,52
Chiapas,1994,Octubre,10,47
Chiapas,1994,Noviembre,11,57
Chiapas,1994,Diciembre,12,45
Chiapas,1995,Enero,1,51
Chiapas,1995,Febrero,2,51
Chiapas,1995,Marzo,3,44
Chiapas,1995,Abril,4,61
Chiapas,1995,Mayo,5,66
Chiapas,1995,Junio,6,47
Chiapas,1995,Julio,7,66
Chiapas,1995,Agosto,8,58
Chiapas,1995,Septiembre,9,73
Chiapas,1995,Octubre,10,55
Chiapas,1995,Noviembre,11,63
Chiapas,1995,Diciembre,12,54
Chiapas,1996,Enero,1,52
Chiapas,1996,Febrero,2,67
Chiapas,1996,Marzo,3,51
Chiapas,1996,Abril,4,58
Chiapas,1996,Mayo,5,71
Chiapas,1996,Junio,6,54
Chiapas,1996,Julio,7,44
Chiapas,1996,Agosto,8,32
Chiapas,1996,Septiembre,9,60
Chiapas,1996,Octubre,10,55
Chiapas,1996,Noviembre,11,46
Chiapas,1996,Diciembre,12,39
Chiapas,1997,Enero,1,72
Chiapas,1997,Febrero,2,56
Chiapas,1997,Marzo,3,64
Chiapas,1997,Abril,4,32
Chiapas,1997,Mayo,5,47
Chiapas,1997,Junio,6,24
Chiapas,1997,Julio,7,28
Chiapas,1997,Agosto,8,32
Chiapas,1997,Septiembre,9,44
Chiapas,1997,Octubre,10,51
Chiapas,1997,Noviembre,11,63
Chiapas,1997,Diciembre,12,73
Chiapas,1998,Enero,1,55
Chiapas,1998,Febrero,2,63
Chiapas,1998,Marzo,3,66
Chiapas,1998,Abril,4,76
Chiapas,1998,Mayo,5,73
Chiapas,1998,Junio,6,67
Chiapas,1998,Julio,7,62
Chiapas,1998,Agosto,8,61
Chiapas,1998,Septiembre,9,70
Chiapas,1998,Octubre,10,67
Chiapas,1998,Noviembre,11,60
Chiapas,1998,Diciembre,12,78
Chiapas,1999,Enero,1,47
Chiapas,1999,Febrero,2,52
Chiapas,1999,Marzo,3,49
Chiapas,1999,Abril,4,55
Chiapas,1999,Mayo,5,56
Chiapas,1999,Junio,6,34
Chiapas,1999,Julio,7,34
Chiapas,1999,Agosto,8,45
Chiapas,1999,Septiembre,9,61
Chiapas,1999,Octubre,10,49
Chiapas,1999,Noviembre,11,45
Chiapas,1999,Diciembre,12,61
Chiapas,2000,Enero,1,68
Chiapas,2000,Febrero,2,41
Chiapas,2000,Marzo,3,37
Chiapas,2000,Abril,4,49
Chiapas,2000,Mayo,5,16
Chiapas,2000,Junio,6,58
Chiapas,2000,Julio,7,29
Chiapas,2000,Agosto,8,29
Chiapas,2000,Septiembre,9,23
Chiapas,2000,Octubre,10,35
Chiapas,2000,Noviembre,11,14
Chiapas,2000,Diciembre,12,11
Chiapas,2001,Enero,1,42
Chiapas,2001,Febrero,2,8
Chiapas,2001,Marzo,3,14
Chiapas,2001,Abril,4,5
Chiapas,2001,Mayo,5,16
Chiapas,2001,Junio,6,6
Chiapas,2001,Julio,7,22
Chiapas,2001,Agosto,8,3
Chiapas,2001,Septiembre,9,4
Chiapas,2001,Octubre,10,16
Chiapas,2001,Noviembre,11,11
Chiapas,2001,Diciembre,12,12
Chiapas,2002,Enero,1,52
Chiapas,2002,Febrero,2,41
Chiapas,2002,Marzo,3,32
Chiapas,2002,Abril,4,34
Chiapas,2002,Mayo,5,22
Chiapas,2002,Junio,6,36
Chiapas,2002,Julio,7,41
Chiapas,2002,Agosto,8,39
Chiapas,2002,Septiembre,9,42
Chiapas,2002,Octubre,10,34
Chiapas,2002,Noviembre,11,32
Chiapas,2002,Diciembre,12,45
Chiapas,2003,Enero,1,43
Chiapas,2003,Febrero,2,18
Chiapas,2003,Marzo,3,17
Chiapas,2003,Abril,4,49
Chiapas,2003,Mayo,5,34
Chiapas,2003,Junio,6,41
Chiapas,2003,Julio,7,37
Chiapas,2003,Agosto,8,32
Chiapas,2003,Septiembre,9,35
Chiapas,2003,Octubre,10,25
Chiapas,2003,Noviembre,11,37
Chiapas,2003,Diciembre,12,47
Chiapas,2004,Enero,1,22
Chiapas,2004,Febrero,2,27
Chiapas,2004,Marzo,3,10
Chiapas,2004,Abril,4,20
Chiapas,2004,Mayo,5,20
Chiapas,2004,Junio,6,6
Chiapas,2004,Julio,7,8
Chiapas,2004,Agosto,8,6
Chiapas,2004,Septiembre,9,26
Chiapas,2004,Octubre,10,19
Chiapas,2004,Noviembre,11,20
Chiapas,2004,Diciembre,12,31
Chiapas,2005,Enero,1,30
Chiapas,2005,Febrero,2,23
Chiapas,2005,Marzo,3,15
Chiapas,2005,Abril,4,10
Chiapas,2005,Mayo,5,25
Chiapas,2005,Junio,6,21
Chiapas,2005,Julio,7,31
Chiapas,2005,Agosto,8,36
Chiapas,2005,Septiembre,9,24
Chiapas,2005,Octubre,10,22
Chiapas,2005,Noviembre,11,23
Chiapas,2005,Diciembre,12,31
Chiapas,2006,Enero,1,7
Chiapas,2006,Febrero,2,35
Chiapas,2006,Marzo,3,53
Chiapas,2006,Abril,4,27
Chiapas,2006,Mayo,5,47
Chiapas,2006,Junio,6,39
Chiapas,2006,Julio,7,57
Chiapas,2006,Agosto,8,59
Chiapas,2006,Septiembre,9,54
Chiapas,2006,Octubre,10,50
Chiapas,2006,Noviembre,11,53
Chiapas,2006,Diciembre,12,34
Chiapas,2007,Enero,1,1
Chiapas,2007,Abril,4,5
Chiapas,2007,Mayo,5,1
Chiapas,2007,Junio,6,27
Chiapas,2007,Julio,7,4
Chiapas,2007,Agosto,8,15
Chiapas,2007,Septiembre,9,6
Chiapas,2007,Octubre,10,6
Chiapas,2007,Noviembre,11,32
Chiapas,2008,Enero,1,33
Chiapas,2008,Marzo,3,14
Chiapas,2008,Abril,4,28
Chiapas,2008,Mayo,5,9
Chiapas,2008,Junio,6,42
Chiapas,2008,Julio,7,26
Chiapas,2008,Agosto,8,18
Chiapas,2008,Septiembre,9,21
Chiapas,2008,Octubre,10,9
Chiapas,2008,Noviembre,11,17
Chiapas,2008,Diciembre,12,38
Chiapas,2009,Enero,1,35
Chiapas,2009,Febrero,2,47
Chiapas,2009,Marzo,3,35
Chiapas,2009,Abril,4,40
Chiapas,2009,Mayo,5,38
Chiapas,2009,Junio,6,43
Chiapas,2009,Julio,7,48
Chiapas,2009,Agosto,8,36
Chiapas,2009,Septiembre,9,46
Chiapas,2009,Octubre,10,40
Chiapas,2009,Noviembre,11,46
Chiapas,2009,Diciembre,12,48
Chiapas,2010,Enero,1,20
Chiapas,2010,Febrero,2,7
Chiapas,2010,Marzo,3,8
Chiapas,2010,Abril,4,18
Chiapas,2010,Mayo,5,14
Chiapas,2010,Junio,6,24
Chiapas,2010,Julio,7,20
Chiapas,2010,Agosto,8,10
Chiapas,2010,Septiembre,9,19
Chiapas,2010,Octubre,10,13
Chiapas,2010,Noviembre,11,11
Chiapas,2010,Diciembre,12,22
Chiapas,2011,Enero,1,23
Chiapas,2011,Febrero,2,22
Chiapas,2011,Marzo,3,2
Chiapas,2011,Abril,4,24
Chiapas,2011,Mayo,5,23
Chiapas,2011,Julio,7,36
Chiapas,2011,Agosto,8,30
Chiapas,2011,Septiembre,9,2
Chiapas,2011,Octubre,10,3
Chiapas,2011,Noviembre,11,4
Chiapas,2011,Diciembre,12,5
Chiapas,2012,Enero,1,11
Chiapas,2012,Febrero,2,7
Chiapas,2012,Marzo,3,9
Chiapas,2012,Abril,4,29
Chiapas,2012,Mayo,5,33
Chiapas,2012,Junio,6,57
Chiapas,2012,Julio,7,54
Chiapas,2012,Agosto,8,39
Chiapas,2012,Septiembre,9,39
Chiapas,2012,Octubre,10,24
Chiapas,2012,Noviembre,11,39
Chiapas,2012,Diciembre,12,39
Chiapas,2013,Enero,1,34
Chiapas,2013,Febrero,2,44
Chiapas,2013,Marzo,3,30
Chiapas,2013,Abril,4,37
Chiapas,2013,Mayo,5,42
Chiapas,2013,Junio,6,40
Chiapas,2013,Julio,7,46
Chiapas,2013,Agosto,8,40
Chiapas,2013,Septiembre,9,37
Chiapas,2013,Octubre,10,39
Chiapas,2013,Noviembre,11,42
Chiapas,2013,Diciembre,12,52
Chiapas,2014,Enero,1,22
Chiapas,2014,Febrero,2,40
Chiapas,2014,Marzo,3,36
Chiapas,2014,Abril,4,47
Chiapas,2014,Mayo,5,41
Chiapas,2014,Junio,6,33
Chiapas,2014,Julio,7,40
Chiapas,2014,Agosto,8,33
Chiapas,2014,Septiembre,9,27
Chiapas,2014,Octubre,10,39
Chiapas,2014,Noviembre,11,38
Chiapas,2014,Diciembre,12,55
Chiapas,2015,Enero,1,25
Chiapas,2015,Febrero,2,31
Chiapas,2015,Marzo,3,47
Chiapas,2015,Abril,4,45
Chiapas,2015,Mayo,5,44
Chiapas,2015,Junio,6,44
Chiapas,2015,Julio,7,39
Chiapas,2015,Agosto,8,53
Chiapas,2015,Septiembre,9,48
Chiapas,2015,Octubre,10,65
Chiapas,2015,Noviembre,11,45
Chiapas,2015,Diciembre,12,47
Chiapas,2016,Enero,1,46
Chiapas,2016,Febrero,2,48
Chiapas,2016,Marzo,3,45
Chiapas,2016,Abril,4,38
Chiapas,2016,Mayo,5,37
Chiapas,2016,Junio,6,51
Chiapas,2016,Julio,7,42
Chiapas,2016,Agosto,8,43
Chiapas,2016,Septiembre,9,40
Chiapas,2016,Octubre,10,50
Chiapas,2016,Noviembre,11,48
Chiapas,2016,Diciembre,12,57
Chiapas,2017,Enero,1,40
Chiapas,2017,Febrero,2,53
Chiapas,2017,Marzo,3,40
Chiapas,2017,Abril,4,46
Chiapas,2017,Mayo,5,52
Chiapas,2017,Junio,6,58
Chiapas,2017,Julio,7,41
Chiapas,2017,Agosto,8,56
Chiapas,2017,Septiembre,9,46
Chiapas,2017,Octubre,10,48
Chiapas,2017,Noviembre,11,62
Chiapas,2017,Diciembre,12,44
Chiapas,2018,Enero,1,40
Chiapas,2018,Febrero,2,43
Chiapas,2018,Marzo,3,49
Chiapas,2018,Abril,4,62
Chiapas,2018,Mayo,5,57
Chiapas,2018,Junio,6,46
Chiapas,2018,Julio,7,50
Chiapas,2018,Agosto,8,69
Chiapas,2018,Septiembre,9,59
Chiapas,2018,Octubre,10,46
Chiapas,2018,Noviembre,11,62
Chiapas,2018,Diciembre,12,53
Chiapas,2019,Enero,1,46
Chiapas,2019,Febrero,2,55
Chiapas,2019,Marzo,3,46
Chiapas,2019,Abril,4,46
Chiapas,2019,Mayo,5,43
Chiapas,2019,Junio,6,40
Chiapas,2019,Julio,7,37
Chiapas,2019,Agosto,8,65
Chiapas,2019,Septiembre,9,55
Chiapas,2019,Octubre,10,36
Chiapas,2019,Noviembre,11,60
Chiapas,2019,Diciembre,12,75
Chiapas,2020,Enero,1,38
Chiapas,2020,Febrero,2,29
Chiapas,2020,Marzo,3,32
Chiapas,2020,Abril,4,35
Chiapas,2020,Mayo,5,38
Chiapas,2020,Junio,6,32
Chiapas,2020,Julio,7,44
Chiapas,2020,Agosto,8,50
Chiapas,2020,Septiembre,9,50
Chiapas,2020,Octubre,10,46
Chiapas,2020,Noviembre,11,48
Chiapas,2020,Diciembre,12,56
Chiapas,2021,Enero,1,42
Chiapas,2021,Febrero,2,33
Chiapas,2021,Marzo,3,47
Chiapas,2021,Abril,4,42
Chiapas,2021,Mayo,5,52
Chiapas,2021,Junio,6,49
Chiapas,2021,Julio,7,47
Chiapas,2021,Agosto,8,51
Chiapas,2021,Septiembre,9,45
Chiapas,2021,Octubre,10,43
Chiapas,2021,Noviembre,11,32
Chiapas,2021,Diciembre,12,52
Chiapas,2022,Enero,1,28
Chiapas,2022,Febrero,2,36
Chiapas,2022,Marzo,3,45
Chiapas,2022,Abril,4,41
Chiapas,2022,Mayo,5,35
Chiapas,2022,Junio,6,39
Chiapas,2022,Julio,7,33
Chiapas,2022,Agosto,8,46
Chiapas,2022,Septiembre,9,36
Chiapas,2022,Octubre,10,42
Chiapas,2022,Noviembre,11,39
Chiapas,2022,Diciembre,12,65
Chiapas,2023,Enero,1,28
Chiapas,2023,Febrero,2,32
Chiapas,2023,Marzo,3,40
Chiapas,2023,Abril,4,42
Chiapas,2023,Mayo,5,42
Chiapas,2023,Junio,6,48
Chiapas,2023,Julio,7,43
Chiapas,2023,Agosto,8,57
Chiapas,2023,Septiembre,9,52
Chiapas,2023,Octubre,10,50
Chiapas,2023,Noviembre,11,72
Chiapas,2023,Diciembre,12,70
Chiapas,2024,Enero,1,41
Chiapas,2024,Febrero,2,44
Chiapas,2024,Marzo,3,56
Chiapas,2024,Abril,4,92
Chiapas,2024,Mayo,5,94
Chiapas,2024,Junio,6,76
Chiapas,2024,Julio,7,69
Chiapas,2024,Agosto,8,73
Chiapas,2024,Septiembre,9,64
Chiapas,2024,Octubre,10,80
Chiapas,2024,Noviembre,11,71
Chiapas,2024,Diciembre,12,76
Chihuahua,1990,Enero,1,17
Chihuahua,1990,Febrero,2,25
Chihuahua,1990,Marzo,3,26
Chihuahua,1990,Abril,4,33
Chihuahua,1990,Mayo,5,25
Chihuahua,1990,Junio,6,19
Chihuahua,1990,Julio,7,38
Chihuahua,1990,Agosto,8,29
Chihuahua,1990,Septiembre,9,22
Chihuahua,1990,Octubre,10,30
Chihuahua,1990,Noviembre,11,25
Chihuahua,1990,Diciembre,12,18
Chihuahua,1991,Enero,1,46
Chihuahua,1991,Febrero,2,25
Chihuahua,1991,Marzo,3,25
Chihuahua,1991,Abril,4,58
Chihuahua,1991,Mayo,5,44
Chihuahua,1991,Junio,6,53
Chihuahua,1991,Julio,7,44
Chihuahua,1991,Agosto,8,24
Chihuahua,1991,Septiembre,9,34
Chihuahua,1991,Octubre,10,33
Chihuahua,1991,Noviembre,11,26
Chihuahua,1991,Diciembre,12,42
Chihuahua,1992,Enero,1,23
Chihuahua,1992,Febrero,2,26
Chihuahua,1992,Marzo,3,41
Chihuahua,1992,Abril,4,33
Chihuahua,1992,Mayo,5,40
Chihuahua,1992,Junio,6,41
Chihuahua,1992,Julio,7,50
Chihuahua,1992,Agosto,8,46
Chihuahua,1992,Septiembre,9,34
Chihuahua,1992,Octubre,10,51
Chihuahua,1992,Noviembre,11,40
Chihuahua,1992,Diciembre,12,43
Chihuahua,1993,Enero,1,53
Chihuahua,1993,Febrero,2,19
Chihuahua,1993,Marzo,3,26
Chihuahua,1993,Abril,4,28
Chihuahua,1993,Mayo,5,42
Chihuahua,1993,Junio,6,42
Chihuahua,1993,Julio,7,30
Chihuahua,1993,Agosto,8,35
Chihuahua,1993,Septiembre,9,57
Chihuahua,1993,Octubre,10,48
Chihuahua,1993,Noviembre,11,45
Chihuahua,1993,Diciembre,12,39
Chihuahua,1994,Enero,1,44
Chihuahua,1994,Febrero,2,33
Chihuahua,1994,Marzo,3,49
Chihuahua,1994,Abril,4,40
Chihuahua,1994,Mayo,5,77
Chihuahua,1994,Junio,6,42
Chihuahua,1994,Julio,7,43
Chihuahua,1994,Agosto,8,48
Chihuahua,1994,Septiembre,9,54
Chihuahua,1994,Octubre,10,45
Chihuahua,1994,Noviembre,11,36
Chihuahua,1994,Diciembre,12,56
Chihuahua,1995,Enero,1,61
Chihuahua,1995,Febrero,2,51
Chihuahua,1995,Marzo,3,65
Chihuahua,1995,Abril,4,45
Chihuahua,1995,Mayo,5,67
Chihuahua,1995,Junio,6,55
Chihuahua,1995,Julio,7,69
Chihuahua,1995,Agosto,8,70
Chihuahua,1995,Septiembre,9,82
Chihuahua,1995,Octubre,10,74
Chihuahua,1995,Noviembre,11,52
Chihuahua,1995,Diciembre,12,54
Chihuahua,1996,Enero,1,51
Chihuahua,1996,Febrero,2,60
Chihuahua,1996,Marzo,3,47
Chihuahua,1996,Abril,4,48
Chihuahua,1996,Mayo,5,63
Chihuahua,1996,Junio,6,53
Chihuahua,1996,Julio,7,64
Chihuahua,1996,Agosto,8,54
Chihuahua,1996,Septiembre,9,41
Chihuahua,1996,Octubre,10,70
Chihuahua,1996,Noviembre,11,54
Chihuahua,1996,Diciembre,12,49
Chihuahua,1997,Enero,1,67
Chihuahua,1997,Febrero,2,43
Chihuahua,1997,Marzo,3,57
Chihuahua,1997,Abril,4,53
Chihuahua,1997,Mayo,5,78
Chihuahua,1997,Junio,6,54
Chihuahua,1997,Julio,7,55
Chihuahua,1997,Agosto,8,40
Chihuahua,1997,Septiembre,9,58
Chihuahua,1997,Octubre,10,42
Chihuahua,1997,Noviembre,11,32
Chihuahua,1997,Diciembre,12,62
Chihuahua,1998,Enero,1,43
Chihuahua,1998,Febrero,2,41
Chihuahua,1998,Marzo,3,50
Chihuahua,1998,Abril,4,44
Chihuahua,1998,Mayo,5,44
Chihuahua,1998,Junio,6,57
Chihuahua,1998,Julio,7,55
Chihuahua,1998,Agosto,8,52
Chihuahua,1998,Septiembre,9,64
Chihuahua,1998,Octubre,10,44
Chihuahua,1998,Noviembre,11,62
Chihuahua,1998,Diciembre,12,58
Chihuahua,1999,Enero,1,65
Chihuahua,1999,Febrero,2,31
Chihuahua,1999,Marzo,3,52
Chihuahua,1999,Abril,4,38
Chihuahua,1999,Mayo,5,50
Chihuahua,1999,Junio,6,38
Chihuahua,1999,Julio,7,46
Chihuahua,1999,Agosto,8,41
Chihuahua,1999,Septiembre,9,41
Chihuahua,1999,Octubre,10,50
Chihuahua,1999,Noviembre,11,47
Chihuahua,1999,Diciembre,12,59
Chihuahua,2000,Enero,1,58
Chihuahua,2000,Febrero,2,44
Chihuahua,2000,Marzo,3,40
Chihuahua,2000,Abril,4,39
Chihuahua,2000,Mayo,5,58
Chihuahua,2000,Junio,6,56
Chihuahua,2000,Julio,7,53
Chihuahua,2000,Agosto,8,62
Chihuahua,2000,Septiembre,9,53
Chihuahua,2000,Octubre,10,39
Chihuahua,2000,Noviembre,11,54
Chihuahua,2000,Diciembre,12,48
Chihuahua,2001,Enero,1,37
Chihuahua,2001,Febrero,2,52
Chihuahua,2001,Marzo,3,51
Chihuahua,2001,Abril,4,53
Chihuahua,2001,Mayo,5,67
Chihuahua,2001,Junio,6,57
Chihuahua,2001,Julio,7,53
Chihuahua,2001,Agosto,8,65
Chihuahua,2001,Septiembre,9,46
Chihuahua,2001,Octubre,10,65
Chihuahua,2001,Noviembre,11,45
Chihuahua,2001,Diciembre,12,51
Chihuahua,2002,Enero,1,56
Chihuahua,2002,Febrero,2,52
Chihuahua,2002,Marzo,3,62
Chihuahua,2002,Abril,4,72
Chihuahua,2002,Mayo,5,55
Chihuahua,2002,Junio,6,56
Chihuahua,2002,Julio,7,60
Chihuahua,2002,Agosto,8,63
Chihuahua,2002,Septiembre,9,47
Chihuahua,2002,Octubre,10,40
Chihuahua,2002,Noviembre,11,45
Chihuahua,2002,Diciembre,12,30
Chihuahua,2003,Enero,1,52
Chihuahua,2003,Febrero,2,43
Chihuahua,2003,Marzo,3,38
Chihuahua,2003,Abril,4,38
Chihuahua,2003,Mayo,5,49
Chihuahua,2003,Junio,6,46
Chihuahua,2003,Julio,7,48
Chihuahua,2003,Agosto,8,28
Chihuahua,2003,Septiembre,9,37
Chihuahua,2003,Octubre,10,39
Chihuahua,2003,Noviembre,11,60
Chihuahua,2003,Diciembre,12,43
Chihuahua,2004,Enero,1,40
Chihuahua,2004,Febrero,2,42
Chihuahua,2004,Marzo,3,40
Chihuahua,2004,Abril,4,36
Chihuahua,2004,Mayo,5,43
Chihuahua,2004,Junio,6,47
Chihuahua,2004,Julio,7,33
Chihuahua,2004,Agosto,8,56
Chihuahua,2004,Septiembre,9,36
Chihuahua,2004,Octubre,10,27
Chihuahua,2004,Noviembre,11,28
Chihuahua,2004,Diciembre,12,38
Chihuahua,2005,Enero,1,49
Chihuahua,2005,Febrero,2,55
Chihuahua,2005,Marzo,3,58
Chihuahua,2005,Abril,4,38
Chihuahua,2005,Mayo,5,42
Chihuahua,2005,Junio,6,68
Chihuahua,2005,Julio,7,34
Chihuahua,2005,Agosto,8,40
Chihuahua,2005,Septiembre,9,37
Chihuahua,2005,Octubre,10,55
Chihuahua,2005,Noviembre,11,35
Chihuahua,2005,Diciembre,12,52
Chihuahua,2006,Enero,1,54
Chihuahua,2006,Febrero,2,60
Chihuahua,2006,Marzo,3,53
Chihuahua,2006,Abril,4,50
Chihuahua,2006,Mayo,5,64
Chihuahua,2006,Junio,6,61
Chihuahua,2006,Julio,7,42
Chihuahua,2006,Agosto,8,43
Chihuahua,2006,Septiembre,9,55
Chihuahua,2006,Octubre,10,47
Chihuahua,2006,Noviembre,11,60
Chihuahua,2006,Diciembre,12,48
Chihuahua,2007,Enero,1,30
Chihuahua,2007,Febrero,2,28
Chihuahua,2007,Marzo,3,44
Chihuahua,2007,Abril,4,35
Chihuahua,2007,Mayo,5,46
Chihuahua,2007,Junio,6,46
Chihuahua,2007,Julio,7,37
Chihuahua,2007,Agosto,8,41
Chihuahua,2007,Septiembre,9,47
Chihuahua,2007,Octubre,10,50
Chihuahua,2007,Noviembre,11,39
Chihuahua,2007,Diciembre,12,43
Chihuahua,2008,Enero,1,62
Chihuahua,2008,Febrero,2,100
Chihuahua,2008,Marzo,3,165
Chihuahua,2008,Abril,4,111
Chihuahua,2008,Mayo,5,200
Chihuahua,2008,Junio,6,248
Chihuahua,2008,Julio,7,215
Chihuahua,2008,Agosto,8,300
Chihuahua,2008,Septiembre,9,206
Chihuahua,2008,Octubre,10,325
Chihuahua,2008,Noviembre,11,319
Chihuahua,2008,Diciembre,12,331
Chihuahua,2009,Enero,1,215
Chihuahua,2009,Febrero,2,336
Chihuahua,2009,Marzo,3,187
Chihuahua,2009,Abril,4,153
Chihuahua,2009,Mayo,5,182
Chihuahua,2009,Junio,6,323
Chihuahua,2009,Julio,7,324
Chihuahua,2009,Agosto,8,340
Chihuahua,2009,Septiembre,9,415
Chihuahua,2009,Octubre,10,376
Chihuahua,2009,Noviembre,11,321
Chihuahua,2009,Diciembre,12,397
Chihuahua,2010,Enero,1,400
Chihuahua,2010,Febrero,2,371
Chihuahua,2010,Marzo,3,454
Chihuahua,2010,Abril,4,418
Chihuahua,2010,Mayo,5,570
Chihuahua,2010,Junio,6,574
Chihuahua,2010,Julio,7,597
Chihuahua,2010,Agosto,8,705
Chihuahua,2010,Septiembre,9,660
Chihuahua,2010,Octubre,10,667
Chihuahua,2010,Noviembre,11,410
Chihuahua,2010,Diciembre,12,522
Chihuahua,2011,Enero,1,419
Chihuahua,2011,Febrero,2,433
Chihuahua,2011,Marzo,3,472
Chihuahua,2011,Abril,4,391
Chihuahua,2011,Mayo,5,363
Chihuahua,2011,Junio,6,402
Chihuahua,2011,Julio,7,381
Chihuahua,2011,Agosto,8,360
Chihuahua,2011,Septiembre,9,259
Chihuahua,2011,Octubre,10,327
Chihuahua,2011,Noviembre,11,346
Chihuahua,2011,Diciembre,12,295
Chihuahua,2012,Enero,1,321
Chihuahua,2012,Febrero,2,234
Chihuahua,2012,Marzo,3,284
Chihuahua,2012,Abril,4,317
Chihuahua,2012,Mayo,5,276
Chihuahua,2012,Junio,6,232
Chihuahua,2012,Julio,7,202
Chihuahua,2012,Agosto,8,219
Chihuahua,2012,Septiembre,9,183
Chihuahua,2012,Octubre,10,132
Chihuahua,2012,Noviembre,11,179
Chihuahua,2012,Diciembre,12,138
Chihuahua,2013,Enero,1,154
Chihuahua,2013,Febrero,2,134
Chihuahua,2013,Marzo,3,182
Chihuahua,2013,Abril,4,194
Chihuahua,2013,Mayo,5,182
Chihuahua,2013,Junio,6,160
Chihuahua,2013,Julio,7,172
Chihuahua,2013,Agosto,8,171
Chihuahua,2013,Septiembre,9,135
Chihuahua,2013,Octubre,10,145
Chihuahua,2013,Noviembre,11,121
Chihuahua,2013,Diciembre,12,118
Chihuahua,2014,Enero,1,128
Chihuahua,2014,Febrero,2,108
Chihuahua,2014,Marzo,3,127
Chihuahua,2014,Abril,4,134
Chihuahua,2014,Mayo,5,129
Chihuahua,2014,Junio,6,116
Chihuahua,2014,Julio,7,118
Chihuahua,2014,Agosto,8,108
Chihuahua,2014,Septiembre,9,104
Chihuahua,2014,Octubre,10,98
Chihuahua,2014,Noviembre,11,116
Chihuahua,2014,Diciembre,12,127
Chihuahua,2015,Enero,1,129
Chihuahua,2015,Febrero,2,90
Chihuahua,2015,Marzo,3,116
Chihuahua,2015,Abril,4,78
Chihuahua,2015,Mayo,5,160
Chihuahua,2015,Junio,6,119
Chihuahua,2015,Julio,7,138
Chihuahua,2015,Agosto,8,109
Chihuahua,2015,Septiembre,9,96
Chihuahua,2015,Octubre,10,81
Chihuahua,2015,Noviembre,11,82
Chihuahua,2015,Diciembre,12,91
Chihuahua,2016,Enero,1,97
Chihuahua,2016,Febrero,2,100
Chihuahua,2016,Marzo,3,87
Chihuahua,2016,Abril,4,124
Chihuahua,2016,Mayo,5,128
Chihuahua,2016,Junio,6,120
Chihuahua,2016,Julio,7,132
Chihuahua,2016,Agosto,8,153
Chihuahua,2016,Septiembre,9,148
Chihuahua,2016,Octubre,10,210
Chihuahua,2016,Noviembre,11,115
Chihuahua,2016,Diciembre,12,148
Chihuahua,2017,Enero,1,140
Chihuahua,2017,Febrero,2,183
Chihuahua,2017,Marzo,3,155
Chihuahua,2017,Abril,4,117
Chihuahua,2017,Mayo,5,176
Chihuahua,2017,Junio,6,223
Chihuahua,2017,Julio,7,179
Chihuahua,2017,Agosto,8,151
Chihuahua,2017,Septiembre,9,215
Chihuahua,2017,Octubre,10,184
Chihuahua,2017,Noviembre,11,199
Chihuahua,2017,Diciembre,12,251
Chihuahua,2018,Enero,1,184
Chihuahua,2018,Febrero,2,163
Chihuahua,2018,Marzo,3,152
Chihuahua,2018,Abril,4,148
Chihuahua,2018,Mayo,5,253
Chihuahua,2018,Junio,6,294
Chihuahua,2018,Julio,7,303
Chihuahua,2018,Agosto,8,295
Chihuahua,2018,Septiembre,9,166
Chihuahua,2018,Octubre,10,181
Chihuahua,2018,Noviembre,11,203
Chihuahua,2018,Diciembre,12,190
Chihuahua,2019,Enero,1,231
Chihuahua,2019,Febrero,2,209
Chihuahua,2019,Marzo,3,223
Chihuahua,2019,Abril,4,307
Chihuahua,2019,Mayo,5,299
Chihuahua,2019,Junio,6,249
Chihuahua,2019,Julio,7,249
Chihuahua,2019,Agosto,8,220
Chihuahua,2019,Septiembre,9,217
Chihuahua,2019,Octubre,10,243
Chihuahua,2019,Noviembre,11,244
Chihuahua,2019,Diciembre,12,172
Chihuahua,2020,Enero,1,198
Chihuahua,2020,Febrero,2,193
Chihuahua,2020,Marzo,3,260
Chihuahua,2020,Abril,4,252
Chihuahua,2020,Mayo,5,292
Chihuahua,2020,Junio,6,301
Chihuahua,2020,Julio,7,265
Chihuahua,2020,Agosto,8,312
Chihuahua,2020,Septiembre,9,196
Chihuahua,2020,Octubre,10,265
Chihuahua,2020,Noviembre,11,170
Chihuahua,2020,Diciembre,12,183
Chihuahua,2021,Enero,1,182
Chihuahua,2021,Febrero,2,183
Chihuahua,2021,Marzo,3,214
Chihuahua,2021,Abril,4,205
Chihuahua,2021,Mayo,5,237
Chihuahua,2021,Junio,6,229
Chihuahua,2021,Julio,7,254
Chihuahua,2021,Agosto,8,223
Chihuahua,2021,Septiembre,9,179
Chihuahua,2021,Octubre,10,243
Chihuahua,2021,Noviembre,11,164
Chihuahua,2021,Diciembre,12,244
Chihuahua,2022,Enero,1,136
Chihuahua,2022,Febrero,2,148
Chihuahua,2022,Marzo,3,129
Chihuahua,2022,Abril,4,138
Chihuahua,2022,Mayo,5,205
Chihuahua,2022,Junio,6,212
Chihuahua,2022,Julio,7,184
Chihuahua,2022,Agosto,8,172
Chihuahua,2022,Septiembre,9,236
Chihuahua,2022,Octubre,10,203
Chihuahua,2022,Noviembre,11,156
Chihuahua,2022,Diciembre,12,134
Chihuahua,2023,Enero,1,192
Chihuahua,2023,Febrero,2,162
Chihuahua,2023,Marzo,3,220
Chihuahua,2023,Abril,4,143
Chihuahua,2023,Mayo,5,195
Chihuahua,2023,Junio,6,191
Chihuahua,2023,Julio,7,142
Chihuahua,2023,Agosto,8,233
Chihuahua,2023,Septiembre,9,198
Chihuahua,2023,Octubre,10,160
Chihuahua,2023,Noviembre,11,195
Chihuahua,2023,Diciembre,12,208
Chihuahua,2024,Enero,1,219
Chihuahua,2024,Febrero,2,154
Chihuahua,2024,Marzo,3,152
Chihuahua,2024,Abril,4,165
Chihuahua,2024,Mayo,5,174
Chihuahua,2024,Junio,6,209
Chihuahua,2024,Julio,7,178
Chihuahua,2024,Agosto,8,164
Chihuahua,2024,Septiembre,9,198
Chihuahua,2024,Octubre,10,178
Chihuahua,2024,Noviembre,11,178
Chihuahua,2024,Diciembre,12,177
Ciudad de M�xico,1990,Enero,1,110
Ciudad de M�xico,1990,Febrero,2,93
Ciudad de M�xico,1990,Marzo,3,83
Ciudad de M�xico,1990,Abril,4,100
Ciudad de M�xico,1990,Mayo,5,104
Ciudad de M�xico,1990,Junio,6,91
Ciudad de M�xico,1990,Julio,7,115
Ciudad de M�xico,1990,Agosto,8,97
Ciudad de M�xico,1990,Septiembre,9,111
Ciudad de M�xico,1990,Octubre,10,115
Ciudad de M�xico,1990,Noviembre,11,105
Ciudad de M�xico,1990,Diciembre,12,134
Ciudad de M�xico,1991,Enero,1,102
Ciudad de M�xico,1991,Febrero,2,87
Ciudad de M�xico,1991,Marzo,3,95
Ciudad de M�xico,1991,Abril,4,87
Ciudad de M�xico,1991,Mayo,5,98
Ciudad de M�xico,1991,Junio,6,89
Ciudad de M�xico,1991,Julio,7,77
Ciudad de M�xico,1991,Agosto,8,76
Ciudad de M�xico,1991,Septiembre,9,69
Ciudad de M�xico,1991,Octubre,10,86
Ciudad de M�xico,1991,Noviembre,11,79
Ciudad de M�xico,1991,Diciembre,12,114
Ciudad de M�xico,1992,Enero,1,77
Ciudad de M�xico,1992,Febrero,2,93
Ciudad de M�xico,1992,Marzo,3,105
Ciudad de M�xico,1992,Abril,4,91
Ciudad de M�xico,1992,Mayo,5,103
Ciudad de M�xico,1992,Junio,6,95
Ciudad de M�xico,1992,Julio,7,108
Ciudad de M�xico,1992,Agosto,8,90
Ciudad de M�xico,1992,Septiembre,9,88
Ciudad de M�xico,1992,Octubre,10,124
Ciudad de M�xico,1992,Noviembre,11,102
Ciudad de M�xico,1992,Diciembre,12,125
Ciudad de M�xico,1993,Enero,1,113
Ciudad de M�xico,1993,Febrero,2,94
Ciudad de M�xico,1993,Marzo,3,108
Ciudad de M�xico,1993,Abril,4,72
Ciudad de M�xico,1993,Mayo,5,98
Ciudad de M�xico,1993,Junio,6,89
Ciudad de M�xico,1993,Julio,7,106
Ciudad de M�xico,1993,Agosto,8,83
Ciudad de M�xico,1993,Septiembre,9,106
Ciudad de M�xico,1993,Octubre,10,102
Ciudad de M�xico,1993,Noviembre,11,82
Ciudad de M�xico,1993,Diciembre,12,101
Ciudad de M�xico,1994,Enero,1,83
Ciudad de M�xico,1994,Febrero,2,96
Ciudad de M�xico,1994,Marzo,3,87
Ciudad de M�xico,1994,Abril,4,94
Ciudad de M�xico,1994,Mayo,5,118
Ciudad de M�xico,1994,Junio,6,95
Ciudad de M�xico,1994,Julio,7,102
Ciudad de M�xico,1994,Agosto,8,81
Ciudad de M�xico,1994,Septiembre,9,101
Ciudad de M�xico,1994,Octubre,10,100
Ciudad de M�xico,1994,Noviembre,11,86
Ciudad de M�xico,1994,Diciembre,12,112
Ciudad de M�xico,1995,Enero,1,91
Ciudad de M�xico,1995,Febrero,2,106
Ciudad de M�xico,1995,Marzo,3,112
Ciudad de M�xico,1995,Abril,4,94
Ciudad de M�xico,1995,Mayo,5,124
Ciudad de M�xico,1995,Junio,6,109
Ciudad de M�xico,1995,Julio,7,120
Ciudad de M�xico,1995,Agosto,8,110
Ciudad de M�xico,1995,Septiembre,9,131
Ciudad de M�xico,1995,Octubre,10,125
Ciudad de M�xico,1995,Noviembre,11,103
Ciudad de M�xico,1995,Diciembre,12,135
Ciudad de M�xico,1996,Enero,1,110
Ciudad de M�xico,1996,Febrero,2,130
Ciudad de M�xico,1996,Marzo,3,114
Ciudad de M�xico,1996,Abril,4,129
Ciudad de M�xico,1996,Mayo,5,96
Ciudad de M�xico,1996,Junio,6,91
Ciudad de M�xico,1996,Julio,7,113
Ciudad de M�xico,1996,Agosto,8,89
Ciudad de M�xico,1996,Septiembre,9,113
Ciudad de M�xico,1996,Octubre,10,105
Ciudad de M�xico,1996,Noviembre,11,112
Ciudad de M�xico,1996,Diciembre,12,90
Ciudad de M�xico,1997,Enero,1,105
Ciudad de M�xico,1997,Febrero,2,103
Ciudad de M�xico,1997,Marzo,3,86
Ciudad de M�xico,1997,Abril,4,89
Ciudad de M�xico,1997,Mayo,5,94
Ciudad de M�xico,1997,Junio,6,94
Ciudad de M�xico,1997,Julio,7,79
Ciudad de M�xico,1997,Agosto,8,107
Ciudad de M�xico,1997,Septiembre,9,111
Ciudad de M�xico,1997,Octubre,10,109
Ciudad de M�xico,1997,Noviembre,11,112
Ciudad de M�xico,1997,Diciembre,12,126
Ciudad de M�xico,1998,Enero,1,73
Ciudad de M�xico,1998,Febrero,2,96
Ciudad de M�xico,1998,Marzo,3,105
Ciudad de M�xico,1998,Abril,4,119
Ciudad de M�xico,1998,Mayo,5,110
Ciudad de M�xico,1998,Junio,6,89
Ciudad de M�xico,1998,Julio,7,107
Ciudad de M�xico,1998,Agosto,8,101
Ciudad de M�xico,1998,Septiembre,9,117
Ciudad de M�xico,1998,Octubre,10,108
Ciudad de M�xico,1998,Noviembre,11,73
Ciudad de M�xico,1998,Diciembre,12,128
Ciudad de M�xico,1999,Enero,1,84
Ciudad de M�xico,1999,Febrero,2,87
Ciudad de M�xico,1999,Marzo,3,93
Ciudad de M�xico,1999,Abril,4,75
Ciudad de M�xico,1999,Mayo,5,74
Ciudad de M�xico,1999,Junio,6,77
Ciudad de M�xico,1999,Julio,7,80
Ciudad de M�xico,1999,Agosto,8,84
Ciudad de M�xico,1999,Septiembre,9,89
Ciudad de M�xico,1999,Octubre,10,107
Ciudad de M�xico,1999,Noviembre,11,88
Ciudad de M�xico,1999,Diciembre,12,107
Ciudad de M�xico,2000,Enero,1,88
Ciudad de M�xico,2000,Febrero,2,74
Ciudad de M�xico,2000,Marzo,3,86
Ciudad de M�xico,2000,Abril,4,72
Ciudad de M�xico,2000,Mayo,5,62
Ciudad de M�xico,2000,Junio,6,72
Ciudad de M�xico,2000,Julio,7,72
Ciudad de M�xico,2000,Agosto,8,75
Ciudad de M�xico,2000,Septiembre,9,80
Ciudad de M�xico,2000,Octubre,10,83
Ciudad de M�xico,2000,Noviembre,11,76
Ciudad de M�xico,2000,Diciembre,12,83
Ciudad de M�xico,2001,Enero,1,75
Ciudad de M�xico,2001,Febrero,2,79
Ciudad de M�xico,2001,Marzo,3,98
Ciudad de M�xico,2001,Abril,4,63
Ciudad de M�xico,2001,Mayo,5,92
Ciudad de M�xico,2001,Junio,6,70
Ciudad de M�xico,2001,Julio,7,94
Ciudad de M�xico,2001,Agosto,8,82
Ciudad de M�xico,2001,Septiembre,9,61
Ciudad de M�xico,2001,Octubre,10,105
Ciudad de M�xico,2001,Noviembre,11,73
Ciudad de M�xico,2001,Diciembre,12,92
Ciudad de M�xico,2002,Enero,1,74
Ciudad de M�xico,2002,Febrero,2,75
Ciudad de M�xico,2002,Marzo,3,94
Ciudad de M�xico,2002,Abril,4,85
Ciudad de M�xico,2002,Mayo,5,89
Ciudad de M�xico,2002,Junio,6,70
Ciudad de M�xico,2002,Julio,7,75
Ciudad de M�xico,2002,Agosto,8,77
Ciudad de M�xico,2002,Septiembre,9,79
Ciudad de M�xico,2002,Octubre,10,75
Ciudad de M�xico,2002,Noviembre,11,73
Ciudad de M�xico,2002,Diciembre,12,76
Ciudad de M�xico,2003,Enero,1,86
Ciudad de M�xico,2003,Febrero,2,86
Ciudad de M�xico,2003,Marzo,3,111
Ciudad de M�xico,2003,Abril,4,85
Ciudad de M�xico,2003,Mayo,5,63
Ciudad de M�xico,2003,Junio,6,86
Ciudad de M�xico,2003,Julio,7,80
Ciudad de M�xico,2003,Agosto,8,72
Ciudad de M�xico,2003,Septiembre,9,73
Ciudad de M�xico,2003,Octubre,10,94
Ciudad de M�xico,2003,Noviembre,11,74
Ciudad de M�xico,2003,Diciembre,12,69
Ciudad de M�xico,2004,Enero,1,81
Ciudad de M�xico,2004,Febrero,2,78
Ciudad de M�xico,2004,Marzo,3,98
Ciudad de M�xico,2004,Abril,4,65
Ciudad de M�xico,2004,Mayo,5,88
Ciudad de M�xico,2004,Junio,6,80
Ciudad de M�xico,2004,Julio,7,74
Ciudad de M�xico,2004,Agosto,8,66
Ciudad de M�xico,2004,Septiembre,9,77
Ciudad de M�xico,2004,Octubre,10,68
Ciudad de M�xico,2004,Noviembre,11,86
Ciudad de M�xico,2004,Diciembre,12,86
Ciudad de M�xico,2005,Enero,1,67
Ciudad de M�xico,2005,Febrero,2,60
Ciudad de M�xico,2005,Marzo,3,77
Ciudad de M�xico,2005,Abril,4,91
Ciudad de M�xico,2005,Mayo,5,65
Ciudad de M�xico,2005,Junio,6,94
Ciudad de M�xico,2005,Julio,7,68
Ciudad de M�xico,2005,Agosto,8,62
Ciudad de M�xico,2005,Septiembre,9,57
Ciudad de M�xico,2005,Octubre,10,71
Ciudad de M�xico,2005,Noviembre,11,74
Ciudad de M�xico,2005,Diciembre,12,93
Ciudad de M�xico,2006,Enero,1,76
Ciudad de M�xico,2006,Febrero,2,50
Ciudad de M�xico,2006,Marzo,3,80
Ciudad de M�xico,2006,Abril,4,55
Ciudad de M�xico,2006,Mayo,5,60
Ciudad de M�xico,2006,Junio,6,66
Ciudad de M�xico,2006,Julio,7,63
Ciudad de M�xico,2006,Agosto,8,89
Ciudad de M�xico,2006,Septiembre,9,79
Ciudad de M�xico,2006,Octubre,10,62
Ciudad de M�xico,2006,Noviembre,11,60
Ciudad de M�xico,2006,Diciembre,12,77
Ciudad de M�xico,2007,Enero,1,23
Ciudad de M�xico,2007,Febrero,2,10
Ciudad de M�xico,2007,Marzo,3,75
Ciudad de M�xico,2007,Abril,4,76
Ciudad de M�xico,2007,Mayo,5,94
Ciudad de M�xico,2007,Junio,6,79
Ciudad de M�xico,2007,Julio,7,74
Ciudad de M�xico,2007,Agosto,8,78
Ciudad de M�xico,2007,Septiembre,9,81
Ciudad de M�xico,2007,Octubre,10,89
Ciudad de M�xico,2007,Noviembre,11,79
Ciudad de M�xico,2007,Diciembre,12,87
Ciudad de M�xico,2008,Enero,1,84
Ciudad de M�xico,2008,Febrero,2,69
Ciudad de M�xico,2008,Marzo,3,62
Ciudad de M�xico,2008,Abril,4,61
Ciudad de M�xico,2008,Mayo,5,76
Ciudad de M�xico,2008,Junio,6,88
Ciudad de M�xico,2008,Julio,7,91
Ciudad de M�xico,2008,Agosto,8,79
Ciudad de M�xico,2008,Septiembre,9,72
Ciudad de M�xico,2008,Octubre,10,78
Ciudad de M�xico,2008,Noviembre,11,91
Ciudad de M�xico,2008,Diciembre,12,77
Ciudad de M�xico,2009,Enero,1,62
Ciudad de M�xico,2009,Febrero,2,90
Ciudad de M�xico,2009,Marzo,3,79
Ciudad de M�xico,2009,Abril,4,80
Ciudad de M�xico,2009,Mayo,5,92
Ciudad de M�xico,2009,Junio,6,79
Ciudad de M�xico,2009,Julio,7,79
Ciudad de M�xico,2009,Agosto,8,84
Ciudad de M�xico,2009,Septiembre,9,91
Ciudad de M�xico,2009,Octubre,10,77
Ciudad de M�xico,2009,Noviembre,11,70
Ciudad de M�xico,2009,Diciembre,12,96
Ciudad de M�xico,2010,Enero,1,93
Ciudad de M�xico,2010,Febrero,2,85
Ciudad de M�xico,2010,Marzo,3,79
Ciudad de M�xico,2010,Abril,4,90
Ciudad de M�xico,2010,Mayo,5,91
Ciudad de M�xico,2010,Junio,6,75
Ciudad de M�xico,2010,Julio,7,87
Ciudad de M�xico,2010,Agosto,8,81
Ciudad de M�xico,2010,Septiembre,9,95
Ciudad de M�xico,2010,Octubre,10,118
Ciudad de M�xico,2010,Noviembre,11,88
Ciudad de M�xico,2010,Diciembre,12,95
Ciudad de M�xico,2011,Enero,1,110
Ciudad de M�xico,2011,Febrero,2,78
Ciudad de M�xico,2011,Marzo,3,94
Ciudad de M�xico,2011,Abril,4,97
Ciudad de M�xico,2011,Mayo,5,101
Ciudad de M�xico,2011,Junio,6,88
Ciudad de M�xico,2011,Julio,7,80
Ciudad de M�xico,2011,Agosto,8,91
Ciudad de M�xico,2011,Septiembre,9,79
Ciudad de M�xico,2011,Octubre,10,110
Ciudad de M�xico,2011,Noviembre,11,80
Ciudad de M�xico,2011,Diciembre,12,85
Ciudad de M�xico,2012,Enero,1,71
Ciudad de M�xico,2012,Febrero,2,97
Ciudad de M�xico,2012,Marzo,3,91
Ciudad de M�xico,2012,Abril,4,80
Ciudad de M�xico,2012,Mayo,5,99
Ciudad de M�xico,2012,Junio,6,97
Ciudad de M�xico,2012,Julio,7,78
Ciudad de M�xico,2012,Agosto,8,98
Ciudad de M�xico,2012,Septiembre,9,93
Ciudad de M�xico,2012,Octubre,10,106
Ciudad de M�xico,2012,Noviembre,11,65
Ciudad de M�xico,2012,Diciembre,12,103
Ciudad de M�xico,2013,Enero,1,96
Ciudad de M�xico,2013,Febrero,2,87
Ciudad de M�xico,2013,Marzo,3,106
Ciudad de M�xico,2013,Abril,4,87
Ciudad de M�xico,2013,Mayo,5,90
Ciudad de M�xico,2013,Junio,6,89
Ciudad de M�xico,2013,Julio,7,74
Ciudad de M�xico,2013,Agosto,8,97
Ciudad de M�xico,2013,Septiembre,9,90
Ciudad de M�xico,2013,Octubre,10,106
Ciudad de M�xico,2013,Noviembre,11,96
Ciudad de M�xico,2013,Diciembre,12,92
Ciudad de M�xico,2014,Enero,1,93
Ciudad de M�xico,2014,Febrero,2,76
Ciudad de M�xico,2014,Marzo,3,115
Ciudad de M�xico,2014,Abril,4,104
Ciudad de M�xico,2014,Mayo,5,70
Ciudad de M�xico,2014,Junio,6,91
Ciudad de M�xico,2014,Julio,7,71
Ciudad de M�xico,2014,Agosto,8,82
Ciudad de M�xico,2014,Septiembre,9,91
Ciudad de M�xico,2014,Octubre,10,88
Ciudad de M�xico,2014,Noviembre,11,100
Ciudad de M�xico,2014,Diciembre,12,117
Ciudad de M�xico,2015,Enero,1,87
Ciudad de M�xico,2015,Febrero,2,78
Ciudad de M�xico,2015,Marzo,3,80
Ciudad de M�xico,2015,Abril,4,96
Ciudad de M�xico,2015,Mayo,5,91
Ciudad de M�xico,2015,Junio,6,95
Ciudad de M�xico,2015,Julio,7,90
Ciudad de M�xico,2015,Agosto,8,105
Ciudad de M�xico,2015,Septiembre,9,81
Ciudad de M�xico,2015,Octubre,10,90
Ciudad de M�xico,2015,Noviembre,11,95
Ciudad de M�xico,2015,Diciembre,12,92
Ciudad de M�xico,2016,Enero,1,81
Ciudad de M�xico,2016,Febrero,2,81
Ciudad de M�xico,2016,Marzo,3,85
Ciudad de M�xico,2016,Abril,4,78
Ciudad de M�xico,2016,Mayo,5,114
Ciudad de M�xico,2016,Junio,6,109
Ciudad de M�xico,2016,Julio,7,121
Ciudad de M�xico,2016,Agosto,8,116
Ciudad de M�xico,2016,Septiembre,9,120
Ciudad de M�xico,2016,Octubre,10,102
Ciudad de M�xico,2016,Noviembre,11,114
Ciudad de M�xico,2016,Diciembre,12,154
Ciudad de M�xico,2017,Enero,1,139
Ciudad de M�xico,2017,Febrero,2,117
Ciudad de M�xico,2017,Marzo,3,110
Ciudad de M�xico,2017,Abril,4,115
Ciudad de M�xico,2017,Mayo,5,145
Ciudad de M�xico,2017,Junio,6,164
Ciudad de M�xico,2017,Julio,7,108
Ciudad de M�xico,2017,Agosto,8,80
Ciudad de M�xico,2017,Septiembre,9,86
Ciudad de M�xico,2017,Octubre,10,76
Ciudad de M�xico,2017,Noviembre,11,80
Ciudad de M�xico,2017,Diciembre,12,100
Ciudad de M�xico,2018,Enero,1,102
Ciudad de M�xico,2018,Febrero,2,141
Ciudad de M�xico,2018,Marzo,3,131
Ciudad de M�xico,2018,Abril,4,147
Ciudad de M�xico,2018,Mayo,5,159
Ciudad de M�xico,2018,Junio,6,149
Ciudad de M�xico,2018,Julio,7,132
Ciudad de M�xico,2018,Agosto,8,103
Ciudad de M�xico,2018,Septiembre,9,88
Ciudad de M�xico,2018,Octubre,10,105
Ciudad de M�xico,2018,Noviembre,11,82
Ciudad de M�xico,2018,Diciembre,12,125
Ciudad de M�xico,2019,Enero,1,116
Ciudad de M�xico,2019,Febrero,2,93
Ciudad de M�xico,2019,Marzo,3,128
Ciudad de M�xico,2019,Abril,4,99
Ciudad de M�xico,2019,Mayo,5,137
Ciudad de M�xico,2019,Junio,6,90
Ciudad de M�xico,2019,Julio,7,92
Ciudad de M�xico,2019,Agosto,8,93
Ciudad de M�xico,2019,Septiembre,9,110
Ciudad de M�xico,2019,Octubre,10,94
Ciudad de M�xico,2019,Noviembre,11,108
Ciudad de M�xico,2019,Diciembre,12,139
Ciudad de M�xico,2020,Enero,1,114
Ciudad de M�xico,2020,Febrero,2,115
Ciudad de M�xico,2020,Marzo,3,144
Ciudad de M�xico,2020,Abril,4,127
Ciudad de M�xico,2020,Mayo,5,108
Ciudad de M�xico,2020,Junio,6,122
Ciudad de M�xico,2020,Julio,7,107
Ciudad de M�xico,2020,Agosto,8,88
Ciudad de M�xico,2020,Septiembre,9,84
Ciudad de M�xico,2020,Octubre,10,109
Ciudad de M�xico,2020,Noviembre,11,110
Ciudad de M�xico,2020,Diciembre,12,109
Ciudad de M�xico,2021,Enero,1,100
Ciudad de M�xico,2021,Febrero,2,103
Ciudad de M�xico,2021,Marzo,3,108
Ciudad de M�xico,2021,Abril,4,102
Ciudad de M�xico,2021,Mayo,5,113
Ciudad de M�xico,2021,Junio,6,56
Ciudad de M�xico,2021,Julio,7,104
Ciudad de M�xico,2021,Agosto,8,107
Ciudad de M�xico,2021,Septiembre,9,75
Ciudad de M�xico,2021,Octubre,10,67
Ciudad de M�xico,2021,Noviembre,11,71
Ciudad de M�xico,2021,Diciembre,12,65
Ciudad de M�xico,2022,Enero,1,70
Ciudad de M�xico,2022,Febrero,2,45
Ciudad de M�xico,2022,Marzo,3,63
Ciudad de M�xico,2022,Abril,4,51
Ciudad de M�xico,2022,Mayo,5,65
Ciudad de M�xico,2022,Junio,6,48
Ciudad de M�xico,2022,Julio,7,53
Ciudad de M�xico,2022,Agosto,8,59
Ciudad de M�xico,2022,Septiembre,9,59
Ciudad de M�xico,2022,Octubre,10,61
Ciudad de M�xico,2022,Noviembre,11,81
Ciudad de M�xico,2022,Diciembre,12,87
Ciudad de M�xico,2023,Enero,1,66
Ciudad de M�xico,2023,Febrero,2,49
Ciudad de M�xico,2023,Marzo,3,51
Ciudad de M�xico,2023,Abril,4,47
Ciudad de M�xico,2023,Mayo,5,62
Ciudad de M�xico,2023,Junio,6,92
Ciudad de M�xico,2023,Julio,7,76
Ciudad de M�xico,2023,Agosto,8,61
Ciudad de M�xico,2023,Septiembre,9,61
Ciudad de M�xico,2023,Octubre,10,65
Ciudad de M�xico,2023,Noviembre,11,46
Ciudad de M�xico,2023,Diciembre,12,72
Ciudad de M�xico,2024,Enero,1,50
Ciudad de M�xico,2024,Febrero,2,63
Ciudad de M�xico,2024,Marzo,3,86
Ciudad de M�xico,2024,Abril,4,69
Ciudad de M�xico,2024,Mayo,5,112
Ciudad de M�xico,2024,Junio,6,81
Ciudad de M�xico,2024,Julio,7,85
Ciudad de M�xico,2024,Agosto,8,83
Ciudad de M�xico,2024,Septiembre,9,94
Ciudad de M�xico,2024,Octubre,10,65
Ciudad de M�xico,2024,Noviembre,11,102
Ciudad de M�xico,2024,Diciembre,12,82
Coahuila de Zaragoza,1990,Enero,1,25
Coahuila de Zaragoza,1990,Febrero,2,8
Coahuila de Zaragoza,1990,Marzo,3,16
Coahuila de Zaragoza,1990,Abril,4,14
Coahuila de Zaragoza,1990,Mayo,5,13
Coahuila de Zaragoza,1990,Junio,6,32
Coahuila de Zaragoza,1990,Julio,7,6
Coahuila de Zaragoza,1990,Agosto,8,8
Coahuila de Zaragoza,1990,Septiembre,9,14
Coahuila de Zaragoza,1990,Octubre,10,10
Coahuila de Zaragoza,1990,Noviembre,11,19
Coahuila de Zaragoza,1990,Diciembre,12,10
Coahuila de Zaragoza,1991,Enero,1,23
Coahuila de Zaragoza,1991,Febrero,2,19
Coahuila de Zaragoza,1991,Marzo,3,27
Coahuila de Zaragoza,1991,Abril,4,16
Coahuila de Zaragoza,1991,Mayo,5,17
Coahuila de Zaragoza,1991,Junio,6,16
Coahuila de Zaragoza,1991,Julio,7,17
Coahuila de Zaragoza,1991,Agosto,8,17
Coahuila de Zaragoza,1991,Septiembre,9,24
Coahuila de Zaragoza,1991,Octubre,10,23
Coahuila de Zaragoza,1991,Noviembre,11,11
Coahuila de Zaragoza,1991,Diciembre,12,14
Coahuila de Zaragoza,1992,Enero,1,46
Coahuila de Zaragoza,1992,Febrero,2,12
Coahuila de Zaragoza,1992,Marzo,3,16
Coahuila de Zaragoza,1992,Abril,4,16
Coahuila de Zaragoza,1992,Mayo,5,15
Coahuila de Zaragoza,1992,Junio,6,14
Coahuila de Zaragoza,1992,Julio,7,12
Coahuila de Zaragoza,1992,Agosto,8,21
Coahuila de Zaragoza,1992,Septiembre,9,24
Coahuila de Zaragoza,1992,Octubre,10,5
Coahuila de Zaragoza,1992,Noviembre,11,18
Coahuila de Zaragoza,1992,Diciembre,12,24
Coahuila de Zaragoza,1993,Enero,1,43
Coahuila de Zaragoza,1993,Febrero,2,15
Coahuila de Zaragoza,1993,Marzo,3,16
Coahuila de Zaragoza,1993,Abril,4,15
Coahuila de Zaragoza,1993,Mayo,5,17
Coahuila de Zaragoza,1993,Junio,6,24
Coahuila de Zaragoza,1993,Julio,7,16
Coahuila de Zaragoza,1993,Agosto,8,15
Coahuila de Zaragoza,1993,Septiembre,9,14
Coahuila de Zaragoza,1993,Octubre,10,11
Coahuila de Zaragoza,1993,Noviembre,11,8
Coahuila de Zaragoza,1993,Diciembre,12,22
Coahuila de Zaragoza,1994,Enero,1,20
Coahuila de Zaragoza,1994,Febrero,2,17
Coahuila de Zaragoza,1994,Marzo,3,19
Coahuila de Zaragoza,1994,Abril,4,10
Coahuila de Zaragoza,1994,Mayo,5,24
Coahuila de Zaragoza,1994,Junio,6,14
Coahuila de Zaragoza,1994,Julio,7,12
Coahuila de Zaragoza,1994,Agosto,8,18
Coahuila de Zaragoza,1994,Septiembre,9,28
Coahuila de Zaragoza,1994,Octubre,10,18
Coahuila de Zaragoza,1994,Noviembre,11,18
Coahuila de Zaragoza,1994,Diciembre,12,16
Coahuila de Zaragoza,1995,Enero,1,23
Coahuila de Zaragoza,1995,Febrero,2,13
Coahuila de Zaragoza,1995,Marzo,3,10
Coahuila de Zaragoza,1995,Abril,4,13
Coahuila de Zaragoza,1995,Mayo,5,18
Coahuila de Zaragoza,1995,Junio,6,14
Coahuila de Zaragoza,1995,Julio,7,19
Coahuila de Zaragoza,1995,Agosto,8,17
Coahuila de Zaragoza,1995,Septiembre,9,13
Coahuila de Zaragoza,1995,Octubre,10,15
Coahuila de Zaragoza,1995,Noviembre,11,7
Coahuila de Zaragoza,1995,Diciembre,12,13
Coahuila de Zaragoza,1996,Enero,1,15
Coahuila de Zaragoza,1996,Febrero,2,13
Coahuila de Zaragoza,1996,Marzo,3,13
Coahuila de Zaragoza,1996,Abril,4,15
Coahuila de Zaragoza,1996,Mayo,5,14
Coahuila de Zaragoza,1996,Junio,6,8
Coahuila de Zaragoza,1996,Julio,7,24
Coahuila de Zaragoza,1996,Agosto,8,12
Coahuila de Zaragoza,1996,Septiembre,9,10
Coahuila de Zaragoza,1996,Octubre,10,21
Coahuila de Zaragoza,1996,Noviembre,11,7
Coahuila de Zaragoza,1996,Diciembre,12,13
Coahuila de Zaragoza,1997,Enero,1,15
Coahuila de Zaragoza,1997,Febrero,2,12
Coahuila de Zaragoza,1997,Marzo,3,13
Coahuila de Zaragoza,1997,Abril,4,14
Coahuila de Zaragoza,1997,Mayo,5,7
Coahuila de Zaragoza,1997,Junio,6,6
Coahuila de Zaragoza,1997,Julio,7,23
Coahuila de Zaragoza,1997,Agosto,8,11
Coahuila de Zaragoza,1997,Septiembre,9,14
Coahuila de Zaragoza,1997,Octubre,10,14
Coahuila de Zaragoza,1997,Noviembre,11,10
Coahuila de Zaragoza,1997,Diciembre,12,13
Coahuila de Zaragoza,1998,Enero,1,14
Coahuila de Zaragoza,1998,Febrero,2,8
Coahuila de Zaragoza,1998,Marzo,3,16
Coahuila de Zaragoza,1998,Abril,4,12
Coahuila de Zaragoza,1998,Mayo,5,14
Coahuila de Zaragoza,1998,Junio,6,12
Coahuila de Zaragoza,1998,Julio,7,17
Coahuila de Zaragoza,1998,Agosto,8,12
Coahuila de Zaragoza,1998,Septiembre,9,10
Coahuila de Zaragoza,1998,Octubre,10,14
Coahuila de Zaragoza,1998,Noviembre,11,8
Coahuila de Zaragoza,1998,Diciembre,12,6
Coahuila de Zaragoza,1999,Enero,1,17
Coahuila de Zaragoza,1999,Febrero,2,10
Coahuila de Zaragoza,1999,Marzo,3,9
Coahuila de Zaragoza,1999,Abril,4,7
Coahuila de Zaragoza,1999,Mayo,5,9
Coahuila de Zaragoza,1999,Junio,6,13
Coahuila de Zaragoza,1999,Julio,7,16
Coahuila de Zaragoza,1999,Agosto,8,11
Coahuila de Zaragoza,1999,Septiembre,9,16
Coahuila de Zaragoza,1999,Octubre,10,10
Coahuila de Zaragoza,1999,Noviembre,11,14
Coahuila de Zaragoza,1999,Diciembre,12,14
Coahuila de Zaragoza,2000,Enero,1,8
Coahuila de Zaragoza,2000,Febrero,2,13
Coahuila de Zaragoza,2000,Marzo,3,9
Coahuila de Zaragoza,2000,Abril,4,12
Coahuila de Zaragoza,2000,Mayo,5,8
Coahuila de Zaragoza,2000,Junio,6,7
Coahuila de Zaragoza,2000,Julio,7,12
Coahuila de Zaragoza,2000,Agosto,8,13
Coahuila de Zaragoza,2000,Septiembre,9,11
Coahuila de Zaragoza,2000,Octubre,10,12
Coahuila de Zaragoza,2000,Noviembre,11,11
Coahuila de Zaragoza,2000,Diciembre,12,7
Coahuila de Zaragoza,2001,Enero,1,10
Coahuila de Zaragoza,2001,Febrero,2,7
Coahuila de Zaragoza,2001,Marzo,3,10
Coahuila de Zaragoza,2001,Abril,4,14
Coahuila de Zaragoza,2001,Mayo,5,11
Coahuila de Zaragoza,2001,Junio,6,13
Coahuila de Zaragoza,2001,Julio,7,17
Coahuila de Zaragoza,2001,Agosto,8,18
Coahuila de Zaragoza,2001,Septiembre,9,17
Coahuila de Zaragoza,2001,Octubre,10,8
Coahuila de Zaragoza,2001,Noviembre,11,16
Coahuila de Zaragoza,2001,Diciembre,12,12
Coahuila de Zaragoza,2002,Enero,1,9
Coahuila de Zaragoza,2002,Febrero,2,8
Coahuila de Zaragoza,2002,Marzo,3,13
Coahuila de Zaragoza,2002,Abril,4,17
Coahuila de Zaragoza,2002,Mayo,5,9
Coahuila de Zaragoza,2002,Junio,6,11
Coahuila de Zaragoza,2002,Julio,7,9
Coahuila de Zaragoza,2002,Agosto,8,20
Coahuila de Zaragoza,2002,Septiembre,9,11
Coahuila de Zaragoza,2002,Octubre,10,12
Coahuila de Zaragoza,2002,Noviembre,11,8
Coahuila de Zaragoza,2002,Diciembre,12,10
Coahuila de Zaragoza,2003,Enero,1,8
Coahuila de Zaragoza,2003,Febrero,2,7
Coahuila de Zaragoza,2003,Marzo,3,6
Coahuila de Zaragoza,2003,Abril,4,6
Coahuila de Zaragoza,2003,Mayo,5,11
Coahuila de Zaragoza,2003,Junio,6,9
Coahuila de Zaragoza,2003,Julio,7,14
Coahuila de Zaragoza,2003,Agosto,8,8
Coahuila de Zaragoza,2003,Septiembre,9,7
Coahuila de Zaragoza,2003,Octubre,10,14
Coahuila de Zaragoza,2003,Noviembre,11,11
Coahuila de Zaragoza,2003,Diciembre,12,17
Coahuila de Zaragoza,2004,Enero,1,12
Coahuila de Zaragoza,2004,Febrero,2,7
Coahuila de Zaragoza,2004,Marzo,3,16
Coahuila de Zaragoza,2004,Abril,4,3
Coahuila de Zaragoza,2004,Mayo,5,7
Coahuila de Zaragoza,2004,Junio,6,8
Coahuila de Zaragoza,2004,Julio,7,8
Coahuila de Zaragoza,2004,Agosto,8,13
Coahuila de Zaragoza,2004,Septiembre,9,12
Coahuila de Zaragoza,2004,Octubre,10,13
Coahuila de Zaragoza,2004,Noviembre,11,7
Coahuila de Zaragoza,2004,Diciembre,12,8
Coahuila de Zaragoza,2005,Enero,1,12
Coahuila de Zaragoza,2005,Febrero,2,6
Coahuila de Zaragoza,2005,Marzo,3,8
Coahuila de Zaragoza,2005,Abril,4,11
Coahuila de Zaragoza,2005,Mayo,5,15
Coahuila de Zaragoza,2005,Junio,6,14
Coahuila de Zaragoza,2005,Julio,7,10
Coahuila de Zaragoza,2005,Agosto,8,15
Coahuila de Zaragoza,2005,Septiembre,9,16
Coahuila de Zaragoza,2005,Octubre,10,15
Coahuila de Zaragoza,2005,Noviembre,11,11
Coahuila de Zaragoza,2005,Diciembre,12,15
Coahuila de Zaragoza,2006,Enero,1,10
Coahuila de Zaragoza,2006,Febrero,2,10
Coahuila de Zaragoza,2006,Marzo,3,9
Coahuila de Zaragoza,2006,Abril,4,6
Coahuila de Zaragoza,2006,Mayo,5,8
Coahuila de Zaragoza,2006,Junio,6,11
Coahuila de Zaragoza,2006,Julio,7,11
Coahuila de Zaragoza,2006,Agosto,8,5
Coahuila de Zaragoza,2006,Septiembre,9,10
Coahuila de Zaragoza,2006,Octubre,10,10
Coahuila de Zaragoza,2006,Noviembre,11,10
Coahuila de Zaragoza,2006,Diciembre,12,6
Coahuila de Zaragoza,2007,Enero,1,2
Coahuila de Zaragoza,2007,Marzo,3,4
Coahuila de Zaragoza,2007,Abril,4,10
Coahuila de Zaragoza,2007,Mayo,5,9
Coahuila de Zaragoza,2007,Junio,6,11
Coahuila de Zaragoza,2007,Julio,7,8
Coahuila de Zaragoza,2007,Agosto,8,12
Coahuila de Zaragoza,2007,Septiembre,9,7
Coahuila de Zaragoza,2007,Octubre,10,11
Coahuila de Zaragoza,2007,Noviembre,11,9
Coahuila de Zaragoza,2007,Diciembre,12,27
Coahuila de Zaragoza,2008,Enero,1,16
Coahuila de Zaragoza,2008,Febrero,2,17
Coahuila de Zaragoza,2008,Marzo,3,22
Coahuila de Zaragoza,2008,Abril,4,10
Coahuila de Zaragoza,2008,Mayo,5,11
Coahuila de Zaragoza,2008,Junio,6,19
Coahuila de Zaragoza,2008,Julio,7,10
Coahuila de Zaragoza,2008,Agosto,8,15
Coahuila de Zaragoza,2008,Septiembre,9,15
Coahuila de Zaragoza,2008,Octubre,10,14
Coahuila de Zaragoza,2008,Noviembre,11,14
Coahuila de Zaragoza,2008,Diciembre,12,16
Coahuila de Zaragoza,2009,Enero,1,21
Coahuila de Zaragoza,2009,Febrero,2,22
Coahuila de Zaragoza,2009,Marzo,3,25
Coahuila de Zaragoza,2009,Abril,4,18
Coahuila de Zaragoza,2009,Mayo,5,33
Coahuila de Zaragoza,2009,Junio,6,26
Coahuila de Zaragoza,2009,Julio,7,19
Coahuila de Zaragoza,2009,Agosto,8,20
Coahuila de Zaragoza,2009,Septiembre,9,19
Coahuila de Zaragoza,2009,Octubre,10,16
Coahuila de Zaragoza,2009,Noviembre,11,21
Coahuila de Zaragoza,2009,Diciembre,12,19
Coahuila de Zaragoza,2010,Enero,1,26
Coahuila de Zaragoza,2010,Febrero,2,29
Coahuila de Zaragoza,2010,Marzo,3,34
Coahuila de Zaragoza,2010,Abril,4,50
Coahuila de Zaragoza,2010,Mayo,5,62
Coahuila de Zaragoza,2010,Junio,6,58
Coahuila de Zaragoza,2010,Julio,7,42
Coahuila de Zaragoza,2010,Agosto,8,27
Coahuila de Zaragoza,2010,Septiembre,9,21
Coahuila de Zaragoza,2010,Octubre,10,24
Coahuila de Zaragoza,2010,Noviembre,11,13
Coahuila de Zaragoza,2010,Diciembre,12,18
Coahuila de Zaragoza,2011,Enero,1,23
Coahuila de Zaragoza,2011,Febrero,2,17
Coahuila de Zaragoza,2011,Marzo,3,31
Coahuila de Zaragoza,2011,Abril,4,22
Coahuila de Zaragoza,2011,Mayo,5,44
Coahuila de Zaragoza,2011,Junio,6,76
Coahuila de Zaragoza,2011,Julio,7,57
Coahuila de Zaragoza,2011,Agosto,8,60
Coahuila de Zaragoza,2011,Septiembre,9,66
Coahuila de Zaragoza,2011,Octubre,10,83
Coahuila de Zaragoza,2011,Noviembre,11,46
Coahuila de Zaragoza,2011,Diciembre,12,92
Coahuila de Zaragoza,2012,Enero,1,75
Coahuila de Zaragoza,2012,Febrero,2,74
Coahuila de Zaragoza,2012,Marzo,3,49
Coahuila de Zaragoza,2012,Abril,4,62
Coahuila de Zaragoza,2012,Mayo,5,80
Coahuila de Zaragoza,2012,Junio,6,136
Coahuila de Zaragoza,2012,Julio,7,121
Coahuila de Zaragoza,2012,Agosto,8,90
Coahuila de Zaragoza,2012,Septiembre,9,102
Coahuila de Zaragoza,2012,Octubre,10,106
Coahuila de Zaragoza,2012,Noviembre,11,81
Coahuila de Zaragoza,2012,Diciembre,12,94
Coahuila de Zaragoza,2013,Enero,1,78
Coahuila de Zaragoza,2013,Febrero,2,71
Coahuila de Zaragoza,2013,Marzo,3,81
Coahuila de Zaragoza,2013,Abril,4,81
Coahuila de Zaragoza,2013,Mayo,5,76
Coahuila de Zaragoza,2013,Junio,6,44
Coahuila de Zaragoza,2013,Julio,7,76
Coahuila de Zaragoza,2013,Agosto,8,61
Coahuila de Zaragoza,2013,Septiembre,9,56
Coahuila de Zaragoza,2013,Octubre,10,79
Coahuila de Zaragoza,2013,Noviembre,11,55
Coahuila de Zaragoza,2013,Diciembre,12,41
Coahuila de Zaragoza,2014,Enero,1,37
Coahuila de Zaragoza,2014,Febrero,2,46
Coahuila de Zaragoza,2014,Marzo,3,42
Coahuila de Zaragoza,2014,Abril,4,32
Coahuila de Zaragoza,2014,Mayo,5,41
Coahuila de Zaragoza,2014,Junio,6,36
Coahuila de Zaragoza,2014,Julio,7,40
Coahuila de Zaragoza,2014,Agosto,8,30
Coahuila de Zaragoza,2014,Septiembre,9,44
Coahuila de Zaragoza,2014,Octubre,10,36
Coahuila de Zaragoza,2014,Noviembre,11,38
Coahuila de Zaragoza,2014,Diciembre,12,41
Coahuila de Zaragoza,2015,Enero,1,48
Coahuila de Zaragoza,2015,Febrero,2,31
Coahuila de Zaragoza,2015,Marzo,3,35
Coahuila de Zaragoza,2015,Abril,4,30
Coahuila de Zaragoza,2015,Mayo,5,21
Coahuila de Zaragoza,2015,Junio,6,11
Coahuila de Zaragoza,2015,Julio,7,24
Coahuila de Zaragoza,2015,Agosto,8,22
Coahuila de Zaragoza,2015,Septiembre,9,20
Coahuila de Zaragoza,2015,Octubre,10,22
Coahuila de Zaragoza,2015,Noviembre,11,21
Coahuila de Zaragoza,2015,Diciembre,12,26
Coahuila de Zaragoza,2016,Enero,1,17
Coahuila de Zaragoza,2016,Febrero,2,19
Coahuila de Zaragoza,2016,Marzo,3,21
Coahuila de Zaragoza,2016,Abril,4,19
Coahuila de Zaragoza,2016,Mayo,5,39
Coahuila de Zaragoza,2016,Junio,6,20
Coahuila de Zaragoza,2016,Julio,7,13
Coahuila de Zaragoza,2016,Agosto,8,25
Coahuila de Zaragoza,2016,Septiembre,9,24
Coahuila de Zaragoza,2016,Octubre,10,21
Coahuila de Zaragoza,2016,Noviembre,11,13
Coahuila de Zaragoza,2016,Diciembre,12,22
Coahuila de Zaragoza,2017,Enero,1,19
Coahuila de Zaragoza,2017,Febrero,2,25
Coahuila de Zaragoza,2017,Marzo,3,30
Coahuila de Zaragoza,2017,Abril,4,23
Coahuila de Zaragoza,2017,Mayo,5,26
Coahuila de Zaragoza,2017,Junio,6,24
Coahuila de Zaragoza,2017,Julio,7,25
Coahuila de Zaragoza,2017,Agosto,8,17
Coahuila de Zaragoza,2017,Septiembre,9,24
Coahuila de Zaragoza,2017,Octubre,10,17
Coahuila de Zaragoza,2017,Noviembre,11,20
Coahuila de Zaragoza,2017,Diciembre,12,20
Coahuila de Zaragoza,2018,Enero,1,25
Coahuila de Zaragoza,2018,Febrero,2,18
Coahuila de Zaragoza,2018,Marzo,3,8
Coahuila de Zaragoza,2018,Abril,4,19
Coahuila de Zaragoza,2018,Mayo,5,26
Coahuila de Zaragoza,2018,Junio,6,19
Coahuila de Zaragoza,2018,Julio,7,19
Coahuila de Zaragoza,2018,Agosto,8,19
Coahuila de Zaragoza,2018,Septiembre,9,24
Coahuila de Zaragoza,2018,Octubre,10,20
Coahuila de Zaragoza,2018,Noviembre,11,19
Coahuila de Zaragoza,2018,Diciembre,12,28
Coahuila de Zaragoza,2019,Enero,1,29
Coahuila de Zaragoza,2019,Febrero,2,22
Coahuila de Zaragoza,2019,Marzo,3,31
Coahuila de Zaragoza,2019,Abril,4,16
Coahuila de Zaragoza,2019,Mayo,5,44
Coahuila de Zaragoza,2019,Junio,6,28
Coahuila de Zaragoza,2019,Julio,7,24
Coahuila de Zaragoza,2019,Agosto,8,15
Coahuila de Zaragoza,2019,Septiembre,9,21
Coahuila de Zaragoza,2019,Octubre,10,18
Coahuila de Zaragoza,2019,Noviembre,11,13
Coahuila de Zaragoza,2019,Diciembre,12,34
Coahuila de Zaragoza,2020,Enero,1,35
Coahuila de Zaragoza,2020,Febrero,2,13
Coahuila de Zaragoza,2020,Marzo,3,22
Coahuila de Zaragoza,2020,Abril,4,18
Coahuila de Zaragoza,2020,Mayo,5,11
Coahuila de Zaragoza,2020,Junio,6,23
Coahuila de Zaragoza,2020,Julio,7,30
Coahuila de Zaragoza,2020,Agosto,8,15
Coahuila de Zaragoza,2020,Septiembre,9,13
Coahuila de Zaragoza,2020,Octubre,10,16
Coahuila de Zaragoza,2020,Noviembre,11,28
Coahuila de Zaragoza,2020,Diciembre,12,16
Coahuila de Zaragoza,2021,Enero,1,19
Coahuila de Zaragoza,2021,Febrero,2,11
Coahuila de Zaragoza,2021,Marzo,3,16
Coahuila de Zaragoza,2021,Abril,4,14
Coahuila de Zaragoza,2021,Mayo,5,9
Coahuila de Zaragoza,2021,Junio,6,13
Coahuila de Zaragoza,2021,Julio,7,16
Coahuila de Zaragoza,2021,Agosto,8,11
Coahuila de Zaragoza,2021,Septiembre,9,15
Coahuila de Zaragoza,2021,Octubre,10,11
Coahuila de Zaragoza,2021,Noviembre,11,17
Coahuila de Zaragoza,2021,Diciembre,12,14
Coahuila de Zaragoza,2022,Enero,1,10
Coahuila de Zaragoza,2022,Febrero,2,12
Coahuila de Zaragoza,2022,Marzo,3,9
Coahuila de Zaragoza,2022,Abril,4,19
Coahuila de Zaragoza,2022,Mayo,5,17
Coahuila de Zaragoza,2022,Junio,6,14
Coahuila de Zaragoza,2022,Julio,7,16
Coahuila de Zaragoza,2022,Agosto,8,6
Coahuila de Zaragoza,2022,Septiembre,9,17
Coahuila de Zaragoza,2022,Octubre,10,19
Coahuila de Zaragoza,2022,Noviembre,11,8
Coahuila de Zaragoza,2022,Diciembre,12,19
Coahuila de Zaragoza,2023,Enero,1,11
Coahuila de Zaragoza,2023,Febrero,2,6
Coahuila de Zaragoza,2023,Marzo,3,8
Coahuila de Zaragoza,2023,Abril,4,12
Coahuila de Zaragoza,2023,Mayo,5,8
Coahuila de Zaragoza,2023,Junio,6,14
Coahuila de Zaragoza,2023,Julio,7,15
Coahuila de Zaragoza,2023,Agosto,8,12
Coahuila de Zaragoza,2023,Septiembre,9,11
Coahuila de Zaragoza,2023,Octubre,10,11
Coahuila de Zaragoza,2023,Noviembre,11,14
Coahuila de Zaragoza,2023,Diciembre,12,7
Coahuila de Zaragoza,2024,Enero,1,3
Coahuila de Zaragoza,2024,Febrero,2,8
Coahuila de Zaragoza,2024,Marzo,3,9
Coahuila de Zaragoza,2024,Abril,4,3
Coahuila de Zaragoza,2024,Mayo,5,18
Coahuila de Zaragoza,2024,Junio,6,10
Coahuila de Zaragoza,2024,Julio,7,11
Coahuila de Zaragoza,2024,Agosto,8,9
Coahuila de Zaragoza,2024,Septiembre,9,11
Coahuila de Zaragoza,2024,Octubre,10,11
Coahuila de Zaragoza,2024,Noviembre,11,5
Coahuila de Zaragoza,2024,Diciembre,12,21
Colima,1990,Enero,1,4
Colima,1990,Febrero,2,8
Colima,1990,Marzo,3,7
Colima,1990,Abril,4,6
Colima,1990,Mayo,5,3
Colima,1990,Junio,6,5
Colima,1990,Julio,7,4
Colima,1990,Agosto,8,8
Colima,1990,Septiembre,9,9
Colima,1990,Octubre,10,8
Colima,1990,Noviembre,11,6
Colima,1990,Diciembre,12,6
Colima,1991,Enero,1,7
Colima,1991,Febrero,2,3
Colima,1991,Marzo,3,9
Colima,1991,Abril,4,10
Colima,1991,Mayo,5,10
Colima,1991,Junio,6,11
Colima,1991,Julio,7,8
Colima,1991,Agosto,8,7
Colima,1991,Septiembre,9,8
Colima,1991,Octubre,10,7
Colima,1991,Noviembre,11,5
Colima,1991,Diciembre,12,10
Colima,1992,Enero,1,5
Colima,1992,Febrero,2,13
Colima,1992,Marzo,3,7
Colima,1992,Abril,4,9
Colima,1992,Mayo,5,25
Colima,1992,Junio,6,11
Colima,1992,Julio,7,8
Colima,1992,Agosto,8,6
Colima,1992,Septiembre,9,6
Colima,1992,Octubre,10,7
Colima,1992,Noviembre,11,7
Colima,1992,Diciembre,12,11
Colima,1993,Enero,1,7
Colima,1993,Febrero,2,12
Colima,1993,Marzo,3,3
Colima,1993,Abril,4,4
Colima,1993,Mayo,5,5
Colima,1993,Junio,6,7
Colima,1993,Julio,7,3
Colima,1993,Agosto,8,6
Colima,1993,Septiembre,9,3
Colima,1993,Octubre,10,7
Colima,1993,Noviembre,11,6
Colima,1993,Diciembre,12,8
Colima,1994,Enero,1,6
Colima,1994,Febrero,2,8
Colima,1994,Marzo,3,5
Colima,1994,Abril,4,8
Colima,1994,Mayo,5,8
Colima,1994,Junio,6,7
Colima,1994,Julio,7,5
Colima,1994,Agosto,8,10
Colima,1994,Septiembre,9,4
Colima,1994,Octubre,10,10
Colima,1994,Noviembre,11,4
Colima,1994,Diciembre,12,7
Colima,1995,Enero,1,4
Colima,1995,Febrero,2,5
Colima,1995,Marzo,3,6
Colima,1995,Abril,4,6
Colima,1995,Mayo,5,3
Colima,1995,Junio,6,5
Colima,1995,Julio,7,5
Colima,1995,Agosto,8,3
Colima,1995,Septiembre,9,6
Colima,1995,Octubre,10,4
Colima,1995,Noviembre,11,6
Colima,1995,Diciembre,12,7
Colima,1996,Enero,1,3
Colima,1996,Febrero,2,2
Colima,1996,Marzo,3,4
Colima,1996,Abril,4,4
Colima,1996,Mayo,5,3
Colima,1996,Julio,7,5
Colima,1996,Agosto,8,3
Colima,1996,Septiembre,9,4
Colima,1996,Octubre,10,2
Colima,1996,Noviembre,11,5
Colima,1996,Diciembre,12,7
Colima,1997,Enero,1,2
Colima,1997,Febrero,2,3
Colima,1997,Marzo,3,5
Colima,1997,Abril,4,2
Colima,1997,Mayo,5,6
Colima,1997,Junio,6,6
Colima,1997,Julio,7,2
Colima,1997,Agosto,8,9
Colima,1997,Septiembre,9,3
Colima,1997,Octubre,10,1
Colima,1997,Noviembre,11,7
Colima,1997,Diciembre,12,6
Colima,1998,Enero,1,4
Colima,1998,Febrero,2,7
Colima,1998,Marzo,3,6
Colima,1998,Abril,4,5
Colima,1998,Mayo,5,1
Colima,1998,Junio,6,3
Colima,1998,Julio,7,5
Colima,1998,Agosto,8,4
Colima,1998,Septiembre,9,6
Colima,1998,Octubre,10,3
Colima,1998,Noviembre,11,7
Colima,1998,Diciembre,12,8
Colima,1999,Enero,1,6
Colima,1999,Febrero,2,2
Colima,1999,Marzo,3,10
Colima,1999,Abril,4,9
Colima,1999,Mayo,5,5
Colima,1999,Junio,6,5
Colima,1999,Julio,7,4
Colima,1999,Agosto,8,4
Colima,1999,Septiembre,9,1
Colima,1999,Octubre,10,4
Colima,1999,Noviembre,11,6
Colima,1999,Diciembre,12,2
Colima,2000,Enero,1,6
Colima,2000,Febrero,2,4
Colima,2000,Marzo,3,5
Colima,2000,Abril,4,3
Colima,2000,Mayo,5,2
Colima,2000,Junio,6,5
Colima,2000,Julio,7,8
Colima,2000,Agosto,8,7
Colima,2000,Septiembre,9,4
Colima,2000,Octubre,10,5
Colima,2000,Noviembre,11,4
Colima,2000,Diciembre,12,5
Colima,2001,Enero,1,7
Colima,2001,Febrero,2,6
Colima,2001,Marzo,3,5
Colima,2001,Abril,4,7
Colima,2001,Mayo,5,7
Colima,2001,Junio,6,2
Colima,2001,Julio,7,7
Colima,2001,Agosto,8,6
Colima,2001,Septiembre,9,1
Colima,2001,Octubre,10,3
Colima,2001,Noviembre,11,4
Colima,2001,Diciembre,12,4
Colima,2002,Enero,1,3
Colima,2002,Febrero,2,3
Colima,2002,Marzo,3,3
Colima,2002,Abril,4,2
Colima,2002,Mayo,5,2
Colima,2002,Junio,6,2
Colima,2002,Julio,7,10
Colima,2002,Agosto,8,6
Colima,2002,Septiembre,9,1
Colima,2002,Octubre,10,4
Colima,2002,Noviembre,11,3
Colima,2002,Diciembre,12,4
Colima,2003,Enero,1,4
Colima,2003,Febrero,2,2
Colima,2003,Marzo,3,2
Colima,2003,Abril,4,4
Colima,2003,Mayo,5,4
Colima,2003,Junio,6,3
Colima,2003,Julio,7,2
Colima,2003,Agosto,8,5
Colima,2003,Septiembre,9,3
Colima,2003,Octubre,10,6
Colima,2003,Noviembre,11,4
Colima,2003,Diciembre,12,2
Colima,2004,Enero,1,8
Colima,2004,Febrero,2,4
Colima,2004,Marzo,3,2
Colima,2004,Abril,4,5
Colima,2004,Mayo,5,4
Colima,2004,Junio,6,5
Colima,2004,Julio,7,2
Colima,2004,Agosto,8,2
Colima,2004,Septiembre,9,3
Colima,2004,Octubre,10,9
Colima,2004,Noviembre,11,3
Colima,2004,Diciembre,12,6
Colima,2005,Enero,1,3
Colima,2005,Febrero,2,7
Colima,2005,Marzo,3,6
Colima,2005,Abril,4,4
Colima,2005,Mayo,5,1
Colima,2005,Junio,6,7
Colima,2005,Julio,7,3
Colima,2005,Agosto,8,6
Colima,2005,Septiembre,9,4
Colima,2005,Octubre,10,1
Colima,2005,Noviembre,11,5
Colima,2005,Diciembre,12,4
Colima,2006,Enero,1,3
Colima,2006,Febrero,2,2
Colima,2006,Marzo,3,3
Colima,2006,Abril,4,2
Colima,2006,Mayo,5,3
Colima,2006,Junio,6,3
Colima,2006,Julio,7,3
Colima,2006,Agosto,8,4
Colima,2006,Septiembre,9,5
Colima,2006,Noviembre,11,5
Colima,2006,Diciembre,12,9
Colima,2007,Enero,1,2
Colima,2007,Febrero,2,1
Colima,2007,Marzo,3,4
Colima,2007,Abril,4,1
Colima,2007,Mayo,5,3
Colima,2007,Junio,6,5
Colima,2007,Julio,7,8
Colima,2007,Agosto,8,4
Colima,2007,Septiembre,9,2
Colima,2007,Octubre,10,4
Colima,2007,Noviembre,11,2
Colima,2007,Diciembre,12,6
Colima,2008,Enero,1,5
Colima,2008,Febrero,2,7
Colima,2008,Marzo,3,3
Colima,2008,Abril,4,1
Colima,2008,Mayo,5,3
Colima,2008,Junio,6,4
Colima,2008,Julio,7,5
Colima,2008,Agosto,8,8
Colima,2008,Septiembre,9,7
Colima,2008,Octubre,10,5
Colima,2008,Noviembre,11,5
Colima,2008,Diciembre,12,1
Colima,2009,Enero,1,7
Colima,2009,Febrero,2,6
Colima,2009,Marzo,3,9
Colima,2009,Abril,4,2
Colima,2009,Mayo,5,3
Colima,2009,Junio,6,3
Colima,2009,Julio,7,2
Colima,2009,Agosto,8,7
Colima,2009,Septiembre,9,10
Colima,2009,Octubre,10,3
Colima,2009,Noviembre,11,3
Colima,2009,Diciembre,12,3
Colima,2010,Enero,1,2
Colima,2010,Febrero,2,1
Colima,2010,Marzo,3,4
Colima,2010,Abril,4,3
Colima,2010,Mayo,5,9
Colima,2010,Junio,6,19
Colima,2010,Julio,7,9
Colima,2010,Agosto,8,9
Colima,2010,Septiembre,9,25
Colima,2010,Octubre,10,15
Colima,2010,Noviembre,11,13
Colima,2010,Diciembre,12,14
Colima,2011,Enero,1,4
Colima,2011,Febrero,2,22
Colima,2011,Marzo,3,15
Colima,2011,Abril,4,10
Colima,2011,Mayo,5,18
Colima,2011,Junio,6,8
Colima,2011,Julio,7,13
Colima,2011,Agosto,8,15
Colima,2011,Septiembre,9,11
Colima,2011,Octubre,10,16
Colima,2011,Noviembre,11,7
Colima,2011,Diciembre,12,16
Colima,2012,Enero,1,22
Colima,2012,Febrero,2,19
Colima,2012,Marzo,3,21
Colima,2012,Abril,4,12
Colima,2012,Mayo,5,31
Colima,2012,Junio,6,20
Colima,2012,Julio,7,24
Colima,2012,Agosto,8,21
Colima,2012,Septiembre,9,25
Colima,2012,Octubre,10,19
Colima,2012,Noviembre,11,16
Colima,2012,Diciembre,12,28
Colima,2013,Enero,1,35
Colima,2013,Febrero,2,21
Colima,2013,Marzo,3,24
Colima,2013,Abril,4,13
Colima,2013,Mayo,5,13
Colima,2013,Junio,6,13
Colima,2013,Julio,7,16
Colima,2013,Agosto,8,17
Colima,2013,Septiembre,9,10
Colima,2013,Octubre,10,17
Colima,2013,Noviembre,11,14
Colima,2013,Diciembre,12,16
Colima,2014,Enero,1,7
Colima,2014,Febrero,2,20
Colima,2014,Marzo,3,12
Colima,2014,Abril,4,21
Colima,2014,Mayo,5,9
Colima,2014,Junio,6,10
Colima,2014,Julio,7,6
Colima,2014,Agosto,8,7
Colima,2014,Septiembre,9,5
Colima,2014,Octubre,10,12
Colima,2014,Noviembre,11,15
Colima,2014,Diciembre,12,11
Colima,2015,Enero,1,17
Colima,2015,Febrero,2,12
Colima,2015,Marzo,3,20
Colima,2015,Abril,4,12
Colima,2015,Mayo,5,18
Colima,2015,Junio,6,12
Colima,2015,Julio,7,15
Colima,2015,Agosto,8,11
Colima,2015,Septiembre,9,20
Colima,2015,Octubre,10,20
Colima,2015,Noviembre,11,27
Colima,2015,Diciembre,12,30
Colima,2016,Enero,1,26
Colima,2016,Febrero,2,42
Colima,2016,Marzo,3,44
Colima,2016,Abril,4,53
Colima,2016,Mayo,5,42
Colima,2016,Junio,6,36
Colima,2016,Julio,7,49
Colima,2016,Agosto,8,44
Colima,2016,Septiembre,9,51
Colima,2016,Octubre,10,43
Colima,2016,Noviembre,11,60
Colima,2016,Diciembre,12,64
Colima,2017,Enero,1,72
Colima,2017,Febrero,2,38
Colima,2017,Marzo,3,51
Colima,2017,Abril,4,42
Colima,2017,Mayo,5,59
Colima,2017,Junio,6,90
Colima,2017,Julio,7,94
Colima,2017,Agosto,8,59
Colima,2017,Septiembre,9,46
Colima,2017,Octubre,10,70
Colima,2017,Noviembre,11,70
Colima,2017,Diciembre,12,85
Colima,2018,Enero,1,62
Colima,2018,Febrero,2,59
Colima,2018,Marzo,3,68
Colima,2018,Abril,4,53
Colima,2018,Mayo,5,47
Colima,2018,Junio,6,59
Colima,2018,Julio,7,35
Colima,2018,Agosto,8,53
Colima,2018,Septiembre,9,57
Colima,2018,Octubre,10,74
Colima,2018,Noviembre,11,56
Colima,2018,Diciembre,12,51
Colima,2019,Enero,1,62
Colima,2019,Febrero,2,52
Colima,2019,Marzo,3,46
Colima,2019,Abril,4,59
Colima,2019,Mayo,5,69
Colima,2019,Junio,6,70
Colima,2019,Julio,7,62
Colima,2019,Agosto,8,68
Colima,2019,Septiembre,9,65
Colima,2019,Octubre,10,43
Colima,2019,Noviembre,11,70
Colima,2019,Diciembre,12,73
Colima,2020,Enero,1,62
Colima,2020,Febrero,2,59
Colima,2020,Marzo,3,63
Colima,2020,Abril,4,59
Colima,2020,Mayo,5,61
Colima,2020,Junio,6,59
Colima,2020,Julio,7,40
Colima,2020,Agosto,8,31
Colima,2020,Septiembre,9,30
Colima,2020,Octubre,10,50
Colima,2020,Noviembre,11,51
Colima,2020,Diciembre,12,52
Colima,2021,Enero,1,51
Colima,2021,Febrero,2,54
Colima,2021,Marzo,3,55
Colima,2021,Abril,4,40
Colima,2021,Mayo,5,46
Colima,2021,Junio,6,42
Colima,2021,Julio,7,46
Colima,2021,Agosto,8,39
Colima,2021,Septiembre,9,55
Colima,2021,Octubre,10,49
Colima,2021,Noviembre,11,36
Colima,2021,Diciembre,12,48
Colima,2022,Enero,1,43
Colima,2022,Febrero,2,59
Colima,2022,Marzo,3,89
Colima,2022,Abril,4,71
Colima,2022,Mayo,5,91
Colima,2022,Junio,6,80
Colima,2022,Julio,7,58
Colima,2022,Agosto,8,61
Colima,2022,Septiembre,9,76
Colima,2022,Octubre,10,82
Colima,2022,Noviembre,11,64
Colima,2022,Diciembre,12,80
Colima,2023,Enero,1,57
Colima,2023,Febrero,2,38
Colima,2023,Marzo,3,76
Colima,2023,Abril,4,73
Colima,2023,Mayo,5,87
Colima,2023,Junio,6,71
Colima,2023,Julio,7,75
Colima,2023,Agosto,8,75
Colima,2023,Septiembre,9,90
Colima,2023,Octubre,10,73
Colima,2023,Noviembre,11,76
Colima,2023,Diciembre,12,88
Colima,2024,Enero,1,62
Colima,2024,Febrero,2,57
Colima,2024,Marzo,3,53
Colima,2024,Abril,4,91
Colima,2024,Mayo,5,94
Colima,2024,Junio,6,91
Colima,2024,Julio,7,78
Colima,2024,Agosto,8,74
Colima,2024,Septiembre,9,65
Colima,2024,Octubre,10,65
Colima,2024,Noviembre,11,100
Colima,2024,Diciembre,12,65
Durango,1990,Enero,1,27
Durango,1990,Febrero,2,14
Durango,1990,Marzo,3,25
Durango,1990,Abril,4,16
Durango,1990,Mayo,5,28
Durango,1990,Junio,6,40
Durango,1990,Julio,7,19
Durango,1990,Agosto,8,19
Durango,1990,Septiembre,9,23
Durango,1990,Octubre,10,23
Durango,1990,Noviembre,11,23
Durango,1990,Diciembre,12,19
Durango,1991,Enero,1,33
Durango,1991,Febrero,2,19
Durango,1991,Marzo,3,25
Durango,1991,Abril,4,35
Durango,1991,Mayo,5,31
Durango,1991,Junio,6,31
Durango,1991,Julio,7,24
Durango,1991,Agosto,8,35
Durango,1991,Septiembre,9,28
Durango,1991,Octubre,10,34
Durango,1991,Noviembre,11,12
Durango,1991,Diciembre,12,23
Durango,1992,Enero,1,54
Durango,1992,Febrero,2,42
Durango,1992,Marzo,3,67
Durango,1992,Abril,4,50
Durango,1992,Mayo,5,63
Durango,1992,Junio,6,66
Durango,1992,Julio,7,29
Durango,1992,Agosto,8,57
Durango,1992,Septiembre,9,52
Durango,1992,Octubre,10,45
Durango,1992,Noviembre,11,31
Durango,1992,Diciembre,12,56
Durango,1993,Enero,1,47
Durango,1993,Febrero,2,32
Durango,1993,Marzo,3,32
Durango,1993,Abril,4,25
Durango,1993,Mayo,5,27
Durango,1993,Junio,6,23
Durango,1993,Julio,7,33
Durango,1993,Agosto,8,30
Durango,1993,Septiembre,9,18
Durango,1993,Octubre,10,16
Durango,1993,Noviembre,11,30
Durango,1993,Diciembre,12,23
Durango,1994,Enero,1,31
Durango,1994,Febrero,2,24
Durango,1994,Marzo,3,28
Durango,1994,Abril,4,17
Durango,1994,Mayo,5,36
Durango,1994,Junio,6,29
Durango,1994,Julio,7,26
Durango,1994,Agosto,8,29
Durango,1994,Septiembre,9,32
Durango,1994,Octubre,10,35
Durango,1994,Noviembre,11,33
Durango,1994,Diciembre,12,14
Durango,1995,Enero,1,33
Durango,1995,Febrero,2,21
Durango,1995,Marzo,3,27
Durango,1995,Abril,4,23
Durango,1995,Mayo,5,30
Durango,1995,Junio,6,22
Durango,1995,Julio,7,18
Durango,1995,Agosto,8,27
Durango,1995,Septiembre,9,23
Durango,1995,Octubre,10,23
Durango,1995,Noviembre,11,20
Durango,1995,Diciembre,12,37
Durango,1996,Enero,1,25
Durango,1996,Febrero,2,19
Durango,1996,Marzo,3,26
Durango,1996,Abril,4,15
Durango,1996,Mayo,5,21
Durango,1996,Junio,6,17
Durango,1996,Julio,7,17
Durango,1996,Agosto,8,21
Durango,1996,Septiembre,9,16
Durango,1996,Octubre,10,16
Durango,1996,Noviembre,11,17
Durango,1996,Diciembre,12,16
Durango,1997,Enero,1,8
Durango,1997,Febrero,2,14
Durango,1997,Marzo,3,21
Durango,1997,Abril,4,22
Durango,1997,Mayo,5,25
Durango,1997,Junio,6,20
Durango,1997,Julio,7,20
Durango,1997,Agosto,8,27
Durango,1997,Septiembre,9,26
Durango,1997,Octubre,10,17
Durango,1997,Noviembre,11,16
Durango,1997,Diciembre,12,13
Durango,1998,Enero,1,21
Durango,1998,Febrero,2,22
Durango,1998,Marzo,3,15
Durango,1998,Abril,4,24
Durango,1998,Mayo,5,10
Durango,1998,Junio,6,24
Durango,1998,Julio,7,16
Durango,1998,Agosto,8,25
Durango,1998,Septiembre,9,20
Durango,1998,Octubre,10,16
Durango,1998,Noviembre,11,20
Durango,1998,Diciembre,12,20
Durango,1999,Enero,1,10
Durango,1999,Febrero,2,31
Durango,1999,Marzo,3,13
Durango,1999,Abril,4,26
Durango,1999,Mayo,5,13
Durango,1999,Junio,6,17
Durango,1999,Julio,7,17
Durango,1999,Agosto,8,11
Durango,1999,Septiembre,9,20
Durango,1999,Octubre,10,14
Durango,1999,Noviembre,11,19
Durango,1999,Diciembre,12,12
Durango,2000,Enero,1,18
Durango,2000,Febrero,2,7
Durango,2000,Marzo,3,10
Durango,2000,Abril,4,10
Durango,2000,Mayo,5,12
Durango,2000,Junio,6,8
Durango,2000,Julio,7,8
Durango,2000,Agosto,8,13
Durango,2000,Septiembre,9,20
Durango,2000,Octubre,10,13
Durango,2000,Noviembre,11,20
Durango,2000,Diciembre,12,17
Durango,2001,Enero,1,15
Durango,2001,Febrero,2,13
Durango,2001,Marzo,3,11
Durango,2001,Abril,4,15
Durango,2001,Mayo,5,15
Durango,2001,Junio,6,20
Durango,2001,Julio,7,20
Durango,2001,Agosto,8,11
Durango,2001,Septiembre,9,10
Durango,2001,Octubre,10,6
Durango,2001,Noviembre,11,8
Durango,2001,Diciembre,12,15
Durango,2002,Enero,1,19
Durango,2002,Febrero,2,11
Durango,2002,Marzo,3,13
Durango,2002,Abril,4,16
Durango,2002,Mayo,5,16
Durango,2002,Junio,6,14
Durango,2002,Julio,7,13
Durango,2002,Agosto,8,22
Durango,2002,Septiembre,9,11
Durango,2002,Octubre,10,8
Durango,2002,Noviembre,11,14
Durango,2002,Diciembre,12,11
Durango,2003,Enero,1,17
Durango,2003,Febrero,2,22
Durango,2003,Marzo,3,17
Durango,2003,Abril,4,17
Durango,2003,Mayo,5,22
Durango,2003,Junio,6,23
Durango,2003,Julio,7,9
Durango,2003,Agosto,8,21
Durango,2003,Septiembre,9,16
Durango,2003,Octubre,10,14
Durango,2003,Noviembre,11,16
Durango,2003,Diciembre,12,13
Durango,2004,Enero,1,11
Durango,2004,Febrero,2,12
Durango,2004,Marzo,3,9
Durango,2004,Abril,4,7
Durango,2004,Mayo,5,17
Durango,2004,Junio,6,12
Durango,2004,Julio,7,27
Durango,2004,Agosto,8,10
Durango,2004,Septiembre,9,8
Durango,2004,Octubre,10,14
Durango,2004,Noviembre,11,18
Durango,2004,Diciembre,12,11
Durango,2005,Enero,1,9
Durango,2005,Febrero,2,9
Durango,2005,Marzo,3,20
Durango,2005,Abril,4,14
Durango,2005,Mayo,5,20
Durango,2005,Junio,6,17
Durango,2005,Julio,7,11
Durango,2005,Agosto,8,12
Durango,2005,Septiembre,9,20
Durango,2005,Octubre,10,9
Durango,2005,Noviembre,11,16
Durango,2005,Diciembre,12,13
Durango,2006,Enero,1,20
Durango,2006,Febrero,2,12
Durango,2006,Marzo,3,12
Durango,2006,Abril,4,16
Durango,2006,Mayo,5,17
Durango,2006,Junio,6,14
Durango,2006,Julio,7,15
Durango,2006,Agosto,8,7
Durango,2006,Septiembre,9,16
Durango,2006,Octubre,10,17
Durango,2006,Noviembre,11,9
Durango,2006,Diciembre,12,10
Durango,2007,Enero,1,10
Durango,2007,Febrero,2,15
Durango,2007,Marzo,3,28
Durango,2007,Abril,4,11
Durango,2007,Mayo,5,16
Durango,2007,Junio,6,15
Durango,2007,Julio,7,18
Durango,2007,Agosto,8,14
Durango,2007,Septiembre,9,12
Durango,2007,Octubre,10,12
Durango,2007,Noviembre,11,12
Durango,2007,Diciembre,12,11
Durango,2008,Enero,1,25
Durango,2008,Febrero,2,23
Durango,2008,Marzo,3,26
Durango,2008,Abril,4,28
Durango,2008,Mayo,5,32
Durango,2008,Junio,6,43
Durango,2008,Julio,7,28
Durango,2008,Agosto,8,34
Durango,2008,Septiembre,9,45
Durango,2008,Octubre,10,38
Durango,2008,Noviembre,11,55
Durango,2008,Diciembre,12,29
Durango,2009,Enero,1,34
Durango,2009,Febrero,2,70
Durango,2009,Marzo,3,91
Durango,2009,Abril,4,75
Durango,2009,Mayo,5,63
Durango,2009,Junio,6,120
Durango,2009,Julio,7,77
Durango,2009,Agosto,8,112
Durango,2009,Septiembre,9,111
Durango,2009,Octubre,10,71
Durango,2009,Noviembre,11,83
Durango,2009,Diciembre,12,92
Durango,2010,Enero,1,119
Durango,2010,Febrero,2,72
Durango,2010,Marzo,3,93
Durango,2010,Abril,4,98
Durango,2010,Mayo,5,101
Durango,2010,Junio,6,122
Durango,2010,Julio,7,89
Durango,2010,Agosto,8,105
Durango,2010,Septiembre,9,51
Durango,2010,Octubre,10,79
Durango,2010,Noviembre,11,69
Durango,2010,Diciembre,12,80
Durango,2011,Enero,1,75
Durango,2011,Febrero,2,47
Durango,2011,Marzo,3,52
Durango,2011,Abril,4,67
Durango,2011,Mayo,5,111
Durango,2011,Junio,6,63
Durango,2011,Julio,7,48
Durango,2011,Agosto,8,48
Durango,2011,Septiembre,9,49
Durango,2011,Octubre,10,50
Durango,2011,Noviembre,11,52
Durango,2011,Diciembre,12,44
Durango,2012,Enero,1,86
Durango,2012,Febrero,2,48
Durango,2012,Marzo,3,68
Durango,2012,Abril,4,69
Durango,2012,Mayo,5,61
Durango,2012,Junio,6,50
Durango,2012,Julio,7,48
Durango,2012,Agosto,8,55
Durango,2012,Septiembre,9,51
Durango,2012,Octubre,10,39
Durango,2012,Noviembre,11,40
Durango,2012,Diciembre,12,54
Durango,2013,Enero,1,55
Durango,2013,Febrero,2,41
Durango,2013,Marzo,3,26
Durango,2013,Abril,4,50
Durango,2013,Mayo,5,22
Durango,2013,Junio,6,21
Durango,2013,Julio,7,45
Durango,2013,Agosto,8,52
Durango,2013,Septiembre,9,33
Durango,2013,Octubre,10,44
Durango,2013,Noviembre,11,38
Durango,2013,Diciembre,12,30
Durango,2014,Enero,1,38
Durango,2014,Febrero,2,16
Durango,2014,Marzo,3,31
Durango,2014,Abril,4,44
Durango,2014,Mayo,5,30
Durango,2014,Junio,6,29
Durango,2014,Julio,7,24
Durango,2014,Agosto,8,18
Durango,2014,Septiembre,9,32
Durango,2014,Octubre,10,24
Durango,2014,Noviembre,11,23
Durango,2014,Diciembre,12,34
Durango,2015,Enero,1,15
Durango,2015,Febrero,2,17
Durango,2015,Marzo,3,25
Durango,2015,Abril,4,17
Durango,2015,Mayo,5,21
Durango,2015,Junio,6,15
Durango,2015,Julio,7,19
Durango,2015,Agosto,8,15
Durango,2015,Septiembre,9,9
Durango,2015,Octubre,10,13
Durango,2015,Noviembre,11,10
Durango,2015,Diciembre,12,21
Durango,2016,Enero,1,10
Durango,2016,Febrero,2,11
Durango,2016,Marzo,3,17
Durango,2016,Abril,4,13
Durango,2016,Mayo,5,18
Durango,2016,Junio,6,20
Durango,2016,Julio,7,29
Durango,2016,Agosto,8,25
Durango,2016,Septiembre,9,15
Durango,2016,Octubre,10,14
Durango,2016,Noviembre,11,19
Durango,2016,Diciembre,12,22
Durango,2017,Enero,1,13
Durango,2017,Febrero,2,16
Durango,2017,Marzo,3,14
Durango,2017,Abril,4,16
Durango,2017,Mayo,5,24
Durango,2017,Junio,6,21
Durango,2017,Julio,7,9
Durango,2017,Agosto,8,28
Durango,2017,Septiembre,9,15
Durango,2017,Octubre,10,11
Durango,2017,Noviembre,11,17
Durango,2017,Diciembre,12,16
Durango,2018,Enero,1,12
Durango,2018,Febrero,2,20
Durango,2018,Marzo,3,12
Durango,2018,Abril,4,9
Durango,2018,Mayo,5,18
Durango,2018,Junio,6,23
Durango,2018,Julio,7,13
Durango,2018,Agosto,8,14
Durango,2018,Septiembre,9,8
Durango,2018,Octubre,10,18
Durango,2018,Noviembre,11,13
Durango,2018,Diciembre,12,15
Durango,2019,Enero,1,9
Durango,2019,Febrero,2,16
Durango,2019,Marzo,3,8
Durango,2019,Abril,4,18
Durango,2019,Mayo,5,16
Durango,2019,Junio,6,15
Durango,2019,Julio,7,19
Durango,2019,Agosto,8,19
Durango,2019,Septiembre,9,12
Durango,2019,Octubre,10,18
Durango,2019,Noviembre,11,11
Durango,2019,Diciembre,12,15
Durango,2020,Enero,1,9
Durango,2020,Febrero,2,18
Durango,2020,Marzo,3,14
Durango,2020,Abril,4,13
Durango,2020,Mayo,5,11
Durango,2020,Junio,6,6
Durango,2020,Julio,7,17
Durango,2020,Agosto,8,24
Durango,2020,Septiembre,9,8
Durango,2020,Octubre,10,21
Durango,2020,Noviembre,11,12
Durango,2020,Diciembre,12,12
Durango,2021,Enero,1,15
Durango,2021,Febrero,2,9
Durango,2021,Marzo,3,22
Durango,2021,Abril,4,8
Durango,2021,Mayo,5,10
Durango,2021,Junio,6,16
Durango,2021,Julio,7,9
Durango,2021,Agosto,8,8
Durango,2021,Septiembre,9,12
Durango,2021,Octubre,10,13
Durango,2021,Noviembre,11,11
Durango,2021,Diciembre,12,8
Durango,2022,Enero,1,7
Durango,2022,Febrero,2,4
Durango,2022,Marzo,3,7
Durango,2022,Abril,4,11
Durango,2022,Mayo,5,8
Durango,2022,Junio,6,15
Durango,2022,Julio,7,10
Durango,2022,Agosto,8,15
Durango,2022,Septiembre,9,11
Durango,2022,Octubre,10,18
Durango,2022,Noviembre,11,9
Durango,2022,Diciembre,12,12
Durango,2023,Enero,1,8
Durango,2023,Febrero,2,10
Durango,2023,Marzo,3,13
Durango,2023,Abril,4,14
Durango,2023,Mayo,5,7
Durango,2023,Junio,6,6
Durango,2023,Julio,7,8
Durango,2023,Agosto,8,6
Durango,2023,Septiembre,9,3
Durango,2023,Octubre,10,6
Durango,2023,Noviembre,11,6
Durango,2023,Diciembre,12,5
Durango,2024,Enero,1,11
Durango,2024,Febrero,2,3
Durango,2024,Marzo,3,12
Durango,2024,Abril,4,10
Durango,2024,Mayo,5,9
Durango,2024,Junio,6,12
Durango,2024,Julio,7,7
Durango,2024,Agosto,8,6
Durango,2024,Septiembre,9,10
Durango,2024,Octubre,10,9
Durango,2024,Noviembre,11,13
Durango,2024,Diciembre,12,8
Guanajuato,1990,Enero,1,27
Guanajuato,1990,Febrero,2,43
Guanajuato,1990,Marzo,3,40
Guanajuato,1990,Abril,4,34
Guanajuato,1990,Mayo,5,22
Guanajuato,1990,Junio,6,25
Guanajuato,1990,Julio,7,21
Guanajuato,1990,Agosto,8,23
Guanajuato,1990,Septiembre,9,30
Guanajuato,1990,Octubre,10,34
Guanajuato,1990,Noviembre,11,31
Guanajuato,1990,Diciembre,12,31
Guanajuato,1991,Enero,1,28
Guanajuato,1991,Febrero,2,32
Guanajuato,1991,Marzo,3,45
Guanajuato,1991,Abril,4,38
Guanajuato,1991,Mayo,5,41
Guanajuato,1991,Junio,6,32
Guanajuato,1991,Julio,7,41
Guanajuato,1991,Agosto,8,33
Guanajuato,1991,Septiembre,9,25
Guanajuato,1991,Octubre,10,33
Guanajuato,1991,Noviembre,11,26
Guanajuato,1991,Diciembre,12,40
Guanajuato,1992,Enero,1,37
Guanajuato,1992,Febrero,2,30
Guanajuato,1992,Marzo,3,38
Guanajuato,1992,Abril,4,18
Guanajuato,1992,Mayo,5,29
Guanajuato,1992,Junio,6,42
Guanajuato,1992,Julio,7,27
Guanajuato,1992,Agosto,8,37
Guanajuato,1992,Septiembre,9,26
Guanajuato,1992,Octubre,10,21
Guanajuato,1992,Noviembre,11,20
Guanajuato,1992,Diciembre,12,32
Guanajuato,1993,Enero,1,36
Guanajuato,1993,Febrero,2,19
Guanajuato,1993,Marzo,3,39
Guanajuato,1993,Abril,4,38
Guanajuato,1993,Mayo,5,32
Guanajuato,1993,Junio,6,27
Guanajuato,1993,Julio,7,26
Guanajuato,1993,Agosto,8,33
Guanajuato,1993,Septiembre,9,29
Guanajuato,1993,Octubre,10,44
Guanajuato,1993,Noviembre,11,34
Guanajuato,1993,Diciembre,12,33
Guanajuato,1994,Enero,1,23
Guanajuato,1994,Febrero,2,32
Guanajuato,1994,Marzo,3,29
Guanajuato,1994,Abril,4,21
Guanajuato,1994,Mayo,5,45
Guanajuato,1994,Junio,6,23
Guanajuato,1994,Julio,7,27
Guanajuato,1994,Agosto,8,25
Guanajuato,1994,Septiembre,9,28
Guanajuato,1994,Octubre,10,29
Guanajuato,1994,Noviembre,11,20
Guanajuato,1994,Diciembre,12,32
Guanajuato,1995,Enero,1,30
Guanajuato,1995,Febrero,2,23
Guanajuato,1995,Marzo,3,29
Guanajuato,1995,Abril,4,28
Guanajuato,1995,Mayo,5,21
Guanajuato,1995,Junio,6,21
Guanajuato,1995,Julio,7,24
Guanajuato,1995,Agosto,8,23
Guanajuato,1995,Septiembre,9,21
Guanajuato,1995,Octubre,10,19
Guanajuato,1995,Noviembre,11,24
Guanajuato,1995,Diciembre,12,36
Guanajuato,1996,Enero,1,29
Guanajuato,1996,Febrero,2,28
Guanajuato,1996,Marzo,3,38
Guanajuato,1996,Abril,4,19
Guanajuato,1996,Mayo,5,17
Guanajuato,1996,Junio,6,29
Guanajuato,1996,Julio,7,20
Guanajuato,1996,Agosto,8,23
Guanajuato,1996,Septiembre,9,21
Guanajuato,1996,Octubre,10,18
Guanajuato,1996,Noviembre,11,17
Guanajuato,1996,Diciembre,12,24
Guanajuato,1997,Enero,1,17
Guanajuato,1997,Febrero,2,22
Guanajuato,1997,Marzo,3,16
Guanajuato,1997,Abril,4,15
Guanajuato,1997,Mayo,5,29
Guanajuato,1997,Junio,6,31
Guanajuato,1997,Julio,7,21
Guanajuato,1997,Agosto,8,22
Guanajuato,1997,Septiembre,9,25
Guanajuato,1997,Octubre,10,26
Guanajuato,1997,Noviembre,11,31
Guanajuato,1997,Diciembre,12,36
Guanajuato,1998,Enero,1,23
Guanajuato,1998,Febrero,2,15
Guanajuato,1998,Marzo,3,27
Guanajuato,1998,Abril,4,22
Guanajuato,1998,Mayo,5,33
Guanajuato,1998,Junio,6,22
Guanajuato,1998,Julio,7,18
Guanajuato,1998,Agosto,8,24
Guanajuato,1998,Septiembre,9,40
Guanajuato,1998,Octubre,10,25
Guanajuato,1998,Noviembre,11,18
Guanajuato,1998,Diciembre,12,37
Guanajuato,1999,Enero,1,20
Guanajuato,1999,Febrero,2,20
Guanajuato,1999,Marzo,3,16
Guanajuato,1999,Abril,4,27
Guanajuato,1999,Mayo,5,24
Guanajuato,1999,Junio,6,14
Guanajuato,1999,Julio,7,16
Guanajuato,1999,Agosto,8,22
Guanajuato,1999,Septiembre,9,19
Guanajuato,1999,Octubre,10,20
Guanajuato,1999,Noviembre,11,24
Guanajuato,1999,Diciembre,12,25
Guanajuato,2000,Enero,1,22
Guanajuato,2000,Febrero,2,27
Guanajuato,2000,Marzo,3,21
Guanajuato,2000,Abril,4,18
Guanajuato,2000,Mayo,5,26
Guanajuato,2000,Junio,6,8
Guanajuato,2000,Julio,7,23
Guanajuato,2000,Agosto,8,22
Guanajuato,2000,Septiembre,9,16
Guanajuato,2000,Octubre,10,15
Guanajuato,2000,Noviembre,11,12
Guanajuato,2000,Diciembre,12,20
Guanajuato,2001,Enero,1,24
Guanajuato,2001,Febrero,2,12
Guanajuato,2001,Marzo,3,19
Guanajuato,2001,Abril,4,28
Guanajuato,2001,Mayo,5,17
Guanajuato,2001,Junio,6,17
Guanajuato,2001,Julio,7,17
Guanajuato,2001,Agosto,8,14
Guanajuato,2001,Septiembre,9,12
Guanajuato,2001,Octubre,10,20
Guanajuato,2001,Noviembre,11,23
Guanajuato,2001,Diciembre,12,18
Guanajuato,2002,Enero,1,31
Guanajuato,2002,Febrero,2,19
Guanajuato,2002,Marzo,3,18
Guanajuato,2002,Abril,4,14
Guanajuato,2002,Mayo,5,18
Guanajuato,2002,Junio,6,15
Guanajuato,2002,Julio,7,10
Guanajuato,2002,Agosto,8,8
Guanajuato,2002,Septiembre,9,16
Guanajuato,2002,Octubre,10,16
Guanajuato,2002,Noviembre,11,20
Guanajuato,2002,Diciembre,12,23
Guanajuato,2003,Enero,1,19
Guanajuato,2003,Febrero,2,22
Guanajuato,2003,Marzo,3,16
Guanajuato,2003,Abril,4,16
Guanajuato,2003,Mayo,5,18
Guanajuato,2003,Junio,6,20
Guanajuato,2003,Julio,7,15
Guanajuato,2003,Agosto,8,13
Guanajuato,2003,Septiembre,9,25
Guanajuato,2003,Octubre,10,15
Guanajuato,2003,Noviembre,11,23
Guanajuato,2003,Diciembre,12,19
Guanajuato,2004,Enero,1,19
Guanajuato,2004,Febrero,2,14
Guanajuato,2004,Marzo,3,19
Guanajuato,2004,Abril,4,14
Guanajuato,2004,Mayo,5,7
Guanajuato,2004,Junio,6,15
Guanajuato,2004,Julio,7,18
Guanajuato,2004,Agosto,8,11
Guanajuato,2004,Septiembre,9,12
Guanajuato,2004,Octubre,10,14
Guanajuato,2004,Noviembre,11,15
Guanajuato,2004,Diciembre,12,19
Guanajuato,2005,Enero,1,10
Guanajuato,2005,Febrero,2,21
Guanajuato,2005,Marzo,3,24
Guanajuato,2005,Abril,4,18
Guanajuato,2005,Mayo,5,17
Guanajuato,2005,Junio,6,22
Guanajuato,2005,Julio,7,20
Guanajuato,2005,Agosto,8,13
Guanajuato,2005,Septiembre,9,11
Guanajuato,2005,Octubre,10,16
Guanajuato,2005,Noviembre,11,19
Guanajuato,2005,Diciembre,12,21
Guanajuato,2006,Enero,1,18
Guanajuato,2006,Febrero,2,22
Guanajuato,2006,Marzo,3,19
Guanajuato,2006,Abril,4,17
Guanajuato,2006,Mayo,5,12
Guanajuato,2006,Junio,6,15
Guanajuato,2006,Julio,7,20
Guanajuato,2006,Agosto,8,18
Guanajuato,2006,Septiembre,9,16
Guanajuato,2006,Octubre,10,14
Guanajuato,2006,Noviembre,11,22
Guanajuato,2006,Diciembre,12,12
Guanajuato,2007,Enero,1,15
Guanajuato,2007,Febrero,2,8
Guanajuato,2007,Marzo,3,16
Guanajuato,2007,Abril,4,14
Guanajuato,2007,Mayo,5,19
Guanajuato,2007,Junio,6,13
Guanajuato,2007,Julio,7,19
Guanajuato,2007,Agosto,8,15
Guanajuato,2007,Septiembre,9,15
Guanajuato,2007,Octubre,10,23
Guanajuato,2007,Noviembre,11,30
Guanajuato,2007,Diciembre,12,30
Guanajuato,2008,Enero,1,26
Guanajuato,2008,Febrero,2,24
Guanajuato,2008,Marzo,3,18
Guanajuato,2008,Abril,4,31
Guanajuato,2008,Mayo,5,23
Guanajuato,2008,Junio,6,24
Guanajuato,2008,Julio,7,11
Guanajuato,2008,Agosto,8,28
Guanajuato,2008,Septiembre,9,19
Guanajuato,2008,Octubre,10,25
Guanajuato,2008,Noviembre,11,28
Guanajuato,2008,Diciembre,12,35
Guanajuato,2009,Enero,1,50
Guanajuato,2009,Febrero,2,31
Guanajuato,2009,Marzo,3,49
Guanajuato,2009,Abril,4,27
Guanajuato,2009,Mayo,5,41
Guanajuato,2009,Junio,6,35
Guanajuato,2009,Julio,7,49
Guanajuato,2009,Agosto,8,44
Guanajuato,2009,Septiembre,9,38
Guanajuato,2009,Octubre,10,38
Guanajuato,2009,Noviembre,11,45
Guanajuato,2009,Diciembre,12,37
Guanajuato,2010,Enero,1,35
Guanajuato,2010,Febrero,2,28
Guanajuato,2010,Marzo,3,59
Guanajuato,2010,Abril,4,36
Guanajuato,2010,Mayo,5,35
Guanajuato,2010,Junio,6,30
Guanajuato,2010,Julio,7,19
Guanajuato,2010,Agosto,8,34
Guanajuato,2010,Septiembre,9,40
Guanajuato,2010,Octubre,10,40
Guanajuato,2010,Noviembre,11,42
Guanajuato,2010,Diciembre,12,36
Guanajuato,2011,Enero,1,32
Guanajuato,2011,Febrero,2,43
Guanajuato,2011,Marzo,3,43
Guanajuato,2011,Abril,4,56
Guanajuato,2011,Mayo,5,50
Guanajuato,2011,Junio,6,56
Guanajuato,2011,Julio,7,47
Guanajuato,2011,Agosto,8,44
Guanajuato,2011,Septiembre,9,53
Guanajuato,2011,Octubre,10,48
Guanajuato,2011,Noviembre,11,43
Guanajuato,2011,Diciembre,12,55
Guanajuato,2012,Enero,1,37
Guanajuato,2012,Febrero,2,48
Guanajuato,2012,Marzo,3,52
Guanajuato,2012,Abril,4,54
Guanajuato,2012,Mayo,5,57
Guanajuato,2012,Junio,6,59
Guanajuato,2012,Julio,7,65
Guanajuato,2012,Agosto,8,62
Guanajuato,2012,Septiembre,9,58
Guanajuato,2012,Octubre,10,59
Guanajuato,2012,Noviembre,11,50
Guanajuato,2012,Diciembre,12,40
Guanajuato,2013,Enero,1,40
Guanajuato,2013,Febrero,2,49
Guanajuato,2013,Marzo,3,46
Guanajuato,2013,Abril,4,69
Guanajuato,2013,Mayo,5,57
Guanajuato,2013,Junio,6,63
Guanajuato,2013,Julio,7,62
Guanajuato,2013,Agosto,8,70
Guanajuato,2013,Septiembre,9,55
Guanajuato,2013,Octubre,10,62
Guanajuato,2013,Noviembre,11,40
Guanajuato,2013,Diciembre,12,68
Guanajuato,2014,Enero,1,67
Guanajuato,2014,Febrero,2,51
Guanajuato,2014,Marzo,3,75
Guanajuato,2014,Abril,4,57
Guanajuato,2014,Mayo,5,69
Guanajuato,2014,Junio,6,59
Guanajuato,2014,Julio,7,57
Guanajuato,2014,Agosto,8,71
Guanajuato,2014,Septiembre,9,71
Guanajuato,2014,Octubre,10,64
Guanajuato,2014,Noviembre,11,69
Guanajuato,2014,Diciembre,12,66
Guanajuato,2015,Enero,1,58
Guanajuato,2015,Febrero,2,79
Guanajuato,2015,Marzo,3,66
Guanajuato,2015,Abril,4,68
Guanajuato,2015,Mayo,5,60
Guanajuato,2015,Junio,6,94
Guanajuato,2015,Julio,7,61
Guanajuato,2015,Agosto,8,101
Guanajuato,2015,Septiembre,9,86
Guanajuato,2015,Octubre,10,100
Guanajuato,2015,Noviembre,11,91
Guanajuato,2015,Diciembre,12,77
Guanajuato,2016,Enero,1,66
Guanajuato,2016,Febrero,2,71
Guanajuato,2016,Marzo,3,84
Guanajuato,2016,Abril,4,73
Guanajuato,2016,Mayo,5,99
Guanajuato,2016,Junio,6,106
Guanajuato,2016,Julio,7,99
Guanajuato,2016,Agosto,8,120
Guanajuato,2016,Septiembre,9,118
Guanajuato,2016,Octubre,10,111
Guanajuato,2016,Noviembre,11,107
Guanajuato,2016,Diciembre,12,121
Guanajuato,2017,Enero,1,146
Guanajuato,2017,Febrero,2,139
Guanajuato,2017,Marzo,3,159
Guanajuato,2017,Abril,4,182
Guanajuato,2017,Mayo,5,180
Guanajuato,2017,Junio,6,181
Guanajuato,2017,Julio,7,195
Guanajuato,2017,Agosto,8,188
Guanajuato,2017,Septiembre,9,175
Guanajuato,2017,Octubre,10,242
Guanajuato,2017,Noviembre,11,219
Guanajuato,2017,Diciembre,12,238
Guanajuato,2018,Enero,1,230
Guanajuato,2018,Febrero,2,210
Guanajuato,2018,Marzo,3,294
Guanajuato,2018,Abril,4,277
Guanajuato,2018,Mayo,5,302
Guanajuato,2018,Junio,6,280
Guanajuato,2018,Julio,7,271
Guanajuato,2018,Agosto,8,314
Guanajuato,2018,Septiembre,9,348
Guanajuato,2018,Octubre,10,307
Guanajuato,2018,Noviembre,11,249
Guanajuato,2018,Diciembre,12,323
Guanajuato,2019,Enero,1,287
Guanajuato,2019,Febrero,2,343
Guanajuato,2019,Marzo,3,334
Guanajuato,2019,Abril,4,283
Guanajuato,2019,Mayo,5,279
Guanajuato,2019,Junio,6,272
Guanajuato,2019,Julio,7,287
Guanajuato,2019,Agosto,8,305
Guanajuato,2019,Septiembre,9,326
Guanajuato,2019,Octubre,10,348
Guanajuato,2019,Noviembre,11,374
Guanajuato,2019,Diciembre,12,405
Guanajuato,2020,Enero,1,426
Guanajuato,2020,Febrero,2,346
Guanajuato,2020,Marzo,3,373
Guanajuato,2020,Abril,4,386
Guanajuato,2020,Mayo,5,377
Guanajuato,2020,Junio,6,430
Guanajuato,2020,Julio,7,411
Guanajuato,2020,Agosto,8,404
Guanajuato,2020,Septiembre,9,410
Guanajuato,2020,Octubre,10,419
Guanajuato,2020,Noviembre,11,387
Guanajuato,2020,Diciembre,12,439
Guanajuato,2021,Enero,1,341
Guanajuato,2021,Febrero,2,258
Guanajuato,2021,Marzo,3,347
Guanajuato,2021,Abril,4,340
Guanajuato,2021,Mayo,5,332
Guanajuato,2021,Junio,6,271
Guanajuato,2021,Julio,7,362
Guanajuato,2021,Agosto,8,337
Guanajuato,2021,Septiembre,9,343
Guanajuato,2021,Octubre,10,344
Guanajuato,2021,Noviembre,11,393
Guanajuato,2021,Diciembre,12,377
Guanajuato,2022,Enero,1,238
Guanajuato,2022,Febrero,2,265
Guanajuato,2022,Marzo,3,321
Guanajuato,2022,Abril,4,266
Guanajuato,2022,Mayo,5,347
Guanajuato,2022,Junio,6,291
Guanajuato,2022,Julio,7,324
Guanajuato,2022,Agosto,8,290
Guanajuato,2022,Septiembre,9,370
Guanajuato,2022,Octubre,10,347
Guanajuato,2022,Noviembre,11,287
Guanajuato,2022,Diciembre,12,378
Guanajuato,2023,Enero,1,251
Guanajuato,2023,Febrero,2,301
Guanajuato,2023,Marzo,3,326
Guanajuato,2023,Abril,4,329
Guanajuato,2023,Mayo,5,349
Guanajuato,2023,Junio,6,393
Guanajuato,2023,Julio,7,304
Guanajuato,2023,Agosto,8,288
Guanajuato,2023,Septiembre,9,348
Guanajuato,2023,Octubre,10,314
Guanajuato,2023,Noviembre,11,283
Guanajuato,2023,Diciembre,12,327
Guanajuato,2024,Enero,1,247
Guanajuato,2024,Febrero,2,280
Guanajuato,2024,Marzo,3,323
Guanajuato,2024,Abril,4,350
Guanajuato,2024,Mayo,5,320
Guanajuato,2024,Junio,6,311
Guanajuato,2024,Julio,7,317
Guanajuato,2024,Agosto,8,355
Guanajuato,2024,Septiembre,9,321
Guanajuato,2024,Octubre,10,376
Guanajuato,2024,Noviembre,11,311
Guanajuato,2024,Diciembre,12,374
Guerrero,1990,Enero,1,68
Guerrero,1990,Febrero,2,73
Guerrero,1990,Marzo,3,101
Guerrero,1990,Abril,4,69
Guerrero,1990,Mayo,5,78
Guerrero,1990,Junio,6,54
Guerrero,1990,Julio,7,65
Guerrero,1990,Agosto,8,59
Guerrero,1990,Septiembre,9,25
Guerrero,1990,Octubre,10,63
Guerrero,1990,Noviembre,11,56
Guerrero,1990,Diciembre,12,56
Guerrero,1991,Enero,1,69
Guerrero,1991,Febrero,2,79
Guerrero,1991,Marzo,3,80
Guerrero,1991,Abril,4,99
Guerrero,1991,Mayo,5,78
Guerrero,1991,Junio,6,73
Guerrero,1991,Julio,7,102
Guerrero,1991,Agosto,8,62
Guerrero,1991,Septiembre,9,137
Guerrero,1991,Octubre,10,63
Guerrero,1991,Noviembre,11,72
Guerrero,1991,Diciembre,12,75
Guerrero,1992,Enero,1,115
Guerrero,1992,Febrero,2,93
Guerrero,1992,Marzo,3,110
Guerrero,1992,Abril,4,106
Guerrero,1992,Mayo,5,151
Guerrero,1992,Junio,6,111
Guerrero,1992,Julio,7,94
Guerrero,1992,Agosto,8,150
Guerrero,1992,Septiembre,9,168
Guerrero,1992,Octubre,10,136
Guerrero,1992,Noviembre,11,131
Guerrero,1992,Diciembre,12,193
Guerrero,1993,Enero,1,118
Guerrero,1993,Febrero,2,134
Guerrero,1993,Marzo,3,139
Guerrero,1993,Abril,4,115
Guerrero,1993,Mayo,5,116
Guerrero,1993,Junio,6,89
Guerrero,1993,Julio,7,94
Guerrero,1993,Agosto,8,89
Guerrero,1993,Septiembre,9,79
Guerrero,1993,Octubre,10,90
Guerrero,1993,Noviembre,11,99
Guerrero,1993,Diciembre,12,126
Guerrero,1994,Enero,1,112
Guerrero,1994,Febrero,2,97
Guerrero,1994,Marzo,3,107
Guerrero,1994,Abril,4,87
Guerrero,1994,Mayo,5,109
Guerrero,1994,Junio,6,82
Guerrero,1994,Julio,7,88
Guerrero,1994,Agosto,8,103
Guerrero,1994,Septiembre,9,103
Guerrero,1994,Octubre,10,102
Guerrero,1994,Noviembre,11,103
Guerrero,1994,Diciembre,12,110
Guerrero,1995,Enero,1,112
Guerrero,1995,Febrero,2,75
Guerrero,1995,Marzo,3,108
Guerrero,1995,Abril,4,85
Guerrero,1995,Mayo,5,101
Guerrero,1995,Junio,6,110
Guerrero,1995,Julio,7,119
Guerrero,1995,Agosto,8,117
Guerrero,1995,Septiembre,9,97
Guerrero,1995,Octubre,10,108
Guerrero,1995,Noviembre,11,99
Guerrero,1995,Diciembre,12,119
Guerrero,1996,Enero,1,100
Guerrero,1996,Febrero,2,86
Guerrero,1996,Marzo,3,88
Guerrero,1996,Abril,4,72
Guerrero,1996,Mayo,5,85
Guerrero,1996,Junio,6,83
Guerrero,1996,Julio,7,74
Guerrero,1996,Agosto,8,84
Guerrero,1996,Septiembre,9,79
Guerrero,1996,Octubre,10,101
Guerrero,1996,Noviembre,11,82
Guerrero,1996,Diciembre,12,89
Guerrero,1997,Enero,1,96
Guerrero,1997,Febrero,2,70
Guerrero,1997,Marzo,3,64
Guerrero,1997,Abril,4,91
Guerrero,1997,Mayo,5,91
Guerrero,1997,Junio,6,96
Guerrero,1997,Julio,7,91
Guerrero,1997,Agosto,8,83
Guerrero,1997,Septiembre,9,71
Guerrero,1997,Octubre,10,98
Guerrero,1997,Noviembre,11,101
Guerrero,1997,Diciembre,12,106
Guerrero,1998,Enero,1,82
Guerrero,1998,Febrero,2,84
Guerrero,1998,Marzo,3,104
Guerrero,1998,Abril,4,85
Guerrero,1998,Mayo,5,89
Guerrero,1998,Junio,6,111
Guerrero,1998,Julio,7,94
Guerrero,1998,Agosto,8,90
Guerrero,1998,Septiembre,9,106
Guerrero,1998,Octubre,10,110
Guerrero,1998,Noviembre,11,77
Guerrero,1998,Diciembre,12,84
Guerrero,1999,Enero,1,58
Guerrero,1999,Febrero,2,84
Guerrero,1999,Marzo,3,100
Guerrero,1999,Abril,4,70
Guerrero,1999,Mayo,5,73
Guerrero,1999,Junio,6,67
Guerrero,1999,Julio,7,73
Guerrero,1999,Agosto,8,95
Guerrero,1999,Septiembre,9,75
Guerrero,1999,Octubre,10,77
Guerrero,1999,Noviembre,11,75
Guerrero,1999,Diciembre,12,94
Guerrero,2000,Enero,1,77
Guerrero,2000,Febrero,2,60
Guerrero,2000,Marzo,3,73
Guerrero,2000,Abril,4,48
Guerrero,2000,Mayo,5,92
Guerrero,2000,Junio,6,71
Guerrero,2000,Julio,7,70
Guerrero,2000,Agosto,8,62
Guerrero,2000,Septiembre,9,54
Guerrero,2000,Octubre,10,57
Guerrero,2000,Noviembre,11,64
Guerrero,2000,Diciembre,12,65
Guerrero,2001,Enero,1,50
Guerrero,2001,Febrero,2,46
Guerrero,2001,Marzo,3,61
Guerrero,2001,Abril,4,45
Guerrero,2001,Mayo,5,49
Guerrero,2001,Junio,6,48
Guerrero,2001,Julio,7,51
Guerrero,2001,Agosto,8,45
Guerrero,2001,Septiembre,9,35
Guerrero,2001,Octubre,10,66
Guerrero,2001,Noviembre,11,65
Guerrero,2001,Diciembre,12,74
Guerrero,2002,Enero,1,43
Guerrero,2002,Febrero,2,54
Guerrero,2002,Marzo,3,49
Guerrero,2002,Abril,4,61
Guerrero,2002,Mayo,5,51
Guerrero,2002,Junio,6,51
Guerrero,2002,Julio,7,63
Guerrero,2002,Agosto,8,46
Guerrero,2002,Septiembre,9,56
Guerrero,2002,Octubre,10,50
Guerrero,2002,Noviembre,11,40
Guerrero,2002,Diciembre,12,50
Guerrero,2003,Enero,1,43
Guerrero,2003,Febrero,2,45
Guerrero,2003,Marzo,3,48
Guerrero,2003,Abril,4,48
Guerrero,2003,Mayo,5,47
Guerrero,2003,Junio,6,58
Guerrero,2003,Julio,7,72
Guerrero,2003,Agosto,8,51
Guerrero,2003,Septiembre,9,41
Guerrero,2003,Octubre,10,44
Guerrero,2003,Noviembre,11,44
Guerrero,2003,Diciembre,12,53
Guerrero,2004,Enero,1,36
Guerrero,2004,Febrero,2,50
Guerrero,2004,Marzo,3,49
Guerrero,2004,Abril,4,46
Guerrero,2004,Mayo,5,45
Guerrero,2004,Junio,6,43
Guerrero,2004,Julio,7,51
Guerrero,2004,Agosto,8,41
Guerrero,2004,Septiembre,9,43
Guerrero,2004,Octubre,10,67
Guerrero,2004,Noviembre,11,64
Guerrero,2004,Diciembre,12,51
Guerrero,2005,Enero,1,35
Guerrero,2005,Febrero,2,53
Guerrero,2005,Marzo,3,25
Guerrero,2005,Abril,4,48
Guerrero,2005,Mayo,5,50
Guerrero,2005,Junio,6,53
Guerrero,2005,Julio,7,58
Guerrero,2005,Agosto,8,63
Guerrero,2005,Septiembre,9,45
Guerrero,2005,Octubre,10,37
Guerrero,2005,Noviembre,11,57
Guerrero,2005,Diciembre,12,60
Guerrero,2006,Enero,1,52
Guerrero,2006,Febrero,2,47
Guerrero,2006,Marzo,3,42
Guerrero,2006,Abril,4,51
Guerrero,2006,Mayo,5,77
Guerrero,2006,Junio,6,65
Guerrero,2006,Julio,7,79
Guerrero,2006,Agosto,8,64
Guerrero,2006,Septiembre,9,73
Guerrero,2006,Octubre,10,59
Guerrero,2006,Noviembre,11,75
Guerrero,2006,Diciembre,12,85
Guerrero,2007,Enero,1,75
Guerrero,2007,Febrero,2,42
Guerrero,2007,Marzo,3,69
Guerrero,2007,Abril,4,74
Guerrero,2007,Mayo,5,102
Guerrero,2007,Junio,6,68
Guerrero,2007,Julio,7,89
Guerrero,2007,Agosto,8,74
Guerrero,2007,Septiembre,9,37
Guerrero,2007,Octubre,10,56
Guerrero,2007,Noviembre,11,28
Guerrero,2007,Diciembre,12,41
Guerrero,2008,Enero,1,56
Guerrero,2008,Febrero,2,56
Guerrero,2008,Marzo,3,54
Guerrero,2008,Abril,4,70
Guerrero,2008,Mayo,5,80
Guerrero,2008,Junio,6,88
Guerrero,2008,Julio,7,59
Guerrero,2008,Agosto,8,62
Guerrero,2008,Septiembre,9,86
Guerrero,2008,Octubre,10,98
Guerrero,2008,Noviembre,11,94
Guerrero,2008,Diciembre,12,159
Guerrero,2009,Enero,1,100
Guerrero,2009,Febrero,2,137
Guerrero,2009,Marzo,3,116
Guerrero,2009,Abril,4,152
Guerrero,2009,Mayo,5,122
Guerrero,2009,Junio,6,179
Guerrero,2009,Julio,7,141
Guerrero,2009,Agosto,8,165
Guerrero,2009,Septiembre,9,161
Guerrero,2009,Octubre,10,181
Guerrero,2009,Noviembre,11,147
Guerrero,2009,Diciembre,12,178
Guerrero,2010,Enero,1,94
Guerrero,2010,Febrero,2,99
Guerrero,2010,Marzo,3,153
Guerrero,2010,Abril,4,87
Guerrero,2010,Mayo,5,116
Guerrero,2010,Junio,6,122
Guerrero,2010,Julio,7,76
Guerrero,2010,Agosto,8,124
Guerrero,2010,Septiembre,9,120
Guerrero,2010,Octubre,10,171
Guerrero,2010,Noviembre,11,150
Guerrero,2010,Diciembre,12,163
Guerrero,2011,Enero,1,157
Guerrero,2011,Febrero,2,159
Guerrero,2011,Marzo,3,212
Guerrero,2011,Abril,4,139
Guerrero,2011,Mayo,5,209
Guerrero,2011,Junio,6,196
Guerrero,2011,Julio,7,224
Guerrero,2011,Agosto,8,256
Guerrero,2011,Septiembre,9,202
Guerrero,2011,Octubre,10,211
Guerrero,2011,Noviembre,11,163
Guerrero,2011,Diciembre,12,126
Guerrero,2012,Enero,1,174
Guerrero,2012,Febrero,2,140
Guerrero,2012,Marzo,3,189
Guerrero,2012,Abril,4,205
Guerrero,2012,Mayo,5,236
Guerrero,2012,Junio,6,211
Guerrero,2012,Julio,7,243
Guerrero,2012,Agosto,8,244
Guerrero,2012,Septiembre,9,223
Guerrero,2012,Octubre,10,223
Guerrero,2012,Noviembre,11,210
Guerrero,2012,Diciembre,12,183
Guerrero,2013,Enero,1,162
Guerrero,2013,Febrero,2,169
Guerrero,2013,Marzo,3,159
Guerrero,2013,Abril,4,182
Guerrero,2013,Mayo,5,192
Guerrero,2013,Junio,6,157
Guerrero,2013,Julio,7,165
Guerrero,2013,Agosto,8,173
Guerrero,2013,Septiembre,9,178
Guerrero,2013,Octubre,10,181
Guerrero,2013,Noviembre,11,194
Guerrero,2013,Diciembre,12,204
Guerrero,2014,Enero,1,126
Guerrero,2014,Febrero,2,110
Guerrero,2014,Marzo,3,151
Guerrero,2014,Abril,4,100
Guerrero,2014,Mayo,5,131
Guerrero,2014,Junio,6,111
Guerrero,2014,Julio,7,127
Guerrero,2014,Agosto,8,153
Guerrero,2014,Septiembre,9,148
Guerrero,2014,Octubre,10,142
Guerrero,2014,Noviembre,11,132
Guerrero,2014,Diciembre,12,147
Guerrero,2015,Enero,1,125
Guerrero,2015,Febrero,2,142
Guerrero,2015,Marzo,3,175
Guerrero,2015,Abril,4,201
Guerrero,2015,Mayo,5,183
Guerrero,2015,Junio,6,202
Guerrero,2015,Julio,7,213
Guerrero,2015,Agosto,8,201
Guerrero,2015,Septiembre,9,168
Guerrero,2015,Octubre,10,209
Guerrero,2015,Noviembre,11,210
Guerrero,2015,Diciembre,12,270
Guerrero,2016,Enero,1,169
Guerrero,2016,Febrero,2,174
Guerrero,2016,Marzo,3,199
Guerrero,2016,Abril,4,189
Guerrero,2016,Mayo,5,183
Guerrero,2016,Junio,6,260
Guerrero,2016,Julio,7,235
Guerrero,2016,Agosto,8,228
Guerrero,2016,Septiembre,9,195
Guerrero,2016,Octubre,10,184
Guerrero,2016,Noviembre,11,208
Guerrero,2016,Diciembre,12,188
Guerrero,2017,Enero,1,213
Guerrero,2017,Febrero,2,163
Guerrero,2017,Marzo,3,192
Guerrero,2017,Abril,4,206
Guerrero,2017,Mayo,5,207
Guerrero,2017,Junio,6,225
Guerrero,2017,Julio,7,221
Guerrero,2017,Agosto,8,207
Guerrero,2017,Septiembre,9,187
Guerrero,2017,Octubre,10,192
Guerrero,2017,Noviembre,11,203
Guerrero,2017,Diciembre,12,202
Guerrero,2018,Enero,1,208
Guerrero,2018,Febrero,2,176
Guerrero,2018,Marzo,3,193
Guerrero,2018,Abril,4,209
Guerrero,2018,Mayo,5,219
Guerrero,2018,Junio,6,168
Guerrero,2018,Julio,7,171
Guerrero,2018,Agosto,8,159
Guerrero,2018,Septiembre,9,182
Guerrero,2018,Octubre,10,173
Guerrero,2018,Noviembre,11,176
Guerrero,2018,Diciembre,12,165
Guerrero,2019,Enero,1,156
Guerrero,2019,Febrero,2,145
Guerrero,2019,Marzo,3,137
Guerrero,2019,Abril,4,115
Guerrero,2019,Mayo,5,174
Guerrero,2019,Junio,6,180
Guerrero,2019,Julio,7,165
Guerrero,2019,Agosto,8,153
Guerrero,2019,Septiembre,9,119
Guerrero,2019,Octubre,10,167
Guerrero,2019,Noviembre,11,154
Guerrero,2019,Diciembre,12,167
Guerrero,2020,Enero,1,109
Guerrero,2020,Febrero,2,105
Guerrero,2020,Marzo,3,140
Guerrero,2020,Abril,4,136
Guerrero,2020,Mayo,5,131
Guerrero,2020,Junio,6,116
Guerrero,2020,Julio,7,115
Guerrero,2020,Agosto,8,118
Guerrero,2020,Septiembre,9,116
Guerrero,2020,Octubre,10,156
Guerrero,2020,Noviembre,11,127
Guerrero,2020,Diciembre,12,127
Guerrero,2021,Enero,1,97
Guerrero,2021,Febrero,2,99
Guerrero,2021,Marzo,3,119
Guerrero,2021,Abril,4,106
Guerrero,2021,Mayo,5,136
Guerrero,2021,Junio,6,130
Guerrero,2021,Julio,7,108
Guerrero,2021,Agosto,8,105
Guerrero,2021,Septiembre,9,120
Guerrero,2021,Octubre,10,118
Guerrero,2021,Noviembre,11,136
Guerrero,2021,Diciembre,12,102
Guerrero,2022,Enero,1,69
Guerrero,2022,Febrero,2,88
Guerrero,2022,Marzo,3,98
Guerrero,2022,Abril,4,112
Guerrero,2022,Mayo,5,105
Guerrero,2022,Junio,6,130
Guerrero,2022,Julio,7,130
Guerrero,2022,Agosto,8,96
Guerrero,2022,Septiembre,9,118
Guerrero,2022,Octubre,10,122
Guerrero,2022,Noviembre,11,113
Guerrero,2022,Diciembre,12,105
Guerrero,2023,Enero,1,141
Guerrero,2023,Febrero,2,112
Guerrero,2023,Marzo,3,140
Guerrero,2023,Abril,4,118
Guerrero,2023,Mayo,5,137
Guerrero,2023,Junio,6,115
Guerrero,2023,Julio,7,138
Guerrero,2023,Agosto,8,163
Guerrero,2023,Septiembre,9,147
Guerrero,2023,Octubre,10,138
Guerrero,2023,Noviembre,11,145
Guerrero,2023,Diciembre,12,137
Guerrero,2024,Enero,1,144
Guerrero,2024,Febrero,2,134
Guerrero,2024,Marzo,3,95
Guerrero,2024,Abril,4,117
Guerrero,2024,Mayo,5,120
Guerrero,2024,Junio,6,135
Guerrero,2024,Julio,7,135
Guerrero,2024,Agosto,8,173
Guerrero,2024,Septiembre,9,110
Guerrero,2024,Octubre,10,164
Guerrero,2024,Noviembre,11,125
Guerrero,2024,Diciembre,12,74
Hidalgo,1990,Enero,1,20
Hidalgo,1990,Febrero,2,9
Hidalgo,1990,Marzo,3,22
Hidalgo,1990,Abril,4,20
Hidalgo,1990,Mayo,5,10
Hidalgo,1990,Junio,6,11
Hidalgo,1990,Julio,7,16
Hidalgo,1990,Agosto,8,20
Hidalgo,1990,Septiembre,9,20
Hidalgo,1990,Octubre,10,21
Hidalgo,1990,Noviembre,11,10
Hidalgo,1990,Diciembre,12,23
Hidalgo,1991,Enero,1,8
Hidalgo,1991,Febrero,2,13
Hidalgo,1991,Marzo,3,16
Hidalgo,1991,Abril,4,18
Hidalgo,1991,Mayo,5,12
Hidalgo,1991,Junio,6,6
Hidalgo,1991,Julio,7,6
Hidalgo,1991,Agosto,8,12
Hidalgo,1991,Septiembre,9,19
Hidalgo,1991,Octubre,10,14
Hidalgo,1991,Noviembre,11,14
Hidalgo,1991,Diciembre,12,12
Hidalgo,1992,Enero,1,6
Hidalgo,1992,Febrero,2,9
Hidalgo,1992,Marzo,3,15
Hidalgo,1992,Abril,4,8
Hidalgo,1992,Mayo,5,8
Hidalgo,1992,Junio,6,19
Hidalgo,1992,Julio,7,10
Hidalgo,1992,Agosto,8,7
Hidalgo,1992,Septiembre,9,10
Hidalgo,1992,Octubre,10,11
Hidalgo,1992,Noviembre,11,11
Hidalgo,1992,Diciembre,12,15
Hidalgo,1993,Enero,1,7
Hidalgo,1993,Febrero,2,1
Hidalgo,1993,Marzo,3,13
Hidalgo,1993,Abril,4,13
Hidalgo,1993,Mayo,5,19
Hidalgo,1993,Junio,6,20
Hidalgo,1993,Julio,7,9
Hidalgo,1993,Agosto,8,13
Hidalgo,1993,Septiembre,9,8
Hidalgo,1993,Octubre,10,9
Hidalgo,1993,Noviembre,11,6
Hidalgo,1993,Diciembre,12,13
Hidalgo,1994,Enero,1,6
Hidalgo,1994,Febrero,2,15
Hidalgo,1994,Marzo,3,16
Hidalgo,1994,Abril,4,14
Hidalgo,1994,Mayo,5,10
Hidalgo,1994,Junio,6,9
Hidalgo,1994,Julio,7,14
Hidalgo,1994,Agosto,8,16
Hidalgo,1994,Septiembre,9,13
Hidalgo,1994,Octubre,10,21
Hidalgo,1994,Noviembre,11,18
Hidalgo,1994,Diciembre,12,13
Hidalgo,1995,Enero,1,11
Hidalgo,1995,Febrero,2,12
Hidalgo,1995,Marzo,3,8
Hidalgo,1995,Abril,4,14
Hidalgo,1995,Mayo,5,16
Hidalgo,1995,Junio,6,13
Hidalgo,1995,Julio,7,27
Hidalgo,1995,Agosto,8,15
Hidalgo,1995,Septiembre,9,8
Hidalgo,1995,Octubre,10,15
Hidalgo,1995,Noviembre,11,8
Hidalgo,1995,Diciembre,12,16
Hidalgo,1996,Enero,1,15
Hidalgo,1996,Febrero,2,8
Hidalgo,1996,Marzo,3,11
Hidalgo,1996,Abril,4,9
Hidalgo,1996,Mayo,5,14
Hidalgo,1996,Junio,6,4
Hidalgo,1996,Julio,7,12
Hidalgo,1996,Agosto,8,9
Hidalgo,1996,Septiembre,9,7
Hidalgo,1996,Octubre,10,14
Hidalgo,1996,Noviembre,11,8
Hidalgo,1996,Diciembre,12,13
Hidalgo,1997,Enero,1,15
Hidalgo,1997,Febrero,2,13
Hidalgo,1997,Marzo,3,21
Hidalgo,1997,Abril,4,9
Hidalgo,1997,Mayo,5,7
Hidalgo,1997,Junio,6,7
Hidalgo,1997,Julio,7,10
Hidalgo,1997,Agosto,8,9
Hidalgo,1997,Septiembre,9,8
Hidalgo,1997,Octubre,10,16
Hidalgo,1997,Noviembre,11,10
Hidalgo,1997,Diciembre,12,16
Hidalgo,1998,Enero,1,15
Hidalgo,1998,Febrero,2,13
Hidalgo,1998,Marzo,3,18
Hidalgo,1998,Abril,4,12
Hidalgo,1998,Mayo,5,16
Hidalgo,1998,Junio,6,18
Hidalgo,1998,Julio,7,15
Hidalgo,1998,Agosto,8,8
Hidalgo,1998,Septiembre,9,15
Hidalgo,1998,Octubre,10,10
Hidalgo,1998,Noviembre,11,9
Hidalgo,1998,Diciembre,12,16
Hidalgo,1999,Enero,1,17
Hidalgo,1999,Febrero,2,7
Hidalgo,1999,Marzo,3,13
Hidalgo,1999,Abril,4,11
Hidalgo,1999,Mayo,5,6
Hidalgo,1999,Junio,6,9
Hidalgo,1999,Julio,7,11
Hidalgo,1999,Agosto,8,6
Hidalgo,1999,Septiembre,9,9
Hidalgo,1999,Octubre,10,13
Hidalgo,1999,Noviembre,11,8
Hidalgo,1999,Diciembre,12,11
Hidalgo,2000,Enero,1,8
Hidalgo,2000,Febrero,2,10
Hidalgo,2000,Marzo,3,14
Hidalgo,2000,Mayo,5,16
Hidalgo,2000,Junio,6,8
Hidalgo,2000,Julio,7,7
Hidalgo,2000,Agosto,8,8
Hidalgo,2000,Septiembre,9,4
Hidalgo,2000,Octubre,10,7
Hidalgo,2000,Noviembre,11,6
Hidalgo,2000,Diciembre,12,7
Hidalgo,2001,Enero,1,15
Hidalgo,2001,Febrero,2,20
Hidalgo,2001,Marzo,3,9
Hidalgo,2001,Abril,4,13
Hidalgo,2001,Mayo,5,9
Hidalgo,2001,Junio,6,11
Hidalgo,2001,Julio,7,11
Hidalgo,2001,Agosto,8,5
Hidalgo,2001,Septiembre,9,12
Hidalgo,2001,Octubre,10,7
Hidalgo,2001,Noviembre,11,7
Hidalgo,2001,Diciembre,12,9
Hidalgo,2002,Enero,1,3
Hidalgo,2002,Febrero,2,2
Hidalgo,2002,Marzo,3,5
Hidalgo,2002,Abril,4,4
Hidalgo,2002,Mayo,5,4
Hidalgo,2002,Junio,6,5
Hidalgo,2002,Julio,7,5
Hidalgo,2002,Agosto,8,10
Hidalgo,2002,Septiembre,9,4
Hidalgo,2002,Octubre,10,9
Hidalgo,2002,Noviembre,11,3
Hidalgo,2002,Diciembre,12,5
Hidalgo,2003,Enero,1,6
Hidalgo,2003,Febrero,2,9
Hidalgo,2003,Marzo,3,2
Hidalgo,2003,Abril,4,10
Hidalgo,2003,Mayo,5,3
Hidalgo,2003,Junio,6,6
Hidalgo,2003,Julio,7,6
Hidalgo,2003,Agosto,8,4
Hidalgo,2003,Septiembre,9,4
Hidalgo,2003,Octubre,10,9
Hidalgo,2003,Noviembre,11,4
Hidalgo,2003,Diciembre,12,9
Hidalgo,2004,Enero,1,12
Hidalgo,2004,Febrero,2,10
Hidalgo,2004,Marzo,3,9
Hidalgo,2004,Abril,4,4
Hidalgo,2004,Mayo,5,9
Hidalgo,2004,Junio,6,6
Hidalgo,2004,Julio,7,5
Hidalgo,2004,Agosto,8,5
Hidalgo,2004,Septiembre,9,9
Hidalgo,2004,Octubre,10,7
Hidalgo,2004,Noviembre,11,7
Hidalgo,2004,Diciembre,12,4
Hidalgo,2005,Enero,1,7
Hidalgo,2005,Febrero,2,8
Hidalgo,2005,Marzo,3,5
Hidalgo,2005,Abril,4,7
Hidalgo,2005,Mayo,5,7
Hidalgo,2005,Junio,6,3
Hidalgo,2005,Julio,7,5
Hidalgo,2005,Agosto,8,4
Hidalgo,2005,Septiembre,9,10
Hidalgo,2005,Octubre,10,6
Hidalgo,2005,Noviembre,11,5
Hidalgo,2005,Diciembre,12,6
Hidalgo,2006,Enero,1,3
Hidalgo,2006,Febrero,2,4
Hidalgo,2006,Marzo,3,6
Hidalgo,2006,Abril,4,6
Hidalgo,2006,Mayo,5,4
Hidalgo,2006,Junio,6,3
Hidalgo,2006,Julio,7,4
Hidalgo,2006,Agosto,8,5
Hidalgo,2006,Septiembre,9,3
Hidalgo,2006,Octubre,10,3
Hidalgo,2006,Noviembre,11,1
Hidalgo,2006,Diciembre,12,5
Hidalgo,2007,Enero,1,10
Hidalgo,2007,Febrero,2,3
Hidalgo,2007,Marzo,3,3
Hidalgo,2007,Abril,4,5
Hidalgo,2007,Mayo,5,12
Hidalgo,2007,Junio,6,8
Hidalgo,2007,Julio,7,4
Hidalgo,2007,Agosto,8,3
Hidalgo,2007,Septiembre,9,8
Hidalgo,2007,Octubre,10,4
Hidalgo,2007,Noviembre,11,6
Hidalgo,2007,Diciembre,12,7
Hidalgo,2008,Enero,1,7
Hidalgo,2008,Febrero,2,4
Hidalgo,2008,Marzo,3,6
Hidalgo,2008,Abril,4,3
Hidalgo,2008,Mayo,5,10
Hidalgo,2008,Junio,6,3
Hidalgo,2008,Julio,7,2
Hidalgo,2008,Agosto,8,9
Hidalgo,2008,Septiembre,9,9
Hidalgo,2008,Octubre,10,6
Hidalgo,2008,Noviembre,11,7
Hidalgo,2008,Diciembre,12,6
Hidalgo,2009,Enero,1,14
Hidalgo,2009,Febrero,2,12
Hidalgo,2009,Marzo,3,6
Hidalgo,2009,Abril,4,17
Hidalgo,2009,Mayo,5,12
Hidalgo,2009,Junio,6,12
Hidalgo,2009,Julio,7,7
Hidalgo,2009,Agosto,8,19
Hidalgo,2009,Septiembre,9,11
Hidalgo,2009,Octubre,10,11
Hidalgo,2009,Noviembre,11,7
Hidalgo,2009,Diciembre,12,12
Hidalgo,2010,Enero,1,7
Hidalgo,2010,Febrero,2,9
Hidalgo,2010,Marzo,3,4
Hidalgo,2010,Abril,4,10
Hidalgo,2010,Mayo,5,12
Hidalgo,2010,Junio,6,10
Hidalgo,2010,Julio,7,7
Hidalgo,2010,Agosto,8,13
Hidalgo,2010,Septiembre,9,12
Hidalgo,2010,Octubre,10,10
Hidalgo,2010,Noviembre,11,10
Hidalgo,2010,Diciembre,12,5
Hidalgo,2011,Enero,1,15
Hidalgo,2011,Febrero,2,14
Hidalgo,2011,Marzo,3,28
Hidalgo,2011,Abril,4,15
Hidalgo,2011,Mayo,5,16
Hidalgo,2011,Junio,6,16
Hidalgo,2011,Julio,7,23
Hidalgo,2011,Agosto,8,18
Hidalgo,2011,Septiembre,9,21
Hidalgo,2011,Octubre,10,9
Hidalgo,2011,Noviembre,11,14
Hidalgo,2011,Diciembre,12,8
Hidalgo,2012,Enero,1,11
Hidalgo,2012,Febrero,2,13
Hidalgo,2012,Marzo,3,17
Hidalgo,2012,Abril,4,8
Hidalgo,2012,Mayo,5,11
Hidalgo,2012,Junio,6,17
Hidalgo,2012,Julio,7,6
Hidalgo,2012,Agosto,8,19
Hidalgo,2012,Septiembre,9,10
Hidalgo,2012,Octubre,10,12
Hidalgo,2012,Noviembre,11,9
Hidalgo,2012,Diciembre,12,18
Hidalgo,2013,Enero,1,20
Hidalgo,2013,Febrero,2,10
Hidalgo,2013,Marzo,3,7
Hidalgo,2013,Abril,4,20
Hidalgo,2013,Mayo,5,13
Hidalgo,2013,Junio,6,14
Hidalgo,2013,Julio,7,7
Hidalgo,2013,Agosto,8,20
Hidalgo,2013,Septiembre,9,12
Hidalgo,2013,Octubre,10,12
Hidalgo,2013,Noviembre,11,13
Hidalgo,2013,Diciembre,12,19
Hidalgo,2014,Enero,1,18
Hidalgo,2014,Febrero,2,14
Hidalgo,2014,Marzo,3,18
Hidalgo,2014,Abril,4,19
Hidalgo,2014,Mayo,5,15
Hidalgo,2014,Junio,6,14
Hidalgo,2014,Julio,7,17
Hidalgo,2014,Agosto,8,17
Hidalgo,2014,Septiembre,9,21
Hidalgo,2014,Octubre,10,14
Hidalgo,2014,Noviembre,11,16
Hidalgo,2014,Diciembre,12,18
Hidalgo,2015,Enero,1,17
Hidalgo,2015,Febrero,2,19
Hidalgo,2015,Marzo,3,26
Hidalgo,2015,Abril,4,19
Hidalgo,2015,Mayo,5,22
Hidalgo,2015,Junio,6,12
Hidalgo,2015,Julio,7,14
Hidalgo,2015,Agosto,8,17
Hidalgo,2015,Septiembre,9,24
Hidalgo,2015,Octubre,10,17
Hidalgo,2015,Noviembre,11,17
Hidalgo,2015,Diciembre,12,20
Hidalgo,2016,Enero,1,13
Hidalgo,2016,Febrero,2,15
Hidalgo,2016,Marzo,3,11
Hidalgo,2016,Abril,4,13
Hidalgo,2016,Mayo,5,21
Hidalgo,2016,Junio,6,14
Hidalgo,2016,Julio,7,21
Hidalgo,2016,Agosto,8,17
Hidalgo,2016,Septiembre,9,16
Hidalgo,2016,Octubre,10,13
Hidalgo,2016,Noviembre,11,25
Hidalgo,2016,Diciembre,12,24
Hidalgo,2017,Enero,1,26
Hidalgo,2017,Febrero,2,22
Hidalgo,2017,Marzo,3,23
Hidalgo,2017,Abril,4,28
Hidalgo,2017,Mayo,5,27
Hidalgo,2017,Junio,6,19
Hidalgo,2017,Julio,7,23
Hidalgo,2017,Agosto,8,29
Hidalgo,2017,Septiembre,9,25
Hidalgo,2017,Octubre,10,20
Hidalgo,2017,Noviembre,11,21
Hidalgo,2017,Diciembre,12,29
Hidalgo,2018,Enero,1,27
Hidalgo,2018,Febrero,2,19
Hidalgo,2018,Marzo,3,30
Hidalgo,2018,Abril,4,25
Hidalgo,2018,Mayo,5,29
Hidalgo,2018,Junio,6,23
Hidalgo,2018,Julio,7,41
Hidalgo,2018,Agosto,8,32
Hidalgo,2018,Septiembre,9,34
Hidalgo,2018,Octubre,10,17
Hidalgo,2018,Noviembre,11,26
Hidalgo,2018,Diciembre,12,23
Hidalgo,2019,Enero,1,41
Hidalgo,2019,Febrero,2,33
Hidalgo,2019,Marzo,3,39
Hidalgo,2019,Abril,4,33
Hidalgo,2019,Mayo,5,34
Hidalgo,2019,Junio,6,47
Hidalgo,2019,Julio,7,40
Hidalgo,2019,Agosto,8,32
Hidalgo,2019,Septiembre,9,41
Hidalgo,2019,Octubre,10,38
Hidalgo,2019,Noviembre,11,31
Hidalgo,2019,Diciembre,12,52
Hidalgo,2020,Enero,1,30
Hidalgo,2020,Febrero,2,29
Hidalgo,2020,Marzo,3,37
Hidalgo,2020,Abril,4,24
Hidalgo,2020,Mayo,5,37
Hidalgo,2020,Junio,6,32
Hidalgo,2020,Julio,7,44
Hidalgo,2020,Agosto,8,41
Hidalgo,2020,Septiembre,9,15
Hidalgo,2020,Octubre,10,26
Hidalgo,2020,Noviembre,11,21
Hidalgo,2020,Diciembre,12,28
Hidalgo,2021,Enero,1,19
Hidalgo,2021,Febrero,2,23
Hidalgo,2021,Marzo,3,25
Hidalgo,2021,Abril,4,22
Hidalgo,2021,Mayo,5,20
Hidalgo,2021,Junio,6,18
Hidalgo,2021,Julio,7,26
Hidalgo,2021,Agosto,8,24
Hidalgo,2021,Septiembre,9,41
Hidalgo,2021,Octubre,10,27
Hidalgo,2021,Noviembre,11,13
Hidalgo,2021,Diciembre,12,29
Hidalgo,2022,Enero,1,39
Hidalgo,2022,Febrero,2,26
Hidalgo,2022,Marzo,3,28
Hidalgo,2022,Abril,4,29
Hidalgo,2022,Mayo,5,38
Hidalgo,2022,Junio,6,31
Hidalgo,2022,Julio,7,24
Hidalgo,2022,Agosto,8,21
Hidalgo,2022,Septiembre,9,29
Hidalgo,2022,Octubre,10,23
Hidalgo,2022,Noviembre,11,36
Hidalgo,2022,Diciembre,12,30
Hidalgo,2023,Enero,1,36
Hidalgo,2023,Febrero,2,28
Hidalgo,2023,Marzo,3,36
Hidalgo,2023,Abril,4,36
Hidalgo,2023,Mayo,5,28
Hidalgo,2023,Junio,6,35
Hidalgo,2023,Julio,7,38
Hidalgo,2023,Agosto,8,25
Hidalgo,2023,Septiembre,9,26
Hidalgo,2023,Octubre,10,26
Hidalgo,2023,Noviembre,11,27
Hidalgo,2023,Diciembre,12,36
Hidalgo,2024,Enero,1,23
Hidalgo,2024,Febrero,2,25
Hidalgo,2024,Marzo,3,31
Hidalgo,2024,Abril,4,41
Hidalgo,2024,Mayo,5,45
Hidalgo,2024,Junio,6,42
Hidalgo,2024,Julio,7,37
Hidalgo,2024,Agosto,8,26
Hidalgo,2024,Septiembre,9,33
Hidalgo,2024,Octubre,10,35
Hidalgo,2024,Noviembre,11,23
Hidalgo,2024,Diciembre,12,12
Jalisco,1990,Enero,1,74
Jalisco,1990,Febrero,2,58
Jalisco,1990,Marzo,3,83
Jalisco,1990,Abril,4,62
Jalisco,1990,Mayo,5,75
Jalisco,1990,Junio,6,62
Jalisco,1990,Julio,7,78
Jalisco,1990,Agosto,8,81
Jalisco,1990,Septiembre,9,53
Jalisco,1990,Octubre,10,71
Jalisco,1990,Noviembre,11,46
Jalisco,1990,Diciembre,12,82
Jalisco,1991,Enero,1,42
Jalisco,1991,Febrero,2,42
Jalisco,1991,Marzo,3,63
Jalisco,1991,Abril,4,79
Jalisco,1991,Mayo,5,80
Jalisco,1991,Junio,6,57
Jalisco,1991,Julio,7,58
Jalisco,1991,Agosto,8,60
Jalisco,1991,Septiembre,9,63
Jalisco,1991,Octubre,10,70
Jalisco,1991,Noviembre,11,67
Jalisco,1991,Diciembre,12,75
Jalisco,1992,Enero,1,56
Jalisco,1992,Febrero,2,52
Jalisco,1992,Marzo,3,81
Jalisco,1992,Abril,4,59
Jalisco,1992,Mayo,5,66
Jalisco,1992,Junio,6,58
Jalisco,1992,Julio,7,59
Jalisco,1992,Agosto,8,60
Jalisco,1992,Septiembre,9,64
Jalisco,1992,Octubre,10,64
Jalisco,1992,Noviembre,11,69
Jalisco,1992,Diciembre,12,89
Jalisco,1993,Enero,1,69
Jalisco,1993,Febrero,2,66
Jalisco,1993,Marzo,3,85
Jalisco,1993,Abril,4,69
Jalisco,1993,Mayo,5,85
Jalisco,1993,Junio,6,72
Jalisco,1993,Julio,7,59
Jalisco,1993,Agosto,8,71
Jalisco,1993,Septiembre,9,46
Jalisco,1993,Octubre,10,59
Jalisco,1993,Noviembre,11,42
Jalisco,1993,Diciembre,12,58
Jalisco,1994,Enero,1,64
Jalisco,1994,Febrero,2,53
Jalisco,1994,Marzo,3,63
Jalisco,1994,Abril,4,56
Jalisco,1994,Mayo,5,60
Jalisco,1994,Junio,6,60
Jalisco,1994,Julio,7,57
Jalisco,1994,Agosto,8,60
Jalisco,1994,Septiembre,9,62
Jalisco,1994,Octubre,10,52
Jalisco,1994,Noviembre,11,65
Jalisco,1994,Diciembre,12,43
Jalisco,1995,Enero,1,59
Jalisco,1995,Febrero,2,63
Jalisco,1995,Marzo,3,58
Jalisco,1995,Abril,4,54
Jalisco,1995,Mayo,5,83
Jalisco,1995,Junio,6,65
Jalisco,1995,Julio,7,85
Jalisco,1995,Agosto,8,75
Jalisco,1995,Septiembre,9,53
Jalisco,1995,Octubre,10,58
Jalisco,1995,Noviembre,11,60
Jalisco,1995,Diciembre,12,67
Jalisco,1996,Enero,1,58
Jalisco,1996,Febrero,2,71
Jalisco,1996,Marzo,3,68
Jalisco,1996,Abril,4,52
Jalisco,1996,Mayo,5,69
Jalisco,1996,Junio,6,56
Jalisco,1996,Julio,7,76
Jalisco,1996,Agosto,8,63
Jalisco,1996,Septiembre,9,56
Jalisco,1996,Octubre,10,46
Jalisco,1996,Noviembre,11,61
Jalisco,1996,Diciembre,12,59
Jalisco,1997,Enero,1,55
Jalisco,1997,Febrero,2,44
Jalisco,1997,Marzo,3,44
Jalisco,1997,Abril,4,46
Jalisco,1997,Mayo,5,59
Jalisco,1997,Junio,6,43
Jalisco,1997,Julio,7,62
Jalisco,1997,Agosto,8,43
Jalisco,1997,Septiembre,9,56
Jalisco,1997,Octubre,10,48
Jalisco,1997,Noviembre,11,57
Jalisco,1997,Diciembre,12,58
Jalisco,1998,Enero,1,43
Jalisco,1998,Febrero,2,52
Jalisco,1998,Marzo,3,56
Jalisco,1998,Abril,4,52
Jalisco,1998,Mayo,5,46
Jalisco,1998,Junio,6,49
Jalisco,1998,Julio,7,41
Jalisco,1998,Agosto,8,47
Jalisco,1998,Septiembre,9,37
Jalisco,1998,Octubre,10,37
Jalisco,1998,Noviembre,11,47
Jalisco,1998,Diciembre,12,40
Jalisco,1999,Enero,1,56
Jalisco,1999,Febrero,2,36
Jalisco,1999,Marzo,3,46
Jalisco,1999,Abril,4,35
Jalisco,1999,Mayo,5,49
Jalisco,1999,Junio,6,51
Jalisco,1999,Julio,7,47
Jalisco,1999,Agosto,8,36
Jalisco,1999,Septiembre,9,42
Jalisco,1999,Octubre,10,44
Jalisco,1999,Noviembre,11,51
Jalisco,1999,Diciembre,12,44
Jalisco,2000,Enero,1,36
Jalisco,2000,Febrero,2,44
Jalisco,2000,Marzo,3,38
Jalisco,2000,Abril,4,52
Jalisco,2000,Mayo,5,34
Jalisco,2000,Junio,6,41
Jalisco,2000,Julio,7,29
Jalisco,2000,Agosto,8,38
Jalisco,2000,Septiembre,9,35
Jalisco,2000,Octubre,10,46
Jalisco,2000,Noviembre,11,32
Jalisco,2000,Diciembre,12,42
Jalisco,2001,Enero,1,42
Jalisco,2001,Febrero,2,28
Jalisco,2001,Marzo,3,37
Jalisco,2001,Abril,4,37
Jalisco,2001,Mayo,5,43
Jalisco,2001,Junio,6,42
Jalisco,2001,Julio,7,46
Jalisco,2001,Agosto,8,49
Jalisco,2001,Septiembre,9,43
Jalisco,2001,Octubre,10,52
Jalisco,2001,Noviembre,11,32
Jalisco,2001,Diciembre,12,33
Jalisco,2002,Enero,1,30
Jalisco,2002,Febrero,2,45
Jalisco,2002,Marzo,3,48
Jalisco,2002,Abril,4,46
Jalisco,2002,Mayo,5,41
Jalisco,2002,Junio,6,39
Jalisco,2002,Julio,7,30
Jalisco,2002,Agosto,8,39
Jalisco,2002,Septiembre,9,37
Jalisco,2002,Octubre,10,36
Jalisco,2002,Noviembre,11,36
Jalisco,2002,Diciembre,12,46
Jalisco,2003,Enero,1,39
Jalisco,2003,Febrero,2,37
Jalisco,2003,Marzo,3,34
Jalisco,2003,Abril,4,40
Jalisco,2003,Mayo,5,33
Jalisco,2003,Junio,6,37
Jalisco,2003,Julio,7,50
Jalisco,2003,Agosto,8,38
Jalisco,2003,Septiembre,9,33
Jalisco,2003,Octubre,10,44
Jalisco,2003,Noviembre,11,40
Jalisco,2003,Diciembre,12,43
Jalisco,2004,Enero,1,43
Jalisco,2004,Febrero,2,30
Jalisco,2004,Marzo,3,37
Jalisco,2004,Abril,4,34
Jalisco,2004,Mayo,5,28
Jalisco,2004,Junio,6,42
Jalisco,2004,Julio,7,20
Jalisco,2004,Agosto,8,38
Jalisco,2004,Septiembre,9,27
Jalisco,2004,Octubre,10,50
Jalisco,2004,Noviembre,11,35
Jalisco,2004,Diciembre,12,23
Jalisco,2005,Enero,1,29
Jalisco,2005,Febrero,2,38
Jalisco,2005,Marzo,3,29
Jalisco,2005,Abril,4,36
Jalisco,2005,Mayo,5,44
Jalisco,2005,Junio,6,39
Jalisco,2005,Julio,7,22
Jalisco,2005,Agosto,8,35
Jalisco,2005,Septiembre,9,40
Jalisco,2005,Octubre,10,43
Jalisco,2005,Noviembre,11,41
Jalisco,2005,Diciembre,12,42
Jalisco,2006,Enero,1,56
Jalisco,2006,Febrero,2,31
Jalisco,2006,Marzo,3,41
Jalisco,2006,Abril,4,43
Jalisco,2006,Mayo,5,47
Jalisco,2006,Junio,6,36
Jalisco,2006,Julio,7,31
Jalisco,2006,Agosto,8,30
Jalisco,2006,Septiembre,9,36
Jalisco,2006,Octubre,10,29
Jalisco,2006,Noviembre,11,48
Jalisco,2006,Diciembre,12,38
Jalisco,2007,Enero,1,36
Jalisco,2007,Febrero,2,31
Jalisco,2007,Marzo,3,26
Jalisco,2007,Abril,4,32
Jalisco,2007,Mayo,5,39
Jalisco,2007,Junio,6,38
Jalisco,2007,Julio,7,32
Jalisco,2007,Agosto,8,45
Jalisco,2007,Septiembre,9,41
Jalisco,2007,Octubre,10,41
Jalisco,2007,Noviembre,11,32
Jalisco,2007,Diciembre,12,43
Jalisco,2008,Enero,1,41
Jalisco,2008,Febrero,2,30
Jalisco,2008,Marzo,3,42
Jalisco,2008,Abril,4,36
Jalisco,2008,Mayo,5,53
Jalisco,2008,Junio,6,58
Jalisco,2008,Julio,7,49
Jalisco,2008,Agosto,8,43
Jalisco,2008,Septiembre,9,38
Jalisco,2008,Octubre,10,49
Jalisco,2008,Noviembre,11,41
Jalisco,2008,Diciembre,12,58
Jalisco,2009,Enero,1,64
Jalisco,2009,Febrero,2,43
Jalisco,2009,Marzo,3,53
Jalisco,2009,Abril,4,38
Jalisco,2009,Mayo,5,51
Jalisco,2009,Junio,6,57
Jalisco,2009,Julio,7,50
Jalisco,2009,Agosto,8,69
Jalisco,2009,Septiembre,9,52
Jalisco,2009,Octubre,10,64
Jalisco,2009,Noviembre,11,65
Jalisco,2009,Diciembre,12,62
Jalisco,2010,Enero,1,42
Jalisco,2010,Febrero,2,50
Jalisco,2010,Marzo,3,70
Jalisco,2010,Abril,4,80
Jalisco,2010,Mayo,5,81
Jalisco,2010,Junio,6,81
Jalisco,2010,Julio,7,99
Jalisco,2010,Agosto,8,97
Jalisco,2010,Septiembre,9,104
Jalisco,2010,Octubre,10,124
Jalisco,2010,Noviembre,11,123
Jalisco,2010,Diciembre,12,99
Jalisco,2011,Enero,1,117
Jalisco,2011,Febrero,2,119
Jalisco,2011,Marzo,3,136
Jalisco,2011,Abril,4,95
Jalisco,2011,Mayo,5,98
Jalisco,2011,Junio,6,132
Jalisco,2011,Julio,7,169
Jalisco,2011,Agosto,8,116
Jalisco,2011,Septiembre,9,124
Jalisco,2011,Octubre,10,94
Jalisco,2011,Noviembre,11,145
Jalisco,2011,Diciembre,12,123
Jalisco,2012,Enero,1,115
Jalisco,2012,Febrero,2,122
Jalisco,2012,Marzo,3,119
Jalisco,2012,Abril,4,148
Jalisco,2012,Mayo,5,147
Jalisco,2012,Junio,6,118
Jalisco,2012,Julio,7,112
Jalisco,2012,Agosto,8,119
Jalisco,2012,Septiembre,9,134
Jalisco,2012,Octubre,10,128
Jalisco,2012,Noviembre,11,132
Jalisco,2012,Diciembre,12,130
Jalisco,2013,Enero,1,149
Jalisco,2013,Febrero,2,128
Jalisco,2013,Marzo,3,155
Jalisco,2013,Abril,4,132
Jalisco,2013,Mayo,5,148
Jalisco,2013,Junio,6,124
Jalisco,2013,Julio,7,95
Jalisco,2013,Agosto,8,111
Jalisco,2013,Septiembre,9,90
Jalisco,2013,Octubre,10,105
Jalisco,2013,Noviembre,11,83
Jalisco,2013,Diciembre,12,86
Jalisco,2014,Enero,1,67
Jalisco,2014,Febrero,2,76
Jalisco,2014,Marzo,3,97
Jalisco,2014,Abril,4,79
Jalisco,2014,Mayo,5,94
Jalisco,2014,Junio,6,101
Jalisco,2014,Julio,7,62
Jalisco,2014,Agosto,8,89
Jalisco,2014,Septiembre,9,67
Jalisco,2014,Octubre,10,70
Jalisco,2014,Noviembre,11,76
Jalisco,2014,Diciembre,12,72
Jalisco,2015,Enero,1,86
Jalisco,2015,Febrero,2,81
Jalisco,2015,Marzo,3,75
Jalisco,2015,Abril,4,96
Jalisco,2015,Mayo,5,88
Jalisco,2015,Junio,6,80
Jalisco,2015,Julio,7,84
Jalisco,2015,Agosto,8,91
Jalisco,2015,Septiembre,9,93
Jalisco,2015,Octubre,10,109
Jalisco,2015,Noviembre,11,98
Jalisco,2015,Diciembre,12,113
Jalisco,2016,Enero,1,89
Jalisco,2016,Febrero,2,89
Jalisco,2016,Marzo,3,86
Jalisco,2016,Abril,4,79
Jalisco,2016,Mayo,5,125
Jalisco,2016,Junio,6,76
Jalisco,2016,Julio,7,96
Jalisco,2016,Agosto,8,94
Jalisco,2016,Septiembre,9,123
Jalisco,2016,Octubre,10,82
Jalisco,2016,Noviembre,11,94
Jalisco,2016,Diciembre,12,126
Jalisco,2017,Enero,1,97
Jalisco,2017,Febrero,2,89
Jalisco,2017,Marzo,3,138
Jalisco,2017,Abril,4,98
Jalisco,2017,Mayo,5,109
Jalisco,2017,Junio,6,120
Jalisco,2017,Julio,7,104
Jalisco,2017,Agosto,8,164
Jalisco,2017,Septiembre,9,100
Jalisco,2017,Octubre,10,139
Jalisco,2017,Noviembre,11,128
Jalisco,2017,Diciembre,12,135
Jalisco,2018,Enero,1,121
Jalisco,2018,Febrero,2,150
Jalisco,2018,Marzo,3,181
Jalisco,2018,Abril,4,192
Jalisco,2018,Mayo,5,202
Jalisco,2018,Junio,6,187
Jalisco,2018,Julio,7,184
Jalisco,2018,Agosto,8,206
Jalisco,2018,Septiembre,9,221
Jalisco,2018,Octubre,10,223
Jalisco,2018,Noviembre,11,235
Jalisco,2018,Diciembre,12,238
Jalisco,2019,Enero,1,185
Jalisco,2019,Febrero,2,258
Jalisco,2019,Marzo,3,198
Jalisco,2019,Abril,4,202
Jalisco,2019,Mayo,5,192
Jalisco,2019,Junio,6,187
Jalisco,2019,Julio,7,186
Jalisco,2019,Agosto,8,201
Jalisco,2019,Septiembre,9,192
Jalisco,2019,Octubre,10,199
Jalisco,2019,Noviembre,11,188
Jalisco,2019,Diciembre,12,188
Jalisco,2020,Enero,1,141
Jalisco,2020,Febrero,2,153
Jalisco,2020,Marzo,3,181
Jalisco,2020,Abril,4,173
Jalisco,2020,Mayo,5,169
Jalisco,2020,Junio,6,194
Jalisco,2020,Julio,7,174
Jalisco,2020,Agosto,8,161
Jalisco,2020,Septiembre,9,175
Jalisco,2020,Octubre,10,197
Jalisco,2020,Noviembre,11,166
Jalisco,2020,Diciembre,12,216
Jalisco,2021,Enero,1,141
Jalisco,2021,Febrero,2,222
Jalisco,2021,Marzo,3,217
Jalisco,2021,Abril,4,189
Jalisco,2021,Mayo,5,202
Jalisco,2021,Junio,6,190
Jalisco,2021,Julio,7,152
Jalisco,2021,Agosto,8,175
Jalisco,2021,Septiembre,9,156
Jalisco,2021,Octubre,10,198
Jalisco,2021,Noviembre,11,129
Jalisco,2021,Diciembre,12,173
Jalisco,2022,Enero,1,131
Jalisco,2022,Febrero,2,120
Jalisco,2022,Marzo,3,144
Jalisco,2022,Abril,4,134
Jalisco,2022,Mayo,5,157
Jalisco,2022,Junio,6,168
Jalisco,2022,Julio,7,158
Jalisco,2022,Agosto,8,137
Jalisco,2022,Septiembre,9,130
Jalisco,2022,Octubre,10,171
Jalisco,2022,Noviembre,11,160
Jalisco,2022,Diciembre,12,154
Jalisco,2023,Enero,1,170
Jalisco,2023,Febrero,2,122
Jalisco,2023,Marzo,3,138
Jalisco,2023,Abril,4,137
Jalisco,2023,Mayo,5,168
Jalisco,2023,Junio,6,179
Jalisco,2023,Julio,7,140
Jalisco,2023,Agosto,8,119
Jalisco,2023,Septiembre,9,139
Jalisco,2023,Octubre,10,107
Jalisco,2023,Noviembre,11,99
Jalisco,2023,Diciembre,12,130
Jalisco,2024,Enero,1,130
Jalisco,2024,Febrero,2,140
Jalisco,2024,Marzo,3,137
Jalisco,2024,Abril,4,122
Jalisco,2024,Mayo,5,150
Jalisco,2024,Junio,6,159
Jalisco,2024,Julio,7,185
Jalisco,2024,Agosto,8,157
Jalisco,2024,Septiembre,9,142
Jalisco,2024,Octubre,10,117
Jalisco,2024,Noviembre,11,121
Jalisco,2024,Diciembre,12,131
Michoac�n de Ocampo,1990,Enero,1,113
Michoac�n de Ocampo,1990,Febrero,2,115
Michoac�n de Ocampo,1990,Marzo,3,109
Michoac�n de Ocampo,1990,Abril,4,124
Michoac�n de Ocampo,1990,Mayo,5,91
Michoac�n de Ocampo,1990,Junio,6,86
Michoac�n de Ocampo,1990,Julio,7,107
Michoac�n de Ocampo,1990,Agosto,8,90
Michoac�n de Ocampo,1990,Septiembre,9,69
Michoac�n de Ocampo,1990,Octubre,10,80
Michoac�n de Ocampo,1990,Noviembre,11,90
Michoac�n de Ocampo,1990,Diciembre,12,72
Michoac�n de Ocampo,1991,Enero,1,115
Michoac�n de Ocampo,1991,Febrero,2,87
Michoac�n de Ocampo,1991,Marzo,3,110
Michoac�n de Ocampo,1991,Abril,4,110
Michoac�n de Ocampo,1991,Mayo,5,99
Michoac�n de Ocampo,1991,Junio,6,66
Michoac�n de Ocampo,1991,Julio,7,98
Michoac�n de Ocampo,1991,Agosto,8,99
Michoac�n de Ocampo,1991,Septiembre,9,61
Michoac�n de Ocampo,1991,Octubre,10,92
Michoac�n de Ocampo,1991,Noviembre,11,94
Michoac�n de Ocampo,1991,Diciembre,12,124
Michoac�n de Ocampo,1992,Enero,1,111
Michoac�n de Ocampo,1992,Febrero,2,119
Michoac�n de Ocampo,1992,Marzo,3,135
Michoac�n de Ocampo,1992,Abril,4,132
Michoac�n de Ocampo,1992,Mayo,5,115
Michoac�n de Ocampo,1992,Junio,6,115
Michoac�n de Ocampo,1992,Julio,7,103
Michoac�n de Ocampo,1992,Agosto,8,140
Michoac�n de Ocampo,1992,Septiembre,9,97
Michoac�n de Ocampo,1992,Octubre,10,77
Michoac�n de Ocampo,1992,Noviembre,11,118
Michoac�n de Ocampo,1992,Diciembre,12,134
Michoac�n de Ocampo,1993,Enero,1,125
Michoac�n de Ocampo,1993,Febrero,2,135
Michoac�n de Ocampo,1993,Marzo,3,148
Michoac�n de Ocampo,1993,Abril,4,119
Michoac�n de Ocampo,1993,Mayo,5,88
Michoac�n de Ocampo,1993,Junio,6,109
Michoac�n de Ocampo,1993,Julio,7,88
Michoac�n de Ocampo,1993,Agosto,8,142
Michoac�n de Ocampo,1993,Septiembre,9,88
Michoac�n de Ocampo,1993,Octubre,10,113
Michoac�n de Ocampo,1993,Noviembre,11,103
Michoac�n de Ocampo,1993,Diciembre,12,96
Michoac�n de Ocampo,1994,Enero,1,110
Michoac�n de Ocampo,1994,Febrero,2,125
Michoac�n de Ocampo,1994,Marzo,3,100
Michoac�n de Ocampo,1994,Abril,4,90
Michoac�n de Ocampo,1994,Mayo,5,129
Michoac�n de Ocampo,1994,Junio,6,95
Michoac�n de Ocampo,1994,Julio,7,101
Michoac�n de Ocampo,1994,Agosto,8,90
Michoac�n de Ocampo,1994,Septiembre,9,118
Michoac�n de Ocampo,1994,Octubre,10,102
Michoac�n de Ocampo,1994,Noviembre,11,94
Michoac�n de Ocampo,1994,Diciembre,12,123
Michoac�n de Ocampo,1995,Enero,1,114
Michoac�n de Ocampo,1995,Febrero,2,95
Michoac�n de Ocampo,1995,Marzo,3,97
Michoac�n de Ocampo,1995,Abril,4,102
Michoac�n de Ocampo,1995,Mayo,5,128
Michoac�n de Ocampo,1995,Junio,6,80
Michoac�n de Ocampo,1995,Julio,7,75
Michoac�n de Ocampo,1995,Agosto,8,94
Michoac�n de Ocampo,1995,Septiembre,9,74
Michoac�n de Ocampo,1995,Octubre,10,109
Michoac�n de Ocampo,1995,Noviembre,11,66
Michoac�n de Ocampo,1995,Diciembre,12,101
Michoac�n de Ocampo,1996,Enero,1,90
Michoac�n de Ocampo,1996,Febrero,2,98
Michoac�n de Ocampo,1996,Marzo,3,98
Michoac�n de Ocampo,1996,Abril,4,107
Michoac�n de Ocampo,1996,Mayo,5,90
Michoac�n de Ocampo,1996,Junio,6,94
Michoac�n de Ocampo,1996,Julio,7,104
Michoac�n de Ocampo,1996,Agosto,8,92
Michoac�n de Ocampo,1996,Septiembre,9,69
Michoac�n de Ocampo,1996,Octubre,10,102
Michoac�n de Ocampo,1996,Noviembre,11,78
Michoac�n de Ocampo,1996,Diciembre,12,92
Michoac�n de Ocampo,1997,Enero,1,89
Michoac�n de Ocampo,1997,Febrero,2,82
Michoac�n de Ocampo,1997,Marzo,3,71
Michoac�n de Ocampo,1997,Abril,4,66
Michoac�n de Ocampo,1997,Mayo,5,71
Michoac�n de Ocampo,1997,Junio,6,65
Michoac�n de Ocampo,1997,Julio,7,73
Michoac�n de Ocampo,1997,Agosto,8,50
Michoac�n de Ocampo,1997,Septiembre,9,54
Michoac�n de Ocampo,1997,Octubre,10,68
Michoac�n de Ocampo,1997,Noviembre,11,74
Michoac�n de Ocampo,1997,Diciembre,12,83
Michoac�n de Ocampo,1998,Enero,1,62
Michoac�n de Ocampo,1998,Febrero,2,50
Michoac�n de Ocampo,1998,Marzo,3,63
Michoac�n de Ocampo,1998,Abril,4,64
Michoac�n de Ocampo,1998,Mayo,5,51
Michoac�n de Ocampo,1998,Junio,6,42
Michoac�n de Ocampo,1998,Julio,7,56
Michoac�n de Ocampo,1998,Agosto,8,34
Michoac�n de Ocampo,1998,Septiembre,9,55
Michoac�n de Ocampo,1998,Octubre,10,54
Michoac�n de Ocampo,1998,Noviembre,11,62
Michoac�n de Ocampo,1998,Diciembre,12,64
Michoac�n de Ocampo,1999,Enero,1,68
Michoac�n de Ocampo,1999,Febrero,2,38
Michoac�n de Ocampo,1999,Marzo,3,66
Michoac�n de Ocampo,1999,Abril,4,37
Michoac�n de Ocampo,1999,Mayo,5,69
Michoac�n de Ocampo,1999,Junio,6,44
Michoac�n de Ocampo,1999,Julio,7,67
Michoac�n de Ocampo,1999,Agosto,8,50
Michoac�n de Ocampo,1999,Septiembre,9,50
Michoac�n de Ocampo,1999,Octubre,10,45
Michoac�n de Ocampo,1999,Noviembre,11,56
Michoac�n de Ocampo,1999,Diciembre,12,67
Michoac�n de Ocampo,2000,Enero,1,74
Michoac�n de Ocampo,2000,Febrero,2,52
Michoac�n de Ocampo,2000,Marzo,3,64
Michoac�n de Ocampo,2000,Abril,4,40
Michoac�n de Ocampo,2000,Mayo,5,53
Michoac�n de Ocampo,2000,Junio,6,33
Michoac�n de Ocampo,2000,Julio,7,35
Michoac�n de Ocampo,2000,Agosto,8,37
Michoac�n de Ocampo,2000,Septiembre,9,57
Michoac�n de Ocampo,2000,Octubre,10,51
Michoac�n de Ocampo,2000,Noviembre,11,48
Michoac�n de Ocampo,2000,Diciembre,12,70
Michoac�n de Ocampo,2001,Enero,1,65
Michoac�n de Ocampo,2001,Febrero,2,72
Michoac�n de Ocampo,2001,Marzo,3,59
Michoac�n de Ocampo,2001,Abril,4,40
Michoac�n de Ocampo,2001,Mayo,5,58
Michoac�n de Ocampo,2001,Junio,6,48
Michoac�n de Ocampo,2001,Julio,7,33
Michoac�n de Ocampo,2001,Agosto,8,43
Michoac�n de Ocampo,2001,Septiembre,9,48
Michoac�n de Ocampo,2001,Octubre,10,63
Michoac�n de Ocampo,2001,Noviembre,11,49
Michoac�n de Ocampo,2001,Diciembre,12,64
Michoac�n de Ocampo,2002,Enero,1,48
Michoac�n de Ocampo,2002,Febrero,2,43
Michoac�n de Ocampo,2002,Marzo,3,51
Michoac�n de Ocampo,2002,Abril,4,51
Michoac�n de Ocampo,2002,Mayo,5,38
Michoac�n de Ocampo,2002,Junio,6,49
Michoac�n de Ocampo,2002,Julio,7,43
Michoac�n de Ocampo,2002,Agosto,8,37
Michoac�n de Ocampo,2002,Septiembre,9,28
Michoac�n de Ocampo,2002,Octubre,10,50
Michoac�n de Ocampo,2002,Noviembre,11,44
Michoac�n de Ocampo,2002,Diciembre,12,55
Michoac�n de Ocampo,2003,Enero,1,63
Michoac�n de Ocampo,2003,Febrero,2,34
Michoac�n de Ocampo,2003,Marzo,3,59
Michoac�n de Ocampo,2003,Abril,4,47
Michoac�n de Ocampo,2003,Mayo,5,50
Michoac�n de Ocampo,2003,Junio,6,43
Michoac�n de Ocampo,2003,Julio,7,50
Michoac�n de Ocampo,2003,Agosto,8,26
Michoac�n de Ocampo,2003,Septiembre,9,56
Michoac�n de Ocampo,2003,Octubre,10,50
Michoac�n de Ocampo,2003,Noviembre,11,42
Michoac�n de Ocampo,2003,Diciembre,12,35
Michoac�n de Ocampo,2004,Enero,1,47
Michoac�n de Ocampo,2004,Febrero,2,31
Michoac�n de Ocampo,2004,Marzo,3,56
Michoac�n de Ocampo,2004,Abril,4,42
Michoac�n de Ocampo,2004,Mayo,5,52
Michoac�n de Ocampo,2004,Junio,6,38
Michoac�n de Ocampo,2004,Julio,7,57
Michoac�n de Ocampo,2004,Agosto,8,43
Michoac�n de Ocampo,2004,Septiembre,9,33
Michoac�n de Ocampo,2004,Octubre,10,46
Michoac�n de Ocampo,2004,Noviembre,11,56
Michoac�n de Ocampo,2004,Diciembre,12,41
Michoac�n de Ocampo,2005,Enero,1,48
Michoac�n de Ocampo,2005,Febrero,2,65
Michoac�n de Ocampo,2005,Marzo,3,61
Michoac�n de Ocampo,2005,Abril,4,58
Michoac�n de Ocampo,2005,Mayo,5,54
Michoac�n de Ocampo,2005,Junio,6,51
Michoac�n de Ocampo,2005,Julio,7,52
Michoac�n de Ocampo,2005,Agosto,8,34
Michoac�n de Ocampo,2005,Septiembre,9,56
Michoac�n de Ocampo,2005,Octubre,10,60
Michoac�n de Ocampo,2005,Noviembre,11,65
Michoac�n de Ocampo,2005,Diciembre,12,61
Michoac�n de Ocampo,2006,Enero,1,67
Michoac�n de Ocampo,2006,Febrero,2,51
Michoac�n de Ocampo,2006,Marzo,3,54
Michoac�n de Ocampo,2006,Abril,4,71
Michoac�n de Ocampo,2006,Mayo,5,75
Michoac�n de Ocampo,2006,Junio,6,69
Michoac�n de Ocampo,2006,Julio,7,73
Michoac�n de Ocampo,2006,Agosto,8,127
Michoac�n de Ocampo,2006,Septiembre,9,92
Michoac�n de Ocampo,2006,Octubre,10,87
Michoac�n de Ocampo,2006,Noviembre,11,92
Michoac�n de Ocampo,2006,Diciembre,12,102
Michoac�n de Ocampo,2007,Enero,1,57
Michoac�n de Ocampo,2007,Febrero,2,20
Michoac�n de Ocampo,2007,Marzo,3,59
Michoac�n de Ocampo,2007,Abril,4,46
Michoac�n de Ocampo,2007,Mayo,5,63
Michoac�n de Ocampo,2007,Junio,6,30
Michoac�n de Ocampo,2007,Julio,7,37
Michoac�n de Ocampo,2007,Agosto,8,58
Michoac�n de Ocampo,2007,Septiembre,9,33
Michoac�n de Ocampo,2007,Octubre,10,65
Michoac�n de Ocampo,2007,Noviembre,11,45
Michoac�n de Ocampo,2007,Diciembre,12,36
Michoac�n de Ocampo,2008,Enero,1,57
Michoac�n de Ocampo,2008,Febrero,2,50
Michoac�n de Ocampo,2008,Marzo,3,45
Michoac�n de Ocampo,2008,Abril,4,50
Michoac�n de Ocampo,2008,Mayo,5,61
Michoac�n de Ocampo,2008,Junio,6,40
Michoac�n de Ocampo,2008,Julio,7,63
Michoac�n de Ocampo,2008,Agosto,8,48
Michoac�n de Ocampo,2008,Septiembre,9,56
Michoac�n de Ocampo,2008,Octubre,10,46
Michoac�n de Ocampo,2008,Noviembre,11,56
Michoac�n de Ocampo,2008,Diciembre,12,65
Michoac�n de Ocampo,2009,Enero,1,56
Michoac�n de Ocampo,2009,Febrero,2,36
Michoac�n de Ocampo,2009,Marzo,3,71
Michoac�n de Ocampo,2009,Abril,4,102
Michoac�n de Ocampo,2009,Mayo,5,83
Michoac�n de Ocampo,2009,Junio,6,96
Michoac�n de Ocampo,2009,Julio,7,126
Michoac�n de Ocampo,2009,Agosto,8,55
Michoac�n de Ocampo,2009,Septiembre,9,75
Michoac�n de Ocampo,2009,Octubre,10,64
Michoac�n de Ocampo,2009,Noviembre,11,67
Michoac�n de Ocampo,2009,Diciembre,12,74
Michoac�n de Ocampo,2010,Enero,1,69
Michoac�n de Ocampo,2010,Febrero,2,76
Michoac�n de Ocampo,2010,Marzo,3,51
Michoac�n de Ocampo,2010,Abril,4,41
Michoac�n de Ocampo,2010,Mayo,5,47
Michoac�n de Ocampo,2010,Junio,6,54
Michoac�n de Ocampo,2010,Julio,7,36
Michoac�n de Ocampo,2010,Agosto,8,61
Michoac�n de Ocampo,2010,Septiembre,9,60
Michoac�n de Ocampo,2010,Octubre,10,77
Michoac�n de Ocampo,2010,Noviembre,11,57
Michoac�n de Ocampo,2010,Diciembre,12,78
Michoac�n de Ocampo,2011,Enero,1,55
Michoac�n de Ocampo,2011,Febrero,2,59
Michoac�n de Ocampo,2011,Marzo,3,74
Michoac�n de Ocampo,2011,Abril,4,60
Michoac�n de Ocampo,2011,Mayo,5,71
Michoac�n de Ocampo,2011,Junio,6,90
Michoac�n de Ocampo,2011,Julio,7,77
Michoac�n de Ocampo,2011,Agosto,8,87
Michoac�n de Ocampo,2011,Septiembre,9,58
Michoac�n de Ocampo,2011,Octubre,10,63
Michoac�n de Ocampo,2011,Noviembre,11,63
Michoac�n de Ocampo,2011,Diciembre,12,52
Michoac�n de Ocampo,2012,Enero,1,75
Michoac�n de Ocampo,2012,Febrero,2,52
Michoac�n de Ocampo,2012,Marzo,3,63
Michoac�n de Ocampo,2012,Abril,4,85
Michoac�n de Ocampo,2012,Mayo,5,59
Michoac�n de Ocampo,2012,Junio,6,62
Michoac�n de Ocampo,2012,Julio,7,58
Michoac�n de Ocampo,2012,Agosto,8,67
Michoac�n de Ocampo,2012,Septiembre,9,64
Michoac�n de Ocampo,2012,Octubre,10,65
Michoac�n de Ocampo,2012,Noviembre,11,71
Michoac�n de Ocampo,2012,Diciembre,12,66
Michoac�n de Ocampo,2013,Enero,1,46
Michoac�n de Ocampo,2013,Febrero,2,40
Michoac�n de Ocampo,2013,Marzo,3,59
Michoac�n de Ocampo,2013,Abril,4,88
Michoac�n de Ocampo,2013,Mayo,5,85
Michoac�n de Ocampo,2013,Junio,6,57
Michoac�n de Ocampo,2013,Julio,7,65
Michoac�n de Ocampo,2013,Agosto,8,65
Michoac�n de Ocampo,2013,Septiembre,9,76
Michoac�n de Ocampo,2013,Octubre,10,112
Michoac�n de Ocampo,2013,Noviembre,11,90
Michoac�n de Ocampo,2013,Diciembre,12,101
Michoac�n de Ocampo,2014,Enero,1,92
Michoac�n de Ocampo,2014,Febrero,2,73
Michoac�n de Ocampo,2014,Marzo,3,84
Michoac�n de Ocampo,2014,Abril,4,46
Michoac�n de Ocampo,2014,Mayo,5,112
Michoac�n de Ocampo,2014,Junio,6,83
Michoac�n de Ocampo,2014,Julio,7,78
Michoac�n de Ocampo,2014,Agosto,8,72
Michoac�n de Ocampo,2014,Septiembre,9,70
Michoac�n de Ocampo,2014,Octubre,10,67
Michoac�n de Ocampo,2014,Noviembre,11,66
Michoac�n de Ocampo,2014,Diciembre,12,59
Michoac�n de Ocampo,2015,Enero,1,55
Michoac�n de Ocampo,2015,Febrero,2,45
Michoac�n de Ocampo,2015,Marzo,3,43
Michoac�n de Ocampo,2015,Abril,4,61
Michoac�n de Ocampo,2015,Mayo,5,88
Michoac�n de Ocampo,2015,Junio,6,86
Michoac�n de Ocampo,2015,Julio,7,70
Michoac�n de Ocampo,2015,Agosto,8,105
Michoac�n de Ocampo,2015,Septiembre,9,70
Michoac�n de Ocampo,2015,Octubre,10,59
Michoac�n de Ocampo,2015,Noviembre,11,75
Michoac�n de Ocampo,2015,Diciembre,12,87
Michoac�n de Ocampo,2016,Enero,1,61
Michoac�n de Ocampo,2016,Febrero,2,70
Michoac�n de Ocampo,2016,Marzo,3,74
Michoac�n de Ocampo,2016,Abril,4,112
Michoac�n de Ocampo,2016,Mayo,5,109
Michoac�n de Ocampo,2016,Junio,6,119
Michoac�n de Ocampo,2016,Julio,7,151
Michoac�n de Ocampo,2016,Agosto,8,167
Michoac�n de Ocampo,2016,Septiembre,9,151
Michoac�n de Ocampo,2016,Octubre,10,132
Michoac�n de Ocampo,2016,Noviembre,11,131
Michoac�n de Ocampo,2016,Diciembre,12,115
Michoac�n de Ocampo,2017,Enero,1,123
Michoac�n de Ocampo,2017,Febrero,2,120
Michoac�n de Ocampo,2017,Marzo,3,164
Michoac�n de Ocampo,2017,Abril,4,124
Michoac�n de Ocampo,2017,Mayo,5,139
Michoac�n de Ocampo,2017,Junio,6,103
Michoac�n de Ocampo,2017,Julio,7,107
Michoac�n de Ocampo,2017,Agosto,8,126
Michoac�n de Ocampo,2017,Septiembre,9,123
Michoac�n de Ocampo,2017,Octubre,10,169
Michoac�n de Ocampo,2017,Noviembre,11,174
Michoac�n de Ocampo,2017,Diciembre,12,196
Michoac�n de Ocampo,2018,Enero,1,120
Michoac�n de Ocampo,2018,Febrero,2,148
Michoac�n de Ocampo,2018,Marzo,3,186
Michoac�n de Ocampo,2018,Abril,4,162
Michoac�n de Ocampo,2018,Mayo,5,153
Michoac�n de Ocampo,2018,Junio,6,144
Michoac�n de Ocampo,2018,Julio,7,162
Michoac�n de Ocampo,2018,Agosto,8,164
Michoac�n de Ocampo,2018,Septiembre,9,154
Michoac�n de Ocampo,2018,Octubre,10,208
Michoac�n de Ocampo,2018,Noviembre,11,178
Michoac�n de Ocampo,2018,Diciembre,12,174
Michoac�n de Ocampo,2019,Enero,1,163
Michoac�n de Ocampo,2019,Febrero,2,197
Michoac�n de Ocampo,2019,Marzo,3,173
Michoac�n de Ocampo,2019,Abril,4,135
Michoac�n de Ocampo,2019,Mayo,5,196
Michoac�n de Ocampo,2019,Junio,6,211
Michoac�n de Ocampo,2019,Julio,7,193
Michoac�n de Ocampo,2019,Agosto,8,225
Michoac�n de Ocampo,2019,Septiembre,9,210
Michoac�n de Ocampo,2019,Octubre,10,241
Michoac�n de Ocampo,2019,Noviembre,11,180
Michoac�n de Ocampo,2019,Diciembre,12,213
Michoac�n de Ocampo,2020,Enero,1,169
Michoac�n de Ocampo,2020,Febrero,2,188
Michoac�n de Ocampo,2020,Marzo,3,215
Michoac�n de Ocampo,2020,Abril,4,192
Michoac�n de Ocampo,2020,Mayo,5,174
Michoac�n de Ocampo,2020,Junio,6,178
Michoac�n de Ocampo,2020,Julio,7,163
Michoac�n de Ocampo,2020,Agosto,8,191
Michoac�n de Ocampo,2020,Septiembre,9,143
Michoac�n de Ocampo,2020,Octubre,10,222
Michoac�n de Ocampo,2020,Noviembre,11,220
Michoac�n de Ocampo,2020,Diciembre,12,203
Michoac�n de Ocampo,2021,Enero,1,180
Michoac�n de Ocampo,2021,Febrero,2,179
Michoac�n de Ocampo,2021,Marzo,3,200
Michoac�n de Ocampo,2021,Abril,4,226
Michoac�n de Ocampo,2021,Mayo,5,209
Michoac�n de Ocampo,2021,Junio,6,185
Michoac�n de Ocampo,2021,Julio,7,217
Michoac�n de Ocampo,2021,Agosto,8,220
Michoac�n de Ocampo,2021,Septiembre,9,222
Michoac�n de Ocampo,2021,Octubre,10,233
Michoac�n de Ocampo,2021,Noviembre,11,226
Michoac�n de Ocampo,2021,Diciembre,12,231
Michoac�n de Ocampo,2022,Enero,1,206
Michoac�n de Ocampo,2022,Febrero,2,216
Michoac�n de Ocampo,2022,Marzo,3,222
Michoac�n de Ocampo,2022,Abril,4,239
Michoac�n de Ocampo,2022,Mayo,5,188
Michoac�n de Ocampo,2022,Junio,6,174
Michoac�n de Ocampo,2022,Julio,7,153
Michoac�n de Ocampo,2022,Agosto,8,138
Michoac�n de Ocampo,2022,Septiembre,9,137
Michoac�n de Ocampo,2022,Octubre,10,154
Michoac�n de Ocampo,2022,Noviembre,11,152
Michoac�n de Ocampo,2022,Diciembre,12,154
Michoac�n de Ocampo,2023,Enero,1,131
Michoac�n de Ocampo,2023,Febrero,2,144
Michoac�n de Ocampo,2023,Marzo,3,137
Michoac�n de Ocampo,2023,Abril,4,151
Michoac�n de Ocampo,2023,Mayo,5,166
Michoac�n de Ocampo,2023,Junio,6,126
Michoac�n de Ocampo,2023,Julio,7,161
Michoac�n de Ocampo,2023,Agosto,8,151
Michoac�n de Ocampo,2023,Septiembre,9,133
Michoac�n de Ocampo,2023,Octubre,10,145
Michoac�n de Ocampo,2023,Noviembre,11,121
Michoac�n de Ocampo,2023,Diciembre,12,151
Michoac�n de Ocampo,2024,Enero,1,153
Michoac�n de Ocampo,2024,Febrero,2,128
Michoac�n de Ocampo,2024,Marzo,3,149
Michoac�n de Ocampo,2024,Abril,4,148
Michoac�n de Ocampo,2024,Mayo,5,151
Michoac�n de Ocampo,2024,Junio,6,131
Michoac�n de Ocampo,2024,Julio,7,119
Michoac�n de Ocampo,2024,Agosto,8,119
Michoac�n de Ocampo,2024,Septiembre,9,104
Michoac�n de Ocampo,2024,Octubre,10,108
Michoac�n de Ocampo,2024,Noviembre,11,112
Michoac�n de Ocampo,2024,Diciembre,12,113
Morelos,1990,Enero,1,30
Morelos,1990,Febrero,2,26
Morelos,1990,Marzo,3,40
Morelos,1990,Abril,4,18
Morelos,1990,Mayo,5,27
Morelos,1990,Junio,6,70
Morelos,1990,Julio,7,21
Morelos,1990,Agosto,8,30
Morelos,1990,Septiembre,9,21
Morelos,1990,Octubre,10,30
Morelos,1990,Noviembre,11,25
Morelos,1990,Diciembre,12,30
Morelos,1991,Enero,1,19
Morelos,1991,Febrero,2,26
Morelos,1991,Marzo,3,21
Morelos,1991,Abril,4,40
Morelos,1991,Mayo,5,37
Morelos,1991,Junio,6,25
Morelos,1991,Julio,7,30
Morelos,1991,Agosto,8,28
Morelos,1991,Septiembre,9,31
Morelos,1991,Octubre,10,21
Morelos,1991,Noviembre,11,25
Morelos,1991,Diciembre,12,31
Morelos,1992,Enero,1,27
Morelos,1992,Febrero,2,29
Morelos,1992,Marzo,3,30
Morelos,1992,Abril,4,32
Morelos,1992,Mayo,5,37
Morelos,1992,Junio,6,26
Morelos,1992,Julio,7,28
Morelos,1992,Agosto,8,44
Morelos,1992,Septiembre,9,28
Morelos,1992,Octubre,10,22
Morelos,1992,Noviembre,11,21
Morelos,1992,Diciembre,12,40
Morelos,1993,Enero,1,30
Morelos,1993,Febrero,2,36
Morelos,1993,Marzo,3,22
Morelos,1993,Abril,4,26
Morelos,1993,Mayo,5,29
Morelos,1993,Junio,6,49
Morelos,1993,Julio,7,30
Morelos,1993,Agosto,8,47
Morelos,1993,Septiembre,9,35
Morelos,1993,Octubre,10,34
Morelos,1993,Noviembre,11,57
Morelos,1993,Diciembre,12,77
Morelos,1994,Enero,1,36
Morelos,1994,Febrero,2,40
Morelos,1994,Marzo,3,63
Morelos,1994,Abril,4,29
Morelos,1994,Mayo,5,48
Morelos,1994,Junio,6,32
Morelos,1994,Julio,7,35
Morelos,1994,Agosto,8,24
Morelos,1994,Septiembre,9,43
Morelos,1994,Octubre,10,20
Morelos,1994,Noviembre,11,32
Morelos,1994,Diciembre,12,44
Morelos,1995,Enero,1,21
Morelos,1995,Febrero,2,31
Morelos,1995,Marzo,3,32
Morelos,1995,Abril,4,32
Morelos,1995,Mayo,5,28
Morelos,1995,Junio,6,31
Morelos,1995,Julio,7,25
Morelos,1995,Agosto,8,25
Morelos,1995,Septiembre,9,36
Morelos,1995,Octubre,10,30
Morelos,1995,Noviembre,11,22
Morelos,1995,Diciembre,12,28
Morelos,1996,Enero,1,31
Morelos,1996,Febrero,2,26
Morelos,1996,Marzo,3,33
Morelos,1996,Abril,4,35
Morelos,1996,Mayo,5,28
Morelos,1996,Junio,6,22
Morelos,1996,Julio,7,33
Morelos,1996,Agosto,8,29
Morelos,1996,Septiembre,9,31
Morelos,1996,Octubre,10,28
Morelos,1996,Noviembre,11,17
Morelos,1996,Diciembre,12,24
Morelos,1997,Enero,1,21
Morelos,1997,Febrero,2,25
Morelos,1997,Marzo,3,23
Morelos,1997,Abril,4,22
Morelos,1997,Mayo,5,26
Morelos,1997,Junio,6,25
Morelos,1997,Julio,7,23
Morelos,1997,Agosto,8,24
Morelos,1997,Septiembre,9,23
Morelos,1997,Octubre,10,17
Morelos,1997,Noviembre,11,25
Morelos,1997,Diciembre,12,27
Morelos,1998,Enero,1,20
Morelos,1998,Febrero,2,15
Morelos,1998,Marzo,3,24
Morelos,1998,Abril,4,25
Morelos,1998,Mayo,5,35
Morelos,1998,Junio,6,25
Morelos,1998,Julio,7,25
Morelos,1998,Agosto,8,33
Morelos,1998,Septiembre,9,24
Morelos,1998,Octubre,10,31
Morelos,1998,Noviembre,11,19
Morelos,1998,Diciembre,12,25
Morelos,1999,Enero,1,29
Morelos,1999,Febrero,2,21
Morelos,1999,Marzo,3,34
Morelos,1999,Abril,4,32
Morelos,1999,Mayo,5,27
Morelos,1999,Junio,6,26
Morelos,1999,Julio,7,18
Morelos,1999,Agosto,8,27
Morelos,1999,Septiembre,9,13
Morelos,1999,Octubre,10,23
Morelos,1999,Noviembre,11,18
Morelos,1999,Diciembre,12,20
Morelos,2000,Enero,1,16
Morelos,2000,Febrero,2,25
Morelos,2000,Marzo,3,21
Morelos,2000,Abril,4,15
Morelos,2000,Mayo,5,20
Morelos,2000,Junio,6,18
Morelos,2000,Julio,7,25
Morelos,2000,Agosto,8,14
Morelos,2000,Septiembre,9,16
Morelos,2000,Octubre,10,27
Morelos,2000,Noviembre,11,11
Morelos,2000,Diciembre,12,24
Morelos,2001,Enero,1,14
Morelos,2001,Febrero,2,22
Morelos,2001,Marzo,3,15
Morelos,2001,Abril,4,15
Morelos,2001,Mayo,5,21
Morelos,2001,Junio,6,13
Morelos,2001,Julio,7,17
Morelos,2001,Agosto,8,16
Morelos,2001,Septiembre,9,23
Morelos,2001,Octubre,10,18
Morelos,2001,Noviembre,11,17
Morelos,2001,Diciembre,12,16
Morelos,2002,Enero,1,13
Morelos,2002,Febrero,2,14
Morelos,2002,Marzo,3,18
Morelos,2002,Abril,4,20
Morelos,2002,Mayo,5,11
Morelos,2002,Junio,6,14
Morelos,2002,Julio,7,15
Morelos,2002,Agosto,8,16
Morelos,2002,Septiembre,9,9
Morelos,2002,Octubre,10,14
Morelos,2002,Noviembre,11,17
Morelos,2002,Diciembre,12,12
Morelos,2003,Enero,1,16
Morelos,2003,Febrero,2,4
Morelos,2003,Marzo,3,26
Morelos,2003,Abril,4,15
Morelos,2003,Mayo,5,19
Morelos,2003,Junio,6,12
Morelos,2003,Julio,7,14
Morelos,2003,Agosto,8,13
Morelos,2003,Septiembre,9,14
Morelos,2003,Octubre,10,9
Morelos,2003,Noviembre,11,12
Morelos,2003,Diciembre,12,10
Morelos,2004,Enero,1,17
Morelos,2004,Febrero,2,10
Morelos,2004,Marzo,3,17
Morelos,2004,Abril,4,10
Morelos,2004,Mayo,5,20
Morelos,2004,Junio,6,13
Morelos,2004,Julio,7,12
Morelos,2004,Agosto,8,15
Morelos,2004,Septiembre,9,11
Morelos,2004,Octubre,10,11
Morelos,2004,Noviembre,11,7
Morelos,2004,Diciembre,12,12
Morelos,2005,Enero,1,11
Morelos,2005,Febrero,2,15
Morelos,2005,Marzo,3,11
Morelos,2005,Abril,4,8
Morelos,2005,Mayo,5,13
Morelos,2005,Junio,6,17
Morelos,2005,Julio,7,6
Morelos,2005,Agosto,8,7
Morelos,2005,Septiembre,9,8
Morelos,2005,Octubre,10,12
Morelos,2005,Noviembre,11,12
Morelos,2005,Diciembre,12,7
Morelos,2006,Enero,1,20
Morelos,2006,Febrero,2,3
Morelos,2006,Marzo,3,15
Morelos,2006,Abril,4,13
Morelos,2006,Mayo,5,16
Morelos,2006,Junio,6,13
Morelos,2006,Julio,7,13
Morelos,2006,Agosto,8,11
Morelos,2006,Septiembre,9,9
Morelos,2006,Octubre,10,5
Morelos,2006,Noviembre,11,9
Morelos,2006,Diciembre,12,8
Morelos,2007,Enero,1,3
Morelos,2007,Febrero,2,7
Morelos,2007,Marzo,3,1
Morelos,2007,Abril,4,13
Morelos,2007,Mayo,5,9
Morelos,2007,Junio,6,19
Morelos,2007,Julio,7,11
Morelos,2007,Agosto,8,11
Morelos,2007,Septiembre,9,11
Morelos,2007,Octubre,10,14
Morelos,2007,Noviembre,11,13
Morelos,2007,Diciembre,12,12
Morelos,2008,Enero,1,15
Morelos,2008,Febrero,2,6
Morelos,2008,Marzo,3,25
Morelos,2008,Abril,4,14
Morelos,2008,Mayo,5,21
Morelos,2008,Junio,6,26
Morelos,2008,Julio,7,15
Morelos,2008,Agosto,8,17
Morelos,2008,Septiembre,9,23
Morelos,2008,Octubre,10,15
Morelos,2008,Noviembre,11,15
Morelos,2008,Diciembre,12,18
Morelos,2009,Enero,1,18
Morelos,2009,Febrero,2,17
Morelos,2009,Marzo,3,18
Morelos,2009,Abril,4,10
Morelos,2009,Mayo,5,19
Morelos,2009,Junio,6,17
Morelos,2009,Julio,7,24
Morelos,2009,Agosto,8,25
Morelos,2009,Septiembre,9,36
Morelos,2009,Octubre,10,30
Morelos,2009,Noviembre,11,15
Morelos,2009,Diciembre,12,28
Morelos,2010,Enero,1,13
Morelos,2010,Febrero,2,25
Morelos,2010,Marzo,3,27
Morelos,2010,Abril,4,52
Morelos,2010,Mayo,5,25
Morelos,2010,Junio,6,48
Morelos,2010,Julio,7,45
Morelos,2010,Agosto,8,72
Morelos,2010,Septiembre,9,63
Morelos,2010,Octubre,10,44
Morelos,2010,Noviembre,11,40
Morelos,2010,Diciembre,12,29
Morelos,2011,Enero,1,32
Morelos,2011,Febrero,2,35
Morelos,2011,Marzo,3,46
Morelos,2011,Abril,4,35
Morelos,2011,Mayo,5,29
Morelos,2011,Junio,6,32
Morelos,2011,Julio,7,24
Morelos,2011,Agosto,8,37
Morelos,2011,Septiembre,9,41
Morelos,2011,Octubre,10,36
Morelos,2011,Noviembre,11,42
Morelos,2011,Diciembre,12,57
Morelos,2012,Enero,1,35
Morelos,2012,Febrero,2,46
Morelos,2012,Marzo,3,48
Morelos,2012,Abril,4,57
Morelos,2012,Mayo,5,55
Morelos,2012,Junio,6,62
Morelos,2012,Julio,7,82
Morelos,2012,Agosto,8,66
Morelos,2012,Septiembre,9,75
Morelos,2012,Octubre,10,55
Morelos,2012,Noviembre,11,41
Morelos,2012,Diciembre,12,47
Morelos,2013,Enero,1,42
Morelos,2013,Febrero,2,55
Morelos,2013,Marzo,3,54
Morelos,2013,Abril,4,54
Morelos,2013,Mayo,5,55
Morelos,2013,Junio,6,59
Morelos,2013,Julio,7,58
Morelos,2013,Agosto,8,38
Morelos,2013,Septiembre,9,54
Morelos,2013,Octubre,10,48
Morelos,2013,Noviembre,11,47
Morelos,2013,Diciembre,12,53
Morelos,2014,Enero,1,46
Morelos,2014,Febrero,2,42
Morelos,2014,Marzo,3,46
Morelos,2014,Abril,4,39
Morelos,2014,Mayo,5,28
Morelos,2014,Junio,6,28
Morelos,2014,Julio,7,34
Morelos,2014,Agosto,8,28
Morelos,2014,Septiembre,9,34
Morelos,2014,Octubre,10,29
Morelos,2014,Noviembre,11,28
Morelos,2014,Diciembre,12,33
Morelos,2015,Enero,1,29
Morelos,2015,Febrero,2,35
Morelos,2015,Marzo,3,47
Morelos,2015,Abril,4,35
Morelos,2015,Mayo,5,35
Morelos,2015,Junio,6,23
Morelos,2015,Julio,7,41
Morelos,2015,Agosto,8,37
Morelos,2015,Septiembre,9,42
Morelos,2015,Octubre,10,35
Morelos,2015,Noviembre,11,46
Morelos,2015,Diciembre,12,46
Morelos,2016,Enero,1,44
Morelos,2016,Febrero,2,40
Morelos,2016,Marzo,3,45
Morelos,2016,Abril,4,40
Morelos,2016,Mayo,5,58
Morelos,2016,Junio,6,58
Morelos,2016,Julio,7,56
Morelos,2016,Agosto,8,61
Morelos,2016,Septiembre,9,54
Morelos,2016,Octubre,10,62
Morelos,2016,Noviembre,11,60
Morelos,2016,Diciembre,12,67
Morelos,2017,Enero,1,57
Morelos,2017,Febrero,2,68
Morelos,2017,Marzo,3,55
Morelos,2017,Abril,4,60
Morelos,2017,Mayo,5,60
Morelos,2017,Junio,6,45
Morelos,2017,Julio,7,47
Morelos,2017,Agosto,8,57
Morelos,2017,Septiembre,9,60
Morelos,2017,Octubre,10,36
Morelos,2017,Noviembre,11,40
Morelos,2017,Diciembre,12,55
Morelos,2018,Enero,1,67
Morelos,2018,Febrero,2,70
Morelos,2018,Marzo,3,60
Morelos,2018,Abril,4,61
Morelos,2018,Mayo,5,69
Morelos,2018,Junio,6,52
Morelos,2018,Julio,7,82
Morelos,2018,Agosto,8,56
Morelos,2018,Septiembre,9,74
Morelos,2018,Octubre,10,75
Morelos,2018,Noviembre,11,76
Morelos,2018,Diciembre,12,77
Morelos,2019,Enero,1,85
Morelos,2019,Febrero,2,91
Morelos,2019,Marzo,3,98
Morelos,2019,Abril,4,85
Morelos,2019,Mayo,5,77
Morelos,2019,Junio,6,86
Morelos,2019,Julio,7,67
Morelos,2019,Agosto,8,95
Morelos,2019,Septiembre,9,96
Morelos,2019,Octubre,10,95
Morelos,2019,Noviembre,11,98
Morelos,2019,Diciembre,12,71
Morelos,2020,Enero,1,65
Morelos,2020,Febrero,2,82
Morelos,2020,Marzo,3,99
Morelos,2020,Abril,4,91
Morelos,2020,Mayo,5,81
Morelos,2020,Junio,6,76
Morelos,2020,Julio,7,85
Morelos,2020,Agosto,8,76
Morelos,2020,Septiembre,9,87
Morelos,2020,Octubre,10,86
Morelos,2020,Noviembre,11,70
Morelos,2020,Diciembre,12,85
Morelos,2021,Enero,1,82
Morelos,2021,Febrero,2,59
Morelos,2021,Marzo,3,97
Morelos,2021,Abril,4,107
Morelos,2021,Mayo,5,111
Morelos,2021,Junio,6,103
Morelos,2021,Julio,7,93
Morelos,2021,Agosto,8,78
Morelos,2021,Septiembre,9,101
Morelos,2021,Octubre,10,112
Morelos,2021,Noviembre,11,108
Morelos,2021,Diciembre,12,94
Morelos,2022,Enero,1,77
Morelos,2022,Febrero,2,63
Morelos,2022,Marzo,3,103
Morelos,2022,Abril,4,129
Morelos,2022,Mayo,5,108
Morelos,2022,Junio,6,79
Morelos,2022,Julio,7,99
Morelos,2022,Agosto,8,84
Morelos,2022,Septiembre,9,108
Morelos,2022,Octubre,10,113
Morelos,2022,Noviembre,11,108
Morelos,2022,Diciembre,12,103
Morelos,2023,Enero,1,107
Morelos,2023,Febrero,2,109
Morelos,2023,Marzo,3,130
Morelos,2023,Abril,4,112
Morelos,2023,Mayo,5,115
Morelos,2023,Junio,6,110
Morelos,2023,Julio,7,114
Morelos,2023,Agosto,8,159
Morelos,2023,Septiembre,9,138
Morelos,2023,Octubre,10,151
Morelos,2023,Noviembre,11,153
Morelos,2023,Diciembre,12,147
Morelos,2024,Enero,1,129
Morelos,2024,Febrero,2,141
Morelos,2024,Marzo,3,144
Morelos,2024,Abril,4,170
Morelos,2024,Mayo,5,151
Morelos,2024,Junio,6,144
Morelos,2024,Julio,7,109
Morelos,2024,Agosto,8,98
Morelos,2024,Septiembre,9,107
Morelos,2024,Octubre,10,109
Morelos,2024,Noviembre,11,123
Morelos,2024,Diciembre,12,105
M�xico,1990,Enero,1,288
M�xico,1990,Febrero,2,240
M�xico,1990,Marzo,3,264
M�xico,1990,Abril,4,177
M�xico,1990,Mayo,5,251
M�xico,1990,Junio,6,258
M�xico,1990,Julio,7,318
M�xico,1990,Agosto,8,300
M�xico,1990,Septiembre,9,324
M�xico,1990,Octubre,10,310
M�xico,1990,Noviembre,11,322
M�xico,1990,Diciembre,12,336
M�xico,1991,Enero,1,260
M�xico,1991,Febrero,2,274
M�xico,1991,Marzo,3,243
M�xico,1991,Abril,4,332
M�xico,1991,Mayo,5,311
M�xico,1991,Junio,6,283
M�xico,1991,Julio,7,308
M�xico,1991,Agosto,8,256
M�xico,1991,Septiembre,9,306
M�xico,1991,Octubre,10,263
M�xico,1991,Noviembre,11,244
M�xico,1991,Diciembre,12,334
M�xico,1992,Enero,1,236
M�xico,1992,Febrero,2,279
M�xico,1992,Marzo,3,314
M�xico,1992,Abril,4,280
M�xico,1992,Mayo,5,261
M�xico,1992,Junio,6,287
M�xico,1992,Julio,7,255
M�xico,1992,Agosto,8,239
M�xico,1992,Septiembre,9,291
M�xico,1992,Octubre,10,280
M�xico,1992,Noviembre,11,279
M�xico,1992,Diciembre,12,328
M�xico,1993,Enero,1,269
M�xico,1993,Febrero,2,277
M�xico,1993,Marzo,3,276
M�xico,1993,Abril,4,266
M�xico,1993,Mayo,5,340
M�xico,1993,Junio,6,277
M�xico,1993,Julio,7,251
M�xico,1993,Agosto,8,247
M�xico,1993,Septiembre,9,266
M�xico,1993,Octubre,10,281
M�xico,1993,Noviembre,11,272
M�xico,1993,Diciembre,12,324
M�xico,1994,Enero,1,316
M�xico,1994,Febrero,2,269
M�xico,1994,Marzo,3,264
M�xico,1994,Abril,4,232
M�xico,1994,Mayo,5,255
M�xico,1994,Junio,6,211
M�xico,1994,Julio,7,249
M�xico,1994,Agosto,8,259
M�xico,1994,Septiembre,9,253
M�xico,1994,Octubre,10,269
M�xico,1994,Noviembre,11,264
M�xico,1994,Diciembre,12,291
M�xico,1995,Enero,1,239
M�xico,1995,Febrero,2,190
M�xico,1995,Marzo,3,212
M�xico,1995,Abril,4,214
M�xico,1995,Mayo,5,247
M�xico,1995,Junio,6,253
M�xico,1995,Julio,7,205
M�xico,1995,Agosto,8,224
M�xico,1995,Septiembre,9,228
M�xico,1995,Octubre,10,232
M�xico,1995,Noviembre,11,213
M�xico,1995,Diciembre,12,241
M�xico,1996,Enero,1,246
M�xico,1996,Febrero,2,223
M�xico,1996,Marzo,3,235
M�xico,1996,Abril,4,242
M�xico,1996,Mayo,5,268
M�xico,1996,Junio,6,212
M�xico,1996,Julio,7,229
M�xico,1996,Agosto,8,209
M�xico,1996,Septiembre,9,221
M�xico,1996,Octubre,10,202
M�xico,1996,Noviembre,11,167
M�xico,1996,Diciembre,12,274
M�xico,1997,Enero,1,205
M�xico,1997,Febrero,2,189
M�xico,1997,Marzo,3,241
M�xico,1997,Abril,4,178
M�xico,1997,Mayo,5,212
M�xico,1997,Junio,6,202
M�xico,1997,Julio,7,169
M�xico,1997,Agosto,8,190
M�xico,1997,Septiembre,9,180
M�xico,1997,Octubre,10,224
M�xico,1997,Noviembre,11,167
M�xico,1997,Diciembre,12,280
M�xico,1998,Enero,1,189
M�xico,1998,Febrero,2,192
M�xico,1998,Marzo,3,199
M�xico,1998,Abril,4,207
M�xico,1998,Mayo,5,204
M�xico,1998,Junio,6,177
M�xico,1998,Julio,7,189
M�xico,1998,Agosto,8,194
M�xico,1998,Septiembre,9,176
M�xico,1998,Octubre,10,196
M�xico,1998,Noviembre,11,183
M�xico,1998,Diciembre,12,227
M�xico,1999,Enero,1,172
M�xico,1999,Febrero,2,182
M�xico,1999,Marzo,3,204
M�xico,1999,Abril,4,188
M�xico,1999,Mayo,5,173
M�xico,1999,Junio,6,155
M�xico,1999,Julio,7,175
M�xico,1999,Agosto,8,158
M�xico,1999,Septiembre,9,159
M�xico,1999,Octubre,10,161
M�xico,1999,Noviembre,11,159
M�xico,1999,Diciembre,12,220
M�xico,2000,Enero,1,169
M�xico,2000,Febrero,2,163
M�xico,2000,Marzo,3,183
M�xico,2000,Abril,4,172
M�xico,2000,Mayo,5,171
M�xico,2000,Junio,6,129
M�xico,2000,Julio,7,182
M�xico,2000,Agosto,8,161
M�xico,2000,Septiembre,9,195
M�xico,2000,Octubre,10,135
M�xico,2000,Noviembre,11,153
M�xico,2000,Diciembre,12,206
M�xico,2001,Enero,1,173
M�xico,2001,Febrero,2,146
M�xico,2001,Marzo,3,152
M�xico,2001,Abril,4,149
M�xico,2001,Mayo,5,179
M�xico,2001,Junio,6,148
M�xico,2001,Julio,7,168
M�xico,2001,Agosto,8,174
M�xico,2001,Septiembre,9,154
M�xico,2001,Octubre,10,157
M�xico,2001,Noviembre,11,154
M�xico,2001,Diciembre,12,166
M�xico,2002,Enero,1,175
M�xico,2002,Febrero,2,159
M�xico,2002,Marzo,3,175
M�xico,2002,Abril,4,143
M�xico,2002,Mayo,5,153
M�xico,2002,Junio,6,142
M�xico,2002,Julio,7,184
M�xico,2002,Agosto,8,182
M�xico,2002,Septiembre,9,151
M�xico,2002,Octubre,10,137
M�xico,2002,Noviembre,11,167
M�xico,2002,Diciembre,12,176
M�xico,2003,Enero,1,167
M�xico,2003,Febrero,2,133
M�xico,2003,Marzo,3,163
M�xico,2003,Abril,4,180
M�xico,2003,Mayo,5,165
M�xico,2003,Junio,6,141
M�xico,2003,Julio,7,154
M�xico,2003,Agosto,8,130
M�xico,2003,Septiembre,9,157
M�xico,2003,Octubre,10,153
M�xico,2003,Noviembre,11,193
M�xico,2003,Diciembre,12,172
M�xico,2004,Enero,1,149
M�xico,2004,Febrero,2,154
M�xico,2004,Marzo,3,152
M�xico,2004,Abril,4,122
M�xico,2004,Mayo,5,169
M�xico,2004,Junio,6,135
M�xico,2004,Julio,7,151
M�xico,2004,Agosto,8,146
M�xico,2004,Septiembre,9,144
M�xico,2004,Octubre,10,135
M�xico,2004,Noviembre,11,138
M�xico,2004,Diciembre,12,125
M�xico,2005,Enero,1,186
M�xico,2005,Febrero,2,161
M�xico,2005,Marzo,3,162
M�xico,2005,Abril,4,159
M�xico,2005,Mayo,5,168
M�xico,2005,Junio,6,159
M�xico,2005,Julio,7,160
M�xico,2005,Agosto,8,181
M�xico,2005,Septiembre,9,169
M�xico,2005,Octubre,10,150
M�xico,2005,Noviembre,11,156
M�xico,2005,Diciembre,12,185
M�xico,2006,Enero,1,169
M�xico,2006,Febrero,2,166
M�xico,2006,Marzo,3,153
M�xico,2006,Abril,4,166
M�xico,2006,Mayo,5,172
M�xico,2006,Junio,6,145
M�xico,2006,Julio,7,137
M�xico,2006,Agosto,8,162
M�xico,2006,Septiembre,9,138
M�xico,2006,Octubre,10,102
M�xico,2006,Noviembre,11,110
M�xico,2006,Diciembre,12,120
M�xico,2007,Enero,1,112
M�xico,2007,Febrero,2,80
M�xico,2007,Marzo,3,115
M�xico,2007,Abril,4,102
M�xico,2007,Mayo,5,113
M�xico,2007,Junio,6,90
M�xico,2007,Julio,7,97
M�xico,2007,Agosto,8,93
M�xico,2007,Septiembre,9,117
M�xico,2007,Octubre,10,110
M�xico,2007,Noviembre,11,89
M�xico,2007,Diciembre,12,116
M�xico,2008,Enero,1,121
M�xico,2008,Febrero,2,117
M�xico,2008,Marzo,3,124
M�xico,2008,Abril,4,143
M�xico,2008,Mayo,5,109
M�xico,2008,Junio,6,105
M�xico,2008,Julio,7,140
M�xico,2008,Agosto,8,137
M�xico,2008,Septiembre,9,152
M�xico,2008,Octubre,10,147
M�xico,2008,Noviembre,11,132
M�xico,2008,Diciembre,12,144
M�xico,2009,Enero,1,143
M�xico,2009,Febrero,2,146
M�xico,2009,Marzo,3,158
M�xico,2009,Abril,4,150
M�xico,2009,Mayo,5,162
M�xico,2009,Junio,6,138
M�xico,2009,Julio,7,155
M�xico,2009,Agosto,8,142
M�xico,2009,Septiembre,9,144
M�xico,2009,Octubre,10,149
M�xico,2009,Noviembre,11,141
M�xico,2009,Diciembre,12,182
M�xico,2010,Enero,1,160
M�xico,2010,Febrero,2,139
M�xico,2010,Marzo,3,158
M�xico,2010,Abril,4,195
M�xico,2010,Mayo,5,185
M�xico,2010,Junio,6,163
M�xico,2010,Julio,7,135
M�xico,2010,Agosto,8,186
M�xico,2010,Septiembre,9,178
M�xico,2010,Octubre,10,173
M�xico,2010,Noviembre,11,181
M�xico,2010,Diciembre,12,197
M�xico,2011,Enero,1,213
M�xico,2011,Febrero,2,207
M�xico,2011,Marzo,3,219
M�xico,2011,Abril,4,198
M�xico,2011,Mayo,5,201
M�xico,2011,Junio,6,197
M�xico,2011,Julio,7,201
M�xico,2011,Agosto,8,204
M�xico,2011,Septiembre,9,217
M�xico,2011,Octubre,10,220
M�xico,2011,Noviembre,11,202
M�xico,2011,Diciembre,12,229
M�xico,2012,Enero,1,228
M�xico,2012,Febrero,2,202
M�xico,2012,Marzo,3,226
M�xico,2012,Abril,4,206
M�xico,2012,Mayo,5,229
M�xico,2012,Junio,6,231
M�xico,2012,Julio,7,226
M�xico,2012,Agosto,8,257
M�xico,2012,Septiembre,9,241
M�xico,2012,Octubre,10,239
M�xico,2012,Noviembre,11,246
M�xico,2012,Diciembre,12,266
M�xico,2013,Enero,1,325
M�xico,2013,Febrero,2,252
M�xico,2013,Marzo,3,278
M�xico,2013,Abril,4,261
M�xico,2013,Mayo,5,255
M�xico,2013,Junio,6,238
M�xico,2013,Julio,7,249
M�xico,2013,Agosto,8,251
M�xico,2013,Septiembre,9,278
M�xico,2013,Octubre,10,267
M�xico,2013,Noviembre,11,247
M�xico,2013,Diciembre,12,272
M�xico,2014,Enero,1,236
M�xico,2014,Febrero,2,228
M�xico,2014,Marzo,3,263
M�xico,2014,Abril,4,227
M�xico,2014,Mayo,5,235
M�xico,2014,Junio,6,176
M�xico,2014,Julio,7,261
M�xico,2014,Agosto,8,261
M�xico,2014,Septiembre,9,233
M�xico,2014,Octubre,10,214
M�xico,2014,Noviembre,11,178
M�xico,2014,Diciembre,12,292
M�xico,2015,Enero,1,207
M�xico,2015,Febrero,2,201
M�xico,2015,Marzo,3,225
M�xico,2015,Abril,4,241
M�xico,2015,Mayo,5,218
M�xico,2015,Junio,6,216
M�xico,2015,Julio,7,194
M�xico,2015,Agosto,8,219
M�xico,2015,Septiembre,9,236
M�xico,2015,Octubre,10,203
M�xico,2015,Noviembre,11,198
M�xico,2015,Diciembre,12,257
M�xico,2016,Enero,1,199
M�xico,2016,Febrero,2,180
M�xico,2016,Marzo,3,231
M�xico,2016,Abril,4,230
M�xico,2016,Mayo,5,259
M�xico,2016,Junio,6,204
M�xico,2016,Julio,7,233
M�xico,2016,Agosto,8,224
M�xico,2016,Septiembre,9,221
M�xico,2016,Octubre,10,223
M�xico,2016,Noviembre,11,229
M�xico,2016,Diciembre,12,261
M�xico,2017,Enero,1,233
M�xico,2017,Febrero,2,207
M�xico,2017,Marzo,3,261
M�xico,2017,Abril,4,239
M�xico,2017,Mayo,5,287
M�xico,2017,Junio,6,242
M�xico,2017,Julio,7,249
M�xico,2017,Agosto,8,234
M�xico,2017,Septiembre,9,266
M�xico,2017,Octubre,10,255
M�xico,2017,Noviembre,11,242
M�xico,2017,Diciembre,12,273
M�xico,2018,Enero,1,261
M�xico,2018,Febrero,2,216
M�xico,2018,Marzo,3,262
M�xico,2018,Abril,4,240
M�xico,2018,Mayo,5,254
M�xico,2018,Junio,6,237
M�xico,2018,Julio,7,275
M�xico,2018,Agosto,8,252
M�xico,2018,Septiembre,9,217
M�xico,2018,Octubre,10,304
M�xico,2018,Noviembre,11,277
M�xico,2018,Diciembre,12,294
M�xico,2019,Enero,1,285
M�xico,2019,Febrero,2,245
M�xico,2019,Marzo,3,254
M�xico,2019,Abril,4,285
M�xico,2019,Mayo,5,252
M�xico,2019,Junio,6,229
M�xico,2019,Julio,7,282
M�xico,2019,Agosto,8,264
M�xico,2019,Septiembre,9,242
M�xico,2019,Octubre,10,236
M�xico,2019,Noviembre,11,279
M�xico,2019,Diciembre,12,300
M�xico,2020,Enero,1,218
M�xico,2020,Febrero,2,256
M�xico,2020,Marzo,3,304
M�xico,2020,Abril,4,275
M�xico,2020,Mayo,5,229
M�xico,2020,Junio,6,235
M�xico,2020,Julio,7,240
M�xico,2020,Agosto,8,218
M�xico,2020,Septiembre,9,241
M�xico,2020,Octubre,10,258
M�xico,2020,Noviembre,11,226
M�xico,2020,Diciembre,12,230
M�xico,2021,Enero,1,182
M�xico,2021,Febrero,2,219
M�xico,2021,Marzo,3,262
M�xico,2021,Abril,4,221
M�xico,2021,Mayo,5,269
M�xico,2021,Junio,6,206
M�xico,2021,Julio,7,224
M�xico,2021,Agosto,8,269
M�xico,2021,Septiembre,9,279
M�xico,2021,Octubre,10,264
M�xico,2021,Noviembre,11,270
M�xico,2021,Diciembre,12,286
M�xico,2022,Enero,1,257
M�xico,2022,Febrero,2,199
M�xico,2022,Marzo,3,303
M�xico,2022,Abril,4,283
M�xico,2022,Mayo,5,271
M�xico,2022,Junio,6,251
M�xico,2022,Julio,7,273
M�xico,2022,Agosto,8,260
M�xico,2022,Septiembre,9,270
M�xico,2022,Octubre,10,263
M�xico,2022,Noviembre,11,238
M�xico,2022,Diciembre,12,256
M�xico,2023,Enero,1,230
M�xico,2023,Febrero,2,219
M�xico,2023,Marzo,3,223
M�xico,2023,Abril,4,219
M�xico,2023,Mayo,5,223
M�xico,2023,Junio,6,241
M�xico,2023,Julio,7,253
M�xico,2023,Agosto,8,213
M�xico,2023,Septiembre,9,258
M�xico,2023,Octubre,10,218
M�xico,2023,Noviembre,11,243
M�xico,2023,Diciembre,12,239
M�xico,2024,Enero,1,207
M�xico,2024,Febrero,2,238
M�xico,2024,Marzo,3,248
M�xico,2024,Abril,4,257
M�xico,2024,Mayo,5,277
M�xico,2024,Junio,6,226
M�xico,2024,Julio,7,216
M�xico,2024,Agosto,8,268
M�xico,2024,Septiembre,9,276
M�xico,2024,Octubre,10,254
M�xico,2024,Noviembre,11,255
M�xico,2024,Diciembre,12,271
Nayarit,1990,Enero,1,15
Nayarit,1990,Febrero,2,25
Nayarit,1990,Marzo,3,15
Nayarit,1990,Abril,4,21
Nayarit,1990,Mayo,5,25
Nayarit,1990,Junio,6,20
Nayarit,1990,Julio,7,14
Nayarit,1990,Agosto,8,20
Nayarit,1990,Septiembre,9,19
Nayarit,1990,Octubre,10,16
Nayarit,1990,Noviembre,11,31
Nayarit,1990,Diciembre,12,19
Nayarit,1991,Enero,1,17
Nayarit,1991,Febrero,2,21
Nayarit,1991,Marzo,3,24
Nayarit,1991,Abril,4,23
Nayarit,1991,Mayo,5,13
Nayarit,1991,Junio,6,15
Nayarit,1991,Julio,7,33
Nayarit,1991,Agosto,8,6
Nayarit,1991,Septiembre,9,13
Nayarit,1991,Octubre,10,24
Nayarit,1991,Noviembre,11,19
Nayarit,1991,Diciembre,12,22
Nayarit,1992,Enero,1,27
Nayarit,1992,Febrero,2,15
Nayarit,1992,Marzo,3,13
Nayarit,1992,Abril,4,27
Nayarit,1992,Mayo,5,22
Nayarit,1992,Junio,6,23
Nayarit,1992,Julio,7,17
Nayarit,1992,Agosto,8,24
Nayarit,1992,Septiembre,9,15
Nayarit,1992,Octubre,10,16
Nayarit,1992,Noviembre,11,24
Nayarit,1992,Diciembre,12,25
Nayarit,1993,Enero,1,20
Nayarit,1993,Febrero,2,20
Nayarit,1993,Marzo,3,15
Nayarit,1993,Abril,4,13
Nayarit,1993,Mayo,5,11
Nayarit,1993,Junio,6,8
Nayarit,1993,Julio,7,20
Nayarit,1993,Agosto,8,26
Nayarit,1993,Septiembre,9,18
Nayarit,1993,Octubre,10,26
Nayarit,1993,Noviembre,11,28
Nayarit,1993,Diciembre,12,41
Nayarit,1994,Enero,1,25
Nayarit,1994,Febrero,2,23
Nayarit,1994,Marzo,3,29
Nayarit,1994,Abril,4,21
Nayarit,1994,Mayo,5,27
Nayarit,1994,Junio,6,30
Nayarit,1994,Julio,7,19
Nayarit,1994,Agosto,8,24
Nayarit,1994,Septiembre,9,20
Nayarit,1994,Octubre,10,12
Nayarit,1994,Noviembre,11,19
Nayarit,1994,Diciembre,12,21
Nayarit,1995,Enero,1,26
Nayarit,1995,Febrero,2,22
Nayarit,1995,Marzo,3,19
Nayarit,1995,Abril,4,16
Nayarit,1995,Mayo,5,14
Nayarit,1995,Junio,6,19
Nayarit,1995,Julio,7,9
Nayarit,1995,Agosto,8,14
Nayarit,1995,Septiembre,9,15
Nayarit,1995,Octubre,10,15
Nayarit,1995,Noviembre,11,15
Nayarit,1995,Diciembre,12,7
Nayarit,1996,Enero,1,12
Nayarit,1996,Febrero,2,14
Nayarit,1996,Marzo,3,11
Nayarit,1996,Abril,4,14
Nayarit,1996,Mayo,5,15
Nayarit,1996,Junio,6,11
Nayarit,1996,Julio,7,9
Nayarit,1996,Agosto,8,7
Nayarit,1996,Septiembre,9,10
Nayarit,1996,Octubre,10,9
Nayarit,1996,Noviembre,11,6
Nayarit,1996,Diciembre,12,5
Nayarit,1997,Enero,1,24
Nayarit,1997,Febrero,2,13
Nayarit,1997,Marzo,3,15
Nayarit,1997,Abril,4,11
Nayarit,1997,Mayo,5,15
Nayarit,1997,Junio,6,9
Nayarit,1997,Julio,7,11
Nayarit,1997,Agosto,8,12
Nayarit,1997,Septiembre,9,12
Nayarit,1997,Octubre,10,4
Nayarit,1997,Noviembre,11,14
Nayarit,1997,Diciembre,12,14
Nayarit,1998,Enero,1,10
Nayarit,1998,Febrero,2,8
Nayarit,1998,Marzo,3,10
Nayarit,1998,Abril,4,10
Nayarit,1998,Mayo,5,13
Nayarit,1998,Junio,6,14
Nayarit,1998,Julio,7,9
Nayarit,1998,Agosto,8,6
Nayarit,1998,Septiembre,9,11
Nayarit,1998,Octubre,10,11
Nayarit,1998,Noviembre,11,14
Nayarit,1998,Diciembre,12,12
Nayarit,1999,Enero,1,9
Nayarit,1999,Febrero,2,6
Nayarit,1999,Marzo,3,11
Nayarit,1999,Abril,4,11
Nayarit,1999,Mayo,5,16
Nayarit,1999,Junio,6,17
Nayarit,1999,Julio,7,6
Nayarit,1999,Agosto,8,14
Nayarit,1999,Septiembre,9,8
Nayarit,1999,Octubre,10,11
Nayarit,1999,Noviembre,11,9
Nayarit,1999,Diciembre,12,5
Nayarit,2000,Enero,1,8
Nayarit,2000,Febrero,2,13
Nayarit,2000,Marzo,3,6
Nayarit,2000,Abril,4,11
Nayarit,2000,Mayo,5,10
Nayarit,2000,Junio,6,10
Nayarit,2000,Julio,7,9
Nayarit,2000,Agosto,8,6
Nayarit,2000,Septiembre,9,4
Nayarit,2000,Octubre,10,6
Nayarit,2000,Noviembre,11,16
Nayarit,2000,Diciembre,12,10
Nayarit,2001,Enero,1,7
Nayarit,2001,Febrero,2,3
Nayarit,2001,Marzo,3,8
Nayarit,2001,Abril,4,10
Nayarit,2001,Mayo,5,9
Nayarit,2001,Junio,6,15
Nayarit,2001,Julio,7,12
Nayarit,2001,Agosto,8,11
Nayarit,2001,Septiembre,9,6
Nayarit,2001,Octubre,10,9
Nayarit,2001,Noviembre,11,8
Nayarit,2001,Diciembre,12,14
Nayarit,2002,Enero,1,7
Nayarit,2002,Febrero,2,13
Nayarit,2002,Marzo,3,5
Nayarit,2002,Abril,4,13
Nayarit,2002,Mayo,5,18
Nayarit,2002,Junio,6,6
Nayarit,2002,Julio,7,23
Nayarit,2002,Agosto,8,18
Nayarit,2002,Septiembre,9,14
Nayarit,2002,Octubre,10,10
Nayarit,2002,Noviembre,11,13
Nayarit,2002,Diciembre,12,11
Nayarit,2003,Enero,1,14
Nayarit,2003,Febrero,2,5
Nayarit,2003,Marzo,3,7
Nayarit,2003,Abril,4,12
Nayarit,2003,Mayo,5,9
Nayarit,2003,Junio,6,6
Nayarit,2003,Julio,7,9
Nayarit,2003,Agosto,8,7
Nayarit,2003,Septiembre,9,13
Nayarit,2003,Octubre,10,3
Nayarit,2003,Noviembre,11,12
Nayarit,2003,Diciembre,12,7
Nayarit,2004,Enero,1,12
Nayarit,2004,Febrero,2,7
Nayarit,2004,Marzo,3,6
Nayarit,2004,Abril,4,9
Nayarit,2004,Mayo,5,11
Nayarit,2004,Junio,6,19
Nayarit,2004,Julio,7,9
Nayarit,2004,Agosto,8,9
Nayarit,2004,Septiembre,9,12
Nayarit,2004,Octubre,10,10
Nayarit,2004,Noviembre,11,15
Nayarit,2004,Diciembre,12,15
Nayarit,2005,Enero,1,8
Nayarit,2005,Febrero,2,11
Nayarit,2005,Marzo,3,7
Nayarit,2005,Abril,4,9
Nayarit,2005,Mayo,5,6
Nayarit,2005,Junio,6,11
Nayarit,2005,Julio,7,6
Nayarit,2005,Agosto,8,17
Nayarit,2005,Septiembre,9,11
Nayarit,2005,Octubre,10,17
Nayarit,2005,Noviembre,11,20
Nayarit,2005,Diciembre,12,5
Nayarit,2006,Enero,1,15
Nayarit,2006,Febrero,2,2
Nayarit,2006,Marzo,3,9
Nayarit,2006,Abril,4,7
Nayarit,2006,Mayo,5,7
Nayarit,2006,Junio,6,10
Nayarit,2006,Julio,7,8
Nayarit,2006,Agosto,8,10
Nayarit,2006,Septiembre,9,5
Nayarit,2006,Octubre,10,11
Nayarit,2006,Noviembre,11,9
Nayarit,2006,Diciembre,12,10
Nayarit,2007,Enero,1,5
Nayarit,2007,Febrero,2,9
Nayarit,2007,Marzo,3,3
Nayarit,2007,Abril,4,10
Nayarit,2007,Mayo,5,8
Nayarit,2007,Junio,6,7
Nayarit,2007,Julio,7,10
Nayarit,2007,Agosto,8,9
Nayarit,2007,Septiembre,9,9
Nayarit,2007,Octubre,10,14
Nayarit,2007,Noviembre,11,12
Nayarit,2007,Diciembre,12,9
Nayarit,2008,Enero,1,10
Nayarit,2008,Febrero,2,3
Nayarit,2008,Marzo,3,10
Nayarit,2008,Abril,4,11
Nayarit,2008,Mayo,5,20
Nayarit,2008,Junio,6,9
Nayarit,2008,Julio,7,13
Nayarit,2008,Agosto,8,16
Nayarit,2008,Septiembre,9,6
Nayarit,2008,Octubre,10,15
Nayarit,2008,Noviembre,11,22
Nayarit,2008,Diciembre,12,13
Nayarit,2009,Enero,1,15
Nayarit,2009,Febrero,2,17
Nayarit,2009,Marzo,3,17
Nayarit,2009,Abril,4,30
Nayarit,2009,Mayo,5,8
Nayarit,2009,Junio,6,17
Nayarit,2009,Julio,7,9
Nayarit,2009,Agosto,8,12
Nayarit,2009,Septiembre,9,14
Nayarit,2009,Octubre,10,17
Nayarit,2009,Noviembre,11,20
Nayarit,2009,Diciembre,12,14
Nayarit,2010,Enero,1,14
Nayarit,2010,Febrero,2,25
Nayarit,2010,Marzo,3,20
Nayarit,2010,Abril,4,36
Nayarit,2010,Mayo,5,38
Nayarit,2010,Junio,6,71
Nayarit,2010,Julio,7,57
Nayarit,2010,Agosto,8,56
Nayarit,2010,Septiembre,9,39
Nayarit,2010,Octubre,10,55
Nayarit,2010,Noviembre,11,61
Nayarit,2010,Diciembre,12,51
Nayarit,2011,Enero,1,50
Nayarit,2011,Febrero,2,33
Nayarit,2011,Marzo,3,65
Nayarit,2011,Abril,4,50
Nayarit,2011,Mayo,5,61
Nayarit,2011,Junio,6,52
Nayarit,2011,Julio,7,47
Nayarit,2011,Agosto,8,59
Nayarit,2011,Septiembre,9,45
Nayarit,2011,Octubre,10,38
Nayarit,2011,Noviembre,11,42
Nayarit,2011,Diciembre,12,34
Nayarit,2012,Enero,1,29
Nayarit,2012,Febrero,2,27
Nayarit,2012,Marzo,3,31
Nayarit,2012,Abril,4,19
Nayarit,2012,Mayo,5,31
Nayarit,2012,Junio,6,25
Nayarit,2012,Julio,7,20
Nayarit,2012,Agosto,8,21
Nayarit,2012,Septiembre,9,25
Nayarit,2012,Octubre,10,25
Nayarit,2012,Noviembre,11,14
Nayarit,2012,Diciembre,12,17
Nayarit,2013,Enero,1,24
Nayarit,2013,Febrero,2,18
Nayarit,2013,Marzo,3,28
Nayarit,2013,Abril,4,16
Nayarit,2013,Mayo,5,23
Nayarit,2013,Junio,6,14
Nayarit,2013,Julio,7,20
Nayarit,2013,Agosto,8,11
Nayarit,2013,Septiembre,9,19
Nayarit,2013,Octubre,10,20
Nayarit,2013,Noviembre,11,12
Nayarit,2013,Diciembre,12,15
Nayarit,2014,Enero,1,10
Nayarit,2014,Febrero,2,6
Nayarit,2014,Marzo,3,13
Nayarit,2014,Abril,4,14
Nayarit,2014,Mayo,5,19
Nayarit,2014,Junio,6,23
Nayarit,2014,Julio,7,8
Nayarit,2014,Agosto,8,18
Nayarit,2014,Septiembre,9,19
Nayarit,2014,Octubre,10,13
Nayarit,2014,Noviembre,11,14
Nayarit,2014,Diciembre,12,6
Nayarit,2015,Enero,1,14
Nayarit,2015,Febrero,2,4
Nayarit,2015,Marzo,3,7
Nayarit,2015,Abril,4,11
Nayarit,2015,Mayo,5,14
Nayarit,2015,Junio,6,14
Nayarit,2015,Julio,7,9
Nayarit,2015,Agosto,8,25
Nayarit,2015,Septiembre,9,7
Nayarit,2015,Octubre,10,13
Nayarit,2015,Noviembre,11,12
Nayarit,2015,Diciembre,12,6
Nayarit,2016,Enero,1,10
Nayarit,2016,Febrero,2,7
Nayarit,2016,Marzo,3,6
Nayarit,2016,Abril,4,10
Nayarit,2016,Mayo,5,13
Nayarit,2016,Junio,6,12
Nayarit,2016,Julio,7,10
Nayarit,2016,Agosto,8,17
Nayarit,2016,Septiembre,9,16
Nayarit,2016,Octubre,10,18
Nayarit,2016,Noviembre,11,13
Nayarit,2016,Diciembre,12,9
Nayarit,2017,Enero,1,7
Nayarit,2017,Febrero,2,33
Nayarit,2017,Marzo,3,15
Nayarit,2017,Abril,4,17
Nayarit,2017,Mayo,5,18
Nayarit,2017,Junio,6,27
Nayarit,2017,Julio,7,24
Nayarit,2017,Agosto,8,42
Nayarit,2017,Septiembre,9,62
Nayarit,2017,Octubre,10,56
Nayarit,2017,Noviembre,11,63
Nayarit,2017,Diciembre,12,70
Nayarit,2018,Enero,1,39
Nayarit,2018,Febrero,2,28
Nayarit,2018,Marzo,3,57
Nayarit,2018,Abril,4,28
Nayarit,2018,Mayo,5,24
Nayarit,2018,Junio,6,32
Nayarit,2018,Julio,7,29
Nayarit,2018,Agosto,8,31
Nayarit,2018,Septiembre,9,32
Nayarit,2018,Octubre,10,30
Nayarit,2018,Noviembre,11,16
Nayarit,2018,Diciembre,12,21
Nayarit,2019,Enero,1,23
Nayarit,2019,Febrero,2,13
Nayarit,2019,Marzo,3,20
Nayarit,2019,Abril,4,15
Nayarit,2019,Mayo,5,14
Nayarit,2019,Junio,6,17
Nayarit,2019,Julio,7,19
Nayarit,2019,Agosto,8,16
Nayarit,2019,Septiembre,9,18
Nayarit,2019,Octubre,10,22
Nayarit,2019,Noviembre,11,14
Nayarit,2019,Diciembre,12,19
Nayarit,2020,Enero,1,15
Nayarit,2020,Febrero,2,18
Nayarit,2020,Marzo,3,11
Nayarit,2020,Abril,4,8
Nayarit,2020,Mayo,5,15
Nayarit,2020,Junio,6,15
Nayarit,2020,Julio,7,11
Nayarit,2020,Agosto,8,13
Nayarit,2020,Septiembre,9,15
Nayarit,2020,Octubre,10,30
Nayarit,2020,Noviembre,11,16
Nayarit,2020,Diciembre,12,12
Nayarit,2021,Enero,1,19
Nayarit,2021,Febrero,2,16
Nayarit,2021,Marzo,3,18
Nayarit,2021,Abril,4,17
Nayarit,2021,Mayo,5,12
Nayarit,2021,Junio,6,15
Nayarit,2021,Julio,7,17
Nayarit,2021,Agosto,8,13
Nayarit,2021,Septiembre,9,17
Nayarit,2021,Octubre,10,24
Nayarit,2021,Noviembre,11,17
Nayarit,2021,Diciembre,12,16
Nayarit,2022,Enero,1,18
Nayarit,2022,Febrero,2,18
Nayarit,2022,Marzo,3,20
Nayarit,2022,Abril,4,12
Nayarit,2022,Mayo,5,25
Nayarit,2022,Junio,6,16
Nayarit,2022,Julio,7,12
Nayarit,2022,Agosto,8,15
Nayarit,2022,Septiembre,9,11
Nayarit,2022,Octubre,10,12
Nayarit,2022,Noviembre,11,5
Nayarit,2022,Diciembre,12,25
Nayarit,2023,Enero,1,20
Nayarit,2023,Febrero,2,11
Nayarit,2023,Marzo,3,16
Nayarit,2023,Abril,4,10
Nayarit,2023,Mayo,5,14
Nayarit,2023,Junio,6,8
Nayarit,2023,Julio,7,7
Nayarit,2023,Agosto,8,13
Nayarit,2023,Septiembre,9,6
Nayarit,2023,Octubre,10,14
Nayarit,2023,Noviembre,11,13
Nayarit,2023,Diciembre,12,7
Nayarit,2024,Enero,1,10
Nayarit,2024,Febrero,2,9
Nayarit,2024,Marzo,3,9
Nayarit,2024,Abril,4,13
Nayarit,2024,Mayo,5,12
Nayarit,2024,Junio,6,7
Nayarit,2024,Julio,7,7
Nayarit,2024,Agosto,8,22
Nayarit,2024,Septiembre,9,16
Nayarit,2024,Octubre,10,21
Nayarit,2024,Noviembre,11,17
Nayarit,2024,Diciembre,12,31
Nuevo Le�n,1990,Enero,1,9
Nuevo Le�n,1990,Febrero,2,5
Nuevo Le�n,1990,Marzo,3,9
Nuevo Le�n,1990,Abril,4,12
Nuevo Le�n,1990,Mayo,5,5
Nuevo Le�n,1990,Junio,6,4
Nuevo Le�n,1990,Julio,7,7
Nuevo Le�n,1990,Agosto,8,4
Nuevo Le�n,1990,Septiembre,9,8
Nuevo Le�n,1990,Octubre,10,1
Nuevo Le�n,1990,Noviembre,11,2
Nuevo Le�n,1990,Diciembre,12,6
Nuevo Le�n,1991,Enero,1,15
Nuevo Le�n,1991,Febrero,2,4
Nuevo Le�n,1991,Marzo,3,5
Nuevo Le�n,1991,Abril,4,6
Nuevo Le�n,1991,Mayo,5,5
Nuevo Le�n,1991,Junio,6,2
Nuevo Le�n,1991,Julio,7,4
Nuevo Le�n,1991,Agosto,8,9
Nuevo Le�n,1991,Septiembre,9,9
Nuevo Le�n,1991,Octubre,10,13
Nuevo Le�n,1991,Noviembre,11,11
Nuevo Le�n,1991,Diciembre,12,7
Nuevo Le�n,1992,Enero,1,16
Nuevo Le�n,1992,Febrero,2,11
Nuevo Le�n,1992,Marzo,3,12
Nuevo Le�n,1992,Abril,4,17
Nuevo Le�n,1992,Mayo,5,13
Nuevo Le�n,1992,Junio,6,11
Nuevo Le�n,1992,Julio,7,10
Nuevo Le�n,1992,Agosto,8,10
Nuevo Le�n,1992,Septiembre,9,9
Nuevo Le�n,1992,Octubre,10,5
Nuevo Le�n,1992,Noviembre,11,10
Nuevo Le�n,1992,Diciembre,12,7
Nuevo Le�n,1993,Enero,1,14
Nuevo Le�n,1993,Febrero,2,9
Nuevo Le�n,1993,Marzo,3,11
Nuevo Le�n,1993,Abril,4,5
Nuevo Le�n,1993,Mayo,5,8
Nuevo Le�n,1993,Junio,6,7
Nuevo Le�n,1993,Julio,7,8
Nuevo Le�n,1993,Agosto,8,18
Nuevo Le�n,1993,Septiembre,9,6
Nuevo Le�n,1993,Octubre,10,7
Nuevo Le�n,1993,Noviembre,11,13
Nuevo Le�n,1993,Diciembre,12,14
Nuevo Le�n,1994,Enero,1,10
Nuevo Le�n,1994,Febrero,2,11
Nuevo Le�n,1994,Marzo,3,14
Nuevo Le�n,1994,Abril,4,8
Nuevo Le�n,1994,Mayo,5,16
Nuevo Le�n,1994,Junio,6,16
Nuevo Le�n,1994,Julio,7,19
Nuevo Le�n,1994,Agosto,8,14
Nuevo Le�n,1994,Septiembre,9,19
Nuevo Le�n,1994,Octubre,10,8
Nuevo Le�n,1994,Noviembre,11,7
Nuevo Le�n,1994,Diciembre,12,11
Nuevo Le�n,1995,Enero,1,5
Nuevo Le�n,1995,Febrero,2,11
Nuevo Le�n,1995,Marzo,3,13
Nuevo Le�n,1995,Abril,4,13
Nuevo Le�n,1995,Mayo,5,12
Nuevo Le�n,1995,Junio,6,16
Nuevo Le�n,1995,Julio,7,12
Nuevo Le�n,1995,Agosto,8,6
Nuevo Le�n,1995,Septiembre,9,12
Nuevo Le�n,1995,Octubre,10,5
Nuevo Le�n,1995,Noviembre,11,8
Nuevo Le�n,1995,Diciembre,12,12
Nuevo Le�n,1996,Enero,1,13
Nuevo Le�n,1996,Febrero,2,5
Nuevo Le�n,1996,Marzo,3,9
Nuevo Le�n,1996,Abril,4,9
Nuevo Le�n,1996,Mayo,5,12
Nuevo Le�n,1996,Junio,6,10
Nuevo Le�n,1996,Julio,7,4
Nuevo Le�n,1996,Agosto,8,10
Nuevo Le�n,1996,Septiembre,9,7
Nuevo Le�n,1996,Octubre,10,8
Nuevo Le�n,1996,Noviembre,11,6
Nuevo Le�n,1996,Diciembre,12,15
Nuevo Le�n,1997,Enero,1,4
Nuevo Le�n,1997,Febrero,2,14
Nuevo Le�n,1997,Marzo,3,8
Nuevo Le�n,1997,Abril,4,17
Nuevo Le�n,1997,Mayo,5,11
Nuevo Le�n,1997,Junio,6,15
Nuevo Le�n,1997,Julio,7,7
Nuevo Le�n,1997,Agosto,8,11
Nuevo Le�n,1997,Septiembre,9,8
Nuevo Le�n,1997,Octubre,10,18
Nuevo Le�n,1997,Noviembre,11,2
Nuevo Le�n,1997,Diciembre,12,12
Nuevo Le�n,1998,Enero,1,5
Nuevo Le�n,1998,Febrero,2,13
Nuevo Le�n,1998,Marzo,3,8
Nuevo Le�n,1998,Abril,4,6
Nuevo Le�n,1998,Mayo,5,10
Nuevo Le�n,1998,Junio,6,12
Nuevo Le�n,1998,Julio,7,12
Nuevo Le�n,1998,Agosto,8,7
Nuevo Le�n,1998,Septiembre,9,24
Nuevo Le�n,1998,Octubre,10,17
Nuevo Le�n,1998,Noviembre,11,9
Nuevo Le�n,1998,Diciembre,12,9
Nuevo Le�n,1999,Enero,1,9
Nuevo Le�n,1999,Febrero,2,2
Nuevo Le�n,1999,Marzo,3,10
Nuevo Le�n,1999,Abril,4,3
Nuevo Le�n,1999,Mayo,5,16
Nuevo Le�n,1999,Junio,6,10
Nuevo Le�n,1999,Julio,7,14
Nuevo Le�n,1999,Agosto,8,19
Nuevo Le�n,1999,Septiembre,9,6
Nuevo Le�n,1999,Octubre,10,15
Nuevo Le�n,1999,Noviembre,11,11
Nuevo Le�n,1999,Diciembre,12,5
Nuevo Le�n,2000,Enero,1,11
Nuevo Le�n,2000,Febrero,2,12
Nuevo Le�n,2000,Marzo,3,10
Nuevo Le�n,2000,Abril,4,9
Nuevo Le�n,2000,Mayo,5,14
Nuevo Le�n,2000,Junio,6,14
Nuevo Le�n,2000,Julio,7,9
Nuevo Le�n,2000,Agosto,8,5
Nuevo Le�n,2000,Septiembre,9,11
Nuevo Le�n,2000,Octubre,10,5
Nuevo Le�n,2000,Noviembre,11,4
Nuevo Le�n,2000,Diciembre,12,8
Nuevo Le�n,2001,Enero,1,8
Nuevo Le�n,2001,Febrero,2,9
Nuevo Le�n,2001,Marzo,3,19
Nuevo Le�n,2001,Abril,4,7
Nuevo Le�n,2001,Mayo,5,3
Nuevo Le�n,2001,Junio,6,7
Nuevo Le�n,2001,Julio,7,4
Nuevo Le�n,2001,Agosto,8,4
Nuevo Le�n,2001,Septiembre,9,11
Nuevo Le�n,2001,Octubre,10,9
Nuevo Le�n,2001,Noviembre,11,4
Nuevo Le�n,2001,Diciembre,12,10
Nuevo Le�n,2002,Enero,1,12
Nuevo Le�n,2002,Febrero,2,6
Nuevo Le�n,2002,Marzo,3,5
Nuevo Le�n,2002,Abril,4,15
Nuevo Le�n,2002,Mayo,5,7
Nuevo Le�n,2002,Junio,6,8
Nuevo Le�n,2002,Julio,7,3
Nuevo Le�n,2002,Agosto,8,10
Nuevo Le�n,2002,Septiembre,9,14
Nuevo Le�n,2002,Octubre,10,12
Nuevo Le�n,2002,Noviembre,11,6
Nuevo Le�n,2002,Diciembre,12,8
Nuevo Le�n,2003,Enero,1,4
Nuevo Le�n,2003,Febrero,2,13
Nuevo Le�n,2003,Marzo,3,17
Nuevo Le�n,2003,Abril,4,20
Nuevo Le�n,2003,Mayo,5,12
Nuevo Le�n,2003,Junio,6,14
Nuevo Le�n,2003,Julio,7,14
Nuevo Le�n,2003,Agosto,8,9
Nuevo Le�n,2003,Septiembre,9,9
Nuevo Le�n,2003,Octubre,10,13
Nuevo Le�n,2003,Noviembre,11,9
Nuevo Le�n,2003,Diciembre,12,8
Nuevo Le�n,2004,Enero,1,9
Nuevo Le�n,2004,Febrero,2,9
Nuevo Le�n,2004,Marzo,3,6
Nuevo Le�n,2004,Abril,4,7
Nuevo Le�n,2004,Mayo,5,10
Nuevo Le�n,2004,Junio,6,15
Nuevo Le�n,2004,Julio,7,9
Nuevo Le�n,2004,Agosto,8,11
Nuevo Le�n,2004,Septiembre,9,8
Nuevo Le�n,2004,Octubre,10,11
Nuevo Le�n,2004,Noviembre,11,9
Nuevo Le�n,2004,Diciembre,12,12
Nuevo Le�n,2005,Enero,1,9
Nuevo Le�n,2005,Febrero,2,5
Nuevo Le�n,2005,Marzo,3,13
Nuevo Le�n,2005,Abril,4,11
Nuevo Le�n,2005,Mayo,5,14
Nuevo Le�n,2005,Junio,6,8
Nuevo Le�n,2005,Julio,7,21
Nuevo Le�n,2005,Agosto,8,7
Nuevo Le�n,2005,Septiembre,9,16
Nuevo Le�n,2005,Octubre,10,15
Nuevo Le�n,2005,Noviembre,11,9
Nuevo Le�n,2005,Diciembre,12,13
Nuevo Le�n,2006,Enero,1,8
Nuevo Le�n,2006,Febrero,2,12
Nuevo Le�n,2006,Marzo,3,20
Nuevo Le�n,2006,Abril,4,7
Nuevo Le�n,2006,Mayo,5,18
Nuevo Le�n,2006,Junio,6,11
Nuevo Le�n,2006,Julio,7,14
Nuevo Le�n,2006,Agosto,8,15
Nuevo Le�n,2006,Septiembre,9,13
Nuevo Le�n,2006,Octubre,10,17
Nuevo Le�n,2006,Noviembre,11,19
Nuevo Le�n,2006,Diciembre,12,13
Nuevo Le�n,2007,Enero,1,13
Nuevo Le�n,2007,Febrero,2,17
Nuevo Le�n,2007,Marzo,3,27
Nuevo Le�n,2007,Abril,4,35
Nuevo Le�n,2007,Mayo,5,39
Nuevo Le�n,2007,Junio,6,28
Nuevo Le�n,2007,Julio,7,23
Nuevo Le�n,2007,Agosto,8,16
Nuevo Le�n,2007,Septiembre,9,24
Nuevo Le�n,2007,Octubre,10,22
Nuevo Le�n,2007,Noviembre,11,15
Nuevo Le�n,2007,Diciembre,12,18
Nuevo Le�n,2008,Enero,1,16
Nuevo Le�n,2008,Febrero,2,28
Nuevo Le�n,2008,Marzo,3,15
Nuevo Le�n,2008,Abril,4,36
Nuevo Le�n,2008,Mayo,5,16
Nuevo Le�n,2008,Junio,6,17
Nuevo Le�n,2008,Julio,7,17
Nuevo Le�n,2008,Agosto,8,20
Nuevo Le�n,2008,Septiembre,9,10
Nuevo Le�n,2008,Octubre,10,29
Nuevo Le�n,2008,Noviembre,11,15
Nuevo Le�n,2008,Diciembre,12,21
Nuevo Le�n,2009,Enero,1,31
Nuevo Le�n,2009,Febrero,2,19
Nuevo Le�n,2009,Marzo,3,19
Nuevo Le�n,2009,Abril,4,24
Nuevo Le�n,2009,Mayo,5,22
Nuevo Le�n,2009,Junio,6,15
Nuevo Le�n,2009,Julio,7,23
Nuevo Le�n,2009,Agosto,8,31
Nuevo Le�n,2009,Septiembre,9,35
Nuevo Le�n,2009,Octubre,10,37
Nuevo Le�n,2009,Noviembre,11,24
Nuevo Le�n,2009,Diciembre,12,59
Nuevo Le�n,2010,Enero,1,25
Nuevo Le�n,2010,Febrero,2,32
Nuevo Le�n,2010,Marzo,3,55
Nuevo Le�n,2010,Abril,4,85
Nuevo Le�n,2010,Mayo,5,75
Nuevo Le�n,2010,Junio,6,94
Nuevo Le�n,2010,Julio,7,81
Nuevo Le�n,2010,Agosto,8,87
Nuevo Le�n,2010,Septiembre,9,86
Nuevo Le�n,2010,Octubre,10,91
Nuevo Le�n,2010,Noviembre,11,95
Nuevo Le�n,2010,Diciembre,12,73
Nuevo Le�n,2011,Enero,1,100
Nuevo Le�n,2011,Febrero,2,147
Nuevo Le�n,2011,Marzo,3,110
Nuevo Le�n,2011,Abril,4,125
Nuevo Le�n,2011,Mayo,5,183
Nuevo Le�n,2011,Junio,6,199
Nuevo Le�n,2011,Julio,7,218
Nuevo Le�n,2011,Agosto,8,170
Nuevo Le�n,2011,Septiembre,9,245
Nuevo Le�n,2011,Octubre,10,187
Nuevo Le�n,2011,Noviembre,11,142
Nuevo Le�n,2011,Diciembre,12,139
Nuevo Le�n,2012,Enero,1,126
Nuevo Le�n,2012,Febrero,2,173
Nuevo Le�n,2012,Marzo,3,205
Nuevo Le�n,2012,Abril,4,122
Nuevo Le�n,2012,Mayo,5,128
Nuevo Le�n,2012,Junio,6,94
Nuevo Le�n,2012,Julio,7,79
Nuevo Le�n,2012,Agosto,8,132
Nuevo Le�n,2012,Septiembre,9,133
Nuevo Le�n,2012,Octubre,10,130
Nuevo Le�n,2012,Noviembre,11,72
Nuevo Le�n,2012,Diciembre,12,105
Nuevo Le�n,2013,Enero,1,104
Nuevo Le�n,2013,Febrero,2,84
Nuevo Le�n,2013,Marzo,3,66
Nuevo Le�n,2013,Abril,4,81
Nuevo Le�n,2013,Mayo,5,84
Nuevo Le�n,2013,Junio,6,67
Nuevo Le�n,2013,Julio,7,90
Nuevo Le�n,2013,Agosto,8,54
Nuevo Le�n,2013,Septiembre,9,65
Nuevo Le�n,2013,Octubre,10,65
Nuevo Le�n,2013,Noviembre,11,41
Nuevo Le�n,2013,Diciembre,12,72
Nuevo Le�n,2014,Enero,1,24
Nuevo Le�n,2014,Febrero,2,48
Nuevo Le�n,2014,Marzo,3,56
Nuevo Le�n,2014,Abril,4,47
Nuevo Le�n,2014,Mayo,5,65
Nuevo Le�n,2014,Junio,6,43
Nuevo Le�n,2014,Julio,7,42
Nuevo Le�n,2014,Agosto,8,36
Nuevo Le�n,2014,Septiembre,9,40
Nuevo Le�n,2014,Octubre,10,47
Nuevo Le�n,2014,Noviembre,11,32
Nuevo Le�n,2014,Diciembre,12,55
Nuevo Le�n,2015,Enero,1,24
Nuevo Le�n,2015,Febrero,2,53
Nuevo Le�n,2015,Marzo,3,34
Nuevo Le�n,2015,Abril,4,38
Nuevo Le�n,2015,Mayo,5,39
Nuevo Le�n,2015,Junio,6,56
Nuevo Le�n,2015,Julio,7,33
Nuevo Le�n,2015,Agosto,8,39
Nuevo Le�n,2015,Septiembre,9,48
Nuevo Le�n,2015,Octubre,10,48
Nuevo Le�n,2015,Noviembre,11,21
Nuevo Le�n,2015,Diciembre,12,31
Nuevo Le�n,2016,Enero,1,49
Nuevo Le�n,2016,Febrero,2,89
Nuevo Le�n,2016,Marzo,3,44
Nuevo Le�n,2016,Abril,4,47
Nuevo Le�n,2016,Mayo,5,57
Nuevo Le�n,2016,Junio,6,40
Nuevo Le�n,2016,Julio,7,62
Nuevo Le�n,2016,Agosto,8,48
Nuevo Le�n,2016,Septiembre,9,59
Nuevo Le�n,2016,Octubre,10,59
Nuevo Le�n,2016,Noviembre,11,36
Nuevo Le�n,2016,Diciembre,12,35
Nuevo Le�n,2017,Enero,1,54
Nuevo Le�n,2017,Febrero,2,53
Nuevo Le�n,2017,Marzo,3,53
Nuevo Le�n,2017,Abril,4,61
Nuevo Le�n,2017,Mayo,5,59
Nuevo Le�n,2017,Junio,6,71
Nuevo Le�n,2017,Julio,7,49
Nuevo Le�n,2017,Agosto,8,40
Nuevo Le�n,2017,Septiembre,9,54
Nuevo Le�n,2017,Octubre,10,63
Nuevo Le�n,2017,Noviembre,11,58
Nuevo Le�n,2017,Diciembre,12,42
Nuevo Le�n,2018,Enero,1,53
Nuevo Le�n,2018,Febrero,2,56
Nuevo Le�n,2018,Marzo,3,48
Nuevo Le�n,2018,Abril,4,65
Nuevo Le�n,2018,Mayo,5,64
Nuevo Le�n,2018,Junio,6,43
Nuevo Le�n,2018,Julio,7,79
Nuevo Le�n,2018,Agosto,8,69
Nuevo Le�n,2018,Septiembre,9,86
Nuevo Le�n,2018,Octubre,10,95
Nuevo Le�n,2018,Noviembre,11,87
Nuevo Le�n,2018,Diciembre,12,101
Nuevo Le�n,2019,Enero,1,99
Nuevo Le�n,2019,Febrero,2,109
Nuevo Le�n,2019,Marzo,3,64
Nuevo Le�n,2019,Abril,4,65
Nuevo Le�n,2019,Mayo,5,80
Nuevo Le�n,2019,Junio,6,89
Nuevo Le�n,2019,Julio,7,82
Nuevo Le�n,2019,Agosto,8,84
Nuevo Le�n,2019,Septiembre,9,81
Nuevo Le�n,2019,Octubre,10,80
Nuevo Le�n,2019,Noviembre,11,66
Nuevo Le�n,2019,Diciembre,12,71
Nuevo Le�n,2020,Enero,1,74
Nuevo Le�n,2020,Febrero,2,81
Nuevo Le�n,2020,Marzo,3,83
Nuevo Le�n,2020,Abril,4,76
Nuevo Le�n,2020,Mayo,5,87
Nuevo Le�n,2020,Junio,6,89
Nuevo Le�n,2020,Julio,7,68
Nuevo Le�n,2020,Agosto,8,78
Nuevo Le�n,2020,Septiembre,9,75
Nuevo Le�n,2020,Octubre,10,65
Nuevo Le�n,2020,Noviembre,11,80
Nuevo Le�n,2020,Diciembre,12,56
Nuevo Le�n,2021,Enero,1,80
Nuevo Le�n,2021,Febrero,2,69
Nuevo Le�n,2021,Marzo,3,82
Nuevo Le�n,2021,Abril,4,77
Nuevo Le�n,2021,Mayo,5,99
Nuevo Le�n,2021,Junio,6,92
Nuevo Le�n,2021,Julio,7,106
Nuevo Le�n,2021,Agosto,8,109
Nuevo Le�n,2021,Septiembre,9,95
Nuevo Le�n,2021,Octubre,10,82
Nuevo Le�n,2021,Noviembre,11,52
Nuevo Le�n,2021,Diciembre,12,113
Nuevo Le�n,2022,Enero,1,93
Nuevo Le�n,2022,Febrero,2,94
Nuevo Le�n,2022,Marzo,3,91
Nuevo Le�n,2022,Abril,4,103
Nuevo Le�n,2022,Mayo,5,133
Nuevo Le�n,2022,Junio,6,130
Nuevo Le�n,2022,Julio,7,117
Nuevo Le�n,2022,Agosto,8,152
Nuevo Le�n,2022,Septiembre,9,127
Nuevo Le�n,2022,Octubre,10,122
Nuevo Le�n,2022,Noviembre,11,120
Nuevo Le�n,2022,Diciembre,12,124
Nuevo Le�n,2023,Enero,1,102
Nuevo Le�n,2023,Febrero,2,70
Nuevo Le�n,2023,Marzo,3,112
Nuevo Le�n,2023,Abril,4,129
Nuevo Le�n,2023,Mayo,5,124
Nuevo Le�n,2023,Junio,6,131
Nuevo Le�n,2023,Julio,7,83
Nuevo Le�n,2023,Agosto,8,145
Nuevo Le�n,2023,Septiembre,9,102
Nuevo Le�n,2023,Octubre,10,131
Nuevo Le�n,2023,Noviembre,11,136
Nuevo Le�n,2023,Diciembre,12,128
Nuevo Le�n,2024,Enero,1,102
Nuevo Le�n,2024,Febrero,2,124
Nuevo Le�n,2024,Marzo,3,94
Nuevo Le�n,2024,Abril,4,116
Nuevo Le�n,2024,Mayo,5,138
Nuevo Le�n,2024,Junio,6,216
Nuevo Le�n,2024,Julio,7,146
Nuevo Le�n,2024,Agosto,8,190
Nuevo Le�n,2024,Septiembre,9,160
Nuevo Le�n,2024,Octubre,10,147
Nuevo Le�n,2024,Noviembre,11,124
Nuevo Le�n,2024,Diciembre,12,102
Oaxaca,1990,Enero,1,107
Oaxaca,1990,Febrero,2,104
Oaxaca,1990,Marzo,3,105
Oaxaca,1990,Abril,4,93
Oaxaca,1990,Mayo,5,101
Oaxaca,1990,Junio,6,88
Oaxaca,1990,Julio,7,83
Oaxaca,1990,Agosto,8,103
Oaxaca,1990,Septiembre,9,108
Oaxaca,1990,Octubre,10,104
Oaxaca,1990,Noviembre,11,105
Oaxaca,1990,Diciembre,12,89
Oaxaca,1991,Enero,1,100
Oaxaca,1991,Febrero,2,96
Oaxaca,1991,Marzo,3,85
Oaxaca,1991,Abril,4,116
Oaxaca,1991,Mayo,5,109
Oaxaca,1991,Junio,6,109
Oaxaca,1991,Julio,7,111
Oaxaca,1991,Agosto,8,107
Oaxaca,1991,Septiembre,9,107
Oaxaca,1991,Octubre,10,96
Oaxaca,1991,Noviembre,11,110
Oaxaca,1991,Diciembre,12,112
Oaxaca,1992,Enero,1,110
Oaxaca,1992,Febrero,2,94
Oaxaca,1992,Marzo,3,120
Oaxaca,1992,Abril,4,110
Oaxaca,1992,Mayo,5,125
Oaxaca,1992,Junio,6,86
Oaxaca,1992,Julio,7,83
Oaxaca,1992,Agosto,8,95
Oaxaca,1992,Septiembre,9,78
Oaxaca,1992,Octubre,10,111
Oaxaca,1992,Noviembre,11,108
Oaxaca,1992,Diciembre,12,131
Oaxaca,1993,Enero,1,106
Oaxaca,1993,Febrero,2,92
Oaxaca,1993,Marzo,3,116
Oaxaca,1993,Abril,4,103
Oaxaca,1993,Mayo,5,116
Oaxaca,1993,Junio,6,104
Oaxaca,1993,Julio,7,104
Oaxaca,1993,Agosto,8,137
Oaxaca,1993,Septiembre,9,105
Oaxaca,1993,Octubre,10,107
Oaxaca,1993,Noviembre,11,102
Oaxaca,1993,Diciembre,12,126
Oaxaca,1994,Enero,1,86
Oaxaca,1994,Febrero,2,102
Oaxaca,1994,Marzo,3,86
Oaxaca,1994,Abril,4,119
Oaxaca,1994,Mayo,5,113
Oaxaca,1994,Junio,6,104
Oaxaca,1994,Julio,7,102
Oaxaca,1994,Agosto,8,92
Oaxaca,1994,Septiembre,9,77
Oaxaca,1994,Octubre,10,98
Oaxaca,1994,Noviembre,11,93
Oaxaca,1994,Diciembre,12,77
Oaxaca,1995,Enero,1,86
Oaxaca,1995,Febrero,2,93
Oaxaca,1995,Marzo,3,110
Oaxaca,1995,Abril,4,82
Oaxaca,1995,Mayo,5,95
Oaxaca,1995,Junio,6,91
Oaxaca,1995,Julio,7,97
Oaxaca,1995,Agosto,8,98
Oaxaca,1995,Septiembre,9,112
Oaxaca,1995,Octubre,10,78
Oaxaca,1995,Noviembre,11,119
Oaxaca,1995,Diciembre,12,87
Oaxaca,1996,Enero,1,103
Oaxaca,1996,Febrero,2,79
Oaxaca,1996,Marzo,3,84
Oaxaca,1996,Abril,4,88
Oaxaca,1996,Mayo,5,107
Oaxaca,1996,Junio,6,94
Oaxaca,1996,Julio,7,91
Oaxaca,1996,Agosto,8,92
Oaxaca,1996,Septiembre,9,100
Oaxaca,1996,Octubre,10,91
Oaxaca,1996,Noviembre,11,94
Oaxaca,1996,Diciembre,12,85
Oaxaca,1997,Enero,1,92
Oaxaca,1997,Febrero,2,85
Oaxaca,1997,Marzo,3,92
Oaxaca,1997,Abril,4,74
Oaxaca,1997,Mayo,5,69
Oaxaca,1997,Junio,6,60
Oaxaca,1997,Julio,7,86
Oaxaca,1997,Agosto,8,93
Oaxaca,1997,Septiembre,9,78
Oaxaca,1997,Octubre,10,73
Oaxaca,1997,Noviembre,11,73
Oaxaca,1997,Diciembre,12,76
Oaxaca,1998,Enero,1,92
Oaxaca,1998,Febrero,2,91
Oaxaca,1998,Marzo,3,90
Oaxaca,1998,Abril,4,83
Oaxaca,1998,Mayo,5,106
Oaxaca,1998,Junio,6,85
Oaxaca,1998,Julio,7,63
Oaxaca,1998,Agosto,8,48
Oaxaca,1998,Septiembre,9,64
Oaxaca,1998,Octubre,10,65
Oaxaca,1998,Noviembre,11,73
Oaxaca,1998,Diciembre,12,94
Oaxaca,1999,Enero,1,67
Oaxaca,1999,Febrero,2,51
Oaxaca,1999,Marzo,3,80
Oaxaca,1999,Abril,4,73
Oaxaca,1999,Mayo,5,78
Oaxaca,1999,Junio,6,66
Oaxaca,1999,Julio,7,59
Oaxaca,1999,Agosto,8,77
Oaxaca,1999,Septiembre,9,42
Oaxaca,1999,Octubre,10,58
Oaxaca,1999,Noviembre,11,57
Oaxaca,1999,Diciembre,12,58
Oaxaca,2000,Enero,1,72
Oaxaca,2000,Febrero,2,76
Oaxaca,2000,Marzo,3,47
Oaxaca,2000,Abril,4,49
Oaxaca,2000,Mayo,5,49
Oaxaca,2000,Junio,6,40
Oaxaca,2000,Julio,7,61
Oaxaca,2000,Agosto,8,60
Oaxaca,2000,Septiembre,9,58
Oaxaca,2000,Octubre,10,58
Oaxaca,2000,Noviembre,11,46
Oaxaca,2000,Diciembre,12,72
Oaxaca,2001,Enero,1,61
Oaxaca,2001,Febrero,2,39
Oaxaca,2001,Marzo,3,51
Oaxaca,2001,Abril,4,46
Oaxaca,2001,Mayo,5,55
Oaxaca,2001,Junio,6,57
Oaxaca,2001,Julio,7,45
Oaxaca,2001,Agosto,8,46
Oaxaca,2001,Septiembre,9,63
Oaxaca,2001,Octubre,10,45
Oaxaca,2001,Noviembre,11,50
Oaxaca,2001,Diciembre,12,63
Oaxaca,2002,Enero,1,44
Oaxaca,2002,Febrero,2,44
Oaxaca,2002,Marzo,3,43
Oaxaca,2002,Abril,4,47
Oaxaca,2002,Mayo,5,51
Oaxaca,2002,Junio,6,66
Oaxaca,2002,Julio,7,51
Oaxaca,2002,Agosto,8,62
Oaxaca,2002,Septiembre,9,37
Oaxaca,2002,Octubre,10,55
Oaxaca,2002,Noviembre,11,40
Oaxaca,2002,Diciembre,12,56
Oaxaca,2003,Enero,1,33
Oaxaca,2003,Febrero,2,48
Oaxaca,2003,Marzo,3,61
Oaxaca,2003,Abril,4,50
Oaxaca,2003,Mayo,5,47
Oaxaca,2003,Junio,6,40
Oaxaca,2003,Julio,7,54
Oaxaca,2003,Agosto,8,62
Oaxaca,2003,Septiembre,9,45
Oaxaca,2003,Octubre,10,47
Oaxaca,2003,Noviembre,11,59
Oaxaca,2003,Diciembre,12,59
Oaxaca,2004,Enero,1,48
Oaxaca,2004,Febrero,2,52
Oaxaca,2004,Marzo,3,49
Oaxaca,2004,Abril,4,43
Oaxaca,2004,Mayo,5,48
Oaxaca,2004,Junio,6,68
Oaxaca,2004,Julio,7,57
Oaxaca,2004,Agosto,8,51
Oaxaca,2004,Septiembre,9,43
Oaxaca,2004,Octubre,10,47
Oaxaca,2004,Noviembre,11,57
Oaxaca,2004,Diciembre,12,55
Oaxaca,2005,Enero,1,43
Oaxaca,2005,Febrero,2,43
Oaxaca,2005,Marzo,3,36
Oaxaca,2005,Abril,4,43
Oaxaca,2005,Mayo,5,39
Oaxaca,2005,Junio,6,50
Oaxaca,2005,Julio,7,47
Oaxaca,2005,Agosto,8,44
Oaxaca,2005,Septiembre,9,43
Oaxaca,2005,Octubre,10,47
Oaxaca,2005,Noviembre,11,45
Oaxaca,2005,Diciembre,12,53
Oaxaca,2006,Enero,1,54
Oaxaca,2006,Febrero,2,47
Oaxaca,2006,Marzo,3,53
Oaxaca,2006,Abril,4,26
Oaxaca,2006,Mayo,5,40
Oaxaca,2006,Junio,6,30
Oaxaca,2006,Julio,7,25
Oaxaca,2006,Agosto,8,33
Oaxaca,2006,Septiembre,9,41
Oaxaca,2006,Octubre,10,46
Oaxaca,2006,Noviembre,11,61
Oaxaca,2006,Diciembre,12,43
Oaxaca,2007,Enero,1,72
Oaxaca,2007,Febrero,2,29
Oaxaca,2007,Marzo,3,34
Oaxaca,2007,Abril,4,42
Oaxaca,2007,Mayo,5,58
Oaxaca,2007,Junio,6,47
Oaxaca,2007,Julio,7,40
Oaxaca,2007,Agosto,8,46
Oaxaca,2007,Septiembre,9,46
Oaxaca,2007,Octubre,10,55
Oaxaca,2007,Noviembre,11,42
Oaxaca,2007,Diciembre,12,43
Oaxaca,2008,Enero,1,83
Oaxaca,2008,Febrero,2,44
Oaxaca,2008,Marzo,3,41
Oaxaca,2008,Abril,4,44
Oaxaca,2008,Mayo,5,52
Oaxaca,2008,Junio,6,33
Oaxaca,2008,Julio,7,59
Oaxaca,2008,Agosto,8,44
Oaxaca,2008,Septiembre,9,67
Oaxaca,2008,Octubre,10,54
Oaxaca,2008,Noviembre,11,47
Oaxaca,2008,Diciembre,12,43
Oaxaca,2009,Enero,1,56
Oaxaca,2009,Febrero,2,42
Oaxaca,2009,Marzo,3,62
Oaxaca,2009,Abril,4,45
Oaxaca,2009,Mayo,5,44
Oaxaca,2009,Junio,6,46
Oaxaca,2009,Julio,7,41
Oaxaca,2009,Agosto,8,60
Oaxaca,2009,Septiembre,9,41
Oaxaca,2009,Octubre,10,54
Oaxaca,2009,Noviembre,11,52
Oaxaca,2009,Diciembre,12,50
Oaxaca,2010,Enero,1,47
Oaxaca,2010,Febrero,2,57
Oaxaca,2010,Marzo,3,65
Oaxaca,2010,Abril,4,56
Oaxaca,2010,Mayo,5,57
Oaxaca,2010,Junio,6,59
Oaxaca,2010,Julio,7,59
Oaxaca,2010,Agosto,8,68
Oaxaca,2010,Septiembre,9,47
Oaxaca,2010,Octubre,10,76
Oaxaca,2010,Noviembre,11,75
Oaxaca,2010,Diciembre,12,62
Oaxaca,2011,Enero,1,60
Oaxaca,2011,Febrero,2,52
Oaxaca,2011,Marzo,3,57
Oaxaca,2011,Abril,4,40
Oaxaca,2011,Mayo,5,61
Oaxaca,2011,Junio,6,53
Oaxaca,2011,Julio,7,52
Oaxaca,2011,Agosto,8,63
Oaxaca,2011,Septiembre,9,60
Oaxaca,2011,Octubre,10,63
Oaxaca,2011,Noviembre,11,53
Oaxaca,2011,Diciembre,12,53
Oaxaca,2012,Enero,1,72
Oaxaca,2012,Febrero,2,47
Oaxaca,2012,Marzo,3,44
Oaxaca,2012,Abril,4,56
Oaxaca,2012,Mayo,5,54
Oaxaca,2012,Junio,6,55
Oaxaca,2012,Julio,7,76
Oaxaca,2012,Agosto,8,50
Oaxaca,2012,Septiembre,9,43
Oaxaca,2012,Octubre,10,65
Oaxaca,2012,Noviembre,11,60
Oaxaca,2012,Diciembre,12,63
Oaxaca,2013,Enero,1,62
Oaxaca,2013,Febrero,2,52
Oaxaca,2013,Marzo,3,49
Oaxaca,2013,Abril,4,69
Oaxaca,2013,Mayo,5,66
Oaxaca,2013,Junio,6,66
Oaxaca,2013,Julio,7,74
Oaxaca,2013,Agosto,8,54
Oaxaca,2013,Septiembre,9,51
Oaxaca,2013,Octubre,10,64
Oaxaca,2013,Noviembre,11,71
Oaxaca,2013,Diciembre,12,77
Oaxaca,2014,Enero,1,49
Oaxaca,2014,Febrero,2,54
Oaxaca,2014,Marzo,3,60
Oaxaca,2014,Abril,4,59
Oaxaca,2014,Mayo,5,64
Oaxaca,2014,Junio,6,50
Oaxaca,2014,Julio,7,79
Oaxaca,2014,Agosto,8,71
Oaxaca,2014,Septiembre,9,64
Oaxaca,2014,Octubre,10,57
Oaxaca,2014,Noviembre,11,62
Oaxaca,2014,Diciembre,12,72
Oaxaca,2015,Enero,1,47
Oaxaca,2015,Febrero,2,63
Oaxaca,2015,Marzo,3,63
Oaxaca,2015,Abril,4,54
Oaxaca,2015,Mayo,5,64
Oaxaca,2015,Junio,6,73
Oaxaca,2015,Julio,7,87
Oaxaca,2015,Agosto,8,68
Oaxaca,2015,Septiembre,9,75
Oaxaca,2015,Octubre,10,67
Oaxaca,2015,Noviembre,11,68
Oaxaca,2015,Diciembre,12,69
Oaxaca,2016,Enero,1,56
Oaxaca,2016,Febrero,2,50
Oaxaca,2016,Marzo,3,52
Oaxaca,2016,Abril,4,80
Oaxaca,2016,Mayo,5,57
Oaxaca,2016,Junio,6,77
Oaxaca,2016,Julio,7,70
Oaxaca,2016,Agosto,8,65
Oaxaca,2016,Septiembre,9,57
Oaxaca,2016,Octubre,10,53
Oaxaca,2016,Noviembre,11,87
Oaxaca,2016,Diciembre,12,71
Oaxaca,2017,Enero,1,90
Oaxaca,2017,Febrero,2,66
Oaxaca,2017,Marzo,3,91
Oaxaca,2017,Abril,4,94
Oaxaca,2017,Mayo,5,107
Oaxaca,2017,Junio,6,91
Oaxaca,2017,Julio,7,97
Oaxaca,2017,Agosto,8,99
Oaxaca,2017,Septiembre,9,76
Oaxaca,2017,Octubre,10,77
Oaxaca,2017,Noviembre,11,57
Oaxaca,2017,Diciembre,12,59
Oaxaca,2018,Enero,1,99
Oaxaca,2018,Febrero,2,113
Oaxaca,2018,Marzo,3,95
Oaxaca,2018,Abril,4,106
Oaxaca,2018,Mayo,5,114
Oaxaca,2018,Junio,6,95
Oaxaca,2018,Julio,7,89
Oaxaca,2018,Agosto,8,86
Oaxaca,2018,Septiembre,9,85
Oaxaca,2018,Octubre,10,70
Oaxaca,2018,Noviembre,11,103
Oaxaca,2018,Diciembre,12,69
Oaxaca,2019,Enero,1,96
Oaxaca,2019,Febrero,2,85
Oaxaca,2019,Marzo,3,80
Oaxaca,2019,Abril,4,92
Oaxaca,2019,Mayo,5,90
Oaxaca,2019,Junio,6,107
Oaxaca,2019,Julio,7,104
Oaxaca,2019,Agosto,8,106
Oaxaca,2019,Septiembre,9,76
Oaxaca,2019,Octubre,10,115
Oaxaca,2019,Noviembre,11,80
Oaxaca,2019,Diciembre,12,126
Oaxaca,2020,Enero,1,108
Oaxaca,2020,Febrero,2,66
Oaxaca,2020,Marzo,3,88
Oaxaca,2020,Abril,4,78
Oaxaca,2020,Mayo,5,79
Oaxaca,2020,Junio,6,67
Oaxaca,2020,Julio,7,85
Oaxaca,2020,Agosto,8,66
Oaxaca,2020,Septiembre,9,56
Oaxaca,2020,Octubre,10,59
Oaxaca,2020,Noviembre,11,54
Oaxaca,2020,Diciembre,12,66
Oaxaca,2021,Enero,1,87
Oaxaca,2021,Febrero,2,51
Oaxaca,2021,Marzo,3,76
Oaxaca,2021,Abril,4,61
Oaxaca,2021,Mayo,5,53
Oaxaca,2021,Junio,6,56
Oaxaca,2021,Julio,7,61
Oaxaca,2021,Agosto,8,65
Oaxaca,2021,Septiembre,9,54
Oaxaca,2021,Octubre,10,82
Oaxaca,2021,Noviembre,11,68
Oaxaca,2021,Diciembre,12,67
Oaxaca,2022,Enero,1,68
Oaxaca,2022,Febrero,2,57
Oaxaca,2022,Marzo,3,54
Oaxaca,2022,Abril,4,53
Oaxaca,2022,Mayo,5,75
Oaxaca,2022,Junio,6,62
Oaxaca,2022,Julio,7,62
Oaxaca,2022,Agosto,8,104
Oaxaca,2022,Septiembre,9,60
Oaxaca,2022,Octubre,10,87
Oaxaca,2022,Noviembre,11,51
Oaxaca,2022,Diciembre,12,67
Oaxaca,2023,Enero,1,90
Oaxaca,2023,Febrero,2,77
Oaxaca,2023,Marzo,3,63
Oaxaca,2023,Abril,4,59
Oaxaca,2023,Mayo,5,68
Oaxaca,2023,Junio,6,96
Oaxaca,2023,Julio,7,55
Oaxaca,2023,Agosto,8,68
Oaxaca,2023,Septiembre,9,74
Oaxaca,2023,Octubre,10,55
Oaxaca,2023,Noviembre,11,82
Oaxaca,2023,Diciembre,12,62
Oaxaca,2024,Enero,1,71
Oaxaca,2024,Febrero,2,61
Oaxaca,2024,Marzo,3,59
Oaxaca,2024,Abril,4,79
Oaxaca,2024,Mayo,5,75
Oaxaca,2024,Junio,6,63
Oaxaca,2024,Julio,7,64
Oaxaca,2024,Agosto,8,74
Oaxaca,2024,Septiembre,9,97
Oaxaca,2024,Octubre,10,82
Oaxaca,2024,Noviembre,11,73
Oaxaca,2024,Diciembre,12,62
Puebla,1990,Enero,1,76
Puebla,1990,Febrero,2,62
Puebla,1990,Marzo,3,47
Puebla,1990,Abril,4,49
Puebla,1990,Mayo,5,45
Puebla,1990,Junio,6,31
Puebla,1990,Julio,7,36
Puebla,1990,Agosto,8,22
Puebla,1990,Septiembre,9,36
Puebla,1990,Octubre,10,47
Puebla,1990,Noviembre,11,29
Puebla,1990,Diciembre,12,33
Puebla,1991,Enero,1,38
Puebla,1991,Febrero,2,35
Puebla,1991,Marzo,3,38
Puebla,1991,Abril,4,33
Puebla,1991,Mayo,5,31
Puebla,1991,Junio,6,32
Puebla,1991,Julio,7,22
Puebla,1991,Agosto,8,46
Puebla,1991,Septiembre,9,39
Puebla,1991,Octubre,10,22
Puebla,1991,Noviembre,11,37
Puebla,1991,Diciembre,12,44
Puebla,1992,Enero,1,35
Puebla,1992,Febrero,2,42
Puebla,1992,Marzo,3,31
Puebla,1992,Abril,4,42
Puebla,1992,Mayo,5,46
Puebla,1992,Junio,6,60
Puebla,1992,Julio,7,53
Puebla,1992,Agosto,8,40
Puebla,1992,Septiembre,9,44
Puebla,1992,Octubre,10,50
Puebla,1992,Noviembre,11,38
Puebla,1992,Diciembre,12,52
Puebla,1993,Enero,1,41
Puebla,1993,Febrero,2,44
Puebla,1993,Marzo,3,52
Puebla,1993,Abril,4,55
Puebla,1993,Mayo,5,57
Puebla,1993,Junio,6,51
Puebla,1993,Julio,7,41
Puebla,1993,Agosto,8,46
Puebla,1993,Septiembre,9,39
Puebla,1993,Octubre,10,52
Puebla,1993,Noviembre,11,47
Puebla,1993,Diciembre,12,58
Puebla,1994,Enero,1,50
Puebla,1994,Febrero,2,46
Puebla,1994,Marzo,3,51
Puebla,1994,Abril,4,39
Puebla,1994,Mayo,5,34
Puebla,1994,Junio,6,25
Puebla,1994,Julio,7,35
Puebla,1994,Agosto,8,49
Puebla,1994,Septiembre,9,39
Puebla,1994,Octubre,10,39
Puebla,1994,Noviembre,11,45
Puebla,1994,Diciembre,12,35
Puebla,1995,Enero,1,30
Puebla,1995,Febrero,2,29
Puebla,1995,Marzo,3,46
Puebla,1995,Abril,4,52
Puebla,1995,Mayo,5,57
Puebla,1995,Junio,6,45
Puebla,1995,Julio,7,56
Puebla,1995,Agosto,8,61
Puebla,1995,Septiembre,9,38
Puebla,1995,Octubre,10,61
Puebla,1995,Noviembre,11,44
Puebla,1995,Diciembre,12,70
Puebla,1996,Enero,1,50
Puebla,1996,Febrero,2,46
Puebla,1996,Marzo,3,30
Puebla,1996,Abril,4,42
Puebla,1996,Mayo,5,49
Puebla,1996,Junio,6,25
Puebla,1996,Julio,7,32
Puebla,1996,Agosto,8,31
Puebla,1996,Septiembre,9,40
Puebla,1996,Octubre,10,31
Puebla,1996,Noviembre,11,44
Puebla,1996,Diciembre,12,48
Puebla,1997,Enero,1,35
Puebla,1997,Febrero,2,31
Puebla,1997,Marzo,3,47
Puebla,1997,Abril,4,45
Puebla,1997,Mayo,5,39
Puebla,1997,Junio,6,43
Puebla,1997,Julio,7,49
Puebla,1997,Agosto,8,45
Puebla,1997,Septiembre,9,34
Puebla,1997,Octubre,10,35
Puebla,1997,Noviembre,11,50
Puebla,1997,Diciembre,12,48
Puebla,1998,Enero,1,31
Puebla,1998,Febrero,2,43
Puebla,1998,Marzo,3,50
Puebla,1998,Abril,4,38
Puebla,1998,Mayo,5,66
Puebla,1998,Junio,6,51
Puebla,1998,Julio,7,47
Puebla,1998,Agosto,8,28
Puebla,1998,Septiembre,9,40
Puebla,1998,Octubre,10,31
Puebla,1998,Noviembre,11,30
Puebla,1998,Diciembre,12,50
Puebla,1999,Enero,1,42
Puebla,1999,Febrero,2,35
Puebla,1999,Marzo,3,43
Puebla,1999,Abril,4,35
Puebla,1999,Mayo,5,42
Puebla,1999,Junio,6,30
Puebla,1999,Julio,7,35
Puebla,1999,Agosto,8,35
Puebla,1999,Septiembre,9,46
Puebla,1999,Octubre,10,40
Puebla,1999,Noviembre,11,34
Puebla,1999,Diciembre,12,34
Puebla,2000,Enero,1,28
Puebla,2000,Febrero,2,35
Puebla,2000,Marzo,3,37
Puebla,2000,Abril,4,31
Puebla,2000,Mayo,5,38
Puebla,2000,Junio,6,31
Puebla,2000,Julio,7,33
Puebla,2000,Agosto,8,29
Puebla,2000,Septiembre,9,32
Puebla,2000,Octubre,10,33
Puebla,2000,Noviembre,11,35
Puebla,2000,Diciembre,12,39
Puebla,2001,Enero,1,41
Puebla,2001,Febrero,2,22
Puebla,2001,Marzo,3,34
Puebla,2001,Abril,4,39
Puebla,2001,Mayo,5,48
Puebla,2001,Junio,6,25
Puebla,2001,Julio,7,41
Puebla,2001,Agosto,8,38
Puebla,2001,Septiembre,9,31
Puebla,2001,Octubre,10,30
Puebla,2001,Noviembre,11,39
Puebla,2001,Diciembre,12,41
Puebla,2002,Enero,1,47
Puebla,2002,Febrero,2,26
Puebla,2002,Marzo,3,32
Puebla,2002,Abril,4,29
Puebla,2002,Mayo,5,30
Puebla,2002,Junio,6,33
Puebla,2002,Julio,7,34
Puebla,2002,Agosto,8,33
Puebla,2002,Septiembre,9,27
Puebla,2002,Octubre,10,35
Puebla,2002,Noviembre,11,34
Puebla,2002,Diciembre,12,33
Puebla,2003,Enero,1,45
Puebla,2003,Febrero,2,32
Puebla,2003,Marzo,3,23
Puebla,2003,Abril,4,21
Puebla,2003,Mayo,5,36
Puebla,2003,Junio,6,31
Puebla,2003,Julio,7,27
Puebla,2003,Agosto,8,22
Puebla,2003,Septiembre,9,32
Puebla,2003,Octubre,10,30
Puebla,2003,Noviembre,11,35
Puebla,2003,Diciembre,12,36
Puebla,2004,Enero,1,27
Puebla,2004,Febrero,2,30
Puebla,2004,Marzo,3,31
Puebla,2004,Abril,4,24
Puebla,2004,Mayo,5,32
Puebla,2004,Junio,6,36
Puebla,2004,Julio,7,31
Puebla,2004,Agosto,8,25
Puebla,2004,Septiembre,9,38
Puebla,2004,Octubre,10,25
Puebla,2004,Noviembre,11,35
Puebla,2004,Diciembre,12,29
Puebla,2005,Enero,1,40
Puebla,2005,Febrero,2,21
Puebla,2005,Marzo,3,23
Puebla,2005,Abril,4,27
Puebla,2005,Mayo,5,22
Puebla,2005,Junio,6,30
Puebla,2005,Julio,7,19
Puebla,2005,Agosto,8,31
Puebla,2005,Septiembre,9,30
Puebla,2005,Octubre,10,19
Puebla,2005,Noviembre,11,27
Puebla,2005,Diciembre,12,23
Puebla,2006,Enero,1,32
Puebla,2006,Febrero,2,24
Puebla,2006,Marzo,3,45
Puebla,2006,Abril,4,23
Puebla,2006,Mayo,5,27
Puebla,2006,Junio,6,26
Puebla,2006,Julio,7,30
Puebla,2006,Agosto,8,31
Puebla,2006,Septiembre,9,25
Puebla,2006,Octubre,10,36
Puebla,2006,Noviembre,11,26
Puebla,2006,Diciembre,12,24
Puebla,2007,Enero,1,23
Puebla,2007,Febrero,2,17
Puebla,2007,Marzo,3,30
Puebla,2007,Abril,4,29
Puebla,2007,Mayo,5,28
Puebla,2007,Junio,6,18
Puebla,2007,Julio,7,19
Puebla,2007,Agosto,8,14
Puebla,2007,Septiembre,9,19
Puebla,2007,Octubre,10,18
Puebla,2007,Noviembre,11,26
Puebla,2007,Diciembre,12,26
Puebla,2008,Enero,1,29
Puebla,2008,Febrero,2,27
Puebla,2008,Marzo,3,31
Puebla,2008,Abril,4,42
Puebla,2008,Mayo,5,27
Puebla,2008,Junio,6,27
Puebla,2008,Julio,7,26
Puebla,2008,Agosto,8,23
Puebla,2008,Septiembre,9,25
Puebla,2008,Octubre,10,28
Puebla,2008,Noviembre,11,27
Puebla,2008,Diciembre,12,36
Puebla,2009,Enero,1,35
Puebla,2009,Febrero,2,42
Puebla,2009,Marzo,3,29
Puebla,2009,Abril,4,21
Puebla,2009,Mayo,5,20
Puebla,2009,Junio,6,33
Puebla,2009,Julio,7,26
Puebla,2009,Agosto,8,28
Puebla,2009,Septiembre,9,19
Puebla,2009,Octubre,10,35
Puebla,2009,Noviembre,11,30
Puebla,2009,Diciembre,12,26
Puebla,2010,Enero,1,24
Puebla,2010,Febrero,2,31
Puebla,2010,Marzo,3,32
Puebla,2010,Abril,4,30
Puebla,2010,Mayo,5,35
Puebla,2010,Junio,6,33
Puebla,2010,Julio,7,25
Puebla,2010,Agosto,8,28
Puebla,2010,Septiembre,9,38
Puebla,2010,Octubre,10,34
Puebla,2010,Noviembre,11,20
Puebla,2010,Diciembre,12,29
Puebla,2011,Enero,1,34
Puebla,2011,Febrero,2,38
Puebla,2011,Marzo,3,32
Puebla,2011,Abril,4,40
Puebla,2011,Mayo,5,38
Puebla,2011,Junio,6,34
Puebla,2011,Julio,7,25
Puebla,2011,Agosto,8,44
Puebla,2011,Septiembre,9,33
Puebla,2011,Octubre,10,35
Puebla,2011,Noviembre,11,35
Puebla,2011,Diciembre,12,26
Puebla,2012,Enero,1,38
Puebla,2012,Febrero,2,29
Puebla,2012,Marzo,3,38
Puebla,2012,Abril,4,44
Puebla,2012,Mayo,5,36
Puebla,2012,Junio,6,31
Puebla,2012,Julio,7,33
Puebla,2012,Agosto,8,37
Puebla,2012,Septiembre,9,38
Puebla,2012,Octubre,10,38
Puebla,2012,Noviembre,11,44
Puebla,2012,Diciembre,12,37
Puebla,2013,Enero,1,37
Puebla,2013,Febrero,2,43
Puebla,2013,Marzo,3,38
Puebla,2013,Abril,4,55
Puebla,2013,Mayo,5,47
Puebla,2013,Junio,6,40
Puebla,2013,Julio,7,37
Puebla,2013,Agosto,8,41
Puebla,2013,Septiembre,9,58
Puebla,2013,Octubre,10,49
Puebla,2013,Noviembre,11,43
Puebla,2013,Diciembre,12,40
Puebla,2014,Enero,1,48
Puebla,2014,Febrero,2,51
Puebla,2014,Marzo,3,58
Puebla,2014,Abril,4,38
Puebla,2014,Mayo,5,36
Puebla,2014,Junio,6,34
Puebla,2014,Julio,7,40
Puebla,2014,Agosto,8,41
Puebla,2014,Septiembre,9,42
Puebla,2014,Octubre,10,44
Puebla,2014,Noviembre,11,49
Puebla,2014,Diciembre,12,47
Puebla,2015,Enero,1,41
Puebla,2015,Febrero,2,40
Puebla,2015,Marzo,3,46
Puebla,2015,Abril,4,53
Puebla,2015,Mayo,5,47
Puebla,2015,Junio,6,44
Puebla,2015,Julio,7,50
Puebla,2015,Agosto,8,54
Puebla,2015,Septiembre,9,52
Puebla,2015,Octubre,10,68
Puebla,2015,Noviembre,11,61
Puebla,2015,Diciembre,12,52
Puebla,2016,Enero,1,53
Puebla,2016,Febrero,2,52
Puebla,2016,Marzo,3,46
Puebla,2016,Abril,4,72
Puebla,2016,Mayo,5,53
Puebla,2016,Junio,6,67
Puebla,2016,Julio,7,65
Puebla,2016,Agosto,8,73
Puebla,2016,Septiembre,9,56
Puebla,2016,Octubre,10,56
Puebla,2016,Noviembre,11,63
Puebla,2016,Diciembre,12,53
Puebla,2017,Enero,1,79
Puebla,2017,Febrero,2,62
Puebla,2017,Marzo,3,67
Puebla,2017,Abril,4,75
Puebla,2017,Mayo,5,101
Puebla,2017,Junio,6,76
Puebla,2017,Julio,7,114
Puebla,2017,Agosto,8,85
Puebla,2017,Septiembre,9,98
Puebla,2017,Octubre,10,83
Puebla,2017,Noviembre,11,118
Puebla,2017,Diciembre,12,79
Puebla,2018,Enero,1,86
Puebla,2018,Febrero,2,88
Puebla,2018,Marzo,3,88
Puebla,2018,Abril,4,115
Puebla,2018,Mayo,5,104
Puebla,2018,Junio,6,98
Puebla,2018,Julio,7,109
Puebla,2018,Agosto,8,100
Puebla,2018,Septiembre,9,99
Puebla,2018,Octubre,10,100
Puebla,2018,Noviembre,11,113
Puebla,2018,Diciembre,12,96
Puebla,2019,Enero,1,90
Puebla,2019,Febrero,2,120
Puebla,2019,Marzo,3,110
Puebla,2019,Abril,4,87
Puebla,2019,Mayo,5,122
Puebla,2019,Junio,6,104
Puebla,2019,Julio,7,102
Puebla,2019,Agosto,8,112
Puebla,2019,Septiembre,9,89
Puebla,2019,Octubre,10,103
Puebla,2019,Noviembre,11,83
Puebla,2019,Diciembre,12,108
Puebla,2020,Enero,1,78
Puebla,2020,Febrero,2,83
Puebla,2020,Marzo,3,111
Puebla,2020,Abril,4,105
Puebla,2020,Mayo,5,69
Puebla,2020,Junio,6,68
Puebla,2020,Julio,7,63
Puebla,2020,Agosto,8,89
Puebla,2020,Septiembre,9,56
Puebla,2020,Octubre,10,61
Puebla,2020,Noviembre,11,63
Puebla,2020,Diciembre,12,80
Puebla,2021,Enero,1,56
Puebla,2021,Febrero,2,52
Puebla,2021,Marzo,3,100
Puebla,2021,Abril,4,69
Puebla,2021,Mayo,5,68
Puebla,2021,Junio,6,66
Puebla,2021,Julio,7,62
Puebla,2021,Agosto,8,69
Puebla,2021,Septiembre,9,58
Puebla,2021,Octubre,10,52
Puebla,2021,Noviembre,11,73
Puebla,2021,Diciembre,12,78
Puebla,2022,Enero,1,51
Puebla,2022,Febrero,2,82
Puebla,2022,Marzo,3,89
Puebla,2022,Abril,4,81
Puebla,2022,Mayo,5,86
Puebla,2022,Junio,6,69
Puebla,2022,Julio,7,79
Puebla,2022,Agosto,8,74
Puebla,2022,Septiembre,9,64
Puebla,2022,Octubre,10,68
Puebla,2022,Noviembre,11,57
Puebla,2022,Diciembre,12,76
Puebla,2023,Enero,1,66
Puebla,2023,Febrero,2,65
Puebla,2023,Marzo,3,79
Puebla,2023,Abril,4,70
Puebla,2023,Mayo,5,83
Puebla,2023,Junio,6,104
Puebla,2023,Julio,7,75
Puebla,2023,Agosto,8,82
Puebla,2023,Septiembre,9,76
Puebla,2023,Octubre,10,82
Puebla,2023,Noviembre,11,79
Puebla,2023,Diciembre,12,82
Puebla,2024,Enero,1,48
Puebla,2024,Febrero,2,68
Puebla,2024,Marzo,3,69
Puebla,2024,Abril,4,89
Puebla,2024,Mayo,5,89
Puebla,2024,Junio,6,82
Puebla,2024,Julio,7,68
Puebla,2024,Agosto,8,75
Puebla,2024,Septiembre,9,120
Puebla,2024,Octubre,10,84
Puebla,2024,Noviembre,11,76
Puebla,2024,Diciembre,12,96
Quer�taro,1990,Enero,1,7
Quer�taro,1990,Febrero,2,9
Quer�taro,1990,Marzo,3,7
Quer�taro,1990,Abril,4,9
Quer�taro,1990,Mayo,5,12
Quer�taro,1990,Junio,6,9
Quer�taro,1990,Julio,7,2
Quer�taro,1990,Agosto,8,7
Quer�taro,1990,Septiembre,9,7
Quer�taro,1990,Octubre,10,3
Quer�taro,1990,Noviembre,11,6
Quer�taro,1990,Diciembre,12,5
Quer�taro,1991,Enero,1,5
Quer�taro,1991,Febrero,2,2
Quer�taro,1991,Marzo,3,4
Quer�taro,1991,Abril,4,13
Quer�taro,1991,Mayo,5,5
Quer�taro,1991,Junio,6,5
Quer�taro,1991,Julio,7,11
Quer�taro,1991,Agosto,8,1
Quer�taro,1991,Septiembre,9,6
Quer�taro,1991,Octubre,10,5
Quer�taro,1991,Noviembre,11,9
Quer�taro,1991,Diciembre,12,9
Quer�taro,1992,Enero,1,6
Quer�taro,1992,Febrero,2,2
Quer�taro,1992,Marzo,3,8
Quer�taro,1992,Abril,4,9
Quer�taro,1992,Mayo,5,5
Quer�taro,1992,Junio,6,7
Quer�taro,1992,Julio,7,4
Quer�taro,1992,Agosto,8,10
Quer�taro,1992,Septiembre,9,9
Quer�taro,1992,Octubre,10,7
Quer�taro,1992,Noviembre,11,3
Quer�taro,1992,Diciembre,12,7
Quer�taro,1993,Enero,1,13
Quer�taro,1993,Febrero,2,7
Quer�taro,1993,Marzo,3,4
Quer�taro,1993,Abril,4,5
Quer�taro,1993,Mayo,5,8
Quer�taro,1993,Junio,6,4
Quer�taro,1993,Julio,7,8
Quer�taro,1993,Agosto,8,3
Quer�taro,1993,Septiembre,9,5
Quer�taro,1993,Octubre,10,8
Quer�taro,1993,Noviembre,11,6
Quer�taro,1993,Diciembre,12,7
Quer�taro,1994,Enero,1,7
Quer�taro,1994,Febrero,2,9
Quer�taro,1994,Marzo,3,11
Quer�taro,1994,Abril,4,3
Quer�taro,1994,Mayo,5,11
Quer�taro,1994,Junio,6,6
Quer�taro,1994,Julio,7,9
Quer�taro,1994,Agosto,8,8
Quer�taro,1994,Septiembre,9,11
Quer�taro,1994,Octubre,10,7
Quer�taro,1994,Noviembre,11,9
Quer�taro,1994,Diciembre,12,11
Quer�taro,1995,Enero,1,7
Quer�taro,1995,Febrero,2,5
Quer�taro,1995,Marzo,3,8
Quer�taro,1995,Abril,4,5
Quer�taro,1995,Mayo,5,11
Quer�taro,1995,Junio,6,11
Quer�taro,1995,Julio,7,4
Quer�taro,1995,Agosto,8,5
Quer�taro,1995,Septiembre,9,10
Quer�taro,1995,Octubre,10,8
Quer�taro,1995,Noviembre,11,3
Quer�taro,1995,Diciembre,12,9
Quer�taro,1996,Enero,1,12
Quer�taro,1996,Febrero,2,6
Quer�taro,1996,Marzo,3,11
Quer�taro,1996,Abril,4,6
Quer�taro,1996,Mayo,5,9
Quer�taro,1996,Junio,6,11
Quer�taro,1996,Julio,7,6
Quer�taro,1996,Agosto,8,4
Quer�taro,1996,Septiembre,9,7
Quer�taro,1996,Octubre,10,7
Quer�taro,1996,Noviembre,11,11
Quer�taro,1996,Diciembre,12,8
Quer�taro,1997,Enero,1,9
Quer�taro,1997,Febrero,2,5
Quer�taro,1997,Marzo,3,8
Quer�taro,1997,Abril,4,6
Quer�taro,1997,Mayo,5,13
Quer�taro,1997,Junio,6,6
Quer�taro,1997,Julio,7,10
Quer�taro,1997,Agosto,8,8
Quer�taro,1997,Septiembre,9,10
Quer�taro,1997,Octubre,10,10
Quer�taro,1997,Noviembre,11,9
Quer�taro,1997,Diciembre,12,11
Quer�taro,1998,Enero,1,6
Quer�taro,1998,Febrero,2,10
Quer�taro,1998,Marzo,3,5
Quer�taro,1998,Abril,4,11
Quer�taro,1998,Mayo,5,2
Quer�taro,1998,Junio,6,7
Quer�taro,1998,Julio,7,7
Quer�taro,1998,Agosto,8,8
Quer�taro,1998,Septiembre,9,5
Quer�taro,1998,Octubre,10,5
Quer�taro,1998,Noviembre,11,8
Quer�taro,1998,Diciembre,12,6
Quer�taro,1999,Enero,1,7
Quer�taro,1999,Febrero,2,8
Quer�taro,1999,Marzo,3,11
Quer�taro,1999,Abril,4,7
Quer�taro,1999,Mayo,5,7
Quer�taro,1999,Junio,6,6
Quer�taro,1999,Julio,7,4
Quer�taro,1999,Agosto,8,6
Quer�taro,1999,Septiembre,9,14
Quer�taro,1999,Octubre,10,3
Quer�taro,1999,Noviembre,11,6
Quer�taro,1999,Diciembre,12,11
Quer�taro,2000,Enero,1,8
Quer�taro,2000,Febrero,2,15
Quer�taro,2000,Marzo,3,5
Quer�taro,2000,Abril,4,7
Quer�taro,2000,Mayo,5,9
Quer�taro,2000,Junio,6,12
Quer�taro,2000,Julio,7,5
Quer�taro,2000,Agosto,8,10
Quer�taro,2000,Septiembre,9,10
Quer�taro,2000,Octubre,10,4
Quer�taro,2000,Noviembre,11,3
Quer�taro,2000,Diciembre,12,12
Quer�taro,2001,Enero,1,12
Quer�taro,2001,Febrero,2,4
Quer�taro,2001,Marzo,3,8
Quer�taro,2001,Abril,4,12
Quer�taro,2001,Mayo,5,8
Quer�taro,2001,Junio,6,13
Quer�taro,2001,Julio,7,7
Quer�taro,2001,Agosto,8,5
Quer�taro,2001,Septiembre,9,6
Quer�taro,2001,Octubre,10,10
Quer�taro,2001,Noviembre,11,10
Quer�taro,2001,Diciembre,12,13
Quer�taro,2002,Enero,1,6
Quer�taro,2002,Febrero,2,6
Quer�taro,2002,Marzo,3,9
Quer�taro,2002,Abril,4,4
Quer�taro,2002,Mayo,5,3
Quer�taro,2002,Junio,6,6
Quer�taro,2002,Julio,7,4
Quer�taro,2002,Agosto,8,4
Quer�taro,2002,Septiembre,9,4
Quer�taro,2002,Octubre,10,4
Quer�taro,2002,Noviembre,11,7
Quer�taro,2002,Diciembre,12,12
Quer�taro,2003,Enero,1,7
Quer�taro,2003,Febrero,2,7
Quer�taro,2003,Marzo,3,10
Quer�taro,2003,Abril,4,3
Quer�taro,2003,Mayo,5,10
Quer�taro,2003,Junio,6,6
Quer�taro,2003,Julio,7,9
Quer�taro,2003,Agosto,8,8
Quer�taro,2003,Septiembre,9,6
Quer�taro,2003,Octubre,10,4
Quer�taro,2003,Noviembre,11,6
Quer�taro,2003,Diciembre,12,7
Quer�taro,2004,Enero,1,9
Quer�taro,2004,Febrero,2,6
Quer�taro,2004,Marzo,3,6
Quer�taro,2004,Abril,4,6
Quer�taro,2004,Mayo,5,6
Quer�taro,2004,Junio,6,4
Quer�taro,2004,Julio,7,4
Quer�taro,2004,Agosto,8,6
Quer�taro,2004,Septiembre,9,6
Quer�taro,2004,Octubre,10,8
Quer�taro,2004,Noviembre,11,7
Quer�taro,2004,Diciembre,12,7
Quer�taro,2005,Enero,1,4
Quer�taro,2005,Febrero,2,2
Quer�taro,2005,Marzo,3,6
Quer�taro,2005,Abril,4,9
Quer�taro,2005,Mayo,5,9
Quer�taro,2005,Junio,6,3
Quer�taro,2005,Julio,7,5
Quer�taro,2005,Agosto,8,7
Quer�taro,2005,Septiembre,9,8
Quer�taro,2005,Octubre,10,8
Quer�taro,2005,Noviembre,11,8
Quer�taro,2005,Diciembre,12,10
Quer�taro,2006,Enero,1,7
Quer�taro,2006,Febrero,2,2
Quer�taro,2006,Marzo,3,7
Quer�taro,2006,Abril,4,1
Quer�taro,2006,Mayo,5,5
Quer�taro,2006,Junio,6,8
Quer�taro,2006,Julio,7,8
Quer�taro,2006,Agosto,8,4
Quer�taro,2006,Septiembre,9,5
Quer�taro,2006,Octubre,10,5
Quer�taro,2006,Noviembre,11,2
Quer�taro,2006,Diciembre,12,7
Quer�taro,2007,Enero,1,4
Quer�taro,2007,Febrero,2,3
Quer�taro,2007,Marzo,3,1
Quer�taro,2007,Abril,4,7
Quer�taro,2007,Mayo,5,3
Quer�taro,2007,Junio,6,1
Quer�taro,2007,Julio,7,8
Quer�taro,2007,Agosto,8,4
Quer�taro,2007,Septiembre,9,2
Quer�taro,2007,Octubre,10,8
Quer�taro,2007,Noviembre,11,3
Quer�taro,2007,Diciembre,12,9
Quer�taro,2008,Enero,1,6
Quer�taro,2008,Febrero,2,7
Quer�taro,2008,Marzo,3,5
Quer�taro,2008,Abril,4,4
Quer�taro,2008,Mayo,5,8
Quer�taro,2008,Junio,6,3
Quer�taro,2008,Julio,7,7
Quer�taro,2008,Agosto,8,9
Quer�taro,2008,Septiembre,9,5
Quer�taro,2008,Octubre,10,5
Quer�taro,2008,Noviembre,11,3
Quer�taro,2008,Diciembre,12,11
Quer�taro,2009,Enero,1,5
Quer�taro,2009,Febrero,2,7
Quer�taro,2009,Marzo,3,3
Quer�taro,2009,Abril,4,6
Quer�taro,2009,Mayo,5,10
Quer�taro,2009,Junio,6,4
Quer�taro,2009,Julio,7,9
Quer�taro,2009,Agosto,8,10
Quer�taro,2009,Septiembre,9,8
Quer�taro,2009,Octubre,10,6
Quer�taro,2009,Noviembre,11,8
Quer�taro,2009,Diciembre,12,12
Quer�taro,2010,Enero,1,10
Quer�taro,2010,Marzo,3,4
Quer�taro,2010,Abril,4,2
Quer�taro,2010,Mayo,5,4
Quer�taro,2010,Junio,6,10
Quer�taro,2010,Julio,7,9
Quer�taro,2010,Agosto,8,6
Quer�taro,2010,Septiembre,9,10
Quer�taro,2010,Octubre,10,4
Quer�taro,2010,Noviembre,11,7
Quer�taro,2010,Diciembre,12,7
Quer�taro,2011,Enero,1,8
Quer�taro,2011,Febrero,2,13
Quer�taro,2011,Marzo,3,11
Quer�taro,2011,Abril,4,15
Quer�taro,2011,Mayo,5,6
Quer�taro,2011,Junio,6,6
Quer�taro,2011,Julio,7,3
Quer�taro,2011,Agosto,8,9
Quer�taro,2011,Septiembre,9,10
Quer�taro,2011,Octubre,10,3
Quer�taro,2011,Noviembre,11,9
Quer�taro,2011,Diciembre,12,16
Quer�taro,2012,Enero,1,8
Quer�taro,2012,Febrero,2,6
Quer�taro,2012,Marzo,3,6
Quer�taro,2012,Abril,4,10
Quer�taro,2012,Mayo,5,9
Quer�taro,2012,Junio,6,8
Quer�taro,2012,Julio,7,10
Quer�taro,2012,Agosto,8,11
Quer�taro,2012,Septiembre,9,10
Quer�taro,2012,Octubre,10,15
Quer�taro,2012,Noviembre,11,13
Quer�taro,2012,Diciembre,12,5
Quer�taro,2013,Enero,1,5
Quer�taro,2013,Febrero,2,10
Quer�taro,2013,Marzo,3,9
Quer�taro,2013,Abril,4,10
Quer�taro,2013,Mayo,5,14
Quer�taro,2013,Junio,6,8
Quer�taro,2013,Julio,7,12
Quer�taro,2013,Agosto,8,12
Quer�taro,2013,Septiembre,9,12
Quer�taro,2013,Octubre,10,10
Quer�taro,2013,Noviembre,11,6
Quer�taro,2013,Diciembre,12,11
Quer�taro,2014,Enero,1,11
Quer�taro,2014,Febrero,2,8
Quer�taro,2014,Marzo,3,10
Quer�taro,2014,Abril,4,7
Quer�taro,2014,Mayo,5,7
Quer�taro,2014,Junio,6,5
Quer�taro,2014,Julio,7,10
Quer�taro,2014,Agosto,8,10
Quer�taro,2014,Septiembre,9,9
Quer�taro,2014,Octubre,10,14
Quer�taro,2014,Noviembre,11,7
Quer�taro,2014,Diciembre,12,8
Quer�taro,2015,Enero,1,14
Quer�taro,2015,Febrero,2,9
Quer�taro,2015,Marzo,3,11
Quer�taro,2015,Abril,4,11
Quer�taro,2015,Mayo,5,15
Quer�taro,2015,Junio,6,8
Quer�taro,2015,Julio,7,15
Quer�taro,2015,Agosto,8,12
Quer�taro,2015,Septiembre,9,10
Quer�taro,2015,Octubre,10,13
Quer�taro,2015,Noviembre,11,14
Quer�taro,2015,Diciembre,12,7
Quer�taro,2016,Enero,1,10
Quer�taro,2016,Febrero,2,10
Quer�taro,2016,Marzo,3,15
Quer�taro,2016,Abril,4,11
Quer�taro,2016,Mayo,5,12
Quer�taro,2016,Junio,6,10
Quer�taro,2016,Julio,7,7
Quer�taro,2016,Agosto,8,9
Quer�taro,2016,Septiembre,9,12
Quer�taro,2016,Octubre,10,10
Quer�taro,2016,Noviembre,11,14
Quer�taro,2016,Diciembre,12,13
Quer�taro,2017,Enero,1,12
Quer�taro,2017,Febrero,2,14
Quer�taro,2017,Marzo,3,16
Quer�taro,2017,Abril,4,22
Quer�taro,2017,Mayo,5,10
Quer�taro,2017,Junio,6,24
Quer�taro,2017,Julio,7,12
Quer�taro,2017,Agosto,8,33
Quer�taro,2017,Septiembre,9,16
Quer�taro,2017,Octubre,10,16
Quer�taro,2017,Noviembre,11,15
Quer�taro,2017,Diciembre,12,24
Quer�taro,2018,Enero,1,18
Quer�taro,2018,Febrero,2,12
Quer�taro,2018,Marzo,3,21
Quer�taro,2018,Abril,4,16
Quer�taro,2018,Mayo,5,17
Quer�taro,2018,Junio,6,17
Quer�taro,2018,Julio,7,18
Quer�taro,2018,Agosto,8,27
Quer�taro,2018,Septiembre,9,25
Quer�taro,2018,Octubre,10,14
Quer�taro,2018,Noviembre,11,19
Quer�taro,2018,Diciembre,12,24
Quer�taro,2019,Enero,1,18
Quer�taro,2019,Febrero,2,18
Quer�taro,2019,Marzo,3,20
Quer�taro,2019,Abril,4,20
Quer�taro,2019,Mayo,5,20
Quer�taro,2019,Junio,6,12
Quer�taro,2019,Julio,7,17
Quer�taro,2019,Agosto,8,21
Quer�taro,2019,Septiembre,9,19
Quer�taro,2019,Octubre,10,14
Quer�taro,2019,Noviembre,11,18
Quer�taro,2019,Diciembre,12,22
Quer�taro,2020,Enero,1,14
Quer�taro,2020,Febrero,2,14
Quer�taro,2020,Marzo,3,22
Quer�taro,2020,Abril,4,19
Quer�taro,2020,Mayo,5,21
Quer�taro,2020,Junio,6,12
Quer�taro,2020,Julio,7,17
Quer�taro,2020,Agosto,8,28
Quer�taro,2020,Septiembre,9,20
Quer�taro,2020,Octubre,10,22
Quer�taro,2020,Noviembre,11,17
Quer�taro,2020,Diciembre,12,20
Quer�taro,2021,Enero,1,24
Quer�taro,2021,Febrero,2,14
Quer�taro,2021,Marzo,3,18
Quer�taro,2021,Abril,4,23
Quer�taro,2021,Mayo,5,18
Quer�taro,2021,Junio,6,13
Quer�taro,2021,Julio,7,22
Quer�taro,2021,Agosto,8,22
Quer�taro,2021,Septiembre,9,18
Quer�taro,2021,Octubre,10,18
Quer�taro,2021,Noviembre,11,21
Quer�taro,2021,Diciembre,12,17
Quer�taro,2022,Enero,1,15
Quer�taro,2022,Febrero,2,12
Quer�taro,2022,Marzo,3,5
Quer�taro,2022,Abril,4,15
Quer�taro,2022,Mayo,5,18
Quer�taro,2022,Junio,6,15
Quer�taro,2022,Julio,7,17
Quer�taro,2022,Agosto,8,12
Quer�taro,2022,Septiembre,9,20
Quer�taro,2022,Octubre,10,18
Quer�taro,2022,Noviembre,11,21
Quer�taro,2022,Diciembre,12,18
Quer�taro,2023,Enero,1,18
Quer�taro,2023,Febrero,2,14
Quer�taro,2023,Marzo,3,18
Quer�taro,2023,Abril,4,19
Quer�taro,2023,Mayo,5,18
Quer�taro,2023,Junio,6,20
Quer�taro,2023,Julio,7,17
Quer�taro,2023,Agosto,8,20
Quer�taro,2023,Septiembre,9,17
Quer�taro,2023,Octubre,10,21
Quer�taro,2023,Noviembre,11,8
Quer�taro,2023,Diciembre,12,24
Quer�taro,2024,Enero,1,20
Quer�taro,2024,Febrero,2,8
Quer�taro,2024,Marzo,3,23
Quer�taro,2024,Abril,4,15
Quer�taro,2024,Mayo,5,13
Quer�taro,2024,Junio,6,14
Quer�taro,2024,Julio,7,22
Quer�taro,2024,Agosto,8,15
Quer�taro,2024,Septiembre,9,12
Quer�taro,2024,Octubre,10,28
Quer�taro,2024,Noviembre,11,25
Quer�taro,2024,Diciembre,12,12
Quintana Roo,1990,Enero,1,4
Quintana Roo,1990,Febrero,2,2
Quintana Roo,1990,Marzo,3,2
Quintana Roo,1990,Abril,4,6
Quintana Roo,1990,Mayo,5,3
Quintana Roo,1990,Junio,6,5
Quintana Roo,1990,Julio,7,2
Quintana Roo,1990,Agosto,8,1
Quintana Roo,1990,Septiembre,9,2
Quintana Roo,1990,Octubre,10,5
Quintana Roo,1990,Noviembre,11,6
Quintana Roo,1990,Diciembre,12,15
Quintana Roo,1991,Enero,1,2
Quintana Roo,1991,Febrero,2,7
Quintana Roo,1991,Marzo,3,3
Quintana Roo,1991,Abril,4,3
Quintana Roo,1991,Mayo,5,3
Quintana Roo,1991,Junio,6,6
Quintana Roo,1991,Julio,7,8
Quintana Roo,1991,Agosto,8,4
Quintana Roo,1991,Septiembre,9,1
Quintana Roo,1991,Octubre,10,2
Quintana Roo,1991,Noviembre,11,3
Quintana Roo,1991,Diciembre,12,2
Quintana Roo,1992,Enero,1,2
Quintana Roo,1992,Febrero,2,4
Quintana Roo,1992,Marzo,3,2
Quintana Roo,1992,Abril,4,4
Quintana Roo,1992,Mayo,5,3
Quintana Roo,1992,Junio,6,3
Quintana Roo,1992,Julio,7,6
Quintana Roo,1992,Agosto,8,5
Quintana Roo,1992,Septiembre,9,4
Quintana Roo,1992,Octubre,10,5
Quintana Roo,1992,Noviembre,11,9
Quintana Roo,1992,Diciembre,12,3
Quintana Roo,1993,Enero,1,1
Quintana Roo,1993,Febrero,2,7
Quintana Roo,1993,Marzo,3,3
Quintana Roo,1993,Abril,4,10
Quintana Roo,1993,Mayo,5,10
Quintana Roo,1993,Junio,6,4
Quintana Roo,1993,Julio,7,5
Quintana Roo,1993,Agosto,8,6
Quintana Roo,1993,Septiembre,9,1
Quintana Roo,1993,Octubre,10,7
Quintana Roo,1993,Noviembre,11,9
Quintana Roo,1993,Diciembre,12,10
Quintana Roo,1994,Enero,1,12
Quintana Roo,1994,Febrero,2,8
Quintana Roo,1994,Marzo,3,2
Quintana Roo,1994,Abril,4,7
Quintana Roo,1994,Mayo,5,4
Quintana Roo,1994,Junio,6,10
Quintana Roo,1994,Julio,7,8
Quintana Roo,1994,Agosto,8,12
Quintana Roo,1994,Septiembre,9,10
Quintana Roo,1994,Octubre,10,10
Quintana Roo,1994,Noviembre,11,7
Quintana Roo,1994,Diciembre,12,9
Quintana Roo,1995,Enero,1,4
Quintana Roo,1995,Febrero,2,5
Quintana Roo,1995,Marzo,3,11
Quintana Roo,1995,Abril,4,2
Quintana Roo,1995,Mayo,5,3
Quintana Roo,1995,Junio,6,10
Quintana Roo,1995,Julio,7,6
Quintana Roo,1995,Agosto,8,9
Quintana Roo,1995,Septiembre,9,8
Quintana Roo,1995,Octubre,10,5
Quintana Roo,1995,Noviembre,11,2
Quintana Roo,1995,Diciembre,12,5
Quintana Roo,1996,Enero,1,9
Quintana Roo,1996,Febrero,2,2
Quintana Roo,1996,Marzo,3,5
Quintana Roo,1996,Abril,4,3
Quintana Roo,1996,Mayo,5,2
Quintana Roo,1996,Junio,6,9
Quintana Roo,1996,Julio,7,6
Quintana Roo,1996,Agosto,8,5
Quintana Roo,1996,Septiembre,9,4
Quintana Roo,1996,Octubre,10,5
Quintana Roo,1996,Noviembre,11,6
Quintana Roo,1996,Diciembre,12,5
Quintana Roo,1997,Enero,1,7
Quintana Roo,1997,Febrero,2,10
Quintana Roo,1997,Marzo,3,6
Quintana Roo,1997,Abril,4,4
Quintana Roo,1997,Mayo,5,2
Quintana Roo,1997,Junio,6,8
Quintana Roo,1997,Julio,7,5
Quintana Roo,1997,Agosto,8,11
Quintana Roo,1997,Septiembre,9,5
Quintana Roo,1997,Octubre,10,5
Quintana Roo,1997,Noviembre,11,5
Quintana Roo,1997,Diciembre,12,14
Quintana Roo,1998,Enero,1,6
Quintana Roo,1998,Febrero,2,6
Quintana Roo,1998,Marzo,3,4
Quintana Roo,1998,Abril,4,9
Quintana Roo,1998,Mayo,5,9
Quintana Roo,1998,Junio,6,9
Quintana Roo,1998,Julio,7,5
Quintana Roo,1998,Agosto,8,7
Quintana Roo,1998,Septiembre,9,6
Quintana Roo,1998,Octubre,10,5
Quintana Roo,1998,Noviembre,11,3
Quintana Roo,1998,Diciembre,12,4
Quintana Roo,1999,Enero,1,2
Quintana Roo,1999,Febrero,2,4
Quintana Roo,1999,Marzo,3,7
Quintana Roo,1999,Abril,4,5
Quintana Roo,1999,Mayo,5,9
Quintana Roo,1999,Junio,6,6
Quintana Roo,1999,Julio,7,8
Quintana Roo,1999,Agosto,8,10
Quintana Roo,1999,Septiembre,9,5
Quintana Roo,1999,Octubre,10,10
Quintana Roo,1999,Noviembre,11,8
Quintana Roo,1999,Diciembre,12,9
Quintana Roo,2000,Enero,1,3
Quintana Roo,2000,Febrero,2,9
Quintana Roo,2000,Marzo,3,8
Quintana Roo,2000,Abril,4,3
Quintana Roo,2000,Mayo,5,6
Quintana Roo,2000,Junio,6,5
Quintana Roo,2000,Julio,7,9
Quintana Roo,2000,Agosto,8,5
Quintana Roo,2000,Septiembre,9,4
Quintana Roo,2000,Octubre,10,5
Quintana Roo,2000,Noviembre,11,8
Quintana Roo,2000,Diciembre,12,5
Quintana Roo,2001,Enero,1,6
Quintana Roo,2001,Febrero,2,3
Quintana Roo,2001,Marzo,3,6
Quintana Roo,2001,Abril,4,12
Quintana Roo,2001,Mayo,5,6
Quintana Roo,2001,Junio,6,12
Quintana Roo,2001,Julio,7,8
Quintana Roo,2001,Agosto,8,6
Quintana Roo,2001,Septiembre,9,6
Quintana Roo,2001,Octubre,10,10
Quintana Roo,2001,Noviembre,11,8
Quintana Roo,2001,Diciembre,12,11
Quintana Roo,2002,Enero,1,14
Quintana Roo,2002,Febrero,2,6
Quintana Roo,2002,Marzo,3,2
Quintana Roo,2002,Abril,4,8
Quintana Roo,2002,Mayo,5,7
Quintana Roo,2002,Junio,6,6
Quintana Roo,2002,Julio,7,2
Quintana Roo,2002,Agosto,8,3
Quintana Roo,2002,Septiembre,9,6
Quintana Roo,2002,Octubre,10,1
Quintana Roo,2002,Noviembre,11,7
Quintana Roo,2002,Diciembre,12,5
Quintana Roo,2003,Enero,1,8
Quintana Roo,2003,Febrero,2,1
Quintana Roo,2003,Marzo,3,14
Quintana Roo,2003,Abril,4,4
Quintana Roo,2003,Mayo,5,10
Quintana Roo,2003,Junio,6,11
Quintana Roo,2003,Julio,7,9
Quintana Roo,2003,Agosto,8,19
Quintana Roo,2003,Septiembre,9,12
Quintana Roo,2003,Octubre,10,13
Quintana Roo,2003,Noviembre,11,13
Quintana Roo,2003,Diciembre,12,7
Quintana Roo,2004,Enero,1,5
Quintana Roo,2004,Febrero,2,12
Quintana Roo,2004,Marzo,3,13
Quintana Roo,2004,Abril,4,8
Quintana Roo,2004,Mayo,5,17
Quintana Roo,2004,Junio,6,17
Quintana Roo,2004,Julio,7,10
Quintana Roo,2004,Agosto,8,7
Quintana Roo,2004,Septiembre,9,14
Quintana Roo,2004,Octubre,10,4
Quintana Roo,2004,Noviembre,11,18
Quintana Roo,2004,Diciembre,12,8
Quintana Roo,2005,Enero,1,9
Quintana Roo,2005,Febrero,2,5
Quintana Roo,2005,Marzo,3,3
Quintana Roo,2005,Abril,4,2
Quintana Roo,2005,Mayo,5,8
Quintana Roo,2005,Junio,6,1
Quintana Roo,2005,Julio,7,5
Quintana Roo,2005,Agosto,8,6
Quintana Roo,2005,Septiembre,9,10
Quintana Roo,2005,Octubre,10,9
Quintana Roo,2005,Noviembre,11,3
Quintana Roo,2005,Diciembre,12,9
Quintana Roo,2006,Enero,1,2
Quintana Roo,2006,Febrero,2,8
Quintana Roo,2006,Marzo,3,1
Quintana Roo,2006,Mayo,5,3
Quintana Roo,2006,Junio,6,8
Quintana Roo,2006,Julio,7,8
Quintana Roo,2006,Agosto,8,9
Quintana Roo,2006,Septiembre,9,5
Quintana Roo,2006,Octubre,10,4
Quintana Roo,2006,Noviembre,11,7
Quintana Roo,2006,Diciembre,12,10
Quintana Roo,2007,Enero,1,5
Quintana Roo,2007,Febrero,2,7
Quintana Roo,2007,Marzo,3,16
Quintana Roo,2007,Abril,4,8
Quintana Roo,2007,Mayo,5,10
Quintana Roo,2007,Junio,6,4
Quintana Roo,2007,Julio,7,10
Quintana Roo,2007,Agosto,8,10
Quintana Roo,2007,Septiembre,9,17
Quintana Roo,2007,Octubre,10,6
Quintana Roo,2007,Noviembre,11,11
Quintana Roo,2007,Diciembre,12,15
Quintana Roo,2008,Enero,1,11
Quintana Roo,2008,Febrero,2,7
Quintana Roo,2008,Marzo,3,16
Quintana Roo,2008,Abril,4,7
Quintana Roo,2008,Mayo,5,12
Quintana Roo,2008,Junio,6,7
Quintana Roo,2008,Julio,7,10
Quintana Roo,2008,Agosto,8,23
Quintana Roo,2008,Septiembre,9,11
Quintana Roo,2008,Octubre,10,13
Quintana Roo,2008,Noviembre,11,11
Quintana Roo,2008,Diciembre,12,11
Quintana Roo,2009,Enero,1,3
Quintana Roo,2009,Febrero,2,10
Quintana Roo,2009,Marzo,3,5
Quintana Roo,2009,Abril,4,10
Quintana Roo,2009,Mayo,5,4
Quintana Roo,2009,Junio,6,17
Quintana Roo,2009,Julio,7,11
Quintana Roo,2009,Agosto,8,17
Quintana Roo,2009,Septiembre,9,16
Quintana Roo,2009,Octubre,10,15
Quintana Roo,2009,Noviembre,11,8
Quintana Roo,2009,Diciembre,12,13
Quintana Roo,2010,Enero,1,4
Quintana Roo,2010,Febrero,2,2
Quintana Roo,2010,Marzo,3,16
Quintana Roo,2010,Abril,4,12
Quintana Roo,2010,Mayo,5,11
Quintana Roo,2010,Junio,6,18
Quintana Roo,2010,Julio,7,15
Quintana Roo,2010,Agosto,8,11
Quintana Roo,2010,Septiembre,9,11
Quintana Roo,2010,Octubre,10,10
Quintana Roo,2010,Noviembre,11,13
Quintana Roo,2010,Diciembre,12,16
Quintana Roo,2011,Enero,1,10
Quintana Roo,2011,Febrero,2,8
Quintana Roo,2011,Marzo,3,15
Quintana Roo,2011,Abril,4,10
Quintana Roo,2011,Mayo,5,15
Quintana Roo,2011,Junio,6,6
Quintana Roo,2011,Julio,7,10
Quintana Roo,2011,Agosto,8,14
Quintana Roo,2011,Septiembre,9,16
Quintana Roo,2011,Octubre,10,13
Quintana Roo,2011,Noviembre,11,22
Quintana Roo,2011,Diciembre,12,12
Quintana Roo,2012,Enero,1,19
Quintana Roo,2012,Febrero,2,7
Quintana Roo,2012,Marzo,3,16
Quintana Roo,2012,Abril,4,17
Quintana Roo,2012,Mayo,5,20
Quintana Roo,2012,Junio,6,15
Quintana Roo,2012,Julio,7,6
Quintana Roo,2012,Agosto,8,6
Quintana Roo,2012,Septiembre,9,9
Quintana Roo,2012,Octubre,10,18
Quintana Roo,2012,Noviembre,11,12
Quintana Roo,2012,Diciembre,12,7
Quintana Roo,2013,Enero,1,11
Quintana Roo,2013,Febrero,2,7
Quintana Roo,2013,Marzo,3,21
Quintana Roo,2013,Abril,4,22
Quintana Roo,2013,Mayo,5,12
Quintana Roo,2013,Junio,6,7
Quintana Roo,2013,Julio,7,19
Quintana Roo,2013,Agosto,8,15
Quintana Roo,2013,Septiembre,9,18
Quintana Roo,2013,Octubre,10,6
Quintana Roo,2013,Noviembre,11,10
Quintana Roo,2013,Diciembre,12,12
Quintana Roo,2014,Enero,1,10
Quintana Roo,2014,Febrero,2,7
Quintana Roo,2014,Marzo,3,10
Quintana Roo,2014,Abril,4,10
Quintana Roo,2014,Mayo,5,12
Quintana Roo,2014,Junio,6,10
Quintana Roo,2014,Julio,7,6
Quintana Roo,2014,Agosto,8,8
Quintana Roo,2014,Septiembre,9,12
Quintana Roo,2014,Octubre,10,13
Quintana Roo,2014,Noviembre,11,10
Quintana Roo,2014,Diciembre,12,14
Quintana Roo,2015,Enero,1,7
Quintana Roo,2015,Febrero,2,6
Quintana Roo,2015,Marzo,3,8
Quintana Roo,2015,Abril,4,12
Quintana Roo,2015,Mayo,5,9
Quintana Roo,2015,Junio,6,18
Quintana Roo,2015,Julio,7,12
Quintana Roo,2015,Agosto,8,11
Quintana Roo,2015,Septiembre,9,10
Quintana Roo,2015,Octubre,10,16
Quintana Roo,2015,Noviembre,11,19
Quintana Roo,2015,Diciembre,12,12
Quintana Roo,2016,Enero,1,7
Quintana Roo,2016,Febrero,2,7
Quintana Roo,2016,Marzo,3,11
Quintana Roo,2016,Abril,4,19
Quintana Roo,2016,Mayo,5,18
Quintana Roo,2016,Junio,6,15
Quintana Roo,2016,Julio,7,19
Quintana Roo,2016,Agosto,8,20
Quintana Roo,2016,Septiembre,9,22
Quintana Roo,2016,Octubre,10,26
Quintana Roo,2016,Noviembre,11,17
Quintana Roo,2016,Diciembre,12,9
Quintana Roo,2017,Enero,1,22
Quintana Roo,2017,Febrero,2,20
Quintana Roo,2017,Marzo,3,24
Quintana Roo,2017,Abril,4,35
Quintana Roo,2017,Mayo,5,29
Quintana Roo,2017,Junio,6,44
Quintana Roo,2017,Julio,7,44
Quintana Roo,2017,Agosto,8,48
Quintana Roo,2017,Septiembre,9,43
Quintana Roo,2017,Octubre,10,51
Quintana Roo,2017,Noviembre,11,43
Quintana Roo,2017,Diciembre,12,44
Quintana Roo,2018,Enero,1,46
Quintana Roo,2018,Febrero,2,49
Quintana Roo,2018,Marzo,3,52
Quintana Roo,2018,Abril,4,75
Quintana Roo,2018,Mayo,5,81
Quintana Roo,2018,Junio,6,71
Quintana Roo,2018,Julio,7,88
Quintana Roo,2018,Agosto,8,90
Quintana Roo,2018,Septiembre,9,84
Quintana Roo,2018,Octubre,10,77
Quintana Roo,2018,Noviembre,11,61
Quintana Roo,2018,Diciembre,12,53
Quintana Roo,2019,Enero,1,63
Quintana Roo,2019,Febrero,2,73
Quintana Roo,2019,Marzo,3,72
Quintana Roo,2019,Abril,4,82
Quintana Roo,2019,Mayo,5,42
Quintana Roo,2019,Junio,6,48
Quintana Roo,2019,Julio,7,61
Quintana Roo,2019,Agosto,8,64
Quintana Roo,2019,Septiembre,9,62
Quintana Roo,2019,Octubre,10,67
Quintana Roo,2019,Noviembre,11,42
Quintana Roo,2019,Diciembre,12,72
Quintana Roo,2020,Enero,1,54
Quintana Roo,2020,Febrero,2,69
Quintana Roo,2020,Marzo,3,71
Quintana Roo,2020,Abril,4,51
Quintana Roo,2020,Mayo,5,48
Quintana Roo,2020,Junio,6,41
Quintana Roo,2020,Julio,7,39
Quintana Roo,2020,Agosto,8,55
Quintana Roo,2020,Septiembre,9,53
Quintana Roo,2020,Octubre,10,56
Quintana Roo,2020,Noviembre,11,47
Quintana Roo,2020,Diciembre,12,42
Quintana Roo,2021,Enero,1,25
Quintana Roo,2021,Febrero,2,52
Quintana Roo,2021,Marzo,3,52
Quintana Roo,2021,Abril,4,80
Quintana Roo,2021,Mayo,5,65
Quintana Roo,2021,Junio,6,57
Quintana Roo,2021,Julio,7,50
Quintana Roo,2021,Agosto,8,61
Quintana Roo,2021,Septiembre,9,63
Quintana Roo,2021,Octubre,10,64
Quintana Roo,2021,Noviembre,11,55
Quintana Roo,2021,Diciembre,12,51
Quintana Roo,2022,Enero,1,28
Quintana Roo,2022,Febrero,2,35
Quintana Roo,2022,Marzo,3,61
Quintana Roo,2022,Abril,4,49
Quintana Roo,2022,Mayo,5,55
Quintana Roo,2022,Junio,6,55
Quintana Roo,2022,Julio,7,55
Quintana Roo,2022,Agosto,8,56
Quintana Roo,2022,Septiembre,9,71
Quintana Roo,2022,Octubre,10,60
Quintana Roo,2022,Noviembre,11,64
Quintana Roo,2022,Diciembre,12,54
Quintana Roo,2023,Enero,1,47
Quintana Roo,2023,Febrero,2,50
Quintana Roo,2023,Marzo,3,49
Quintana Roo,2023,Abril,4,75
Quintana Roo,2023,Mayo,5,70
Quintana Roo,2023,Junio,6,75
Quintana Roo,2023,Julio,7,52
Quintana Roo,2023,Agosto,8,51
Quintana Roo,2023,Septiembre,9,59
Quintana Roo,2023,Octubre,10,58
Quintana Roo,2023,Noviembre,11,59
Quintana Roo,2023,Diciembre,12,65
Quintana Roo,2024,Enero,1,48
Quintana Roo,2024,Febrero,2,46
Quintana Roo,2024,Marzo,3,53
Quintana Roo,2024,Abril,4,57
Quintana Roo,2024,Mayo,5,66
Quintana Roo,2024,Junio,6,49
Quintana Roo,2024,Julio,7,57
Quintana Roo,2024,Agosto,8,54
Quintana Roo,2024,Septiembre,9,54
Quintana Roo,2024,Octubre,10,47
Quintana Roo,2024,Noviembre,11,31
Quintana Roo,2024,Diciembre,12,55
San Luis Potos�,1990,Enero,1,23
San Luis Potos�,1990,Febrero,2,18
San Luis Potos�,1990,Marzo,3,26
San Luis Potos�,1990,Abril,4,10
San Luis Potos�,1990,Mayo,5,17
San Luis Potos�,1990,Junio,6,16
San Luis Potos�,1990,Julio,7,16
San Luis Potos�,1990,Agosto,8,29
San Luis Potos�,1990,Septiembre,9,22
San Luis Potos�,1990,Octubre,10,15
San Luis Potos�,1990,Noviembre,11,15
San Luis Potos�,1990,Diciembre,12,29
San Luis Potos�,1991,Enero,1,13
San Luis Potos�,1991,Febrero,2,16
San Luis Potos�,1991,Marzo,3,17
San Luis Potos�,1991,Abril,4,14
San Luis Potos�,1991,Mayo,5,16
San Luis Potos�,1991,Junio,6,15
San Luis Potos�,1991,Julio,7,15
San Luis Potos�,1991,Agosto,8,24
San Luis Potos�,1991,Septiembre,9,14
San Luis Potos�,1991,Octubre,10,21
San Luis Potos�,1991,Noviembre,11,19
San Luis Potos�,1991,Diciembre,12,26
San Luis Potos�,1992,Enero,1,23
San Luis Potos�,1992,Febrero,2,22
San Luis Potos�,1992,Marzo,3,27
San Luis Potos�,1992,Abril,4,15
San Luis Potos�,1992,Mayo,5,28
San Luis Potos�,1992,Junio,6,21
San Luis Potos�,1992,Julio,7,21
San Luis Potos�,1992,Agosto,8,20
San Luis Potos�,1992,Septiembre,9,27
San Luis Potos�,1992,Octubre,10,21
San Luis Potos�,1992,Noviembre,11,16
San Luis Potos�,1992,Diciembre,12,30
San Luis Potos�,1993,Enero,1,25
San Luis Potos�,1993,Febrero,2,17
San Luis Potos�,1993,Marzo,3,25
San Luis Potos�,1993,Abril,4,18
San Luis Potos�,1993,Mayo,5,17
San Luis Potos�,1993,Junio,6,13
San Luis Potos�,1993,Julio,7,18
San Luis Potos�,1993,Agosto,8,20
San Luis Potos�,1993,Septiembre,9,25
San Luis Potos�,1993,Octubre,10,23
San Luis Potos�,1993,Noviembre,11,17
San Luis Potos�,1993,Diciembre,12,18
San Luis Potos�,1994,Enero,1,26
San Luis Potos�,1994,Febrero,2,28
San Luis Potos�,1994,Marzo,3,16
San Luis Potos�,1994,Abril,4,12
San Luis Potos�,1994,Mayo,5,19
San Luis Potos�,1994,Junio,6,18
San Luis Potos�,1994,Julio,7,16
San Luis Potos�,1994,Agosto,8,24
San Luis Potos�,1994,Septiembre,9,21
San Luis Potos�,1994,Octubre,10,22
San Luis Potos�,1994,Noviembre,11,20
San Luis Potos�,1994,Diciembre,12,21
San Luis Potos�,1995,Enero,1,23
San Luis Potos�,1995,Febrero,2,13
San Luis Potos�,1995,Marzo,3,17
San Luis Potos�,1995,Abril,4,17
San Luis Potos�,1995,Mayo,5,14
San Luis Potos�,1995,Junio,6,20
San Luis Potos�,1995,Julio,7,24
San Luis Potos�,1995,Agosto,8,15
San Luis Potos�,1995,Septiembre,9,11
San Luis Potos�,1995,Octubre,10,21
San Luis Potos�,1995,Noviembre,11,23
San Luis Potos�,1995,Diciembre,12,28
San Luis Potos�,1996,Enero,1,20
San Luis Potos�,1996,Febrero,2,15
San Luis Potos�,1996,Marzo,3,21
San Luis Potos�,1996,Abril,4,23
San Luis Potos�,1996,Mayo,5,17
San Luis Potos�,1996,Junio,6,15
San Luis Potos�,1996,Julio,7,17
San Luis Potos�,1996,Agosto,8,11
San Luis Potos�,1996,Septiembre,9,13
San Luis Potos�,1996,Octubre,10,14
San Luis Potos�,1996,Noviembre,11,15
San Luis Potos�,1996,Diciembre,12,27
San Luis Potos�,1997,Enero,1,13
San Luis Potos�,1997,Febrero,2,19
San Luis Potos�,1997,Marzo,3,11
San Luis Potos�,1997,Abril,4,14
San Luis Potos�,1997,Mayo,5,23
San Luis Potos�,1997,Junio,6,18
San Luis Potos�,1997,Julio,7,12
San Luis Potos�,1997,Agosto,8,24
San Luis Potos�,1997,Septiembre,9,18
San Luis Potos�,1997,Octubre,10,19
San Luis Potos�,1997,Noviembre,11,15
San Luis Potos�,1997,Diciembre,12,16
San Luis Potos�,1998,Enero,1,40
San Luis Potos�,1998,Febrero,2,15
San Luis Potos�,1998,Marzo,3,18
San Luis Potos�,1998,Abril,4,18
San Luis Potos�,1998,Mayo,5,37
San Luis Potos�,1998,Junio,6,27
San Luis Potos�,1998,Julio,7,18
San Luis Potos�,1998,Agosto,8,21
San Luis Potos�,1998,Septiembre,9,31
San Luis Potos�,1998,Octubre,10,26
San Luis Potos�,1998,Noviembre,11,25
San Luis Potos�,1998,Diciembre,12,38
San Luis Potos�,1999,Enero,1,26
San Luis Potos�,1999,Febrero,2,32
San Luis Potos�,1999,Marzo,3,26
San Luis Potos�,1999,Abril,4,24
San Luis Potos�,1999,Mayo,5,25
San Luis Potos�,1999,Junio,6,24
San Luis Potos�,1999,Julio,7,24
San Luis Potos�,1999,Agosto,8,17
San Luis Potos�,1999,Septiembre,9,21
San Luis Potos�,1999,Octubre,10,16
San Luis Potos�,1999,Noviembre,11,27
San Luis Potos�,1999,Diciembre,12,21
San Luis Potos�,2000,Enero,1,19
San Luis Potos�,2000,Febrero,2,17
San Luis Potos�,2000,Marzo,3,22
San Luis Potos�,2000,Abril,4,30
San Luis Potos�,2000,Mayo,5,21
San Luis Potos�,2000,Junio,6,16
San Luis Potos�,2000,Julio,7,22
San Luis Potos�,2000,Agosto,8,20
San Luis Potos�,2000,Septiembre,9,32
San Luis Potos�,2000,Octubre,10,25
San Luis Potos�,2000,Noviembre,11,19
San Luis Potos�,2000,Diciembre,12,31
San Luis Potos�,2001,Enero,1,15
San Luis Potos�,2001,Febrero,2,15
San Luis Potos�,2001,Marzo,3,25
San Luis Potos�,2001,Abril,4,17
San Luis Potos�,2001,Mayo,5,18
San Luis Potos�,2001,Junio,6,16
San Luis Potos�,2001,Julio,7,28
San Luis Potos�,2001,Agosto,8,23
San Luis Potos�,2001,Septiembre,9,10
San Luis Potos�,2001,Octubre,10,23
San Luis Potos�,2001,Noviembre,11,8
San Luis Potos�,2001,Diciembre,12,28
San Luis Potos�,2002,Enero,1,20
San Luis Potos�,2002,Febrero,2,11
San Luis Potos�,2002,Marzo,3,18
San Luis Potos�,2002,Abril,4,22
San Luis Potos�,2002,Mayo,5,7
San Luis Potos�,2002,Junio,6,6
San Luis Potos�,2002,Julio,7,11
San Luis Potos�,2002,Agosto,8,13
San Luis Potos�,2002,Septiembre,9,13
San Luis Potos�,2002,Octubre,10,12
San Luis Potos�,2002,Noviembre,11,8
San Luis Potos�,2002,Diciembre,12,15
San Luis Potos�,2003,Enero,1,18
San Luis Potos�,2003,Febrero,2,11
San Luis Potos�,2003,Marzo,3,10
San Luis Potos�,2003,Abril,4,10
San Luis Potos�,2003,Mayo,5,19
San Luis Potos�,2003,Junio,6,18
San Luis Potos�,2003,Julio,7,10
San Luis Potos�,2003,Agosto,8,14
San Luis Potos�,2003,Septiembre,9,7
San Luis Potos�,2003,Octubre,10,9
San Luis Potos�,2003,Noviembre,11,10
San Luis Potos�,2003,Diciembre,12,10
San Luis Potos�,2004,Enero,1,14
San Luis Potos�,2004,Febrero,2,7
San Luis Potos�,2004,Marzo,3,17
San Luis Potos�,2004,Abril,4,6
San Luis Potos�,2004,Mayo,5,7
San Luis Potos�,2004,Junio,6,9
San Luis Potos�,2004,Julio,7,15
San Luis Potos�,2004,Agosto,8,20
San Luis Potos�,2004,Septiembre,9,7
San Luis Potos�,2004,Octubre,10,13
San Luis Potos�,2004,Noviembre,11,10
San Luis Potos�,2004,Diciembre,12,10
San Luis Potos�,2005,Enero,1,14
San Luis Potos�,2005,Febrero,2,11
San Luis Potos�,2005,Marzo,3,6
San Luis Potos�,2005,Abril,4,13
San Luis Potos�,2005,Mayo,5,17
San Luis Potos�,2005,Junio,6,14
San Luis Potos�,2005,Julio,7,5
San Luis Potos�,2005,Agosto,8,14
San Luis Potos�,2005,Septiembre,9,16
San Luis Potos�,2005,Octubre,10,8
San Luis Potos�,2005,Noviembre,11,10
San Luis Potos�,2005,Diciembre,12,10
San Luis Potos�,2006,Enero,1,17
San Luis Potos�,2006,Febrero,2,6
San Luis Potos�,2006,Marzo,3,21
San Luis Potos�,2006,Abril,4,3
San Luis Potos�,2006,Mayo,5,14
San Luis Potos�,2006,Junio,6,16
San Luis Potos�,2006,Julio,7,16
San Luis Potos�,2006,Agosto,8,8
San Luis Potos�,2006,Septiembre,9,13
San Luis Potos�,2006,Octubre,10,20
San Luis Potos�,2006,Noviembre,11,10
San Luis Potos�,2006,Diciembre,12,14
San Luis Potos�,2007,Enero,1,9
San Luis Potos�,2007,Febrero,2,6
San Luis Potos�,2007,Marzo,3,11
San Luis Potos�,2007,Abril,4,7
San Luis Potos�,2007,Mayo,5,10
San Luis Potos�,2007,Junio,6,8
San Luis Potos�,2007,Julio,7,13
San Luis Potos�,2007,Agosto,8,17
San Luis Potos�,2007,Septiembre,9,14
San Luis Potos�,2007,Octubre,10,13
San Luis Potos�,2007,Noviembre,11,19
San Luis Potos�,2007,Diciembre,12,15
San Luis Potos�,2008,Enero,1,11
San Luis Potos�,2008,Febrero,2,20
San Luis Potos�,2008,Marzo,3,7
San Luis Potos�,2008,Abril,4,21
San Luis Potos�,2008,Mayo,5,9
San Luis Potos�,2008,Junio,6,18
San Luis Potos�,2008,Julio,7,11
San Luis Potos�,2008,Agosto,8,19
San Luis Potos�,2008,Septiembre,9,14
San Luis Potos�,2008,Octubre,10,15
San Luis Potos�,2008,Noviembre,11,22
San Luis Potos�,2008,Diciembre,12,29
San Luis Potos�,2009,Enero,1,16
San Luis Potos�,2009,Febrero,2,13
San Luis Potos�,2009,Marzo,3,16
San Luis Potos�,2009,Abril,4,19
San Luis Potos�,2009,Mayo,5,19
San Luis Potos�,2009,Junio,6,17
San Luis Potos�,2009,Julio,7,18
San Luis Potos�,2009,Agosto,8,20
San Luis Potos�,2009,Septiembre,9,14
San Luis Potos�,2009,Octubre,10,9
San Luis Potos�,2009,Noviembre,11,23
San Luis Potos�,2009,Diciembre,12,23
San Luis Potos�,2010,Enero,1,18
San Luis Potos�,2010,Febrero,2,9
San Luis Potos�,2010,Marzo,3,18
San Luis Potos�,2010,Abril,4,23
San Luis Potos�,2010,Mayo,5,31
San Luis Potos�,2010,Junio,6,31
San Luis Potos�,2010,Julio,7,28
San Luis Potos�,2010,Agosto,8,37
San Luis Potos�,2010,Septiembre,9,47
San Luis Potos�,2010,Octubre,10,53
San Luis Potos�,2010,Noviembre,11,37
San Luis Potos�,2010,Diciembre,12,32
San Luis Potos�,2011,Enero,1,48
San Luis Potos�,2011,Febrero,2,37
San Luis Potos�,2011,Marzo,3,37
San Luis Potos�,2011,Abril,4,30
San Luis Potos�,2011,Mayo,5,41
San Luis Potos�,2011,Junio,6,11
San Luis Potos�,2011,Julio,7,27
San Luis Potos�,2011,Agosto,8,25
San Luis Potos�,2011,Septiembre,9,19
San Luis Potos�,2011,Octubre,10,21
San Luis Potos�,2011,Noviembre,11,35
San Luis Potos�,2011,Diciembre,12,24
San Luis Potos�,2012,Enero,1,19
San Luis Potos�,2012,Febrero,2,9
San Luis Potos�,2012,Marzo,3,20
San Luis Potos�,2012,Abril,4,27
San Luis Potos�,2012,Mayo,5,48
San Luis Potos�,2012,Junio,6,30
San Luis Potos�,2012,Julio,7,35
San Luis Potos�,2012,Agosto,8,36
San Luis Potos�,2012,Septiembre,9,56
San Luis Potos�,2012,Octubre,10,61
San Luis Potos�,2012,Noviembre,11,43
San Luis Potos�,2012,Diciembre,12,55
San Luis Potos�,2013,Enero,1,26
San Luis Potos�,2013,Febrero,2,32
San Luis Potos�,2013,Marzo,3,37
San Luis Potos�,2013,Abril,4,43
San Luis Potos�,2013,Mayo,5,30
San Luis Potos�,2013,Junio,6,21
San Luis Potos�,2013,Julio,7,28
San Luis Potos�,2013,Agosto,8,21
San Luis Potos�,2013,Septiembre,9,11
San Luis Potos�,2013,Octubre,10,26
San Luis Potos�,2013,Noviembre,11,12
San Luis Potos�,2013,Diciembre,12,11
San Luis Potos�,2014,Enero,1,24
San Luis Potos�,2014,Febrero,2,21
San Luis Potos�,2014,Marzo,3,18
San Luis Potos�,2014,Abril,4,22
San Luis Potos�,2014,Mayo,5,19
San Luis Potos�,2014,Junio,6,24
San Luis Potos�,2014,Julio,7,26
San Luis Potos�,2014,Agosto,8,24
San Luis Potos�,2014,Septiembre,9,19
San Luis Potos�,2014,Octubre,10,27
San Luis Potos�,2014,Noviembre,11,20
San Luis Potos�,2014,Diciembre,12,20
San Luis Potos�,2015,Enero,1,17
San Luis Potos�,2015,Febrero,2,9
San Luis Potos�,2015,Marzo,3,21
San Luis Potos�,2015,Abril,4,11
San Luis Potos�,2015,Mayo,5,21
San Luis Potos�,2015,Junio,6,32
San Luis Potos�,2015,Julio,7,24
San Luis Potos�,2015,Agosto,8,26
San Luis Potos�,2015,Septiembre,9,14
San Luis Potos�,2015,Octubre,10,27
San Luis Potos�,2015,Noviembre,11,28
San Luis Potos�,2015,Diciembre,12,29
San Luis Potos�,2016,Enero,1,23
San Luis Potos�,2016,Febrero,2,17
San Luis Potos�,2016,Marzo,3,13
San Luis Potos�,2016,Abril,4,24
San Luis Potos�,2016,Mayo,5,37
San Luis Potos�,2016,Junio,6,34
San Luis Potos�,2016,Julio,7,26
San Luis Potos�,2016,Agosto,8,28
San Luis Potos�,2016,Septiembre,9,27
San Luis Potos�,2016,Octubre,10,44
San Luis Potos�,2016,Noviembre,11,28
San Luis Potos�,2016,Diciembre,12,27
San Luis Potos�,2017,Enero,1,29
San Luis Potos�,2017,Febrero,2,36
San Luis Potos�,2017,Marzo,3,34
San Luis Potos�,2017,Abril,4,24
San Luis Potos�,2017,Mayo,5,45
San Luis Potos�,2017,Junio,6,48
San Luis Potos�,2017,Julio,7,46
San Luis Potos�,2017,Agosto,8,48
San Luis Potos�,2017,Septiembre,9,52
San Luis Potos�,2017,Octubre,10,41
San Luis Potos�,2017,Noviembre,11,38
San Luis Potos�,2017,Diciembre,12,49
San Luis Potos�,2018,Enero,1,42
San Luis Potos�,2018,Febrero,2,45
San Luis Potos�,2018,Marzo,3,49
San Luis Potos�,2018,Abril,4,48
San Luis Potos�,2018,Mayo,5,53
San Luis Potos�,2018,Junio,6,46
San Luis Potos�,2018,Julio,7,53
San Luis Potos�,2018,Agosto,8,56
San Luis Potos�,2018,Septiembre,9,33
San Luis Potos�,2018,Octubre,10,41
San Luis Potos�,2018,Noviembre,11,40
San Luis Potos�,2018,Diciembre,12,34
San Luis Potos�,2019,Enero,1,38
San Luis Potos�,2019,Febrero,2,37
San Luis Potos�,2019,Marzo,3,42
San Luis Potos�,2019,Abril,4,37
San Luis Potos�,2019,Mayo,5,38
San Luis Potos�,2019,Junio,6,45
San Luis Potos�,2019,Julio,7,38
San Luis Potos�,2019,Agosto,8,51
San Luis Potos�,2019,Septiembre,9,43
San Luis Potos�,2019,Octubre,10,46
San Luis Potos�,2019,Noviembre,11,47
San Luis Potos�,2019,Diciembre,12,50
San Luis Potos�,2020,Enero,1,48
San Luis Potos�,2020,Febrero,2,45
San Luis Potos�,2020,Marzo,3,55
San Luis Potos�,2020,Abril,4,48
San Luis Potos�,2020,Mayo,5,66
San Luis Potos�,2020,Junio,6,56
San Luis Potos�,2020,Julio,7,82
San Luis Potos�,2020,Agosto,8,90
San Luis Potos�,2020,Septiembre,9,72
San Luis Potos�,2020,Octubre,10,101
San Luis Potos�,2020,Noviembre,11,53
San Luis Potos�,2020,Diciembre,12,68
San Luis Potos�,2021,Enero,1,72
San Luis Potos�,2021,Febrero,2,67
San Luis Potos�,2021,Marzo,3,97
San Luis Potos�,2021,Abril,4,66
San Luis Potos�,2021,Mayo,5,77
San Luis Potos�,2021,Junio,6,79
San Luis Potos�,2021,Julio,7,48
San Luis Potos�,2021,Agosto,8,64
San Luis Potos�,2021,Septiembre,9,44
San Luis Potos�,2021,Octubre,10,58
San Luis Potos�,2021,Noviembre,11,44
San Luis Potos�,2021,Diciembre,12,53
San Luis Potos�,2022,Enero,1,49
San Luis Potos�,2022,Febrero,2,67
San Luis Potos�,2022,Marzo,3,58
San Luis Potos�,2022,Abril,4,65
San Luis Potos�,2022,Mayo,5,78
San Luis Potos�,2022,Junio,6,83
San Luis Potos�,2022,Julio,7,45
San Luis Potos�,2022,Agosto,8,73
San Luis Potos�,2022,Septiembre,9,55
San Luis Potos�,2022,Octubre,10,48
San Luis Potos�,2022,Noviembre,11,63
San Luis Potos�,2022,Diciembre,12,54
San Luis Potos�,2023,Enero,1,51
San Luis Potos�,2023,Febrero,2,51
San Luis Potos�,2023,Marzo,3,55
San Luis Potos�,2023,Abril,4,43
San Luis Potos�,2023,Mayo,5,57
San Luis Potos�,2023,Junio,6,44
San Luis Potos�,2023,Julio,7,47
San Luis Potos�,2023,Agosto,8,43
San Luis Potos�,2023,Septiembre,9,42
San Luis Potos�,2023,Octubre,10,39
San Luis Potos�,2023,Noviembre,11,30
San Luis Potos�,2023,Diciembre,12,42
San Luis Potos�,2024,Enero,1,22
San Luis Potos�,2024,Febrero,2,39
San Luis Potos�,2024,Marzo,3,48
San Luis Potos�,2024,Abril,4,42
San Luis Potos�,2024,Mayo,5,51
San Luis Potos�,2024,Junio,6,57
San Luis Potos�,2024,Julio,7,39
San Luis Potos�,2024,Agosto,8,29
San Luis Potos�,2024,Septiembre,9,28
San Luis Potos�,2024,Octubre,10,44
San Luis Potos�,2024,Noviembre,11,56
San Luis Potos�,2024,Diciembre,12,32
Sinaloa,1990,Enero,1,43
Sinaloa,1990,Febrero,2,28
Sinaloa,1990,Marzo,3,45
Sinaloa,1990,Abril,4,36
Sinaloa,1990,Mayo,5,59
Sinaloa,1990,Junio,6,38
Sinaloa,1990,Julio,7,27
Sinaloa,1990,Agosto,8,31
Sinaloa,1990,Septiembre,9,27
Sinaloa,1990,Octubre,10,30
Sinaloa,1990,Noviembre,11,46
Sinaloa,1990,Diciembre,12,34
Sinaloa,1991,Enero,1,55
Sinaloa,1991,Febrero,2,32
Sinaloa,1991,Marzo,3,43
Sinaloa,1991,Abril,4,42
Sinaloa,1991,Mayo,5,61
Sinaloa,1991,Junio,6,41
Sinaloa,1991,Julio,7,48
Sinaloa,1991,Agosto,8,45
Sinaloa,1991,Septiembre,9,43
Sinaloa,1991,Octubre,10,53
Sinaloa,1991,Noviembre,11,42
Sinaloa,1991,Diciembre,12,38
Sinaloa,1992,Enero,1,47
Sinaloa,1992,Febrero,2,57
Sinaloa,1992,Marzo,3,41
Sinaloa,1992,Abril,4,29
Sinaloa,1992,Mayo,5,50
Sinaloa,1992,Junio,6,56
Sinaloa,1992,Julio,7,57
Sinaloa,1992,Agosto,8,36
Sinaloa,1992,Septiembre,9,56
Sinaloa,1992,Octubre,10,52
Sinaloa,1992,Noviembre,11,51
Sinaloa,1992,Diciembre,12,52
Sinaloa,1993,Enero,1,77
Sinaloa,1993,Febrero,2,42
Sinaloa,1993,Marzo,3,51
Sinaloa,1993,Abril,4,38
Sinaloa,1993,Mayo,5,50
Sinaloa,1993,Junio,6,50
Sinaloa,1993,Julio,7,27
Sinaloa,1993,Agosto,8,57
Sinaloa,1993,Septiembre,9,36
Sinaloa,1993,Octubre,10,38
Sinaloa,1993,Noviembre,11,34
Sinaloa,1993,Diciembre,12,49
Sinaloa,1994,Enero,1,47
Sinaloa,1994,Febrero,2,38
Sinaloa,1994,Marzo,3,70
Sinaloa,1994,Abril,4,52
Sinaloa,1994,Mayo,5,55
Sinaloa,1994,Junio,6,59
Sinaloa,1994,Julio,7,48
Sinaloa,1994,Agosto,8,55
Sinaloa,1994,Septiembre,9,66
Sinaloa,1994,Octubre,10,38
Sinaloa,1994,Noviembre,11,26
Sinaloa,1994,Diciembre,12,37
Sinaloa,1995,Enero,1,64
Sinaloa,1995,Febrero,2,51
Sinaloa,1995,Marzo,3,48
Sinaloa,1995,Abril,4,57
Sinaloa,1995,Mayo,5,70
Sinaloa,1995,Junio,6,49
Sinaloa,1995,Julio,7,37
Sinaloa,1995,Agosto,8,51
Sinaloa,1995,Septiembre,9,38
Sinaloa,1995,Octubre,10,55
Sinaloa,1995,Noviembre,11,70
Sinaloa,1995,Diciembre,12,33
Sinaloa,1996,Enero,1,64
Sinaloa,1996,Febrero,2,57
Sinaloa,1996,Marzo,3,59
Sinaloa,1996,Abril,4,54
Sinaloa,1996,Mayo,5,63
Sinaloa,1996,Junio,6,41
Sinaloa,1996,Julio,7,64
Sinaloa,1996,Agosto,8,51
Sinaloa,1996,Septiembre,9,55
Sinaloa,1996,Octubre,10,51
Sinaloa,1996,Noviembre,11,54
Sinaloa,1996,Diciembre,12,49
Sinaloa,1997,Enero,1,65
Sinaloa,1997,Febrero,2,46
Sinaloa,1997,Marzo,3,40
Sinaloa,1997,Abril,4,51
Sinaloa,1997,Mayo,5,50
Sinaloa,1997,Junio,6,50
Sinaloa,1997,Julio,7,60
Sinaloa,1997,Agosto,8,41
Sinaloa,1997,Septiembre,9,52
Sinaloa,1997,Octubre,10,49
Sinaloa,1997,Noviembre,11,36
Sinaloa,1997,Diciembre,12,66
Sinaloa,1998,Enero,1,54
Sinaloa,1998,Febrero,2,53
Sinaloa,1998,Marzo,3,45
Sinaloa,1998,Abril,4,38
Sinaloa,1998,Mayo,5,48
Sinaloa,1998,Junio,6,33
Sinaloa,1998,Julio,7,51
Sinaloa,1998,Agosto,8,40
Sinaloa,1998,Septiembre,9,40
Sinaloa,1998,Octubre,10,47
Sinaloa,1998,Noviembre,11,55
Sinaloa,1998,Diciembre,12,60
Sinaloa,1999,Enero,1,50
Sinaloa,1999,Febrero,2,47
Sinaloa,1999,Marzo,3,50
Sinaloa,1999,Abril,4,46
Sinaloa,1999,Mayo,5,41
Sinaloa,1999,Junio,6,50
Sinaloa,1999,Julio,7,45
Sinaloa,1999,Agosto,8,40
Sinaloa,1999,Septiembre,9,34
Sinaloa,1999,Octubre,10,45
Sinaloa,1999,Noviembre,11,44
Sinaloa,1999,Diciembre,12,47
Sinaloa,2000,Enero,1,45
Sinaloa,2000,Febrero,2,48
Sinaloa,2000,Marzo,3,48
Sinaloa,2000,Abril,4,30
Sinaloa,2000,Mayo,5,45
Sinaloa,2000,Junio,6,25
Sinaloa,2000,Julio,7,47
Sinaloa,2000,Agosto,8,27
Sinaloa,2000,Septiembre,9,28
Sinaloa,2000,Octubre,10,38
Sinaloa,2000,Noviembre,11,32
Sinaloa,2000,Diciembre,12,47
Sinaloa,2001,Enero,1,40
Sinaloa,2001,Febrero,2,44
Sinaloa,2001,Marzo,3,57
Sinaloa,2001,Abril,4,39
Sinaloa,2001,Mayo,5,51
Sinaloa,2001,Junio,6,43
Sinaloa,2001,Julio,7,46
Sinaloa,2001,Agosto,8,36
Sinaloa,2001,Septiembre,9,41
Sinaloa,2001,Octubre,10,43
Sinaloa,2001,Noviembre,11,38
Sinaloa,2001,Diciembre,12,23
Sinaloa,2002,Enero,1,44
Sinaloa,2002,Febrero,2,54
Sinaloa,2002,Marzo,3,40
Sinaloa,2002,Abril,4,49
Sinaloa,2002,Mayo,5,58
Sinaloa,2002,Junio,6,28
Sinaloa,2002,Julio,7,36
Sinaloa,2002,Agosto,8,36
Sinaloa,2002,Septiembre,9,40
Sinaloa,2002,Octubre,10,29
Sinaloa,2002,Noviembre,11,32
Sinaloa,2002,Diciembre,12,30
Sinaloa,2003,Enero,1,34
Sinaloa,2003,Febrero,2,29
Sinaloa,2003,Marzo,3,35
Sinaloa,2003,Abril,4,34
Sinaloa,2003,Mayo,5,49
Sinaloa,2003,Junio,6,43
Sinaloa,2003,Julio,7,43
Sinaloa,2003,Agosto,8,34
Sinaloa,2003,Septiembre,9,35
Sinaloa,2003,Octubre,10,33
Sinaloa,2003,Noviembre,11,27
Sinaloa,2003,Diciembre,12,31
Sinaloa,2004,Enero,1,51
Sinaloa,2004,Febrero,2,33
Sinaloa,2004,Marzo,3,43
Sinaloa,2004,Abril,4,26
Sinaloa,2004,Mayo,5,23
Sinaloa,2004,Junio,6,45
Sinaloa,2004,Julio,7,32
Sinaloa,2004,Agosto,8,35
Sinaloa,2004,Septiembre,9,34
Sinaloa,2004,Octubre,10,22
Sinaloa,2004,Noviembre,11,23
Sinaloa,2004,Diciembre,12,23
Sinaloa,2005,Enero,1,36
Sinaloa,2005,Febrero,2,47
Sinaloa,2005,Marzo,3,18
Sinaloa,2005,Abril,4,56
Sinaloa,2005,Mayo,5,55
Sinaloa,2005,Junio,6,32
Sinaloa,2005,Julio,7,30
Sinaloa,2005,Agosto,8,33
Sinaloa,2005,Septiembre,9,34
Sinaloa,2005,Octubre,10,30
Sinaloa,2005,Noviembre,11,38
Sinaloa,2005,Diciembre,12,25
Sinaloa,2006,Enero,1,54
Sinaloa,2006,Febrero,2,31
Sinaloa,2006,Marzo,3,46
Sinaloa,2006,Abril,4,28
Sinaloa,2006,Mayo,5,35
Sinaloa,2006,Junio,6,44
Sinaloa,2006,Julio,7,35
Sinaloa,2006,Agosto,8,35
Sinaloa,2006,Septiembre,9,46
Sinaloa,2006,Octubre,10,29
Sinaloa,2006,Noviembre,11,45
Sinaloa,2006,Diciembre,12,33
Sinaloa,2007,Enero,1,44
Sinaloa,2007,Febrero,2,33
Sinaloa,2007,Marzo,3,46
Sinaloa,2007,Abril,4,34
Sinaloa,2007,Mayo,5,53
Sinaloa,2007,Junio,6,39
Sinaloa,2007,Julio,7,21
Sinaloa,2007,Agosto,8,36
Sinaloa,2007,Septiembre,9,21
Sinaloa,2007,Octubre,10,27
Sinaloa,2007,Noviembre,11,29
Sinaloa,2007,Diciembre,12,15
Sinaloa,2008,Enero,1,22
Sinaloa,2008,Febrero,2,21
Sinaloa,2008,Marzo,3,31
Sinaloa,2008,Abril,4,68
Sinaloa,2008,Mayo,5,86
Sinaloa,2008,Junio,6,78
Sinaloa,2008,Julio,7,140
Sinaloa,2008,Agosto,8,90
Sinaloa,2008,Septiembre,9,77
Sinaloa,2008,Octubre,10,90
Sinaloa,2008,Noviembre,11,58
Sinaloa,2008,Diciembre,12,63
Sinaloa,2009,Enero,1,92
Sinaloa,2009,Febrero,2,70
Sinaloa,2009,Marzo,3,94
Sinaloa,2009,Abril,4,78
Sinaloa,2009,Mayo,5,84
Sinaloa,2009,Junio,6,88
Sinaloa,2009,Julio,7,114
Sinaloa,2009,Agosto,8,121
Sinaloa,2009,Septiembre,9,149
Sinaloa,2009,Octubre,10,120
Sinaloa,2009,Noviembre,11,189
Sinaloa,2009,Diciembre,12,204
Sinaloa,2010,Enero,1,196
Sinaloa,2010,Febrero,2,204
Sinaloa,2010,Marzo,3,235
Sinaloa,2010,Abril,4,209
Sinaloa,2010,Mayo,5,159
Sinaloa,2010,Junio,6,180
Sinaloa,2010,Julio,7,226
Sinaloa,2010,Agosto,8,210
Sinaloa,2010,Septiembre,9,173
Sinaloa,2010,Octubre,10,183
Sinaloa,2010,Noviembre,11,133
Sinaloa,2010,Diciembre,12,202
Sinaloa,2011,Enero,1,161
Sinaloa,2011,Febrero,2,131
Sinaloa,2011,Marzo,3,198
Sinaloa,2011,Abril,4,169
Sinaloa,2011,Mayo,5,146
Sinaloa,2011,Junio,6,170
Sinaloa,2011,Julio,7,146
Sinaloa,2011,Agosto,8,168
Sinaloa,2011,Septiembre,9,136
Sinaloa,2011,Octubre,10,157
Sinaloa,2011,Noviembre,11,165
Sinaloa,2011,Diciembre,12,163
Sinaloa,2012,Enero,1,94
Sinaloa,2012,Febrero,2,91
Sinaloa,2012,Marzo,3,127
Sinaloa,2012,Abril,4,115
Sinaloa,2012,Mayo,5,134
Sinaloa,2012,Junio,6,141
Sinaloa,2012,Julio,7,121
Sinaloa,2012,Agosto,8,95
Sinaloa,2012,Septiembre,9,101
Sinaloa,2012,Octubre,10,101
Sinaloa,2012,Noviembre,11,96
Sinaloa,2012,Diciembre,12,75
Sinaloa,2013,Enero,1,91
Sinaloa,2013,Febrero,2,61
Sinaloa,2013,Marzo,3,103
Sinaloa,2013,Abril,4,112
Sinaloa,2013,Mayo,5,120
Sinaloa,2013,Junio,6,107
Sinaloa,2013,Julio,7,81
Sinaloa,2013,Agosto,8,118
Sinaloa,2013,Septiembre,9,116
Sinaloa,2013,Octubre,10,80
Sinaloa,2013,Noviembre,11,84
Sinaloa,2013,Diciembre,12,78
Sinaloa,2014,Enero,1,110
Sinaloa,2014,Febrero,2,83
Sinaloa,2014,Marzo,3,84
Sinaloa,2014,Abril,4,83
Sinaloa,2014,Mayo,5,97
Sinaloa,2014,Junio,6,105
Sinaloa,2014,Julio,7,91
Sinaloa,2014,Agosto,8,78
Sinaloa,2014,Septiembre,9,79
Sinaloa,2014,Octubre,10,89
Sinaloa,2014,Noviembre,11,79
Sinaloa,2014,Diciembre,12,122
Sinaloa,2015,Enero,1,53
Sinaloa,2015,Febrero,2,68
Sinaloa,2015,Marzo,3,65
Sinaloa,2015,Abril,4,72
Sinaloa,2015,Mayo,5,103
Sinaloa,2015,Junio,6,106
Sinaloa,2015,Julio,7,85
Sinaloa,2015,Agosto,8,99
Sinaloa,2015,Septiembre,9,78
Sinaloa,2015,Octubre,10,85
Sinaloa,2015,Noviembre,11,93
Sinaloa,2015,Diciembre,12,119
Sinaloa,2016,Enero,1,67
Sinaloa,2016,Febrero,2,125
Sinaloa,2016,Marzo,3,52
Sinaloa,2016,Abril,4,77
Sinaloa,2016,Mayo,5,98
Sinaloa,2016,Junio,6,84
Sinaloa,2016,Julio,7,73
Sinaloa,2016,Agosto,8,102
Sinaloa,2016,Septiembre,9,132
Sinaloa,2016,Octubre,10,107
Sinaloa,2016,Noviembre,11,106
Sinaloa,2016,Diciembre,12,124
Sinaloa,2017,Enero,1,99
Sinaloa,2017,Febrero,2,100
Sinaloa,2017,Marzo,3,141
Sinaloa,2017,Abril,4,132
Sinaloa,2017,Mayo,5,172
Sinaloa,2017,Junio,6,147
Sinaloa,2017,Julio,7,166
Sinaloa,2017,Agosto,8,127
Sinaloa,2017,Septiembre,9,109
Sinaloa,2017,Octubre,10,101
Sinaloa,2017,Noviembre,11,95
Sinaloa,2017,Diciembre,12,96
Sinaloa,2018,Enero,1,79
Sinaloa,2018,Febrero,2,77
Sinaloa,2018,Marzo,3,87
Sinaloa,2018,Abril,4,99
Sinaloa,2018,Mayo,5,105
Sinaloa,2018,Junio,6,106
Sinaloa,2018,Julio,7,86
Sinaloa,2018,Agosto,8,110
Sinaloa,2018,Septiembre,9,84
Sinaloa,2018,Octubre,10,99
Sinaloa,2018,Noviembre,11,81
Sinaloa,2018,Diciembre,12,93
Sinaloa,2019,Enero,1,68
Sinaloa,2019,Febrero,2,60
Sinaloa,2019,Marzo,3,78
Sinaloa,2019,Abril,4,102
Sinaloa,2019,Mayo,5,87
Sinaloa,2019,Junio,6,73
Sinaloa,2019,Julio,7,98
Sinaloa,2019,Agosto,8,78
Sinaloa,2019,Septiembre,9,91
Sinaloa,2019,Octubre,10,94
Sinaloa,2019,Noviembre,11,76
Sinaloa,2019,Diciembre,12,77
Sinaloa,2020,Enero,1,49
Sinaloa,2020,Febrero,2,58
Sinaloa,2020,Marzo,3,62
Sinaloa,2020,Abril,4,47
Sinaloa,2020,Mayo,5,61
Sinaloa,2020,Junio,6,75
Sinaloa,2020,Julio,7,68
Sinaloa,2020,Agosto,8,58
Sinaloa,2020,Septiembre,9,60
Sinaloa,2020,Octubre,10,64
Sinaloa,2020,Noviembre,11,65
Sinaloa,2020,Diciembre,12,34
Sinaloa,2021,Enero,1,51
Sinaloa,2021,Febrero,2,57
Sinaloa,2021,Marzo,3,46
Sinaloa,2021,Abril,4,35
Sinaloa,2021,Mayo,5,39
Sinaloa,2021,Junio,6,53
Sinaloa,2021,Julio,7,44
Sinaloa,2021,Agosto,8,31
Sinaloa,2021,Septiembre,9,32
Sinaloa,2021,Octubre,10,31
Sinaloa,2021,Noviembre,11,40
Sinaloa,2021,Diciembre,12,50
Sinaloa,2022,Enero,1,29
Sinaloa,2022,Febrero,2,35
Sinaloa,2022,Marzo,3,40
Sinaloa,2022,Abril,4,43
Sinaloa,2022,Mayo,5,56
Sinaloa,2022,Junio,6,49
Sinaloa,2022,Julio,7,41
Sinaloa,2022,Agosto,8,44
Sinaloa,2022,Septiembre,9,51
Sinaloa,2022,Octubre,10,43
Sinaloa,2022,Noviembre,11,35
Sinaloa,2022,Diciembre,12,38
Sinaloa,2023,Enero,1,37
Sinaloa,2023,Febrero,2,41
Sinaloa,2023,Marzo,3,48
Sinaloa,2023,Abril,4,52
Sinaloa,2023,Mayo,5,52
Sinaloa,2023,Junio,6,54
Sinaloa,2023,Julio,7,45
Sinaloa,2023,Agosto,8,54
Sinaloa,2023,Septiembre,9,50
Sinaloa,2023,Octubre,10,37
Sinaloa,2023,Noviembre,11,41
Sinaloa,2023,Diciembre,12,53
Sinaloa,2024,Enero,1,39
Sinaloa,2024,Febrero,2,37
Sinaloa,2024,Marzo,3,27
Sinaloa,2024,Abril,4,29
Sinaloa,2024,Mayo,5,42
Sinaloa,2024,Junio,6,33
Sinaloa,2024,Julio,7,45
Sinaloa,2024,Agosto,8,48
Sinaloa,2024,Septiembre,9,109
Sinaloa,2024,Octubre,10,174
Sinaloa,2024,Noviembre,11,132
Sinaloa,2024,Diciembre,12,180
Sonora,1990,Enero,1,11
Sonora,1990,Febrero,2,9
Sonora,1990,Marzo,3,14
Sonora,1990,Abril,4,17
Sonora,1990,Mayo,5,16
Sonora,1990,Junio,6,21
Sonora,1990,Julio,7,9
Sonora,1990,Agosto,8,12
Sonora,1990,Septiembre,9,13
Sonora,1990,Octubre,10,16
Sonora,1990,Noviembre,11,13
Sonora,1990,Diciembre,12,12
Sonora,1991,Enero,1,12
Sonora,1991,Febrero,2,13
Sonora,1991,Marzo,3,16
Sonora,1991,Abril,4,9
Sonora,1991,Mayo,5,13
Sonora,1991,Junio,6,8
Sonora,1991,Julio,7,21
Sonora,1991,Agosto,8,22
Sonora,1991,Septiembre,9,14
Sonora,1991,Octubre,10,12
Sonora,1991,Noviembre,11,16
Sonora,1991,Diciembre,12,26
Sonora,1992,Enero,1,25
Sonora,1992,Febrero,2,15
Sonora,1992,Marzo,3,21
Sonora,1992,Abril,4,21
Sonora,1992,Mayo,5,20
Sonora,1992,Junio,6,22
Sonora,1992,Julio,7,26
Sonora,1992,Agosto,8,14
Sonora,1992,Septiembre,9,24
Sonora,1992,Octubre,10,23
Sonora,1992,Noviembre,11,11
Sonora,1992,Diciembre,12,20
Sonora,1993,Enero,1,20
Sonora,1993,Febrero,2,14
Sonora,1993,Marzo,3,26
Sonora,1993,Abril,4,16
Sonora,1993,Mayo,5,19
Sonora,1993,Junio,6,21
Sonora,1993,Julio,7,15
Sonora,1993,Agosto,8,15
Sonora,1993,Septiembre,9,16
Sonora,1993,Octubre,10,15
Sonora,1993,Noviembre,11,13
Sonora,1993,Diciembre,12,19
Sonora,1994,Enero,1,19
Sonora,1994,Febrero,2,13
Sonora,1994,Marzo,3,29
Sonora,1994,Abril,4,17
Sonora,1994,Mayo,5,17
Sonora,1994,Junio,6,18
Sonora,1994,Julio,7,21
Sonora,1994,Agosto,8,21
Sonora,1994,Septiembre,9,23
Sonora,1994,Octubre,10,25
Sonora,1994,Noviembre,11,25
Sonora,1994,Diciembre,12,21
Sonora,1995,Enero,1,35
Sonora,1995,Febrero,2,18
Sonora,1995,Marzo,3,22
Sonora,1995,Abril,4,20
Sonora,1995,Mayo,5,18
Sonora,1995,Junio,6,26
Sonora,1995,Julio,7,24
Sonora,1995,Agosto,8,29
Sonora,1995,Septiembre,9,33
Sonora,1995,Octubre,10,28
Sonora,1995,Noviembre,11,27
Sonora,1995,Diciembre,12,28
Sonora,1996,Enero,1,28
Sonora,1996,Febrero,2,25
Sonora,1996,Marzo,3,18
Sonora,1996,Abril,4,20
Sonora,1996,Mayo,5,35
Sonora,1996,Junio,6,39
Sonora,1996,Julio,7,26
Sonora,1996,Agosto,8,29
Sonora,1996,Septiembre,9,29
Sonora,1996,Octubre,10,26
Sonora,1996,Noviembre,11,31
Sonora,1996,Diciembre,12,22
Sonora,1997,Enero,1,20
Sonora,1997,Febrero,2,18
Sonora,1997,Marzo,3,31
Sonora,1997,Abril,4,21
Sonora,1997,Mayo,5,24
Sonora,1997,Junio,6,34
Sonora,1997,Julio,7,18
Sonora,1997,Agosto,8,26
Sonora,1997,Septiembre,9,22
Sonora,1997,Octubre,10,18
Sonora,1997,Noviembre,11,25
Sonora,1997,Diciembre,12,19
Sonora,1998,Enero,1,14
Sonora,1998,Febrero,2,26
Sonora,1998,Marzo,3,27
Sonora,1998,Abril,4,34
Sonora,1998,Mayo,5,30
Sonora,1998,Junio,6,29
Sonora,1998,Julio,7,24
Sonora,1998,Agosto,8,23
Sonora,1998,Septiembre,9,25
Sonora,1998,Octubre,10,26
Sonora,1998,Noviembre,11,12
Sonora,1998,Diciembre,12,26
Sonora,1999,Enero,1,25
Sonora,1999,Febrero,2,22
Sonora,1999,Marzo,3,23
Sonora,1999,Abril,4,27
Sonora,1999,Mayo,5,31
Sonora,1999,Junio,6,17
Sonora,1999,Julio,7,23
Sonora,1999,Agosto,8,29
Sonora,1999,Septiembre,9,28
Sonora,1999,Octubre,10,21
Sonora,1999,Noviembre,11,18
Sonora,1999,Diciembre,12,19
Sonora,2000,Enero,1,22
Sonora,2000,Febrero,2,13
Sonora,2000,Marzo,3,12
Sonora,2000,Abril,4,20
Sonora,2000,Mayo,5,18
Sonora,2000,Junio,6,19
Sonora,2000,Julio,7,22
Sonora,2000,Agosto,8,14
Sonora,2000,Septiembre,9,16
Sonora,2000,Octubre,10,17
Sonora,2000,Noviembre,11,13
Sonora,2000,Diciembre,12,16
Sonora,2001,Enero,1,18
Sonora,2001,Febrero,2,19
Sonora,2001,Marzo,3,20
Sonora,2001,Abril,4,22
Sonora,2001,Mayo,5,21
Sonora,2001,Junio,6,24
Sonora,2001,Julio,7,25
Sonora,2001,Agosto,8,22
Sonora,2001,Septiembre,9,23
Sonora,2001,Octubre,10,21
Sonora,2001,Noviembre,11,16
Sonora,2001,Diciembre,12,23
Sonora,2002,Enero,1,19
Sonora,2002,Febrero,2,13
Sonora,2002,Marzo,3,17
Sonora,2002,Abril,4,18
Sonora,2002,Mayo,5,13
Sonora,2002,Junio,6,22
Sonora,2002,Julio,7,24
Sonora,2002,Agosto,8,18
Sonora,2002,Septiembre,9,17
Sonora,2002,Octubre,10,14
Sonora,2002,Noviembre,11,20
Sonora,2002,Diciembre,12,18
Sonora,2003,Enero,1,12
Sonora,2003,Febrero,2,15
Sonora,2003,Marzo,3,20
Sonora,2003,Abril,4,18
Sonora,2003,Mayo,5,23
Sonora,2003,Junio,6,21
Sonora,2003,Julio,7,24
Sonora,2003,Agosto,8,20
Sonora,2003,Septiembre,9,27
Sonora,2003,Octubre,10,17
Sonora,2003,Noviembre,11,12
Sonora,2003,Diciembre,12,19
Sonora,2004,Enero,1,14
Sonora,2004,Febrero,2,26
Sonora,2004,Marzo,3,18
Sonora,2004,Abril,4,22
Sonora,2004,Mayo,5,22
Sonora,2004,Junio,6,26
Sonora,2004,Julio,7,18
Sonora,2004,Agosto,8,12
Sonora,2004,Septiembre,9,24
Sonora,2004,Octubre,10,16
Sonora,2004,Noviembre,11,16
Sonora,2004,Diciembre,12,34
Sonora,2005,Enero,1,18
Sonora,2005,Febrero,2,11
Sonora,2005,Marzo,3,22
Sonora,2005,Abril,4,24
Sonora,2005,Mayo,5,29
Sonora,2005,Junio,6,26
Sonora,2005,Julio,7,19
Sonora,2005,Agosto,8,15
Sonora,2005,Septiembre,9,21
Sonora,2005,Octubre,10,21
Sonora,2005,Noviembre,11,26
Sonora,2005,Diciembre,12,22
Sonora,2006,Enero,1,27
Sonora,2006,Febrero,2,16
Sonora,2006,Marzo,3,20
Sonora,2006,Abril,4,20
Sonora,2006,Mayo,5,25
Sonora,2006,Junio,6,28
Sonora,2006,Julio,7,20
Sonora,2006,Agosto,8,23
Sonora,2006,Septiembre,9,20
Sonora,2006,Octubre,10,16
Sonora,2006,Noviembre,11,15
Sonora,2006,Diciembre,12,21
Sonora,2007,Enero,1,18
Sonora,2007,Febrero,2,31
Sonora,2007,Marzo,3,37
Sonora,2007,Abril,4,35
Sonora,2007,Mayo,5,52
Sonora,2007,Junio,6,18
Sonora,2007,Julio,7,23
Sonora,2007,Agosto,8,25
Sonora,2007,Septiembre,9,21
Sonora,2007,Octubre,10,20
Sonora,2007,Noviembre,11,23
Sonora,2007,Diciembre,12,14
Sonora,2008,Enero,1,23
Sonora,2008,Febrero,2,17
Sonora,2008,Marzo,3,26
Sonora,2008,Abril,4,23
Sonora,2008,Mayo,5,36
Sonora,2008,Junio,6,26
Sonora,2008,Julio,7,36
Sonora,2008,Agosto,8,50
Sonora,2008,Septiembre,9,39
Sonora,2008,Octubre,10,60
Sonora,2008,Noviembre,11,43
Sonora,2008,Diciembre,12,45
Sonora,2009,Enero,1,34
Sonora,2009,Febrero,2,36
Sonora,2009,Marzo,3,32
Sonora,2009,Abril,4,47
Sonora,2009,Mayo,5,39
Sonora,2009,Junio,6,52
Sonora,2009,Julio,7,34
Sonora,2009,Agosto,8,47
Sonora,2009,Septiembre,9,42
Sonora,2009,Octubre,10,41
Sonora,2009,Noviembre,11,54
Sonora,2009,Diciembre,12,87
Sonora,2010,Enero,1,68
Sonora,2010,Febrero,2,58
Sonora,2010,Marzo,3,60
Sonora,2010,Abril,4,47
Sonora,2010,Mayo,5,63
Sonora,2010,Junio,6,44
Sonora,2010,Julio,7,77
Sonora,2010,Agosto,8,62
Sonora,2010,Septiembre,9,52
Sonora,2010,Octubre,10,52
Sonora,2010,Noviembre,11,46
Sonora,2010,Diciembre,12,54
Sonora,2011,Enero,1,60
Sonora,2011,Febrero,2,41
Sonora,2011,Marzo,3,46
Sonora,2011,Abril,4,44
Sonora,2011,Mayo,5,40
Sonora,2011,Junio,6,47
Sonora,2011,Julio,7,44
Sonora,2011,Agosto,8,26
Sonora,2011,Septiembre,9,42
Sonora,2011,Octubre,10,43
Sonora,2011,Noviembre,11,41
Sonora,2011,Diciembre,12,34
Sonora,2012,Enero,1,47
Sonora,2012,Febrero,2,29
Sonora,2012,Marzo,3,28
Sonora,2012,Abril,4,40
Sonora,2012,Mayo,5,49
Sonora,2012,Junio,6,53
Sonora,2012,Julio,7,40
Sonora,2012,Agosto,8,56
Sonora,2012,Septiembre,9,39
Sonora,2012,Octubre,10,30
Sonora,2012,Noviembre,11,39
Sonora,2012,Diciembre,12,47
Sonora,2013,Enero,1,42
Sonora,2013,Febrero,2,39
Sonora,2013,Marzo,3,58
Sonora,2013,Abril,4,52
Sonora,2013,Mayo,5,59
Sonora,2013,Junio,6,58
Sonora,2013,Julio,7,47
Sonora,2013,Agosto,8,41
Sonora,2013,Septiembre,9,65
Sonora,2013,Octubre,10,47
Sonora,2013,Noviembre,11,56
Sonora,2013,Diciembre,12,52
Sonora,2014,Enero,1,65
Sonora,2014,Febrero,2,56
Sonora,2014,Marzo,3,72
Sonora,2014,Abril,4,51
Sonora,2014,Mayo,5,67
Sonora,2014,Junio,6,44
Sonora,2014,Julio,7,49
Sonora,2014,Agosto,8,43
Sonora,2014,Septiembre,9,49
Sonora,2014,Octubre,10,61
Sonora,2014,Noviembre,11,42
Sonora,2014,Diciembre,12,41
Sonora,2015,Enero,1,42
Sonora,2015,Febrero,2,41
Sonora,2015,Marzo,3,50
Sonora,2015,Abril,4,38
Sonora,2015,Mayo,5,51
Sonora,2015,Junio,6,54
Sonora,2015,Julio,7,62
Sonora,2015,Agosto,8,56
Sonora,2015,Septiembre,9,40
Sonora,2015,Octubre,10,44
Sonora,2015,Noviembre,11,32
Sonora,2015,Diciembre,12,33
Sonora,2016,Enero,1,40
Sonora,2016,Febrero,2,56
Sonora,2016,Marzo,3,46
Sonora,2016,Abril,4,38
Sonora,2016,Mayo,5,39
Sonora,2016,Junio,6,50
Sonora,2016,Julio,7,52
Sonora,2016,Agosto,8,53
Sonora,2016,Septiembre,9,53
Sonora,2016,Octubre,10,38
Sonora,2016,Noviembre,11,52
Sonora,2016,Diciembre,12,47
Sonora,2017,Enero,1,63
Sonora,2017,Febrero,2,49
Sonora,2017,Marzo,3,44
Sonora,2017,Abril,4,59
Sonora,2017,Mayo,5,73
Sonora,2017,Junio,6,78
Sonora,2017,Julio,7,47
Sonora,2017,Agosto,8,52
Sonora,2017,Septiembre,9,71
Sonora,2017,Octubre,10,71
Sonora,2017,Noviembre,11,63
Sonora,2017,Diciembre,12,54
Sonora,2018,Enero,1,47
Sonora,2018,Febrero,2,42
Sonora,2018,Marzo,3,63
Sonora,2018,Abril,4,64
Sonora,2018,Mayo,5,68
Sonora,2018,Junio,6,61
Sonora,2018,Julio,7,77
Sonora,2018,Agosto,8,101
Sonora,2018,Septiembre,9,118
Sonora,2018,Octubre,10,91
Sonora,2018,Noviembre,11,69
Sonora,2018,Diciembre,12,81
Sonora,2019,Enero,1,76
Sonora,2019,Febrero,2,71
Sonora,2019,Marzo,3,74
Sonora,2019,Abril,4,70
Sonora,2019,Mayo,5,84
Sonora,2019,Junio,6,137
Sonora,2019,Julio,7,119
Sonora,2019,Agosto,8,126
Sonora,2019,Septiembre,9,101
Sonora,2019,Octubre,10,120
Sonora,2019,Noviembre,11,132
Sonora,2019,Diciembre,12,154
Sonora,2020,Enero,1,118
Sonora,2020,Febrero,2,110
Sonora,2020,Marzo,3,94
Sonora,2020,Abril,4,114
Sonora,2020,Mayo,5,127
Sonora,2020,Junio,6,116
Sonora,2020,Julio,7,121
Sonora,2020,Agosto,8,134
Sonora,2020,Septiembre,9,135
Sonora,2020,Octubre,10,128
Sonora,2020,Noviembre,11,124
Sonora,2020,Diciembre,12,142
Sonora,2021,Enero,1,129
Sonora,2021,Febrero,2,108
Sonora,2021,Marzo,3,185
Sonora,2021,Abril,4,185
Sonora,2021,Mayo,5,172
Sonora,2021,Junio,6,149
Sonora,2021,Julio,7,174
Sonora,2021,Agosto,8,153
Sonora,2021,Septiembre,9,169
Sonora,2021,Octubre,10,155
Sonora,2021,Noviembre,11,123
Sonora,2021,Diciembre,12,164
Sonora,2022,Enero,1,124
Sonora,2022,Febrero,2,104
Sonora,2022,Marzo,3,147
Sonora,2022,Abril,4,125
Sonora,2022,Mayo,5,163
Sonora,2022,Junio,6,139
Sonora,2022,Julio,7,117
Sonora,2022,Agosto,8,116
Sonora,2022,Septiembre,9,137
Sonora,2022,Octubre,10,122
Sonora,2022,Noviembre,11,125
Sonora,2022,Diciembre,12,199
Sonora,2023,Enero,1,116
Sonora,2023,Febrero,2,116
Sonora,2023,Marzo,3,161
Sonora,2023,Abril,4,80
Sonora,2023,Mayo,5,107
Sonora,2023,Junio,6,119
Sonora,2023,Julio,7,102
Sonora,2023,Agosto,8,131
Sonora,2023,Septiembre,9,113
Sonora,2023,Octubre,10,113
Sonora,2023,Noviembre,11,120
Sonora,2023,Diciembre,12,142
Sonora,2024,Enero,1,116
Sonora,2024,Febrero,2,113
Sonora,2024,Marzo,3,99
Sonora,2024,Abril,4,114
Sonora,2024,Mayo,5,112
Sonora,2024,Junio,6,142
Sonora,2024,Julio,7,133
Sonora,2024,Agosto,8,122
Sonora,2024,Septiembre,9,154
Sonora,2024,Octubre,10,121
Sonora,2024,Noviembre,11,134
Sonora,2024,Diciembre,12,116
Tabasco,1990,Enero,1,14
Tabasco,1990,Febrero,2,13
Tabasco,1990,Marzo,3,8
Tabasco,1990,Abril,4,8
Tabasco,1990,Mayo,5,10
Tabasco,1990,Junio,6,15
Tabasco,1990,Julio,7,12
Tabasco,1990,Agosto,8,8
Tabasco,1990,Septiembre,9,13
Tabasco,1990,Octubre,10,8
Tabasco,1990,Noviembre,11,7
Tabasco,1990,Diciembre,12,11
Tabasco,1991,Enero,1,7
Tabasco,1991,Febrero,2,6
Tabasco,1991,Marzo,3,11
Tabasco,1991,Abril,4,6
Tabasco,1991,Mayo,5,10
Tabasco,1991,Junio,6,5
Tabasco,1991,Julio,7,9
Tabasco,1991,Agosto,8,15
Tabasco,1991,Septiembre,9,13
Tabasco,1991,Octubre,10,13
Tabasco,1991,Noviembre,11,7
Tabasco,1991,Diciembre,12,9
Tabasco,1992,Enero,1,11
Tabasco,1992,Febrero,2,7
Tabasco,1992,Marzo,3,13
Tabasco,1992,Abril,4,10
Tabasco,1992,Mayo,5,13
Tabasco,1992,Junio,6,9
Tabasco,1992,Julio,7,9
Tabasco,1992,Agosto,8,7
Tabasco,1992,Septiembre,9,11
Tabasco,1992,Octubre,10,11
Tabasco,1992,Noviembre,11,15
Tabasco,1992,Diciembre,12,19
Tabasco,1993,Enero,1,10
Tabasco,1993,Febrero,2,11
Tabasco,1993,Marzo,3,16
Tabasco,1993,Abril,4,12
Tabasco,1993,Mayo,5,13
Tabasco,1993,Junio,6,17
Tabasco,1993,Julio,7,13
Tabasco,1993,Agosto,8,11
Tabasco,1993,Septiembre,9,12
Tabasco,1993,Octubre,10,6
Tabasco,1993,Noviembre,11,16
Tabasco,1993,Diciembre,12,17
Tabasco,1994,Enero,1,18
Tabasco,1994,Febrero,2,24
Tabasco,1994,Marzo,3,19
Tabasco,1994,Abril,4,19
Tabasco,1994,Mayo,5,24
Tabasco,1994,Junio,6,16
Tabasco,1994,Julio,7,19
Tabasco,1994,Agosto,8,23
Tabasco,1994,Septiembre,9,15
Tabasco,1994,Octubre,10,20
Tabasco,1994,Noviembre,11,17
Tabasco,1994,Diciembre,12,20
Tabasco,1995,Enero,1,29
Tabasco,1995,Febrero,2,22
Tabasco,1995,Marzo,3,14
Tabasco,1995,Abril,4,22
Tabasco,1995,Mayo,5,26
Tabasco,1995,Junio,6,23
Tabasco,1995,Julio,7,8
Tabasco,1995,Agosto,8,25
Tabasco,1995,Septiembre,9,16
Tabasco,1995,Octubre,10,14
Tabasco,1995,Noviembre,11,16
Tabasco,1995,Diciembre,12,19
Tabasco,1996,Enero,1,18
Tabasco,1996,Febrero,2,9
Tabasco,1996,Marzo,3,9
Tabasco,1996,Abril,4,19
Tabasco,1996,Mayo,5,19
Tabasco,1996,Junio,6,21
Tabasco,1996,Julio,7,16
Tabasco,1996,Agosto,8,13
Tabasco,1996,Septiembre,9,7
Tabasco,1996,Octubre,10,21
Tabasco,1996,Noviembre,11,14
Tabasco,1996,Diciembre,12,15
Tabasco,1997,Enero,1,9
Tabasco,1997,Febrero,2,16
Tabasco,1997,Marzo,3,15
Tabasco,1997,Abril,4,9
Tabasco,1997,Mayo,5,14
Tabasco,1997,Junio,6,15
Tabasco,1997,Julio,7,14
Tabasco,1997,Agosto,8,13
Tabasco,1997,Septiembre,9,8
Tabasco,1997,Octubre,10,18
Tabasco,1997,Noviembre,11,11
Tabasco,1997,Diciembre,12,16
Tabasco,1998,Enero,1,11
Tabasco,1998,Febrero,2,9
Tabasco,1998,Marzo,3,13
Tabasco,1998,Abril,4,7
Tabasco,1998,Mayo,5,11
Tabasco,1998,Junio,6,14
Tabasco,1998,Julio,7,9
Tabasco,1998,Agosto,8,11
Tabasco,1998,Septiembre,9,11
Tabasco,1998,Octubre,10,14
Tabasco,1998,Noviembre,11,11
Tabasco,1998,Diciembre,12,16
Tabasco,1999,Enero,1,8
Tabasco,1999,Febrero,2,10
Tabasco,1999,Marzo,3,15
Tabasco,1999,Abril,4,13
Tabasco,1999,Mayo,5,15
Tabasco,1999,Junio,6,11
Tabasco,1999,Julio,7,11
Tabasco,1999,Agosto,8,21
Tabasco,1999,Septiembre,9,6
Tabasco,1999,Octubre,10,13
Tabasco,1999,Noviembre,11,10
Tabasco,1999,Diciembre,12,13
Tabasco,2000,Enero,1,10
Tabasco,2000,Febrero,2,11
Tabasco,2000,Marzo,3,7
Tabasco,2000,Abril,4,5
Tabasco,2000,Mayo,5,12
Tabasco,2000,Junio,6,7
Tabasco,2000,Julio,7,7
Tabasco,2000,Agosto,8,2
Tabasco,2000,Septiembre,9,9
Tabasco,2000,Octubre,10,6
Tabasco,2000,Noviembre,11,8
Tabasco,2000,Diciembre,12,8
Tabasco,2001,Enero,1,3
Tabasco,2001,Febrero,2,9
Tabasco,2001,Marzo,3,6
Tabasco,2001,Abril,4,12
Tabasco,2001,Mayo,5,8
Tabasco,2001,Junio,6,5
Tabasco,2001,Julio,7,7
Tabasco,2001,Agosto,8,11
Tabasco,2001,Septiembre,9,14
Tabasco,2001,Octubre,10,9
Tabasco,2001,Noviembre,11,11
Tabasco,2001,Diciembre,12,6
Tabasco,2002,Enero,1,5
Tabasco,2002,Febrero,2,6
Tabasco,2002,Marzo,3,4
Tabasco,2002,Abril,4,13
Tabasco,2002,Mayo,5,9
Tabasco,2002,Junio,6,4
Tabasco,2002,Julio,7,4
Tabasco,2002,Agosto,8,14
Tabasco,2002,Septiembre,9,16
Tabasco,2002,Octubre,10,6
Tabasco,2002,Noviembre,11,10
Tabasco,2002,Diciembre,12,4
Tabasco,2003,Enero,1,10
Tabasco,2003,Febrero,2,7
Tabasco,2003,Marzo,3,9
Tabasco,2003,Abril,4,13
Tabasco,2003,Mayo,5,11
Tabasco,2003,Junio,6,8
Tabasco,2003,Julio,7,10
Tabasco,2003,Agosto,8,10
Tabasco,2003,Septiembre,9,12
Tabasco,2003,Octubre,10,8
Tabasco,2003,Noviembre,11,9
Tabasco,2003,Diciembre,12,9
Tabasco,2004,Enero,1,10
Tabasco,2004,Febrero,2,5
Tabasco,2004,Marzo,3,10
Tabasco,2004,Abril,4,10
Tabasco,2004,Mayo,5,9
Tabasco,2004,Junio,6,6
Tabasco,2004,Julio,7,10
Tabasco,2004,Agosto,8,12
Tabasco,2004,Septiembre,9,11
Tabasco,2004,Octubre,10,8
Tabasco,2004,Noviembre,11,8
Tabasco,2004,Diciembre,12,10
Tabasco,2005,Enero,1,8
Tabasco,2005,Febrero,2,8
Tabasco,2005,Marzo,3,5
Tabasco,2005,Abril,4,5
Tabasco,2005,Mayo,5,11
Tabasco,2005,Junio,6,7
Tabasco,2005,Julio,7,5
Tabasco,2005,Agosto,8,7
Tabasco,2005,Septiembre,9,9
Tabasco,2005,Octubre,10,10
Tabasco,2005,Noviembre,11,13
Tabasco,2005,Diciembre,12,11
Tabasco,2006,Enero,1,8
Tabasco,2006,Febrero,2,10
Tabasco,2006,Marzo,3,6
Tabasco,2006,Abril,4,10
Tabasco,2006,Mayo,5,15
Tabasco,2006,Junio,6,18
Tabasco,2006,Julio,7,10
Tabasco,2006,Agosto,8,7
Tabasco,2006,Septiembre,9,19
Tabasco,2006,Octubre,10,10
Tabasco,2006,Noviembre,11,19
Tabasco,2006,Diciembre,12,8
Tabasco,2007,Enero,1,12
Tabasco,2007,Febrero,2,10
Tabasco,2007,Marzo,3,14
Tabasco,2007,Abril,4,10
Tabasco,2007,Mayo,5,21
Tabasco,2007,Junio,6,13
Tabasco,2007,Julio,7,15
Tabasco,2007,Agosto,8,7
Tabasco,2007,Septiembre,9,10
Tabasco,2007,Octubre,10,11
Tabasco,2007,Noviembre,11,6
Tabasco,2007,Diciembre,12,14
Tabasco,2008,Enero,1,14
Tabasco,2008,Febrero,2,11
Tabasco,2008,Marzo,3,8
Tabasco,2008,Abril,4,9
Tabasco,2008,Mayo,5,10
Tabasco,2008,Junio,6,15
Tabasco,2008,Julio,7,13
Tabasco,2008,Agosto,8,19
Tabasco,2008,Septiembre,9,14
Tabasco,2008,Octubre,10,13
Tabasco,2008,Noviembre,11,8
Tabasco,2008,Diciembre,12,15
Tabasco,2009,Enero,1,10
Tabasco,2009,Febrero,2,19
Tabasco,2009,Marzo,3,8
Tabasco,2009,Abril,4,6
Tabasco,2009,Mayo,5,22
Tabasco,2009,Junio,6,6
Tabasco,2009,Julio,7,19
Tabasco,2009,Agosto,8,19
Tabasco,2009,Septiembre,9,17
Tabasco,2009,Octubre,10,13
Tabasco,2009,Noviembre,11,16
Tabasco,2009,Diciembre,12,15
Tabasco,2010,Enero,1,16
Tabasco,2010,Febrero,2,12
Tabasco,2010,Marzo,3,13
Tabasco,2010,Abril,4,21
Tabasco,2010,Mayo,5,15
Tabasco,2010,Junio,6,14
Tabasco,2010,Julio,7,11
Tabasco,2010,Agosto,8,19
Tabasco,2010,Septiembre,9,13
Tabasco,2010,Octubre,10,15
Tabasco,2010,Noviembre,11,21
Tabasco,2010,Diciembre,12,19
Tabasco,2011,Enero,1,22
Tabasco,2011,Febrero,2,15
Tabasco,2011,Marzo,3,20
Tabasco,2011,Abril,4,21
Tabasco,2011,Mayo,5,25
Tabasco,2011,Junio,6,20
Tabasco,2011,Julio,7,17
Tabasco,2011,Agosto,8,21
Tabasco,2011,Septiembre,9,15
Tabasco,2011,Octubre,10,17
Tabasco,2011,Noviembre,11,18
Tabasco,2011,Diciembre,12,17
Tabasco,2012,Enero,1,18
Tabasco,2012,Febrero,2,9
Tabasco,2012,Marzo,3,17
Tabasco,2012,Abril,4,16
Tabasco,2012,Mayo,5,22
Tabasco,2012,Junio,6,19
Tabasco,2012,Julio,7,19
Tabasco,2012,Agosto,8,17
Tabasco,2012,Septiembre,9,17
Tabasco,2012,Octubre,10,7
Tabasco,2012,Noviembre,11,19
Tabasco,2012,Diciembre,12,15
Tabasco,2013,Enero,1,20
Tabasco,2013,Febrero,2,17
Tabasco,2013,Marzo,3,15
Tabasco,2013,Abril,4,22
Tabasco,2013,Mayo,5,23
Tabasco,2013,Junio,6,14
Tabasco,2013,Julio,7,25
Tabasco,2013,Agosto,8,29
Tabasco,2013,Septiembre,9,23
Tabasco,2013,Octubre,10,22
Tabasco,2013,Noviembre,11,11
Tabasco,2013,Diciembre,12,21
Tabasco,2014,Enero,1,21
Tabasco,2014,Febrero,2,6
Tabasco,2014,Marzo,3,25
Tabasco,2014,Abril,4,25
Tabasco,2014,Mayo,5,12
Tabasco,2014,Junio,6,25
Tabasco,2014,Julio,7,21
Tabasco,2014,Agosto,8,11
Tabasco,2014,Septiembre,9,25
Tabasco,2014,Octubre,10,20
Tabasco,2014,Noviembre,11,20
Tabasco,2014,Diciembre,12,19
Tabasco,2015,Enero,1,23
Tabasco,2015,Febrero,2,31
Tabasco,2015,Marzo,3,24
Tabasco,2015,Abril,4,28
Tabasco,2015,Mayo,5,22
Tabasco,2015,Junio,6,42
Tabasco,2015,Julio,7,48
Tabasco,2015,Agosto,8,34
Tabasco,2015,Septiembre,9,31
Tabasco,2015,Octubre,10,30
Tabasco,2015,Noviembre,11,28
Tabasco,2015,Diciembre,12,27
Tabasco,2016,Enero,1,19
Tabasco,2016,Febrero,2,30
Tabasco,2016,Marzo,3,30
Tabasco,2016,Abril,4,30
Tabasco,2016,Mayo,5,28
Tabasco,2016,Junio,6,26
Tabasco,2016,Julio,7,32
Tabasco,2016,Agosto,8,44
Tabasco,2016,Septiembre,9,37
Tabasco,2016,Octubre,10,35
Tabasco,2016,Noviembre,11,47
Tabasco,2016,Diciembre,12,65
Tabasco,2017,Enero,1,21
Tabasco,2017,Febrero,2,30
Tabasco,2017,Marzo,3,31
Tabasco,2017,Abril,4,30
Tabasco,2017,Mayo,5,49
Tabasco,2017,Junio,6,29
Tabasco,2017,Julio,7,45
Tabasco,2017,Agosto,8,38
Tabasco,2017,Septiembre,9,35
Tabasco,2017,Octubre,10,44
Tabasco,2017,Noviembre,11,42
Tabasco,2017,Diciembre,12,48
Tabasco,2018,Enero,1,37
Tabasco,2018,Febrero,2,43
Tabasco,2018,Marzo,3,26
Tabasco,2018,Abril,4,42
Tabasco,2018,Mayo,5,49
Tabasco,2018,Junio,6,52
Tabasco,2018,Julio,7,81
Tabasco,2018,Agosto,8,46
Tabasco,2018,Septiembre,9,38
Tabasco,2018,Octubre,10,37
Tabasco,2018,Noviembre,11,46
Tabasco,2018,Diciembre,12,62
Tabasco,2019,Enero,1,43
Tabasco,2019,Febrero,2,52
Tabasco,2019,Marzo,3,84
Tabasco,2019,Abril,4,70
Tabasco,2019,Mayo,5,68
Tabasco,2019,Junio,6,46
Tabasco,2019,Julio,7,50
Tabasco,2019,Agosto,8,43
Tabasco,2019,Septiembre,9,60
Tabasco,2019,Octubre,10,60
Tabasco,2019,Noviembre,11,55
Tabasco,2019,Diciembre,12,50
Tabasco,2020,Enero,1,47
Tabasco,2020,Febrero,2,56
Tabasco,2020,Marzo,3,56
Tabasco,2020,Abril,4,29
Tabasco,2020,Mayo,5,33
Tabasco,2020,Junio,6,34
Tabasco,2020,Julio,7,60
Tabasco,2020,Agosto,8,52
Tabasco,2020,Septiembre,9,70
Tabasco,2020,Octubre,10,49
Tabasco,2020,Noviembre,11,42
Tabasco,2020,Diciembre,12,54
Tabasco,2021,Enero,1,28
Tabasco,2021,Febrero,2,51
Tabasco,2021,Marzo,3,33
Tabasco,2021,Abril,4,48
Tabasco,2021,Mayo,5,37
Tabasco,2021,Junio,6,44
Tabasco,2021,Julio,7,37
Tabasco,2021,Agosto,8,37
Tabasco,2021,Septiembre,9,39
Tabasco,2021,Octubre,10,23
Tabasco,2021,Noviembre,11,28
Tabasco,2021,Diciembre,12,34
Tabasco,2022,Enero,1,25
Tabasco,2022,Febrero,2,23
Tabasco,2022,Marzo,3,28
Tabasco,2022,Abril,4,27
Tabasco,2022,Mayo,5,30
Tabasco,2022,Junio,6,31
Tabasco,2022,Julio,7,25
Tabasco,2022,Agosto,8,31
Tabasco,2022,Septiembre,9,31
Tabasco,2022,Octubre,10,20
Tabasco,2022,Noviembre,11,27
Tabasco,2022,Diciembre,12,40
Tabasco,2023,Enero,1,15
Tabasco,2023,Febrero,2,26
Tabasco,2023,Marzo,3,25
Tabasco,2023,Abril,4,30
Tabasco,2023,Mayo,5,20
Tabasco,2023,Junio,6,16
Tabasco,2023,Julio,7,15
Tabasco,2023,Agosto,8,30
Tabasco,2023,Septiembre,9,18
Tabasco,2023,Octubre,10,31
Tabasco,2023,Noviembre,11,19
Tabasco,2023,Diciembre,12,24
Tabasco,2024,Enero,1,16
Tabasco,2024,Febrero,2,42
Tabasco,2024,Marzo,3,56
Tabasco,2024,Abril,4,109
Tabasco,2024,Mayo,5,74
Tabasco,2024,Junio,6,85
Tabasco,2024,Julio,7,55
Tabasco,2024,Agosto,8,68
Tabasco,2024,Septiembre,9,70
Tabasco,2024,Octubre,10,69
Tabasco,2024,Noviembre,11,97
Tabasco,2024,Diciembre,12,95
Tamaulipas,1990,Enero,1,19
Tamaulipas,1990,Febrero,2,20
Tamaulipas,1990,Marzo,3,23
Tamaulipas,1990,Abril,4,14
Tamaulipas,1990,Mayo,5,15
Tamaulipas,1990,Junio,6,22
Tamaulipas,1990,Julio,7,24
Tamaulipas,1990,Agosto,8,28
Tamaulipas,1990,Septiembre,9,21
Tamaulipas,1990,Octubre,10,26
Tamaulipas,1990,Noviembre,11,20
Tamaulipas,1990,Diciembre,12,29
Tamaulipas,1991,Enero,1,38
Tamaulipas,1991,Febrero,2,13
Tamaulipas,1991,Marzo,3,19
Tamaulipas,1991,Abril,4,36
Tamaulipas,1991,Mayo,5,42
Tamaulipas,1991,Junio,6,23
Tamaulipas,1991,Julio,7,27
Tamaulipas,1991,Agosto,8,31
Tamaulipas,1991,Septiembre,9,22
Tamaulipas,1991,Octubre,10,23
Tamaulipas,1991,Noviembre,11,31
Tamaulipas,1991,Diciembre,12,28
Tamaulipas,1992,Enero,1,37
Tamaulipas,1992,Febrero,2,30
Tamaulipas,1992,Marzo,3,21
Tamaulipas,1992,Abril,4,28
Tamaulipas,1992,Mayo,5,31
Tamaulipas,1992,Junio,6,36
Tamaulipas,1992,Julio,7,25
Tamaulipas,1992,Agosto,8,41
Tamaulipas,1992,Septiembre,9,45
Tamaulipas,1992,Octubre,10,40
Tamaulipas,1992,Noviembre,11,30
Tamaulipas,1992,Diciembre,12,42
Tamaulipas,1993,Enero,1,41
Tamaulipas,1993,Febrero,2,24
Tamaulipas,1993,Marzo,3,38
Tamaulipas,1993,Abril,4,43
Tamaulipas,1993,Mayo,5,37
Tamaulipas,1993,Junio,6,47
Tamaulipas,1993,Julio,7,22
Tamaulipas,1993,Agosto,8,20
Tamaulipas,1993,Septiembre,9,13
Tamaulipas,1993,Octubre,10,27
Tamaulipas,1993,Noviembre,11,29
Tamaulipas,1993,Diciembre,12,33
Tamaulipas,1994,Enero,1,32
Tamaulipas,1994,Febrero,2,22
Tamaulipas,1994,Marzo,3,37
Tamaulipas,1994,Abril,4,37
Tamaulipas,1994,Mayo,5,42
Tamaulipas,1994,Junio,6,28
Tamaulipas,1994,Julio,7,27
Tamaulipas,1994,Agosto,8,35
Tamaulipas,1994,Septiembre,9,30
Tamaulipas,1994,Octubre,10,18
Tamaulipas,1994,Noviembre,11,20
Tamaulipas,1994,Diciembre,12,26
Tamaulipas,1995,Enero,1,29
Tamaulipas,1995,Febrero,2,24
Tamaulipas,1995,Marzo,3,23
Tamaulipas,1995,Abril,4,26
Tamaulipas,1995,Mayo,5,23
Tamaulipas,1995,Junio,6,35
Tamaulipas,1995,Julio,7,29
Tamaulipas,1995,Agosto,8,30
Tamaulipas,1995,Septiembre,9,30
Tamaulipas,1995,Octubre,10,34
Tamaulipas,1995,Noviembre,11,22
Tamaulipas,1995,Diciembre,12,15
Tamaulipas,1996,Enero,1,33
Tamaulipas,1996,Febrero,2,12
Tamaulipas,1996,Marzo,3,15
Tamaulipas,1996,Abril,4,26
Tamaulipas,1996,Mayo,5,28
Tamaulipas,1996,Junio,6,20
Tamaulipas,1996,Julio,7,33
Tamaulipas,1996,Agosto,8,21
Tamaulipas,1996,Septiembre,9,20
Tamaulipas,1996,Octubre,10,22
Tamaulipas,1996,Noviembre,11,26
Tamaulipas,1996,Diciembre,12,19
Tamaulipas,1997,Enero,1,22
Tamaulipas,1997,Febrero,2,18
Tamaulipas,1997,Marzo,3,19
Tamaulipas,1997,Abril,4,19
Tamaulipas,1997,Mayo,5,27
Tamaulipas,1997,Junio,6,19
Tamaulipas,1997,Julio,7,24
Tamaulipas,1997,Agosto,8,27
Tamaulipas,1997,Septiembre,9,25
Tamaulipas,1997,Octubre,10,23
Tamaulipas,1997,Noviembre,11,25
Tamaulipas,1997,Diciembre,12,27
Tamaulipas,1998,Enero,1,32
Tamaulipas,1998,Febrero,2,30
Tamaulipas,1998,Marzo,3,20
Tamaulipas,1998,Abril,4,26
Tamaulipas,1998,Mayo,5,31
Tamaulipas,1998,Junio,6,23
Tamaulipas,1998,Julio,7,34
Tamaulipas,1998,Agosto,8,11
Tamaulipas,1998,Septiembre,9,35
Tamaulipas,1998,Octubre,10,23
Tamaulipas,1998,Noviembre,11,20
Tamaulipas,1998,Diciembre,12,34
Tamaulipas,1999,Enero,1,26
Tamaulipas,1999,Febrero,2,12
Tamaulipas,1999,Marzo,3,31
Tamaulipas,1999,Abril,4,21
Tamaulipas,1999,Mayo,5,27
Tamaulipas,1999,Junio,6,27
Tamaulipas,1999,Julio,7,26
Tamaulipas,1999,Agosto,8,25
Tamaulipas,1999,Septiembre,9,22
Tamaulipas,1999,Octubre,10,31
Tamaulipas,1999,Noviembre,11,18
Tamaulipas,1999,Diciembre,12,20
Tamaulipas,2000,Enero,1,15
Tamaulipas,2000,Febrero,2,26
Tamaulipas,2000,Marzo,3,20
Tamaulipas,2000,Abril,4,28
Tamaulipas,2000,Mayo,5,19
Tamaulipas,2000,Junio,6,21
Tamaulipas,2000,Julio,7,22
Tamaulipas,2000,Agosto,8,16
Tamaulipas,2000,Septiembre,9,33
Tamaulipas,2000,Octubre,10,18
Tamaulipas,2000,Noviembre,11,25
Tamaulipas,2000,Diciembre,12,21
Tamaulipas,2001,Enero,1,14
Tamaulipas,2001,Febrero,2,8
Tamaulipas,2001,Marzo,3,15
Tamaulipas,2001,Abril,4,15
Tamaulipas,2001,Mayo,5,17
Tamaulipas,2001,Junio,6,14
Tamaulipas,2001,Julio,7,17
Tamaulipas,2001,Agosto,8,15
Tamaulipas,2001,Septiembre,9,8
Tamaulipas,2001,Octubre,10,13
Tamaulipas,2001,Noviembre,11,20
Tamaulipas,2001,Diciembre,12,25
Tamaulipas,2002,Enero,1,14
Tamaulipas,2002,Febrero,2,12
Tamaulipas,2002,Marzo,3,16
Tamaulipas,2002,Abril,4,11
Tamaulipas,2002,Mayo,5,16
Tamaulipas,2002,Junio,6,15
Tamaulipas,2002,Julio,7,17
Tamaulipas,2002,Agosto,8,15
Tamaulipas,2002,Septiembre,9,16
Tamaulipas,2002,Octubre,10,11
Tamaulipas,2002,Noviembre,11,14
Tamaulipas,2002,Diciembre,12,18
Tamaulipas,2003,Enero,1,10
Tamaulipas,2003,Febrero,2,10
Tamaulipas,2003,Marzo,3,19
Tamaulipas,2003,Abril,4,20
Tamaulipas,2003,Mayo,5,15
Tamaulipas,2003,Junio,6,16
Tamaulipas,2003,Julio,7,21
Tamaulipas,2003,Agosto,8,23
Tamaulipas,2003,Septiembre,9,28
Tamaulipas,2003,Octubre,10,17
Tamaulipas,2003,Noviembre,11,21
Tamaulipas,2003,Diciembre,12,22
Tamaulipas,2004,Enero,1,10
Tamaulipas,2004,Febrero,2,20
Tamaulipas,2004,Marzo,3,12
Tamaulipas,2004,Abril,4,21
Tamaulipas,2004,Mayo,5,24
Tamaulipas,2004,Junio,6,21
Tamaulipas,2004,Julio,7,13
Tamaulipas,2004,Agosto,8,23
Tamaulipas,2004,Septiembre,9,16
Tamaulipas,2004,Octubre,10,22
Tamaulipas,2004,Noviembre,11,15
Tamaulipas,2004,Diciembre,12,7
Tamaulipas,2005,Enero,1,33
Tamaulipas,2005,Febrero,2,23
Tamaulipas,2005,Marzo,3,21
Tamaulipas,2005,Abril,4,23
Tamaulipas,2005,Mayo,5,29
Tamaulipas,2005,Junio,6,34
Tamaulipas,2005,Julio,7,49
Tamaulipas,2005,Agosto,8,32
Tamaulipas,2005,Septiembre,9,21
Tamaulipas,2005,Octubre,10,29
Tamaulipas,2005,Noviembre,11,17
Tamaulipas,2005,Diciembre,12,25
Tamaulipas,2006,Enero,1,34
Tamaulipas,2006,Febrero,2,21
Tamaulipas,2006,Marzo,3,38
Tamaulipas,2006,Abril,4,35
Tamaulipas,2006,Mayo,5,48
Tamaulipas,2006,Junio,6,31
Tamaulipas,2006,Julio,7,28
Tamaulipas,2006,Agosto,8,19
Tamaulipas,2006,Septiembre,9,31
Tamaulipas,2006,Octubre,10,20
Tamaulipas,2006,Noviembre,11,25
Tamaulipas,2006,Diciembre,12,19
Tamaulipas,2007,Enero,1,7
Tamaulipas,2007,Febrero,2,3
Tamaulipas,2007,Marzo,3,6
Tamaulipas,2007,Abril,4,11
Tamaulipas,2007,Mayo,5,8
Tamaulipas,2007,Junio,6,18
Tamaulipas,2007,Julio,7,22
Tamaulipas,2007,Agosto,8,19
Tamaulipas,2007,Septiembre,9,13
Tamaulipas,2007,Octubre,10,30
Tamaulipas,2007,Noviembre,11,16
Tamaulipas,2007,Diciembre,12,33
Tamaulipas,2008,Enero,1,25
Tamaulipas,2008,Febrero,2,19
Tamaulipas,2008,Marzo,3,26
Tamaulipas,2008,Abril,4,19
Tamaulipas,2008,Mayo,5,23
Tamaulipas,2008,Junio,6,24
Tamaulipas,2008,Julio,7,16
Tamaulipas,2008,Agosto,8,22
Tamaulipas,2008,Septiembre,9,16
Tamaulipas,2008,Octubre,10,30
Tamaulipas,2008,Noviembre,11,23
Tamaulipas,2008,Diciembre,12,14
Tamaulipas,2009,Enero,1,27
Tamaulipas,2009,Febrero,2,27
Tamaulipas,2009,Marzo,3,12
Tamaulipas,2009,Abril,4,22
Tamaulipas,2009,Mayo,5,18
Tamaulipas,2009,Junio,6,34
Tamaulipas,2009,Julio,7,24
Tamaulipas,2009,Agosto,8,22
Tamaulipas,2009,Septiembre,9,30
Tamaulipas,2009,Octubre,10,30
Tamaulipas,2009,Noviembre,11,39
Tamaulipas,2009,Diciembre,12,27
Tamaulipas,2010,Enero,1,26
Tamaulipas,2010,Febrero,2,33
Tamaulipas,2010,Marzo,3,63
Tamaulipas,2010,Abril,4,94
Tamaulipas,2010,Mayo,5,50
Tamaulipas,2010,Junio,6,85
Tamaulipas,2010,Julio,7,84
Tamaulipas,2010,Agosto,8,132
Tamaulipas,2010,Septiembre,9,81
Tamaulipas,2010,Octubre,10,64
Tamaulipas,2010,Noviembre,11,103
Tamaulipas,2010,Diciembre,12,72
Tamaulipas,2011,Enero,1,73
Tamaulipas,2011,Febrero,2,63
Tamaulipas,2011,Marzo,3,76
Tamaulipas,2011,Abril,4,75
Tamaulipas,2011,Mayo,5,106
Tamaulipas,2011,Junio,6,71
Tamaulipas,2011,Julio,7,41
Tamaulipas,2011,Agosto,8,66
Tamaulipas,2011,Septiembre,9,75
Tamaulipas,2011,Octubre,10,81
Tamaulipas,2011,Noviembre,11,80
Tamaulipas,2011,Diciembre,12,74
Tamaulipas,2012,Enero,1,104
Tamaulipas,2012,Febrero,2,67
Tamaulipas,2012,Marzo,3,124
Tamaulipas,2012,Abril,4,102
Tamaulipas,2012,Mayo,5,170
Tamaulipas,2012,Junio,6,100
Tamaulipas,2012,Julio,7,84
Tamaulipas,2012,Agosto,8,109
Tamaulipas,2012,Septiembre,9,175
Tamaulipas,2012,Octubre,10,147
Tamaulipas,2012,Noviembre,11,109
Tamaulipas,2012,Diciembre,12,85
Tamaulipas,2013,Enero,1,92
Tamaulipas,2013,Febrero,2,90
Tamaulipas,2013,Marzo,3,68
Tamaulipas,2013,Abril,4,58
Tamaulipas,2013,Mayo,5,57
Tamaulipas,2013,Junio,6,49
Tamaulipas,2013,Julio,7,58
Tamaulipas,2013,Agosto,8,74
Tamaulipas,2013,Septiembre,9,41
Tamaulipas,2013,Octubre,10,63
Tamaulipas,2013,Noviembre,11,60
Tamaulipas,2013,Diciembre,12,61
Tamaulipas,2014,Enero,1,46
Tamaulipas,2014,Febrero,2,52
Tamaulipas,2014,Marzo,3,39
Tamaulipas,2014,Abril,4,81
Tamaulipas,2014,Mayo,5,135
Tamaulipas,2014,Junio,6,80
Tamaulipas,2014,Julio,7,57
Tamaulipas,2014,Agosto,8,60
Tamaulipas,2014,Septiembre,9,53
Tamaulipas,2014,Octubre,10,68
Tamaulipas,2014,Noviembre,11,38
Tamaulipas,2014,Diciembre,12,50
Tamaulipas,2015,Enero,1,31
Tamaulipas,2015,Febrero,2,59
Tamaulipas,2015,Marzo,3,63
Tamaulipas,2015,Abril,4,52
Tamaulipas,2015,Mayo,5,51
Tamaulipas,2015,Junio,6,62
Tamaulipas,2015,Julio,7,67
Tamaulipas,2015,Agosto,8,49
Tamaulipas,2015,Septiembre,9,42
Tamaulipas,2015,Octubre,10,44
Tamaulipas,2015,Noviembre,11,42
Tamaulipas,2015,Diciembre,12,38
Tamaulipas,2016,Enero,1,27
Tamaulipas,2016,Febrero,2,56
Tamaulipas,2016,Marzo,3,65
Tamaulipas,2016,Abril,4,73
Tamaulipas,2016,Mayo,5,60
Tamaulipas,2016,Junio,6,58
Tamaulipas,2016,Julio,7,69
Tamaulipas,2016,Agosto,8,61
Tamaulipas,2016,Septiembre,9,83
Tamaulipas,2016,Octubre,10,72
Tamaulipas,2016,Noviembre,11,71
Tamaulipas,2016,Diciembre,12,67
Tamaulipas,2017,Enero,1,51
Tamaulipas,2017,Febrero,2,58
Tamaulipas,2017,Marzo,3,46
Tamaulipas,2017,Abril,4,54
Tamaulipas,2017,Mayo,5,97
Tamaulipas,2017,Junio,6,116
Tamaulipas,2017,Julio,7,71
Tamaulipas,2017,Agosto,8,111
Tamaulipas,2017,Septiembre,9,113
Tamaulipas,2017,Octubre,10,139
Tamaulipas,2017,Noviembre,11,130
Tamaulipas,2017,Diciembre,12,134
Tamaulipas,2018,Enero,1,91
Tamaulipas,2018,Febrero,2,82
Tamaulipas,2018,Marzo,3,109
Tamaulipas,2018,Abril,4,148
Tamaulipas,2018,Mayo,5,201
Tamaulipas,2018,Junio,6,167
Tamaulipas,2018,Julio,7,99
Tamaulipas,2018,Agosto,8,83
Tamaulipas,2018,Septiembre,9,87
Tamaulipas,2018,Octubre,10,77
Tamaulipas,2018,Noviembre,11,76
Tamaulipas,2018,Diciembre,12,87
Tamaulipas,2019,Enero,1,73
Tamaulipas,2019,Febrero,2,54
Tamaulipas,2019,Marzo,3,72
Tamaulipas,2019,Abril,4,58
Tamaulipas,2019,Mayo,5,55
Tamaulipas,2019,Junio,6,65
Tamaulipas,2019,Julio,7,82
Tamaulipas,2019,Agosto,8,67
Tamaulipas,2019,Septiembre,9,70
Tamaulipas,2019,Octubre,10,78
Tamaulipas,2019,Noviembre,11,60
Tamaulipas,2019,Diciembre,12,60
Tamaulipas,2020,Enero,1,67
Tamaulipas,2020,Febrero,2,78
Tamaulipas,2020,Marzo,3,65
Tamaulipas,2020,Abril,4,53
Tamaulipas,2020,Mayo,5,67
Tamaulipas,2020,Junio,6,63
Tamaulipas,2020,Julio,7,81
Tamaulipas,2020,Agosto,8,68
Tamaulipas,2020,Septiembre,9,62
Tamaulipas,2020,Octubre,10,52
Tamaulipas,2020,Noviembre,11,44
Tamaulipas,2020,Diciembre,12,49
Tamaulipas,2021,Enero,1,23
Tamaulipas,2021,Febrero,2,36
Tamaulipas,2021,Marzo,3,78
Tamaulipas,2021,Abril,4,44
Tamaulipas,2021,Mayo,5,31
Tamaulipas,2021,Junio,6,67
Tamaulipas,2021,Julio,7,33
Tamaulipas,2021,Agosto,8,59
Tamaulipas,2021,Septiembre,9,67
Tamaulipas,2021,Octubre,10,44
Tamaulipas,2021,Noviembre,11,59
Tamaulipas,2021,Diciembre,12,47
Tamaulipas,2022,Enero,1,42
Tamaulipas,2022,Febrero,2,21
Tamaulipas,2022,Marzo,3,32
Tamaulipas,2022,Abril,4,20
Tamaulipas,2022,Mayo,5,31
Tamaulipas,2022,Junio,6,33
Tamaulipas,2022,Julio,7,36
Tamaulipas,2022,Agosto,8,38
Tamaulipas,2022,Septiembre,9,31
Tamaulipas,2022,Octubre,10,31
Tamaulipas,2022,Noviembre,11,47
Tamaulipas,2022,Diciembre,12,38
Tamaulipas,2023,Enero,1,65
Tamaulipas,2023,Febrero,2,28
Tamaulipas,2023,Marzo,3,29
Tamaulipas,2023,Abril,4,31
Tamaulipas,2023,Mayo,5,68
Tamaulipas,2023,Junio,6,58
Tamaulipas,2023,Julio,7,55
Tamaulipas,2023,Agosto,8,36
Tamaulipas,2023,Septiembre,9,36
Tamaulipas,2023,Octubre,10,35
Tamaulipas,2023,Noviembre,11,52
Tamaulipas,2023,Diciembre,12,46
Tamaulipas,2024,Enero,1,28
Tamaulipas,2024,Febrero,2,32
Tamaulipas,2024,Marzo,3,34
Tamaulipas,2024,Abril,4,48
Tamaulipas,2024,Mayo,5,58
Tamaulipas,2024,Junio,6,37
Tamaulipas,2024,Julio,7,39
Tamaulipas,2024,Agosto,8,35
Tamaulipas,2024,Septiembre,9,25
Tamaulipas,2024,Octubre,10,40
Tamaulipas,2024,Noviembre,11,43
Tamaulipas,2024,Diciembre,12,34
Tlaxcala,1990,Enero,1,6
Tlaxcala,1990,Febrero,2,3
Tlaxcala,1990,Marzo,3,5
Tlaxcala,1990,Abril,4,2
Tlaxcala,1990,Mayo,5,6
Tlaxcala,1990,Junio,6,2
Tlaxcala,1990,Julio,7,5
Tlaxcala,1990,Agosto,8,4
Tlaxcala,1990,Septiembre,9,5
Tlaxcala,1990,Octubre,10,4
Tlaxcala,1990,Noviembre,11,5
Tlaxcala,1991,Enero,1,4
Tlaxcala,1991,Febrero,2,2
Tlaxcala,1991,Marzo,3,2
Tlaxcala,1991,Abril,4,2
Tlaxcala,1991,Mayo,5,3
Tlaxcala,1991,Junio,6,2
Tlaxcala,1991,Julio,7,2
Tlaxcala,1991,Agosto,8,2
Tlaxcala,1991,Septiembre,9,6
Tlaxcala,1991,Noviembre,11,5
Tlaxcala,1991,Diciembre,12,3
Tlaxcala,1992,Enero,1,7
Tlaxcala,1992,Febrero,2,4
Tlaxcala,1992,Marzo,3,5
Tlaxcala,1992,Abril,4,5
Tlaxcala,1992,Mayo,5,4
Tlaxcala,1992,Junio,6,2
Tlaxcala,1992,Julio,7,2
Tlaxcala,1992,Agosto,8,4
Tlaxcala,1992,Septiembre,9,3
Tlaxcala,1992,Noviembre,11,4
Tlaxcala,1992,Diciembre,12,3
Tlaxcala,1993,Enero,1,3
Tlaxcala,1993,Febrero,2,3
Tlaxcala,1993,Marzo,3,4
Tlaxcala,1993,Abril,4,2
Tlaxcala,1993,Mayo,5,4
Tlaxcala,1993,Junio,6,3
Tlaxcala,1993,Julio,7,3
Tlaxcala,1993,Agosto,8,3
Tlaxcala,1993,Septiembre,9,9
Tlaxcala,1993,Octubre,10,2
Tlaxcala,1993,Noviembre,11,3
Tlaxcala,1993,Diciembre,12,5
Tlaxcala,1994,Enero,1,1
Tlaxcala,1994,Febrero,2,2
Tlaxcala,1994,Marzo,3,3
Tlaxcala,1994,Abril,4,2
Tlaxcala,1994,Mayo,5,2
Tlaxcala,1994,Junio,6,4
Tlaxcala,1994,Julio,7,5
Tlaxcala,1994,Agosto,8,5
Tlaxcala,1994,Septiembre,9,1
Tlaxcala,1994,Octubre,10,7
Tlaxcala,1994,Noviembre,11,5
Tlaxcala,1994,Diciembre,12,2
Tlaxcala,1995,Enero,1,7
Tlaxcala,1995,Febrero,2,5
Tlaxcala,1995,Marzo,3,6
Tlaxcala,1995,Abril,4,3
Tlaxcala,1995,Mayo,5,3
Tlaxcala,1995,Junio,6,12
Tlaxcala,1995,Julio,7,4
Tlaxcala,1995,Agosto,8,6
Tlaxcala,1995,Septiembre,9,4
Tlaxcala,1995,Octubre,10,3
Tlaxcala,1995,Noviembre,11,5
Tlaxcala,1995,Diciembre,12,8
Tlaxcala,1996,Enero,1,3
Tlaxcala,1996,Febrero,2,2
Tlaxcala,1996,Marzo,3,8
Tlaxcala,1996,Abril,4,6
Tlaxcala,1996,Mayo,5,6
Tlaxcala,1996,Junio,6,6
Tlaxcala,1996,Julio,7,7
Tlaxcala,1996,Agosto,8,4
Tlaxcala,1996,Septiembre,9,3
Tlaxcala,1996,Octubre,10,4
Tlaxcala,1996,Noviembre,11,2
Tlaxcala,1996,Diciembre,12,4
Tlaxcala,1997,Enero,1,2
Tlaxcala,1997,Febrero,2,10
Tlaxcala,1997,Marzo,3,7
Tlaxcala,1997,Abril,4,7
Tlaxcala,1997,Mayo,5,6
Tlaxcala,1997,Junio,6,3
Tlaxcala,1997,Julio,7,4
Tlaxcala,1997,Agosto,8,3
Tlaxcala,1997,Septiembre,9,5
Tlaxcala,1997,Octubre,10,6
Tlaxcala,1997,Noviembre,11,4
Tlaxcala,1997,Diciembre,12,6
Tlaxcala,1998,Enero,1,3
Tlaxcala,1998,Febrero,2,6
Tlaxcala,1998,Marzo,3,4
Tlaxcala,1998,Abril,4,3
Tlaxcala,1998,Mayo,5,3
Tlaxcala,1998,Junio,6,5
Tlaxcala,1998,Julio,7,7
Tlaxcala,1998,Agosto,8,4
Tlaxcala,1998,Septiembre,9,7
Tlaxcala,1998,Octubre,10,10
Tlaxcala,1998,Noviembre,11,8
Tlaxcala,1998,Diciembre,12,3
Tlaxcala,1999,Enero,1,6
Tlaxcala,1999,Febrero,2,10
Tlaxcala,1999,Marzo,3,4
Tlaxcala,1999,Abril,4,7
Tlaxcala,1999,Mayo,5,10
Tlaxcala,1999,Junio,6,7
Tlaxcala,1999,Julio,7,4
Tlaxcala,1999,Agosto,8,5
Tlaxcala,1999,Septiembre,9,4
Tlaxcala,1999,Octubre,10,2
Tlaxcala,1999,Noviembre,11,7
Tlaxcala,1999,Diciembre,12,4
Tlaxcala,2000,Febrero,2,4
Tlaxcala,2000,Marzo,3,5
Tlaxcala,2000,Abril,4,5
Tlaxcala,2000,Mayo,5,6
Tlaxcala,2000,Junio,6,3
Tlaxcala,2000,Julio,7,4
Tlaxcala,2000,Agosto,8,15
Tlaxcala,2000,Septiembre,9,4
Tlaxcala,2000,Octubre,10,1
Tlaxcala,2000,Noviembre,11,5
Tlaxcala,2000,Diciembre,12,3
Tlaxcala,2001,Enero,1,7
Tlaxcala,2001,Febrero,2,5
Tlaxcala,2001,Marzo,3,3
Tlaxcala,2001,Abril,4,5
Tlaxcala,2001,Mayo,5,5
Tlaxcala,2001,Junio,6,4
Tlaxcala,2001,Julio,7,5
Tlaxcala,2001,Agosto,8,1
Tlaxcala,2001,Septiembre,9,3
Tlaxcala,2001,Octubre,10,4
Tlaxcala,2001,Noviembre,11,1
Tlaxcala,2001,Diciembre,12,7
Tlaxcala,2002,Enero,1,7
Tlaxcala,2002,Febrero,2,4
Tlaxcala,2002,Marzo,3,2
Tlaxcala,2002,Abril,4,2
Tlaxcala,2002,Mayo,5,9
Tlaxcala,2002,Junio,6,3
Tlaxcala,2002,Julio,7,2
Tlaxcala,2002,Agosto,8,3
Tlaxcala,2002,Septiembre,9,4
Tlaxcala,2002,Octubre,10,3
Tlaxcala,2002,Noviembre,11,6
Tlaxcala,2002,Diciembre,12,6
Tlaxcala,2003,Febrero,2,1
Tlaxcala,2003,Marzo,3,4
Tlaxcala,2003,Abril,4,3
Tlaxcala,2003,Mayo,5,1
Tlaxcala,2003,Junio,6,4
Tlaxcala,2003,Julio,7,6
Tlaxcala,2003,Agosto,8,2
Tlaxcala,2003,Septiembre,9,2
Tlaxcala,2003,Octubre,10,2
Tlaxcala,2003,Noviembre,11,4
Tlaxcala,2003,Diciembre,12,6
Tlaxcala,2004,Enero,1,4
Tlaxcala,2004,Febrero,2,7
Tlaxcala,2004,Marzo,3,8
Tlaxcala,2004,Abril,4,4
Tlaxcala,2004,Mayo,5,1
Tlaxcala,2004,Junio,6,1
Tlaxcala,2004,Agosto,8,4
Tlaxcala,2004,Septiembre,9,2
Tlaxcala,2004,Octubre,10,6
Tlaxcala,2004,Noviembre,11,3
Tlaxcala,2004,Diciembre,12,8
Tlaxcala,2005,Enero,1,1
Tlaxcala,2005,Febrero,2,1
Tlaxcala,2005,Marzo,3,5
Tlaxcala,2005,Abril,4,6
Tlaxcala,2005,Mayo,5,5
Tlaxcala,2005,Junio,6,4
Tlaxcala,2005,Julio,7,5
Tlaxcala,2005,Agosto,8,1
Tlaxcala,2005,Septiembre,9,4
Tlaxcala,2005,Octubre,10,6
Tlaxcala,2005,Noviembre,11,4
Tlaxcala,2005,Diciembre,12,3
Tlaxcala,2006,Enero,1,3
Tlaxcala,2006,Febrero,2,9
Tlaxcala,2006,Marzo,3,5
Tlaxcala,2006,Abril,4,4
Tlaxcala,2006,Mayo,5,2
Tlaxcala,2006,Junio,6,3
Tlaxcala,2006,Julio,7,4
Tlaxcala,2006,Agosto,8,3
Tlaxcala,2006,Octubre,10,3
Tlaxcala,2006,Noviembre,11,5
Tlaxcala,2006,Diciembre,12,1
Tlaxcala,2007,Febrero,2,2
Tlaxcala,2007,Marzo,3,9
Tlaxcala,2007,Abril,4,3
Tlaxcala,2007,Mayo,5,3
Tlaxcala,2007,Junio,6,3
Tlaxcala,2007,Julio,7,1
Tlaxcala,2007,Agosto,8,5
Tlaxcala,2007,Septiembre,9,4
Tlaxcala,2007,Octubre,10,3
Tlaxcala,2007,Noviembre,11,1
Tlaxcala,2007,Diciembre,12,2
Tlaxcala,2008,Enero,1,3
Tlaxcala,2008,Febrero,2,7
Tlaxcala,2008,Marzo,3,2
Tlaxcala,2008,Abril,4,3
Tlaxcala,2008,Mayo,5,4
Tlaxcala,2008,Junio,6,6
Tlaxcala,2008,Julio,7,3
Tlaxcala,2008,Agosto,8,5
Tlaxcala,2008,Septiembre,9,8
Tlaxcala,2008,Octubre,10,3
Tlaxcala,2008,Noviembre,11,2
Tlaxcala,2008,Diciembre,12,4
Tlaxcala,2009,Enero,1,9
Tlaxcala,2009,Febrero,2,8
Tlaxcala,2009,Marzo,3,6
Tlaxcala,2009,Abril,4,3
Tlaxcala,2009,Mayo,5,8
Tlaxcala,2009,Junio,6,3
Tlaxcala,2009,Julio,7,5
Tlaxcala,2009,Agosto,8,8
Tlaxcala,2009,Septiembre,9,6
Tlaxcala,2009,Octubre,10,10
Tlaxcala,2009,Noviembre,11,3
Tlaxcala,2009,Diciembre,12,7
Tlaxcala,2010,Enero,1,2
Tlaxcala,2010,Febrero,2,1
Tlaxcala,2010,Marzo,3,3
Tlaxcala,2010,Abril,4,4
Tlaxcala,2010,Mayo,5,5
Tlaxcala,2010,Junio,6,1
Tlaxcala,2010,Julio,7,2
Tlaxcala,2010,Agosto,8,5
Tlaxcala,2010,Septiembre,9,7
Tlaxcala,2010,Octubre,10,7
Tlaxcala,2010,Noviembre,11,6
Tlaxcala,2010,Diciembre,12,6
Tlaxcala,2011,Enero,1,6
Tlaxcala,2011,Febrero,2,7
Tlaxcala,2011,Marzo,3,9
Tlaxcala,2011,Abril,4,5
Tlaxcala,2011,Mayo,5,3
Tlaxcala,2011,Junio,6,10
Tlaxcala,2011,Julio,7,9
Tlaxcala,2011,Agosto,8,10
Tlaxcala,2011,Septiembre,9,4
Tlaxcala,2011,Octubre,10,5
Tlaxcala,2011,Noviembre,11,4
Tlaxcala,2011,Diciembre,12,9
Tlaxcala,2012,Enero,1,3
Tlaxcala,2012,Febrero,2,4
Tlaxcala,2012,Marzo,3,9
Tlaxcala,2012,Abril,4,2
Tlaxcala,2012,Mayo,5,5
Tlaxcala,2012,Junio,6,6
Tlaxcala,2012,Julio,7,10
Tlaxcala,2012,Agosto,8,4
Tlaxcala,2012,Septiembre,9,6
Tlaxcala,2012,Octubre,10,7
Tlaxcala,2012,Noviembre,11,6
Tlaxcala,2012,Diciembre,12,8
Tlaxcala,2013,Enero,1,8
Tlaxcala,2013,Febrero,2,5
Tlaxcala,2013,Marzo,3,8
Tlaxcala,2013,Abril,4,9
Tlaxcala,2013,Mayo,5,5
Tlaxcala,2013,Junio,6,6
Tlaxcala,2013,Julio,7,10
Tlaxcala,2013,Agosto,8,5
Tlaxcala,2013,Septiembre,9,4
Tlaxcala,2013,Octubre,10,10
Tlaxcala,2013,Noviembre,11,9
Tlaxcala,2013,Diciembre,12,4
Tlaxcala,2014,Enero,1,5
Tlaxcala,2014,Febrero,2,7
Tlaxcala,2014,Marzo,3,5
Tlaxcala,2014,Abril,4,8
Tlaxcala,2014,Mayo,5,5
Tlaxcala,2014,Junio,6,8
Tlaxcala,2014,Julio,7,11
Tlaxcala,2014,Agosto,8,10
Tlaxcala,2014,Septiembre,9,6
Tlaxcala,2014,Octubre,10,6
Tlaxcala,2014,Noviembre,11,2
Tlaxcala,2014,Diciembre,12,8
Tlaxcala,2015,Enero,1,5
Tlaxcala,2015,Febrero,2,4
Tlaxcala,2015,Marzo,3,11
Tlaxcala,2015,Abril,4,11
Tlaxcala,2015,Mayo,5,4
Tlaxcala,2015,Junio,6,5
Tlaxcala,2015,Julio,7,4
Tlaxcala,2015,Agosto,8,6
Tlaxcala,2015,Septiembre,9,2
Tlaxcala,2015,Octubre,10,4
Tlaxcala,2015,Noviembre,11,8
Tlaxcala,2015,Diciembre,12,11
Tlaxcala,2016,Enero,1,7
Tlaxcala,2016,Febrero,2,7
Tlaxcala,2016,Marzo,3,10
Tlaxcala,2016,Abril,4,4
Tlaxcala,2016,Mayo,5,6
Tlaxcala,2016,Junio,6,10
Tlaxcala,2016,Julio,7,7
Tlaxcala,2016,Agosto,8,9
Tlaxcala,2016,Septiembre,9,9
Tlaxcala,2016,Octubre,10,4
Tlaxcala,2016,Noviembre,11,9
Tlaxcala,2016,Diciembre,12,6
Tlaxcala,2017,Enero,1,9
Tlaxcala,2017,Febrero,2,11
Tlaxcala,2017,Marzo,3,13
Tlaxcala,2017,Abril,4,13
Tlaxcala,2017,Mayo,5,6
Tlaxcala,2017,Junio,6,7
Tlaxcala,2017,Julio,7,8
Tlaxcala,2017,Agosto,8,12
Tlaxcala,2017,Septiembre,9,9
Tlaxcala,2017,Octubre,10,11
Tlaxcala,2017,Noviembre,11,7
Tlaxcala,2017,Diciembre,12,15
Tlaxcala,2018,Enero,1,18
Tlaxcala,2018,Febrero,2,16
Tlaxcala,2018,Marzo,3,12
Tlaxcala,2018,Abril,4,11
Tlaxcala,2018,Mayo,5,12
Tlaxcala,2018,Junio,6,6
Tlaxcala,2018,Julio,7,14
Tlaxcala,2018,Agosto,8,6
Tlaxcala,2018,Septiembre,9,19
Tlaxcala,2018,Octubre,10,22
Tlaxcala,2018,Noviembre,11,8
Tlaxcala,2018,Diciembre,12,8
Tlaxcala,2019,Enero,1,16
Tlaxcala,2019,Febrero,2,9
Tlaxcala,2019,Marzo,3,17
Tlaxcala,2019,Abril,4,13
Tlaxcala,2019,Mayo,5,13
Tlaxcala,2019,Junio,6,29
Tlaxcala,2019,Julio,7,11
Tlaxcala,2019,Agosto,8,14
Tlaxcala,2019,Septiembre,9,20
Tlaxcala,2019,Octubre,10,14
Tlaxcala,2019,Noviembre,11,13
Tlaxcala,2019,Diciembre,12,20
Tlaxcala,2020,Enero,1,15
Tlaxcala,2020,Febrero,2,7
Tlaxcala,2020,Marzo,3,14
Tlaxcala,2020,Abril,4,11
Tlaxcala,2020,Mayo,5,10
Tlaxcala,2020,Junio,6,8
Tlaxcala,2020,Julio,7,11
Tlaxcala,2020,Agosto,8,13
Tlaxcala,2020,Septiembre,9,19
Tlaxcala,2020,Octubre,10,10
Tlaxcala,2020,Noviembre,11,16
Tlaxcala,2020,Diciembre,12,10
Tlaxcala,2021,Enero,1,11
Tlaxcala,2021,Febrero,2,10
Tlaxcala,2021,Marzo,3,16
Tlaxcala,2021,Abril,4,14
Tlaxcala,2021,Mayo,5,15
Tlaxcala,2021,Junio,6,14
Tlaxcala,2021,Julio,7,9
Tlaxcala,2021,Agosto,8,15
Tlaxcala,2021,Septiembre,9,17
Tlaxcala,2021,Octubre,10,15
Tlaxcala,2021,Noviembre,11,11
Tlaxcala,2021,Diciembre,12,10
Tlaxcala,2022,Enero,1,6
Tlaxcala,2022,Febrero,2,16
Tlaxcala,2022,Marzo,3,11
Tlaxcala,2022,Abril,4,23
Tlaxcala,2022,Mayo,5,15
Tlaxcala,2022,Junio,6,9
Tlaxcala,2022,Julio,7,13
Tlaxcala,2022,Agosto,8,11
Tlaxcala,2022,Septiembre,9,10
Tlaxcala,2022,Octubre,10,16
Tlaxcala,2022,Noviembre,11,8
Tlaxcala,2022,Diciembre,12,12
Tlaxcala,2023,Enero,1,4
Tlaxcala,2023,Febrero,2,5
Tlaxcala,2023,Marzo,3,21
Tlaxcala,2023,Abril,4,11
Tlaxcala,2023,Mayo,5,13
Tlaxcala,2023,Junio,6,18
Tlaxcala,2023,Julio,7,13
Tlaxcala,2023,Agosto,8,14
Tlaxcala,2023,Septiembre,9,12
Tlaxcala,2023,Octubre,10,7
Tlaxcala,2023,Noviembre,11,3
Tlaxcala,2023,Diciembre,12,12
Tlaxcala,2024,Enero,1,6
Tlaxcala,2024,Febrero,2,14
Tlaxcala,2024,Marzo,3,8
Tlaxcala,2024,Abril,4,16
Tlaxcala,2024,Mayo,5,13
Tlaxcala,2024,Junio,6,9
Tlaxcala,2024,Julio,7,16
Tlaxcala,2024,Agosto,8,20
Tlaxcala,2024,Septiembre,9,20
Tlaxcala,2024,Octubre,10,17
Tlaxcala,2024,Noviembre,11,16
Tlaxcala,2024,Diciembre,12,11
Veracruz de Ignacio de la Llave,1990,Enero,1,52
Veracruz de Ignacio de la Llave,1990,Febrero,2,46
Veracruz de Ignacio de la Llave,1990,Marzo,3,53
Veracruz de Ignacio de la Llave,1990,Abril,4,71
Veracruz de Ignacio de la Llave,1990,Mayo,5,61
Veracruz de Ignacio de la Llave,1990,Junio,6,73
Veracruz de Ignacio de la Llave,1990,Julio,7,51
Veracruz de Ignacio de la Llave,1990,Agosto,8,72
Veracruz de Ignacio de la Llave,1990,Septiembre,9,63
Veracruz de Ignacio de la Llave,1990,Octubre,10,58
Veracruz de Ignacio de la Llave,1990,Noviembre,11,82
Veracruz de Ignacio de la Llave,1990,Diciembre,12,84
Veracruz de Ignacio de la Llave,1991,Enero,1,82
Veracruz de Ignacio de la Llave,1991,Febrero,2,73
Veracruz de Ignacio de la Llave,1991,Marzo,3,86
Veracruz de Ignacio de la Llave,1991,Abril,4,87
Veracruz de Ignacio de la Llave,1991,Mayo,5,71
Veracruz de Ignacio de la Llave,1991,Junio,6,61
Veracruz de Ignacio de la Llave,1991,Julio,7,65
Veracruz de Ignacio de la Llave,1991,Agosto,8,60
Veracruz de Ignacio de la Llave,1991,Septiembre,9,52
Veracruz de Ignacio de la Llave,1991,Octubre,10,74
Veracruz de Ignacio de la Llave,1991,Noviembre,11,50
Veracruz de Ignacio de la Llave,1991,Diciembre,12,72
Veracruz de Ignacio de la Llave,1992,Enero,1,64
Veracruz de Ignacio de la Llave,1992,Febrero,2,55
Veracruz de Ignacio de la Llave,1992,Marzo,3,73
Veracruz de Ignacio de la Llave,1992,Abril,4,73
Veracruz de Ignacio de la Llave,1992,Mayo,5,65
Veracruz de Ignacio de la Llave,1992,Junio,6,67
Veracruz de Ignacio de la Llave,1992,Julio,7,68
Veracruz de Ignacio de la Llave,1992,Agosto,8,57
Veracruz de Ignacio de la Llave,1992,Septiembre,9,58
Veracruz de Ignacio de la Llave,1992,Octubre,10,50
Veracruz de Ignacio de la Llave,1992,Noviembre,11,46
Veracruz de Ignacio de la Llave,1992,Diciembre,12,61
Veracruz de Ignacio de la Llave,1993,Enero,1,59
Veracruz de Ignacio de la Llave,1993,Febrero,2,47
Veracruz de Ignacio de la Llave,1993,Marzo,3,57
Veracruz de Ignacio de la Llave,1993,Abril,4,69
Veracruz de Ignacio de la Llave,1993,Mayo,5,63
Veracruz de Ignacio de la Llave,1993,Junio,6,58
Veracruz de Ignacio de la Llave,1993,Julio,7,66
Veracruz de Ignacio de la Llave,1993,Agosto,8,59
Veracruz de Ignacio de la Llave,1993,Septiembre,9,46
Veracruz de Ignacio de la Llave,1993,Octubre,10,58
Veracruz de Ignacio de la Llave,1993,Noviembre,11,45
Veracruz de Ignacio de la Llave,1993,Diciembre,12,60
Veracruz de Ignacio de la Llave,1994,Enero,1,39
Veracruz de Ignacio de la Llave,1994,Febrero,2,43
Veracruz de Ignacio de la Llave,1994,Marzo,3,72
Veracruz de Ignacio de la Llave,1994,Abril,4,55
Veracruz de Ignacio de la Llave,1994,Mayo,5,69
Veracruz de Ignacio de la Llave,1994,Junio,6,75
Veracruz de Ignacio de la Llave,1994,Julio,7,56
Veracruz de Ignacio de la Llave,1994,Agosto,8,46
Veracruz de Ignacio de la Llave,1994,Septiembre,9,49
Veracruz de Ignacio de la Llave,1994,Octubre,10,64
Veracruz de Ignacio de la Llave,1994,Noviembre,11,56
Veracruz de Ignacio de la Llave,1994,Diciembre,12,62
Veracruz de Ignacio de la Llave,1995,Enero,1,64
Veracruz de Ignacio de la Llave,1995,Febrero,2,53
Veracruz de Ignacio de la Llave,1995,Marzo,3,55
Veracruz de Ignacio de la Llave,1995,Abril,4,44
Veracruz de Ignacio de la Llave,1995,Mayo,5,57
Veracruz de Ignacio de la Llave,1995,Junio,6,49
Veracruz de Ignacio de la Llave,1995,Julio,7,50
Veracruz de Ignacio de la Llave,1995,Agosto,8,66
Veracruz de Ignacio de la Llave,1995,Septiembre,9,57
Veracruz de Ignacio de la Llave,1995,Octubre,10,42
Veracruz de Ignacio de la Llave,1995,Noviembre,11,31
Veracruz de Ignacio de la Llave,1995,Diciembre,12,31
Veracruz de Ignacio de la Llave,1996,Enero,1,56
Veracruz de Ignacio de la Llave,1996,Febrero,2,45
Veracruz de Ignacio de la Llave,1996,Marzo,3,38
Veracruz de Ignacio de la Llave,1996,Abril,4,49
Veracruz de Ignacio de la Llave,1996,Mayo,5,50
Veracruz de Ignacio de la Llave,1996,Junio,6,40
Veracruz de Ignacio de la Llave,1996,Julio,7,43
Veracruz de Ignacio de la Llave,1996,Agosto,8,56
Veracruz de Ignacio de la Llave,1996,Septiembre,9,41
Veracruz de Ignacio de la Llave,1996,Octubre,10,50
Veracruz de Ignacio de la Llave,1996,Noviembre,11,35
Veracruz de Ignacio de la Llave,1996,Diciembre,12,39
Veracruz de Ignacio de la Llave,1997,Enero,1,58
Veracruz de Ignacio de la Llave,1997,Febrero,2,44
Veracruz de Ignacio de la Llave,1997,Marzo,3,59
Veracruz de Ignacio de la Llave,1997,Abril,4,68
Veracruz de Ignacio de la Llave,1997,Mayo,5,59
Veracruz de Ignacio de la Llave,1997,Junio,6,57
Veracruz de Ignacio de la Llave,1997,Julio,7,42
Veracruz de Ignacio de la Llave,1997,Agosto,8,42
Veracruz de Ignacio de la Llave,1997,Septiembre,9,49
Veracruz de Ignacio de la Llave,1997,Octubre,10,50
Veracruz de Ignacio de la Llave,1997,Noviembre,11,50
Veracruz de Ignacio de la Llave,1997,Diciembre,12,46
Veracruz de Ignacio de la Llave,1998,Enero,1,46
Veracruz de Ignacio de la Llave,1998,Febrero,2,49
Veracruz de Ignacio de la Llave,1998,Marzo,3,34
Veracruz de Ignacio de la Llave,1998,Abril,4,53
Veracruz de Ignacio de la Llave,1998,Mayo,5,51
Veracruz de Ignacio de la Llave,1998,Junio,6,42
Veracruz de Ignacio de la Llave,1998,Julio,7,32
Veracruz de Ignacio de la Llave,1998,Agosto,8,41
Veracruz de Ignacio de la Llave,1998,Septiembre,9,34
Veracruz de Ignacio de la Llave,1998,Octubre,10,29
Veracruz de Ignacio de la Llave,1998,Noviembre,11,34
Veracruz de Ignacio de la Llave,1998,Diciembre,12,47
Veracruz de Ignacio de la Llave,1999,Enero,1,35
Veracruz de Ignacio de la Llave,1999,Febrero,2,44
Veracruz de Ignacio de la Llave,1999,Marzo,3,48
Veracruz de Ignacio de la Llave,1999,Abril,4,37
Veracruz de Ignacio de la Llave,1999,Mayo,5,33
Veracruz de Ignacio de la Llave,1999,Junio,6,39
Veracruz de Ignacio de la Llave,1999,Julio,7,39
Veracruz de Ignacio de la Llave,1999,Agosto,8,37
Veracruz de Ignacio de la Llave,1999,Septiembre,9,40
Veracruz de Ignacio de la Llave,1999,Octubre,10,30
Veracruz de Ignacio de la Llave,1999,Noviembre,11,33
Veracruz de Ignacio de la Llave,1999,Diciembre,12,22
Veracruz de Ignacio de la Llave,2000,Enero,1,40
Veracruz de Ignacio de la Llave,2000,Febrero,2,30
Veracruz de Ignacio de la Llave,2000,Marzo,3,33
Veracruz de Ignacio de la Llave,2000,Abril,4,46
Veracruz de Ignacio de la Llave,2000,Mayo,5,35
Veracruz de Ignacio de la Llave,2000,Junio,6,31
Veracruz de Ignacio de la Llave,2000,Julio,7,40
Veracruz de Ignacio de la Llave,2000,Agosto,8,24
Veracruz de Ignacio de la Llave,2000,Septiembre,9,42
Veracruz de Ignacio de la Llave,2000,Octubre,10,29
Veracruz de Ignacio de la Llave,2000,Noviembre,11,40
Veracruz de Ignacio de la Llave,2000,Diciembre,12,25
Veracruz de Ignacio de la Llave,2001,Enero,1,23
Veracruz de Ignacio de la Llave,2001,Febrero,2,24
Veracruz de Ignacio de la Llave,2001,Marzo,3,27
Veracruz de Ignacio de la Llave,2001,Abril,4,46
Veracruz de Ignacio de la Llave,2001,Mayo,5,36
Veracruz de Ignacio de la Llave,2001,Junio,6,32
Veracruz de Ignacio de la Llave,2001,Julio,7,35
Veracruz de Ignacio de la Llave,2001,Agosto,8,31
Veracruz de Ignacio de la Llave,2001,Septiembre,9,31
Veracruz de Ignacio de la Llave,2001,Octubre,10,33
Veracruz de Ignacio de la Llave,2001,Noviembre,11,28
Veracruz de Ignacio de la Llave,2001,Diciembre,12,31
Veracruz de Ignacio de la Llave,2002,Enero,1,44
Veracruz de Ignacio de la Llave,2002,Febrero,2,18
Veracruz de Ignacio de la Llave,2002,Marzo,3,26
Veracruz de Ignacio de la Llave,2002,Abril,4,27
Veracruz de Ignacio de la Llave,2002,Mayo,5,32
Veracruz de Ignacio de la Llave,2002,Junio,6,18
Veracruz de Ignacio de la Llave,2002,Julio,7,30
Veracruz de Ignacio de la Llave,2002,Agosto,8,26
Veracruz de Ignacio de la Llave,2002,Septiembre,9,32
Veracruz de Ignacio de la Llave,2002,Octubre,10,35
Veracruz de Ignacio de la Llave,2002,Noviembre,11,24
Veracruz de Ignacio de la Llave,2002,Diciembre,12,28
Veracruz de Ignacio de la Llave,2003,Enero,1,35
Veracruz de Ignacio de la Llave,2003,Febrero,2,26
Veracruz de Ignacio de la Llave,2003,Marzo,3,33
Veracruz de Ignacio de la Llave,2003,Abril,4,31
Veracruz de Ignacio de la Llave,2003,Mayo,5,38
Veracruz de Ignacio de la Llave,2003,Junio,6,37
Veracruz de Ignacio de la Llave,2003,Julio,7,39
Veracruz de Ignacio de la Llave,2003,Agosto,8,33
Veracruz de Ignacio de la Llave,2003,Septiembre,9,30
Veracruz de Ignacio de la Llave,2003,Octubre,10,33
Veracruz de Ignacio de la Llave,2003,Noviembre,11,33
Veracruz de Ignacio de la Llave,2003,Diciembre,12,34
Veracruz de Ignacio de la Llave,2004,Enero,1,29
Veracruz de Ignacio de la Llave,2004,Febrero,2,30
Veracruz de Ignacio de la Llave,2004,Marzo,3,37
Veracruz de Ignacio de la Llave,2004,Abril,4,21
Veracruz de Ignacio de la Llave,2004,Mayo,5,27
Veracruz de Ignacio de la Llave,2004,Junio,6,21
Veracruz de Ignacio de la Llave,2004,Julio,7,21
Veracruz de Ignacio de la Llave,2004,Agosto,8,29
Veracruz de Ignacio de la Llave,2004,Septiembre,9,33
Veracruz de Ignacio de la Llave,2004,Octubre,10,23
Veracruz de Ignacio de la Llave,2004,Noviembre,11,26
Veracruz de Ignacio de la Llave,2004,Diciembre,12,29
Veracruz de Ignacio de la Llave,2005,Enero,1,18
Veracruz de Ignacio de la Llave,2005,Febrero,2,32
Veracruz de Ignacio de la Llave,2005,Marzo,3,39
Veracruz de Ignacio de la Llave,2005,Abril,4,30
Veracruz de Ignacio de la Llave,2005,Mayo,5,22
Veracruz de Ignacio de la Llave,2005,Junio,6,37
Veracruz de Ignacio de la Llave,2005,Julio,7,22
Veracruz de Ignacio de la Llave,2005,Agosto,8,28
Veracruz de Ignacio de la Llave,2005,Septiembre,9,37
Veracruz de Ignacio de la Llave,2005,Octubre,10,27
Veracruz de Ignacio de la Llave,2005,Noviembre,11,18
Veracruz de Ignacio de la Llave,2005,Diciembre,12,26
Veracruz de Ignacio de la Llave,2006,Enero,1,35
Veracruz de Ignacio de la Llave,2006,Febrero,2,33
Veracruz de Ignacio de la Llave,2006,Marzo,3,27
Veracruz de Ignacio de la Llave,2006,Abril,4,22
Veracruz de Ignacio de la Llave,2006,Mayo,5,40
Veracruz de Ignacio de la Llave,2006,Junio,6,18
Veracruz de Ignacio de la Llave,2006,Julio,7,27
Veracruz de Ignacio de la Llave,2006,Agosto,8,30
Veracruz de Ignacio de la Llave,2006,Septiembre,9,23
Veracruz de Ignacio de la Llave,2006,Octubre,10,37
Veracruz de Ignacio de la Llave,2006,Noviembre,11,26
Veracruz de Ignacio de la Llave,2006,Diciembre,12,30
Veracruz de Ignacio de la Llave,2007,Enero,1,24
Veracruz de Ignacio de la Llave,2007,Febrero,2,23
Veracruz de Ignacio de la Llave,2007,Marzo,3,29
Veracruz de Ignacio de la Llave,2007,Abril,4,27
Veracruz de Ignacio de la Llave,2007,Mayo,5,48
Veracruz de Ignacio de la Llave,2007,Junio,6,40
Veracruz de Ignacio de la Llave,2007,Julio,7,30
Veracruz de Ignacio de la Llave,2007,Agosto,8,41
Veracruz de Ignacio de la Llave,2007,Septiembre,9,21
Veracruz de Ignacio de la Llave,2007,Octubre,10,24
Veracruz de Ignacio de la Llave,2007,Noviembre,11,35
Veracruz de Ignacio de la Llave,2007,Diciembre,12,32
Veracruz de Ignacio de la Llave,2008,Enero,1,34
Veracruz de Ignacio de la Llave,2008,Febrero,2,37
Veracruz de Ignacio de la Llave,2008,Marzo,3,29
Veracruz de Ignacio de la Llave,2008,Abril,4,36
Veracruz de Ignacio de la Llave,2008,Mayo,5,11
Veracruz de Ignacio de la Llave,2008,Junio,6,33
Veracruz de Ignacio de la Llave,2008,Julio,7,27
Veracruz de Ignacio de la Llave,2008,Agosto,8,26
Veracruz de Ignacio de la Llave,2008,Septiembre,9,27
Veracruz de Ignacio de la Llave,2008,Octubre,10,11
Veracruz de Ignacio de la Llave,2008,Noviembre,11,35
Veracruz de Ignacio de la Llave,2008,Diciembre,12,32
Veracruz de Ignacio de la Llave,2009,Enero,1,47
Veracruz de Ignacio de la Llave,2009,Febrero,2,48
Veracruz de Ignacio de la Llave,2009,Marzo,3,46
Veracruz de Ignacio de la Llave,2009,Abril,4,58
Veracruz de Ignacio de la Llave,2009,Mayo,5,41
Veracruz de Ignacio de la Llave,2009,Junio,6,60
Veracruz de Ignacio de la Llave,2009,Julio,7,65
Veracruz de Ignacio de la Llave,2009,Agosto,8,73
Veracruz de Ignacio de la Llave,2009,Septiembre,9,59
Veracruz de Ignacio de la Llave,2009,Octubre,10,73
Veracruz de Ignacio de la Llave,2009,Noviembre,11,45
Veracruz de Ignacio de la Llave,2009,Diciembre,12,55
Veracruz de Ignacio de la Llave,2010,Enero,1,27
Veracruz de Ignacio de la Llave,2010,Febrero,2,37
Veracruz de Ignacio de la Llave,2010,Marzo,3,44
Veracruz de Ignacio de la Llave,2010,Abril,4,32
Veracruz de Ignacio de la Llave,2010,Mayo,5,41
Veracruz de Ignacio de la Llave,2010,Junio,6,45
Veracruz de Ignacio de la Llave,2010,Julio,7,44
Veracruz de Ignacio de la Llave,2010,Agosto,8,33
Veracruz de Ignacio de la Llave,2010,Septiembre,9,41
Veracruz de Ignacio de la Llave,2010,Octubre,10,31
Veracruz de Ignacio de la Llave,2010,Noviembre,11,33
Veracruz de Ignacio de la Llave,2010,Diciembre,12,44
Veracruz de Ignacio de la Llave,2011,Enero,1,49
Veracruz de Ignacio de la Llave,2011,Febrero,2,40
Veracruz de Ignacio de la Llave,2011,Marzo,3,57
Veracruz de Ignacio de la Llave,2011,Abril,4,70
Veracruz de Ignacio de la Llave,2011,Mayo,5,45
Veracruz de Ignacio de la Llave,2011,Junio,6,75
Veracruz de Ignacio de la Llave,2011,Julio,7,69
Veracruz de Ignacio de la Llave,2011,Agosto,8,89
Veracruz de Ignacio de la Llave,2011,Septiembre,9,132
Veracruz de Ignacio de la Llave,2011,Octubre,10,121
Veracruz de Ignacio de la Llave,2011,Noviembre,11,70
Veracruz de Ignacio de la Llave,2011,Diciembre,12,112
Veracruz de Ignacio de la Llave,2012,Enero,1,81
Veracruz de Ignacio de la Llave,2012,Febrero,2,76
Veracruz de Ignacio de la Llave,2012,Marzo,3,70
Veracruz de Ignacio de la Llave,2012,Abril,4,85
Veracruz de Ignacio de la Llave,2012,Mayo,5,70
Veracruz de Ignacio de la Llave,2012,Junio,6,96
Veracruz de Ignacio de la Llave,2012,Julio,7,92
Veracruz de Ignacio de la Llave,2012,Agosto,8,79
Veracruz de Ignacio de la Llave,2012,Septiembre,9,61
Veracruz de Ignacio de la Llave,2012,Octubre,10,58
Veracruz de Ignacio de la Llave,2012,Noviembre,11,58
Veracruz de Ignacio de la Llave,2012,Diciembre,12,59
Veracruz de Ignacio de la Llave,2013,Enero,1,48
Veracruz de Ignacio de la Llave,2013,Febrero,2,50
Veracruz de Ignacio de la Llave,2013,Marzo,3,64
Veracruz de Ignacio de la Llave,2013,Abril,4,70
Veracruz de Ignacio de la Llave,2013,Mayo,5,67
Veracruz de Ignacio de la Llave,2013,Junio,6,58
Veracruz de Ignacio de la Llave,2013,Julio,7,55
Veracruz de Ignacio de la Llave,2013,Agosto,8,69
Veracruz de Ignacio de la Llave,2013,Septiembre,9,51
Veracruz de Ignacio de la Llave,2013,Octubre,10,62
Veracruz de Ignacio de la Llave,2013,Noviembre,11,55
Veracruz de Ignacio de la Llave,2013,Diciembre,12,68
Veracruz de Ignacio de la Llave,2014,Enero,1,56
Veracruz de Ignacio de la Llave,2014,Febrero,2,60
Veracruz de Ignacio de la Llave,2014,Marzo,3,57
Veracruz de Ignacio de la Llave,2014,Abril,4,67
Veracruz de Ignacio de la Llave,2014,Mayo,5,86
Veracruz de Ignacio de la Llave,2014,Junio,6,74
Veracruz de Ignacio de la Llave,2014,Julio,7,62
Veracruz de Ignacio de la Llave,2014,Agosto,8,59
Veracruz de Ignacio de la Llave,2014,Septiembre,9,72
Veracruz de Ignacio de la Llave,2014,Octubre,10,73
Veracruz de Ignacio de la Llave,2014,Noviembre,11,76
Veracruz de Ignacio de la Llave,2014,Diciembre,12,77
Veracruz de Ignacio de la Llave,2015,Enero,1,78
Veracruz de Ignacio de la Llave,2015,Febrero,2,72
Veracruz de Ignacio de la Llave,2015,Marzo,3,63
Veracruz de Ignacio de la Llave,2015,Abril,4,94
Veracruz de Ignacio de la Llave,2015,Mayo,5,79
Veracruz de Ignacio de la Llave,2015,Junio,6,86
Veracruz de Ignacio de la Llave,2015,Julio,7,70
Veracruz de Ignacio de la Llave,2015,Agosto,8,71
Veracruz de Ignacio de la Llave,2015,Septiembre,9,88
Veracruz de Ignacio de la Llave,2015,Octubre,10,79
Veracruz de Ignacio de la Llave,2015,Noviembre,11,69
Veracruz de Ignacio de la Llave,2015,Diciembre,12,94
Veracruz de Ignacio de la Llave,2016,Enero,1,87
Veracruz de Ignacio de la Llave,2016,Febrero,2,69
Veracruz de Ignacio de la Llave,2016,Marzo,3,65
Veracruz de Ignacio de la Llave,2016,Abril,4,72
Veracruz de Ignacio de la Llave,2016,Mayo,5,103
Veracruz de Ignacio de la Llave,2016,Junio,6,137
Veracruz de Ignacio de la Llave,2016,Julio,7,134
Veracruz de Ignacio de la Llave,2016,Agosto,8,143
Veracruz de Ignacio de la Llave,2016,Septiembre,9,121
Veracruz de Ignacio de la Llave,2016,Octubre,10,105
Veracruz de Ignacio de la Llave,2016,Noviembre,11,89
Veracruz de Ignacio de la Llave,2016,Diciembre,12,105
Veracruz de Ignacio de la Llave,2017,Enero,1,116
Veracruz de Ignacio de la Llave,2017,Febrero,2,116
Veracruz de Ignacio de la Llave,2017,Marzo,3,166
Veracruz de Ignacio de la Llave,2017,Abril,4,142
Veracruz de Ignacio de la Llave,2017,Mayo,5,159
Veracruz de Ignacio de la Llave,2017,Junio,6,189
Veracruz de Ignacio de la Llave,2017,Julio,7,143
Veracruz de Ignacio de la Llave,2017,Agosto,8,167
Veracruz de Ignacio de la Llave,2017,Septiembre,9,152
Veracruz de Ignacio de la Llave,2017,Octubre,10,156
Veracruz de Ignacio de la Llave,2017,Noviembre,11,141
Veracruz de Ignacio de la Llave,2017,Diciembre,12,174
Veracruz de Ignacio de la Llave,2018,Enero,1,133
Veracruz de Ignacio de la Llave,2018,Febrero,2,95
Veracruz de Ignacio de la Llave,2018,Marzo,3,138
Veracruz de Ignacio de la Llave,2018,Abril,4,136
Veracruz de Ignacio de la Llave,2018,Mayo,5,143
Veracruz de Ignacio de la Llave,2018,Junio,6,148
Veracruz de Ignacio de la Llave,2018,Julio,7,100
Veracruz de Ignacio de la Llave,2018,Agosto,8,122
Veracruz de Ignacio de la Llave,2018,Septiembre,9,116
Veracruz de Ignacio de la Llave,2018,Octubre,10,118
Veracruz de Ignacio de la Llave,2018,Noviembre,11,131
Veracruz de Ignacio de la Llave,2018,Diciembre,12,102
Veracruz de Ignacio de la Llave,2019,Enero,1,109
Veracruz de Ignacio de la Llave,2019,Febrero,2,119
Veracruz de Ignacio de la Llave,2019,Marzo,3,148
Veracruz de Ignacio de la Llave,2019,Abril,4,154
Veracruz de Ignacio de la Llave,2019,Mayo,5,138
Veracruz de Ignacio de la Llave,2019,Junio,6,134
Veracruz de Ignacio de la Llave,2019,Julio,7,127
Veracruz de Ignacio de la Llave,2019,Agosto,8,151
Veracruz de Ignacio de la Llave,2019,Septiembre,9,110
Veracruz de Ignacio de la Llave,2019,Octubre,10,101
Veracruz de Ignacio de la Llave,2019,Noviembre,11,94
Veracruz de Ignacio de la Llave,2019,Diciembre,12,87
Veracruz de Ignacio de la Llave,2020,Enero,1,71
Veracruz de Ignacio de la Llave,2020,Febrero,2,100
Veracruz de Ignacio de la Llave,2020,Marzo,3,92
Veracruz de Ignacio de la Llave,2020,Abril,4,112
Veracruz de Ignacio de la Llave,2020,Mayo,5,78
Veracruz de Ignacio de la Llave,2020,Junio,6,128
Veracruz de Ignacio de la Llave,2020,Julio,7,113
Veracruz de Ignacio de la Llave,2020,Agosto,8,117
Veracruz de Ignacio de la Llave,2020,Septiembre,9,96
Veracruz de Ignacio de la Llave,2020,Octubre,10,72
Veracruz de Ignacio de la Llave,2020,Noviembre,11,89
Veracruz de Ignacio de la Llave,2020,Diciembre,12,103
Veracruz de Ignacio de la Llave,2021,Enero,1,99
Veracruz de Ignacio de la Llave,2021,Febrero,2,79
Veracruz de Ignacio de la Llave,2021,Marzo,3,78
Veracruz de Ignacio de la Llave,2021,Abril,4,82
Veracruz de Ignacio de la Llave,2021,Mayo,5,88
Veracruz de Ignacio de la Llave,2021,Junio,6,64
Veracruz de Ignacio de la Llave,2021,Julio,7,68
Veracruz de Ignacio de la Llave,2021,Agosto,8,77
Veracruz de Ignacio de la Llave,2021,Septiembre,9,71
Veracruz de Ignacio de la Llave,2021,Octubre,10,89
Veracruz de Ignacio de la Llave,2021,Noviembre,11,65
Veracruz de Ignacio de la Llave,2021,Diciembre,12,85
Veracruz de Ignacio de la Llave,2022,Enero,1,77
Veracruz de Ignacio de la Llave,2022,Febrero,2,50
Veracruz de Ignacio de la Llave,2022,Marzo,3,67
Veracruz de Ignacio de la Llave,2022,Abril,4,69
Veracruz de Ignacio de la Llave,2022,Mayo,5,81
Veracruz de Ignacio de la Llave,2022,Junio,6,54
Veracruz de Ignacio de la Llave,2022,Julio,7,62
Veracruz de Ignacio de la Llave,2022,Agosto,8,78
Veracruz de Ignacio de la Llave,2022,Septiembre,9,75
Veracruz de Ignacio de la Llave,2022,Octubre,10,44
Veracruz de Ignacio de la Llave,2022,Noviembre,11,66
Veracruz de Ignacio de la Llave,2022,Diciembre,12,64
Veracruz de Ignacio de la Llave,2023,Enero,1,72
Veracruz de Ignacio de la Llave,2023,Febrero,2,43
Veracruz de Ignacio de la Llave,2023,Marzo,3,65
Veracruz de Ignacio de la Llave,2023,Abril,4,76
Veracruz de Ignacio de la Llave,2023,Mayo,5,84
Veracruz de Ignacio de la Llave,2023,Junio,6,69
Veracruz de Ignacio de la Llave,2023,Julio,7,64
Veracruz de Ignacio de la Llave,2023,Agosto,8,64
Veracruz de Ignacio de la Llave,2023,Septiembre,9,77
Veracruz de Ignacio de la Llave,2023,Octubre,10,74
Veracruz de Ignacio de la Llave,2023,Noviembre,11,66
Veracruz de Ignacio de la Llave,2023,Diciembre,12,55
Veracruz de Ignacio de la Llave,2024,Enero,1,56
Veracruz de Ignacio de la Llave,2024,Febrero,2,47
Veracruz de Ignacio de la Llave,2024,Marzo,3,77
Veracruz de Ignacio de la Llave,2024,Abril,4,75
Veracruz de Ignacio de la Llave,2024,Mayo,5,75
Veracruz de Ignacio de la Llave,2024,Junio,6,73
Veracruz de Ignacio de la Llave,2024,Julio,7,88
Veracruz de Ignacio de la Llave,2024,Agosto,8,67
Veracruz de Ignacio de la Llave,2024,Septiembre,9,76
Veracruz de Ignacio de la Llave,2024,Octubre,10,80
Veracruz de Ignacio de la Llave,2024,Noviembre,11,62
Veracruz de Ignacio de la Llave,2024,Diciembre,12,66
Yucat�n,1990,Enero,1,3
Yucat�n,1990,Febrero,2,1
Yucat�n,1990,Marzo,3,2
Yucat�n,1990,Abril,4,6
Yucat�n,1990,Mayo,5,9
Yucat�n,1990,Junio,6,3
Yucat�n,1990,Julio,7,3
Yucat�n,1990,Agosto,8,6
Yucat�n,1990,Septiembre,9,4
Yucat�n,1990,Octubre,10,8
Yucat�n,1990,Noviembre,11,7
Yucat�n,1990,Diciembre,12,9
Yucat�n,1991,Enero,1,8
Yucat�n,1991,Febrero,2,5
Yucat�n,1991,Marzo,3,5
Yucat�n,1991,Abril,4,8
Yucat�n,1991,Mayo,5,9
Yucat�n,1991,Junio,6,4
Yucat�n,1991,Julio,7,6
Yucat�n,1991,Septiembre,9,7
Yucat�n,1991,Octubre,10,6
Yucat�n,1991,Noviembre,11,4
Yucat�n,1991,Diciembre,12,4
Yucat�n,1992,Enero,1,9
Yucat�n,1992,Febrero,2,4
Yucat�n,1992,Marzo,3,1
Yucat�n,1992,Abril,4,3
Yucat�n,1992,Mayo,5,5
Yucat�n,1992,Junio,6,4
Yucat�n,1992,Julio,7,4
Yucat�n,1992,Agosto,8,2
Yucat�n,1992,Septiembre,9,1
Yucat�n,1992,Octubre,10,4
Yucat�n,1992,Noviembre,11,2
Yucat�n,1992,Diciembre,12,8
Yucat�n,1993,Enero,1,3
Yucat�n,1993,Febrero,2,3
Yucat�n,1993,Marzo,3,2
Yucat�n,1993,Abril,4,5
Yucat�n,1993,Mayo,5,9
Yucat�n,1993,Junio,6,9
Yucat�n,1993,Julio,7,3
Yucat�n,1993,Agosto,8,7
Yucat�n,1993,Septiembre,9,2
Yucat�n,1993,Octubre,10,2
Yucat�n,1993,Noviembre,11,9
Yucat�n,1993,Diciembre,12,5
Yucat�n,1994,Enero,1,4
Yucat�n,1994,Febrero,2,3
Yucat�n,1994,Marzo,3,6
Yucat�n,1994,Abril,4,3
Yucat�n,1994,Mayo,5,4
Yucat�n,1994,Junio,6,5
Yucat�n,1994,Julio,7,8
Yucat�n,1994,Agosto,8,2
Yucat�n,1994,Septiembre,9,3
Yucat�n,1994,Octubre,10,5
Yucat�n,1994,Noviembre,11,3
Yucat�n,1994,Diciembre,12,1
Yucat�n,1995,Enero,1,5
Yucat�n,1995,Febrero,2,3
Yucat�n,1995,Marzo,3,1
Yucat�n,1995,Abril,4,1
Yucat�n,1995,Mayo,5,3
Yucat�n,1995,Junio,6,3
Yucat�n,1995,Julio,7,8
Yucat�n,1995,Agosto,8,3
Yucat�n,1995,Septiembre,9,3
Yucat�n,1995,Octubre,10,6
Yucat�n,1995,Noviembre,11,7
Yucat�n,1995,Diciembre,12,6
Yucat�n,1996,Enero,1,4
Yucat�n,1996,Febrero,2,3
Yucat�n,1996,Marzo,3,3
Yucat�n,1996,Abril,4,3
Yucat�n,1996,Mayo,5,3
Yucat�n,1996,Junio,6,5
Yucat�n,1996,Julio,7,3
Yucat�n,1996,Agosto,8,3
Yucat�n,1996,Septiembre,9,2
Yucat�n,1996,Octubre,10,4
Yucat�n,1996,Noviembre,11,8
Yucat�n,1996,Diciembre,12,3
Yucat�n,1997,Enero,1,4
Yucat�n,1997,Febrero,2,7
Yucat�n,1997,Marzo,3,2
Yucat�n,1997,Abril,4,5
Yucat�n,1997,Mayo,5,2
Yucat�n,1997,Junio,6,1
Yucat�n,1997,Julio,7,5
Yucat�n,1997,Agosto,8,2
Yucat�n,1997,Septiembre,9,4
Yucat�n,1997,Octubre,10,4
Yucat�n,1997,Noviembre,11,4
Yucat�n,1997,Diciembre,12,6
Yucat�n,1998,Enero,1,4
Yucat�n,1998,Febrero,2,4
Yucat�n,1998,Marzo,3,6
Yucat�n,1998,Abril,4,3
Yucat�n,1998,Mayo,5,2
Yucat�n,1998,Junio,6,3
Yucat�n,1998,Julio,7,2
Yucat�n,1998,Agosto,8,2
Yucat�n,1998,Septiembre,9,1
Yucat�n,1998,Octubre,10,7
Yucat�n,1998,Noviembre,11,2
Yucat�n,1998,Diciembre,12,4
Yucat�n,1999,Enero,1,4
Yucat�n,1999,Febrero,2,1
Yucat�n,1999,Marzo,3,2
Yucat�n,1999,Abril,4,2
Yucat�n,1999,Mayo,5,3
Yucat�n,1999,Junio,6,2
Yucat�n,1999,Julio,7,3
Yucat�n,1999,Agosto,8,5
Yucat�n,1999,Septiembre,9,2
Yucat�n,1999,Octubre,10,4
Yucat�n,1999,Noviembre,11,1
Yucat�n,1999,Diciembre,12,4
Yucat�n,2000,Enero,1,2
Yucat�n,2000,Marzo,3,4
Yucat�n,2000,Abril,4,4
Yucat�n,2000,Mayo,5,8
Yucat�n,2000,Junio,6,5
Yucat�n,2000,Julio,7,7
Yucat�n,2000,Agosto,8,2
Yucat�n,2000,Septiembre,9,4
Yucat�n,2000,Noviembre,11,6
Yucat�n,2000,Diciembre,12,1
Yucat�n,2001,Enero,1,3
Yucat�n,2001,Febrero,2,2
Yucat�n,2001,Marzo,3,1
Yucat�n,2001,Abril,4,4
Yucat�n,2001,Mayo,5,2
Yucat�n,2001,Junio,6,5
Yucat�n,2001,Julio,7,4
Yucat�n,2001,Agosto,8,2
Yucat�n,2001,Septiembre,9,4
Yucat�n,2001,Octubre,10,3
Yucat�n,2001,Noviembre,11,1
Yucat�n,2001,Diciembre,12,5
Yucat�n,2002,Enero,1,6
Yucat�n,2002,Febrero,2,5
Yucat�n,2002,Marzo,3,4
Yucat�n,2002,Abril,4,5
Yucat�n,2002,Mayo,5,4
Yucat�n,2002,Junio,6,4
Yucat�n,2002,Julio,7,6
Yucat�n,2002,Agosto,8,4
Yucat�n,2002,Septiembre,9,3
Yucat�n,2002,Octubre,10,3
Yucat�n,2002,Noviembre,11,2
Yucat�n,2002,Diciembre,12,5
Yucat�n,2003,Enero,1,6
Yucat�n,2003,Febrero,2,7
Yucat�n,2003,Marzo,3,3
Yucat�n,2003,Abril,4,8
Yucat�n,2003,Mayo,5,5
Yucat�n,2003,Junio,6,2
Yucat�n,2003,Julio,7,2
Yucat�n,2003,Agosto,8,5
Yucat�n,2003,Septiembre,9,5
Yucat�n,2003,Octubre,10,4
Yucat�n,2003,Noviembre,11,1
Yucat�n,2003,Diciembre,12,3
Yucat�n,2004,Enero,1,3
Yucat�n,2004,Febrero,2,3
Yucat�n,2004,Abril,4,2
Yucat�n,2004,Mayo,5,3
Yucat�n,2004,Junio,6,7
Yucat�n,2004,Julio,7,4
Yucat�n,2004,Septiembre,9,5
Yucat�n,2004,Octubre,10,2
Yucat�n,2004,Noviembre,11,3
Yucat�n,2004,Diciembre,12,4
Yucat�n,2005,Enero,1,3
Yucat�n,2005,Febrero,2,5
Yucat�n,2005,Marzo,3,4
Yucat�n,2005,Abril,4,3
Yucat�n,2005,Mayo,5,2
Yucat�n,2005,Junio,6,5
Yucat�n,2005,Julio,7,3
Yucat�n,2005,Agosto,8,2
Yucat�n,2005,Septiembre,9,4
Yucat�n,2005,Octubre,10,2
Yucat�n,2005,Diciembre,12,3
Yucat�n,2006,Enero,1,1
Yucat�n,2006,Febrero,2,5
Yucat�n,2006,Abril,4,1
Yucat�n,2006,Mayo,5,6
Yucat�n,2006,Junio,6,2
Yucat�n,2006,Julio,7,4
Yucat�n,2006,Agosto,8,4
Yucat�n,2006,Septiembre,9,2
Yucat�n,2006,Octubre,10,6
Yucat�n,2006,Noviembre,11,5
Yucat�n,2006,Diciembre,12,4
Yucat�n,2007,Enero,1,6
Yucat�n,2007,Febrero,2,3
Yucat�n,2007,Marzo,3,3
Yucat�n,2007,Abril,4,3
Yucat�n,2007,Mayo,5,3
Yucat�n,2007,Junio,6,7
Yucat�n,2007,Julio,7,8
Yucat�n,2007,Agosto,8,3
Yucat�n,2007,Septiembre,9,4
Yucat�n,2007,Octubre,10,4
Yucat�n,2007,Noviembre,11,2
Yucat�n,2007,Diciembre,12,2
Yucat�n,2008,Enero,1,2
Yucat�n,2008,Febrero,2,4
Yucat�n,2008,Marzo,3,1
Yucat�n,2008,Abril,4,1
Yucat�n,2008,Mayo,5,5
Yucat�n,2008,Junio,6,2
Yucat�n,2008,Julio,7,3
Yucat�n,2008,Agosto,8,12
Yucat�n,2008,Septiembre,9,5
Yucat�n,2008,Octubre,10,4
Yucat�n,2008,Noviembre,11,1
Yucat�n,2008,Diciembre,12,7
Yucat�n,2009,Enero,1,5
Yucat�n,2009,Febrero,2,2
Yucat�n,2009,Marzo,3,4
Yucat�n,2009,Mayo,5,4
Yucat�n,2009,Julio,7,5
Yucat�n,2009,Agosto,8,2
Yucat�n,2009,Septiembre,9,4
Yucat�n,2009,Octubre,10,5
Yucat�n,2009,Noviembre,11,3
Yucat�n,2009,Diciembre,12,3
Yucat�n,2010,Enero,1,1
Yucat�n,2010,Febrero,2,3
Yucat�n,2010,Marzo,3,4
Yucat�n,2010,Abril,4,4
Yucat�n,2010,Mayo,5,3
Yucat�n,2010,Junio,6,3
Yucat�n,2010,Julio,7,4
Yucat�n,2010,Agosto,8,3
Yucat�n,2010,Octubre,10,3
Yucat�n,2010,Noviembre,11,3
Yucat�n,2010,Diciembre,12,3
Yucat�n,2011,Enero,1,5
Yucat�n,2011,Febrero,2,6
Yucat�n,2011,Marzo,3,4
Yucat�n,2011,Abril,4,5
Yucat�n,2011,Mayo,5,5
Yucat�n,2011,Junio,6,6
Yucat�n,2011,Julio,7,2
Yucat�n,2011,Agosto,8,7
Yucat�n,2011,Septiembre,9,3
Yucat�n,2011,Octubre,10,3
Yucat�n,2011,Noviembre,11,5
Yucat�n,2011,Diciembre,12,2
Yucat�n,2012,Enero,1,4
Yucat�n,2012,Febrero,2,4
Yucat�n,2012,Marzo,3,3
Yucat�n,2012,Abril,4,3
Yucat�n,2012,Mayo,5,6
Yucat�n,2012,Junio,6,3
Yucat�n,2012,Julio,7,3
Yucat�n,2012,Agosto,8,1
Yucat�n,2012,Septiembre,9,7
Yucat�n,2012,Noviembre,11,4
Yucat�n,2012,Diciembre,12,3
Yucat�n,2013,Enero,1,1
Yucat�n,2013,Febrero,2,2
Yucat�n,2013,Marzo,3,9
Yucat�n,2013,Abril,4,4
Yucat�n,2013,Mayo,5,2
Yucat�n,2013,Junio,6,1
Yucat�n,2013,Julio,7,2
Yucat�n,2013,Agosto,8,5
Yucat�n,2013,Septiembre,9,3
Yucat�n,2013,Octubre,10,8
Yucat�n,2013,Noviembre,11,3
Yucat�n,2013,Diciembre,12,9
Yucat�n,2014,Enero,1,1
Yucat�n,2014,Febrero,2,3
Yucat�n,2014,Marzo,3,4
Yucat�n,2014,Abril,4,2
Yucat�n,2014,Mayo,5,4
Yucat�n,2014,Junio,6,5
Yucat�n,2014,Julio,7,8
Yucat�n,2014,Agosto,8,4
Yucat�n,2014,Septiembre,9,3
Yucat�n,2014,Octubre,10,7
Yucat�n,2014,Noviembre,11,4
Yucat�n,2014,Diciembre,12,2
Yucat�n,2015,Enero,1,1
Yucat�n,2015,Febrero,2,3
Yucat�n,2015,Marzo,3,10
Yucat�n,2015,Abril,4,3
Yucat�n,2015,Mayo,5,7
Yucat�n,2015,Junio,6,6
Yucat�n,2015,Julio,7,8
Yucat�n,2015,Septiembre,9,4
Yucat�n,2015,Octubre,10,2
Yucat�n,2015,Noviembre,11,3
Yucat�n,2015,Diciembre,12,11
Yucat�n,2016,Enero,1,2
Yucat�n,2016,Febrero,2,11
Yucat�n,2016,Marzo,3,3
Yucat�n,2016,Abril,4,2
Yucat�n,2016,Mayo,5,6
Yucat�n,2016,Junio,6,3
Yucat�n,2016,Julio,7,5
Yucat�n,2016,Agosto,8,9
Yucat�n,2016,Septiembre,9,5
Yucat�n,2016,Octubre,10,7
Yucat�n,2016,Noviembre,11,9
Yucat�n,2016,Diciembre,12,2
Yucat�n,2017,Enero,1,6
Yucat�n,2017,Febrero,2,7
Yucat�n,2017,Marzo,3,7
Yucat�n,2017,Abril,4,3
Yucat�n,2017,Mayo,5,3
Yucat�n,2017,Junio,6,4
Yucat�n,2017,Julio,7,3
Yucat�n,2017,Agosto,8,7
Yucat�n,2017,Septiembre,9,2
Yucat�n,2017,Octubre,10,2
Yucat�n,2017,Noviembre,11,4
Yucat�n,2017,Diciembre,12,3
Yucat�n,2018,Enero,1,2
Yucat�n,2018,Febrero,2,6
Yucat�n,2018,Marzo,3,2
Yucat�n,2018,Abril,4,8
Yucat�n,2018,Mayo,5,3
Yucat�n,2018,Junio,6,2
Yucat�n,2018,Julio,7,10
Yucat�n,2018,Agosto,8,9
Yucat�n,2018,Septiembre,9,4
Yucat�n,2018,Octubre,10,6
Yucat�n,2018,Noviembre,11,3
Yucat�n,2018,Diciembre,12,4
Yucat�n,2019,Enero,1,2
Yucat�n,2019,Febrero,2,6
Yucat�n,2019,Marzo,3,2
Yucat�n,2019,Abril,4,7
Yucat�n,2019,Mayo,5,4
Yucat�n,2019,Junio,6,5
Yucat�n,2019,Julio,7,4
Yucat�n,2019,Agosto,8,2
Yucat�n,2019,Septiembre,9,7
Yucat�n,2019,Octubre,10,1
Yucat�n,2019,Noviembre,11,3
Yucat�n,2019,Diciembre,12,3
Yucat�n,2020,Enero,1,3
Yucat�n,2020,Febrero,2,6
Yucat�n,2020,Marzo,3,6
Yucat�n,2020,Abril,4,5
Yucat�n,2020,Mayo,5,5
Yucat�n,2020,Junio,6,8
Yucat�n,2020,Julio,7,5
Yucat�n,2020,Agosto,8,4
Yucat�n,2020,Septiembre,9,6
Yucat�n,2020,Octubre,10,3
Yucat�n,2020,Noviembre,11,7
Yucat�n,2020,Diciembre,12,13
Yucat�n,2021,Enero,1,6
Yucat�n,2021,Febrero,2,5
Yucat�n,2021,Marzo,3,7
Yucat�n,2021,Abril,4,3
Yucat�n,2021,Mayo,5,3
Yucat�n,2021,Junio,6,4
Yucat�n,2021,Julio,7,7
Yucat�n,2021,Agosto,8,4
Yucat�n,2021,Septiembre,9,6
Yucat�n,2021,Octubre,10,1
Yucat�n,2021,Noviembre,11,3
Yucat�n,2021,Diciembre,12,5
Yucat�n,2022,Enero,1,6
Yucat�n,2022,Febrero,2,5
Yucat�n,2022,Marzo,3,4
Yucat�n,2022,Abril,4,1
Yucat�n,2022,Mayo,5,7
Yucat�n,2022,Junio,6,3
Yucat�n,2022,Julio,7,5
Yucat�n,2022,Agosto,8,7
Yucat�n,2022,Septiembre,9,3
Yucat�n,2022,Octubre,10,1
Yucat�n,2022,Noviembre,11,2
Yucat�n,2022,Diciembre,12,3
Yucat�n,2023,Enero,1,4
Yucat�n,2023,Febrero,2,2
Yucat�n,2023,Marzo,3,4
Yucat�n,2023,Abril,4,4
Yucat�n,2023,Mayo,5,7
Yucat�n,2023,Junio,6,5
Yucat�n,2023,Julio,7,7
Yucat�n,2023,Agosto,8,6
Yucat�n,2023,Septiembre,9,4
Yucat�n,2023,Octubre,10,1
Yucat�n,2023,Noviembre,11,3
Yucat�n,2023,Diciembre,12,3
Yucat�n,2024,Enero,1,5
Yucat�n,2024,Febrero,2,3
Yucat�n,2024,Marzo,3,6
Yucat�n,2024,Abril,4,9
Yucat�n,2024,Mayo,5,5
Yucat�n,2024,Junio,6,6
Yucat�n,2024,Julio,7,5
Yucat�n,2024,Agosto,8,1
Yucat�n,2024,Septiembre,9,6
Yucat�n,2024,Octubre,10,7
Yucat�n,2024,Noviembre,11,6
Yucat�n,2024,Diciembre,12,5
Zacatecas,1990,Enero,1,18
Zacatecas,1990,Febrero,2,13
Zacatecas,1990,Marzo,3,10
Zacatecas,1990,Abril,4,7
Zacatecas,1990,Mayo,5,13
Zacatecas,1990,Junio,6,14
Zacatecas,1990,Julio,7,13
Zacatecas,1990,Agosto,8,15
Zacatecas,1990,Septiembre,9,16
Zacatecas,1990,Octubre,10,15
Zacatecas,1990,Noviembre,11,17
Zacatecas,1990,Diciembre,12,11
Zacatecas,1991,Enero,1,13
Zacatecas,1991,Febrero,2,15
Zacatecas,1991,Marzo,3,7
Zacatecas,1991,Abril,4,16
Zacatecas,1991,Mayo,5,12
Zacatecas,1991,Junio,6,16
Zacatecas,1991,Julio,7,17
Zacatecas,1991,Agosto,8,12
Zacatecas,1991,Septiembre,9,18
Zacatecas,1991,Octubre,10,11
Zacatecas,1991,Noviembre,11,8
Zacatecas,1991,Diciembre,12,15
Zacatecas,1992,Enero,1,14
Zacatecas,1992,Febrero,2,11
Zacatecas,1992,Marzo,3,25
Zacatecas,1992,Abril,4,19
Zacatecas,1992,Mayo,5,12
Zacatecas,1992,Junio,6,16
Zacatecas,1992,Julio,7,12
Zacatecas,1992,Agosto,8,10
Zacatecas,1992,Septiembre,9,11
Zacatecas,1992,Octubre,10,12
Zacatecas,1992,Noviembre,11,19
Zacatecas,1992,Diciembre,12,12
Zacatecas,1993,Enero,1,15
Zacatecas,1993,Febrero,2,19
Zacatecas,1993,Marzo,3,9
Zacatecas,1993,Abril,4,9
Zacatecas,1993,Mayo,5,9
Zacatecas,1993,Junio,6,10
Zacatecas,1993,Julio,7,19
Zacatecas,1993,Agosto,8,15
Zacatecas,1993,Septiembre,9,13
Zacatecas,1993,Octubre,10,15
Zacatecas,1993,Noviembre,11,18
Zacatecas,1993,Diciembre,12,14
Zacatecas,1994,Enero,1,21
Zacatecas,1994,Febrero,2,12
Zacatecas,1994,Marzo,3,9
Zacatecas,1994,Abril,4,4
Zacatecas,1994,Mayo,5,15
Zacatecas,1994,Junio,6,7
Zacatecas,1994,Julio,7,6
Zacatecas,1994,Agosto,8,12
Zacatecas,1994,Septiembre,9,12
Zacatecas,1994,Octubre,10,13
Zacatecas,1994,Noviembre,11,10
Zacatecas,1994,Diciembre,12,12
Zacatecas,1995,Enero,1,7
Zacatecas,1995,Febrero,2,11
Zacatecas,1995,Marzo,3,17
Zacatecas,1995,Abril,4,9
Zacatecas,1995,Mayo,5,13
Zacatecas,1995,Junio,6,9
Zacatecas,1995,Julio,7,11
Zacatecas,1995,Agosto,8,24
Zacatecas,1995,Septiembre,9,17
Zacatecas,1995,Octubre,10,17
Zacatecas,1995,Noviembre,11,16
Zacatecas,1995,Diciembre,12,13
Zacatecas,1996,Enero,1,16
Zacatecas,1996,Febrero,2,5
Zacatecas,1996,Marzo,3,6
Zacatecas,1996,Abril,4,9
Zacatecas,1996,Mayo,5,14
Zacatecas,1996,Junio,6,15
Zacatecas,1996,Julio,7,6
Zacatecas,1996,Agosto,8,9
Zacatecas,1996,Septiembre,9,11
Zacatecas,1996,Octubre,10,12
Zacatecas,1996,Noviembre,11,14
Zacatecas,1996,Diciembre,12,14
Zacatecas,1997,Enero,1,19
Zacatecas,1997,Febrero,2,7
Zacatecas,1997,Marzo,3,12
Zacatecas,1997,Abril,4,10
Zacatecas,1997,Mayo,5,13
Zacatecas,1997,Junio,6,11
Zacatecas,1997,Julio,7,5
Zacatecas,1997,Agosto,8,14
Zacatecas,1997,Septiembre,9,15
Zacatecas,1997,Octubre,10,6
Zacatecas,1997,Noviembre,11,5
Zacatecas,1997,Diciembre,12,13
Zacatecas,1998,Enero,1,6
Zacatecas,1998,Febrero,2,15
Zacatecas,1998,Marzo,3,16
Zacatecas,1998,Abril,4,12
Zacatecas,1998,Mayo,5,5
Zacatecas,1998,Junio,6,7
Zacatecas,1998,Julio,7,8
Zacatecas,1998,Agosto,8,14
Zacatecas,1998,Septiembre,9,10
Zacatecas,1998,Octubre,10,10
Zacatecas,1998,Noviembre,11,13
Zacatecas,1998,Diciembre,12,15
Zacatecas,1999,Enero,1,5
Zacatecas,1999,Febrero,2,5
Zacatecas,1999,Marzo,3,7
Zacatecas,1999,Abril,4,5
Zacatecas,1999,Mayo,5,9
Zacatecas,1999,Junio,6,8
Zacatecas,1999,Julio,7,8
Zacatecas,1999,Agosto,8,10
Zacatecas,1999,Septiembre,9,6
Zacatecas,1999,Octubre,10,8
Zacatecas,1999,Noviembre,11,12
Zacatecas,1999,Diciembre,12,11
Zacatecas,2000,Enero,1,10
Zacatecas,2000,Febrero,2,3
Zacatecas,2000,Marzo,3,3
Zacatecas,2000,Abril,4,8
Zacatecas,2000,Mayo,5,11
Zacatecas,2000,Junio,6,7
Zacatecas,2000,Julio,7,11
Zacatecas,2000,Agosto,8,6
Zacatecas,2000,Septiembre,9,6
Zacatecas,2000,Octubre,10,3
Zacatecas,2000,Noviembre,11,9
Zacatecas,2000,Diciembre,12,10
Zacatecas,2001,Enero,1,12
Zacatecas,2001,Febrero,2,11
Zacatecas,2001,Marzo,3,7
Zacatecas,2001,Abril,4,18
Zacatecas,2001,Mayo,5,10
Zacatecas,2001,Junio,6,10
Zacatecas,2001,Julio,7,6
Zacatecas,2001,Agosto,8,7
Zacatecas,2001,Septiembre,9,5
Zacatecas,2001,Octubre,10,5
Zacatecas,2001,Noviembre,11,9
Zacatecas,2001,Diciembre,12,4
Zacatecas,2002,Enero,1,10
Zacatecas,2002,Febrero,2,7
Zacatecas,2002,Marzo,3,11
Zacatecas,2002,Abril,4,13
Zacatecas,2002,Mayo,5,13
Zacatecas,2002,Junio,6,5
Zacatecas,2002,Julio,7,7
Zacatecas,2002,Agosto,8,4
Zacatecas,2002,Septiembre,9,9
Zacatecas,2002,Octubre,10,10
Zacatecas,2002,Noviembre,11,12
Zacatecas,2002,Diciembre,12,8
Zacatecas,2003,Enero,1,9
Zacatecas,2003,Febrero,2,8
Zacatecas,2003,Marzo,3,13
Zacatecas,2003,Abril,4,12
Zacatecas,2003,Mayo,5,7
Zacatecas,2003,Junio,6,6
Zacatecas,2003,Julio,7,4
Zacatecas,2003,Agosto,8,6
Zacatecas,2003,Septiembre,9,9
Zacatecas,2003,Octubre,10,7
Zacatecas,2003,Noviembre,11,9
Zacatecas,2003,Diciembre,12,7
Zacatecas,2004,Enero,1,8
Zacatecas,2004,Febrero,2,2
Zacatecas,2004,Marzo,3,8
Zacatecas,2004,Abril,4,10
Zacatecas,2004,Mayo,5,7
Zacatecas,2004,Junio,6,4
Zacatecas,2004,Julio,7,12
Zacatecas,2004,Agosto,8,9
Zacatecas,2004,Septiembre,9,1
Zacatecas,2004,Octubre,10,10
Zacatecas,2004,Noviembre,11,9
Zacatecas,2004,Diciembre,12,14
Zacatecas,2005,Enero,1,6
Zacatecas,2005,Febrero,2,5
Zacatecas,2005,Marzo,3,5
Zacatecas,2005,Abril,4,7
Zacatecas,2005,Mayo,5,9
Zacatecas,2005,Junio,6,5
Zacatecas,2005,Julio,7,10
Zacatecas,2005,Agosto,8,3
Zacatecas,2005,Septiembre,9,9
Zacatecas,2005,Octubre,10,4
Zacatecas,2005,Noviembre,11,3
Zacatecas,2005,Diciembre,12,8
Zacatecas,2006,Enero,1,8
Zacatecas,2006,Febrero,2,7
Zacatecas,2006,Marzo,3,7
Zacatecas,2006,Abril,4,4
Zacatecas,2006,Mayo,5,4
Zacatecas,2006,Junio,6,8
Zacatecas,2006,Julio,7,7
Zacatecas,2006,Agosto,8,8
Zacatecas,2006,Septiembre,9,2
Zacatecas,2006,Octubre,10,8
Zacatecas,2006,Noviembre,11,6
Zacatecas,2006,Diciembre,12,5
Zacatecas,2007,Enero,1,8
Zacatecas,2007,Febrero,2,1
Zacatecas,2007,Marzo,3,5
Zacatecas,2007,Abril,4,5
Zacatecas,2007,Mayo,5,6
Zacatecas,2007,Junio,6,9
Zacatecas,2007,Julio,7,7
Zacatecas,2007,Agosto,8,10
Zacatecas,2007,Septiembre,9,6
Zacatecas,2007,Octubre,10,7
Zacatecas,2007,Noviembre,11,2
Zacatecas,2007,Diciembre,12,8
Zacatecas,2008,Enero,1,12
Zacatecas,2008,Febrero,2,6
Zacatecas,2008,Marzo,3,4
Zacatecas,2008,Abril,4,10
Zacatecas,2008,Mayo,5,10
Zacatecas,2008,Junio,6,10
Zacatecas,2008,Julio,7,3
Zacatecas,2008,Agosto,8,12
Zacatecas,2008,Septiembre,9,12
Zacatecas,2008,Octubre,10,6
Zacatecas,2008,Noviembre,11,4
Zacatecas,2008,Diciembre,12,10
Zacatecas,2009,Enero,1,7
Zacatecas,2009,Febrero,2,6
Zacatecas,2009,Marzo,3,9
Zacatecas,2009,Abril,4,10
Zacatecas,2009,Mayo,5,5
Zacatecas,2009,Junio,6,13
Zacatecas,2009,Julio,7,13
Zacatecas,2009,Agosto,8,12
Zacatecas,2009,Septiembre,9,18
Zacatecas,2009,Octubre,10,9
Zacatecas,2009,Noviembre,11,9
Zacatecas,2009,Diciembre,12,12
Zacatecas,2010,Enero,1,15
Zacatecas,2010,Febrero,2,5
Zacatecas,2010,Marzo,3,3
Zacatecas,2010,Abril,4,12
Zacatecas,2010,Mayo,5,15
Zacatecas,2010,Junio,6,8
Zacatecas,2010,Julio,7,14
Zacatecas,2010,Agosto,8,13
Zacatecas,2010,Septiembre,9,14
Zacatecas,2010,Octubre,10,15
Zacatecas,2010,Noviembre,11,11
Zacatecas,2010,Diciembre,12,14
Zacatecas,2011,Enero,1,12
Zacatecas,2011,Febrero,2,26
Zacatecas,2011,Marzo,3,24
Zacatecas,2011,Abril,4,9
Zacatecas,2011,Mayo,5,21
Zacatecas,2011,Junio,6,15
Zacatecas,2011,Julio,7,20
Zacatecas,2011,Agosto,8,29
Zacatecas,2011,Septiembre,9,23
Zacatecas,2011,Octubre,10,22
Zacatecas,2011,Noviembre,11,15
Zacatecas,2011,Diciembre,12,23
Zacatecas,2012,Enero,1,34
Zacatecas,2012,Febrero,2,14
Zacatecas,2012,Marzo,3,32
Zacatecas,2012,Abril,4,21
Zacatecas,2012,Mayo,5,26
Zacatecas,2012,Junio,6,21
Zacatecas,2012,Julio,7,35
Zacatecas,2012,Agosto,8,40
Zacatecas,2012,Septiembre,9,37
Zacatecas,2012,Octubre,10,49
Zacatecas,2012,Noviembre,11,34
Zacatecas,2012,Diciembre,12,48
Zacatecas,2013,Enero,1,52
Zacatecas,2013,Febrero,2,21
Zacatecas,2013,Marzo,3,33
Zacatecas,2013,Abril,4,30
Zacatecas,2013,Mayo,5,41
Zacatecas,2013,Junio,6,38
Zacatecas,2013,Julio,7,20
Zacatecas,2013,Agosto,8,24
Zacatecas,2013,Septiembre,9,42
Zacatecas,2013,Octubre,10,26
Zacatecas,2013,Noviembre,11,16
Zacatecas,2013,Diciembre,12,15
Zacatecas,2014,Enero,1,9
Zacatecas,2014,Febrero,2,12
Zacatecas,2014,Marzo,3,6
Zacatecas,2014,Abril,4,7
Zacatecas,2014,Mayo,5,17
Zacatecas,2014,Junio,6,5
Zacatecas,2014,Julio,7,19
Zacatecas,2014,Agosto,8,17
Zacatecas,2014,Septiembre,9,14
Zacatecas,2014,Octubre,10,27
Zacatecas,2014,Noviembre,11,29
Zacatecas,2014,Diciembre,12,20
Zacatecas,2015,Enero,1,29
Zacatecas,2015,Febrero,2,23
Zacatecas,2015,Marzo,3,29
Zacatecas,2015,Abril,4,19
Zacatecas,2015,Mayo,5,16
Zacatecas,2015,Junio,6,26
Zacatecas,2015,Julio,7,30
Zacatecas,2015,Agosto,8,25
Zacatecas,2015,Septiembre,9,21
Zacatecas,2015,Octubre,10,28
Zacatecas,2015,Noviembre,11,35
Zacatecas,2015,Diciembre,12,32
Zacatecas,2016,Enero,1,17
Zacatecas,2016,Febrero,2,50
Zacatecas,2016,Marzo,3,38
Zacatecas,2016,Abril,4,24
Zacatecas,2016,Mayo,5,46
Zacatecas,2016,Junio,6,50
Zacatecas,2016,Julio,7,38
Zacatecas,2016,Agosto,8,69
Zacatecas,2016,Septiembre,9,53
Zacatecas,2016,Octubre,10,44
Zacatecas,2016,Noviembre,11,48
Zacatecas,2016,Diciembre,12,59
Zacatecas,2017,Enero,1,55
Zacatecas,2017,Febrero,2,45
Zacatecas,2017,Marzo,3,38
Zacatecas,2017,Abril,4,54
Zacatecas,2017,Mayo,5,49
Zacatecas,2017,Junio,6,39
Zacatecas,2017,Julio,7,60
Zacatecas,2017,Agosto,8,66
Zacatecas,2017,Septiembre,9,75
Zacatecas,2017,Octubre,10,86
Zacatecas,2017,Noviembre,11,48
Zacatecas,2017,Diciembre,12,46
Zacatecas,2018,Enero,1,35
Zacatecas,2018,Febrero,2,56
Zacatecas,2018,Marzo,3,43
Zacatecas,2018,Abril,4,61
Zacatecas,2018,Mayo,5,42
Zacatecas,2018,Junio,6,47
Zacatecas,2018,Julio,7,73
Zacatecas,2018,Agosto,8,56
Zacatecas,2018,Septiembre,9,62
Zacatecas,2018,Octubre,10,78
Zacatecas,2018,Noviembre,11,71
Zacatecas,2018,Diciembre,12,71
Zacatecas,2019,Enero,1,50
Zacatecas,2019,Febrero,2,41
Zacatecas,2019,Marzo,3,53
Zacatecas,2019,Abril,4,50
Zacatecas,2019,Mayo,5,57
Zacatecas,2019,Junio,6,52
Zacatecas,2019,Julio,7,52
Zacatecas,2019,Agosto,8,48
Zacatecas,2019,Septiembre,9,57
Zacatecas,2019,Octubre,10,58
Zacatecas,2019,Noviembre,11,60
Zacatecas,2019,Diciembre,12,70
Zacatecas,2020,Enero,1,48
Zacatecas,2020,Febrero,2,58
Zacatecas,2020,Marzo,3,68
Zacatecas,2020,Abril,4,72
Zacatecas,2020,Mayo,5,83
Zacatecas,2020,Junio,6,97
Zacatecas,2020,Julio,7,99
Zacatecas,2020,Agosto,8,83
Zacatecas,2020,Septiembre,9,93
Zacatecas,2020,Octubre,10,110
Zacatecas,2020,Noviembre,11,103
Zacatecas,2020,Diciembre,12,153
Zacatecas,2021,Enero,1,112
Zacatecas,2021,Febrero,2,132
Zacatecas,2021,Marzo,3,123
Zacatecas,2021,Abril,4,117
Zacatecas,2021,Mayo,5,119
Zacatecas,2021,Junio,6,116
Zacatecas,2021,Julio,7,138
Zacatecas,2021,Agosto,8,147
Zacatecas,2021,Septiembre,9,146
Zacatecas,2021,Octubre,10,174
Zacatecas,2021,Noviembre,11,154
Zacatecas,2021,Diciembre,12,141
Zacatecas,2022,Enero,1,112
Zacatecas,2022,Febrero,2,93
Zacatecas,2022,Marzo,3,96
Zacatecas,2022,Abril,4,111
Zacatecas,2022,Mayo,5,105
Zacatecas,2022,Junio,6,107
Zacatecas,2022,Julio,7,108
Zacatecas,2022,Agosto,8,106
Zacatecas,2022,Septiembre,9,104
Zacatecas,2022,Octubre,10,131
Zacatecas,2022,Noviembre,11,132
Zacatecas,2022,Diciembre,12,142
Zacatecas,2023,Enero,1,118
Zacatecas,2023,Febrero,2,98
Zacatecas,2023,Marzo,3,89
Zacatecas,2023,Abril,4,101
Zacatecas,2023,Mayo,5,80
Zacatecas,2023,Junio,6,74
Zacatecas,2023,Julio,7,53
Zacatecas,2023,Agosto,8,82
Zacatecas,2023,Septiembre,9,72
Zacatecas,2023,Octubre,10,57
Zacatecas,2023,Noviembre,11,72
Zacatecas,2023,Diciembre,12,58
Zacatecas,2024,Enero,1,45
Zacatecas,2024,Febrero,2,32
Zacatecas,2024,Marzo,3,34
Zacatecas,2024,Abril,4,43
Zacatecas,2024,Mayo,5,54
Zacatecas,2024,Junio,6,29
Zacatecas,2024,Julio,7,49
Zacatecas,2024,Agosto,8,44
Zacatecas,2024,Septiembre,9,51
Zacatecas,2024,Octubre,10,48
Zacatecas,2024,Noviembre,11,40
Zacatecas,2024,Diciembre,12,63
