estado,anio,mes,mes_num,sexo,homicidios_total
Aguascalientes,1990,Enero,1,Hombre,1
Aguascalientes,1990,Febrero,2,Hombre,1
Aguascalientes,1990,Febrero,2,Mujer,1
Aguascalientes,1990,Marzo,3,Hombre,2
Aguascalientes,1990,Abril,4,Hombre,6
Aguascalientes,1990,Mayo,5,Hombre,3
Aguascalientes,1990,Junio,6,Hombre,3
Aguascalientes,1990,Junio,6,Mujer,1
Aguascalientes,1990,Julio,7,Hombre,7
Aguascalientes,1990,Agosto,8,Hombre,3
Aguascalientes,1990,Septiembre,9,Hombre,3
Aguascalientes,1990,Octubre,10,Hombre,3
Aguascalientes,1990,Noviembre,11,Hombre,5
Aguascalientes,1990,Diciembre,12,Hombre,3
Aguascalientes,1990,Diciembre,12,Mujer,1
Aguascalientes,1991,Enero,1,Hombre,5
Aguascalientes,1991,Enero,1,Mujer,1
Aguascalientes,1991,Febrero,2,Hombre,10
Aguascalientes,1991,Febrero,2,Mujer,3
Aguascalientes,1991,Marzo,3,Hombre,3
Aguascalientes,1991,Marzo,3,Mujer,1
Aguascalientes,1991,Abril,4,Hombre,4
Aguascalientes,1991,Abril,4,Mujer,1
Aguascalientes,1991,Mayo,5,Hombre,1
Aguascalientes,1991,Julio,7,Hombre,2
Aguascalientes,1991,Agosto,8,Hombre,5
Aguascalientes,1991,Septiembre,9,Hombre,4
Aguascalientes,1991,Septiembre,9,Mujer,2
Aguascalientes,1991,Octubre,10,Hombre,2
Aguascalientes,1991,Octubre,10,Mujer,1
Aguascalientes,1991,Noviembre,11,Hombre,6
Aguascalientes,1991,Diciembre,12,Hombre,3
Aguascalientes,1992,Enero,1,Hombre,2
Aguascalientes,1992,Febrero,2,Hombre,3
Aguascalientes,1992,Marzo,3,Hombre,1
Aguascalientes,1992,Abril,4,Hombre,2
Aguascalientes,1992,Mayo,5,Hombre,5
Aguascalientes,1992,Junio,6,Hombre,2
Aguascalientes,1992,Junio,6,Mujer,1
Aguascalientes,1992,Julio,7,Hombre,1
Aguascalientes,1992,Julio,7,Mujer,1
Aguascalientes,1992,Agosto,8,Hombre,2
Aguascalientes,1992,Septiembre,9,Hombre,6
Aguascalientes,1992,Octubre,10,Hombre,2
Aguascalientes,1992,Noviembre,11,Hombre,4
Aguascalientes,1992,Diciembre,12,Hombre,3
Aguascalientes,1993,Enero,1,Hombre,4
Aguascalientes,1993,Febrero,2,Hombre,3
Aguascalientes,1993,Marzo,3,Hombre,8
Aguascalientes,1993,Abril,4,Hombre,2
Aguascalientes,1993,Mayo,5,Mujer,1
Aguascalientes,1993,Julio,7,Hombre,1
Aguascalientes,1993,Julio,7,Mujer,1
Aguascalientes,1993,Agosto,8,Hombre,2
Aguascalientes,1993,Octubre,10,Hombre,2
Aguascalientes,1993,Octubre,10,Mujer,1
Aguascalientes,1993,Noviembre,11,Hombre,7
Aguascalientes,1994,Enero,1,Hombre,2
Aguascalientes,1994,Febrero,2,Hombre,4
Aguascalientes,1994,Marzo,3,Hombre,2
Aguascalientes,1994,Mayo,5,Hombre,2
Aguascalientes,1994,Mayo,5,Mujer,1
Aguascalientes,1994,Julio,7,Hombre,1
Aguascalientes,1994,Agosto,8,Mujer,1
Aguascalientes,1994,Septiembre,9,Hombre,2
Aguascalientes,1994,Octubre,10,Hombre,2
Aguascalientes,1994,Octubre,10,Mujer,1
Aguascalientes,1994,Noviembre,11,Hombre,1
Aguascalientes,1994,Noviembre,11,Mujer,1
Aguascalientes,1994,Diciembre,12,Hombre,2
Aguascalientes,1995,Enero,1,Hombre,1
Aguascalientes,1995,Enero,1,Mujer,1
Aguascalientes,1995,Febrero,2,Hombre,3
Aguascalientes,1995,Marzo,3,Hombre,1
Aguascalientes,1995,Abril,4,Mujer,1
Aguascalientes,1995,Mayo,5,Hombre,3
Aguascalientes,1995,Mayo,5,Mujer,1
Aguascalientes,1995,Junio,6,Hombre,4
Aguascalientes,1995,Julio,7,Hombre,7
Aguascalientes,1995,Agosto,8,Hombre,2
Aguascalientes,1995,Septiembre,9,Hombre,5
Aguascalientes,1995,Septiembre,9,Mujer,2
Aguascalientes,1995,Octubre,10,Hombre,2
Aguascalientes,1995,Noviembre,11,Hombre,1
Aguascalientes,1996,Enero,1,Hombre,2
Aguascalientes,1996,Febrero,2,Hombre,5
Aguascalientes,1996,Marzo,3,Mujer,2
Aguascalientes,1996,Abril,4,Hombre,1
Aguascalientes,1996,Julio,7,Hombre,3
Aguascalientes,1996,Julio,7,Mujer,2
Aguascalientes,1996,Agosto,8,Hombre,1
Aguascalientes,1996,Septiembre,9,Hombre,3
Aguascalientes,1996,Octubre,10,Hombre,3
Aguascalientes,1996,Noviembre,11,Hombre,4
Aguascalientes,1996,Diciembre,12,Hombre,3
Aguascalientes,1997,Enero,1,Hombre,1
Aguascalientes,1997,Febrero,2,Hombre,1
Aguascalientes,1997,Febrero,2,Mujer,1
Aguascalientes,1997,Marzo,3,Hombre,6
Aguascalientes,1997,Abril,4,Mujer,1
Aguascalientes,1997,Mayo,5,Hombre,2
Aguascalientes,1997,Mayo,5,Mujer,1
Aguascalientes,1997,Agosto,8,Hombre,1
Aguascalientes,1997,Septiembre,9,Hombre,3
Aguascalientes,1997,Octubre,10,Hombre,1
Aguascalientes,1997,Diciembre,12,Hombre,4
Aguascalientes,1998,Enero,1,Hombre,2
Aguascalientes,1998,Febrero,2,Mujer,1
Aguascalientes,1998,Marzo,3,Hombre,2
Aguascalientes,1998,Marzo,3,Mujer,3
Aguascalientes,1998,Abril,4,Hombre,4
Aguascalientes,1998,Abril,4,Mujer,1
Aguascalientes,1998,Mayo,5,Hombre,5
Aguascalientes,1998,Mayo,5,Mujer,2
Aguascalientes,1998,Junio,6,Hombre,3
Aguascalientes,1998,Julio,7,Hombre,2
Aguascalientes,1998,Julio,7,Mujer,2
Aguascalientes,1998,Agosto,8,Hombre,2
Aguascalientes,1998,Septiembre,9,Hombre,5
Aguascalientes,1998,Octubre,10,Mujer,1
Aguascalientes,1998,Noviembre,11,Hombre,3
Aguascalientes,1998,Diciembre,12,Hombre,3
Aguascalientes,1998,Diciembre,12,Mujer,1
Aguascalientes,1999,Enero,1,Hombre,5
Aguascalientes,1999,Febrero,2,Hombre,1
Aguascalientes,1999,Marzo,3,Hombre,2
Aguascalientes,1999,Mayo,5,Hombre,2
Aguascalientes,1999,Junio,6,Hombre,1
Aguascalientes,1999,Julio,7,Hombre,2
Aguascalientes,1999,Agosto,8,Hombre,4
Aguascalientes,1999,Septiembre,9,Hombre,3
Aguascalientes,1999,Octubre,10,Hombre,1
Aguascalientes,1999,Noviembre,11,Hombre,2
Aguascalientes,2000,Marzo,3,Hombre,1
Aguascalientes,2000,Abril,4,Hombre,1
Aguascalientes,2000,Abril,4,Mujer,1
Aguascalientes,2000,Mayo,5,Mujer,1
Aguascalientes,2000,Junio,6,Hombre,2
Aguascalientes,2000,Agosto,8,Hombre,3
Aguascalientes,2000,Septiembre,9,Hombre,2
Aguascalientes,2000,Octubre,10,Hombre,1
Aguascalientes,2000,Octubre,10,Mujer,1
Aguascalientes,2000,Noviembre,11,Hombre,1
Aguascalientes,2000,Diciembre,12,Hombre,1
Aguascalientes,2001,Enero,1,Hombre,3
Aguascalientes,2001,Febrero,2,Hombre,1
Aguascalientes,2001,Abril,4,Hombre,2
Aguascalientes,2001,Abril,4,Mujer,1
Aguascalientes,2001,Mayo,5,Hombre,4
Aguascalientes,2001,Junio,6,Hombre,2
Aguascalientes,2001,Julio,7,Hombre,1
Aguascalientes,2001,Agosto,8,Hombre,1
Aguascalientes,2001,Septiembre,9,Hombre,2
Aguascalientes,2001,Octubre,10,Hombre,1
Aguascalientes,2001,Noviembre,11,Hombre,1
Aguascalientes,2001,Noviembre,11,Mujer,1
Aguascalientes,2001,Diciembre,12,Hombre,2
Aguascalientes,2002,Enero,1,Hombre,2
Aguascalientes,2002,Febrero,2,Hombre,2
Aguascalientes,2002,Abril,4,Hombre,2
Aguascalientes,2002,Abril,4,Mujer,2
Aguascalientes,2002,Mayo,5,Hombre,3
Aguascalientes,2002,Junio,6,Hombre,2
Aguascalientes,2002,Julio,7,Hombre,3
Aguascalientes,2002,Agosto,8,Hombre,1
Aguascalientes,2002,Septiembre,9,Hombre,1
Aguascalientes,2002,Septiembre,9,Mujer,1
Aguascalientes,2002,Octubre,10,Hombre,2
Aguascalientes,2002,Noviembre,11,Hombre,1
Aguascalientes,2002,Noviembre,11,Mujer,3
Aguascalientes,2002,Diciembre,12,Hombre,4
Aguascalientes,2003,Enero,1,Hombre,1
Aguascalientes,2003,Febrero,2,Hombre,1
Aguascalientes,2003,Marzo,3,Hombre,1
Aguascalientes,2003,Abril,4,Hombre,3
Aguascalientes,2003,Mayo,5,Hombre,2
Aguascalientes,2003,Mayo,5,Mujer,2
Aguascalientes,2003,Junio,6,Hombre,3
Aguascalientes,2003,Junio,6,Mujer,2
Aguascalientes,2003,Julio,7,Hombre,2
Aguascalientes,2003,Agosto,8,Hombre,2
Aguascalientes,2003,Octubre,10,Hombre,2
Aguascalientes,2003,Diciembre,12,Hombre,2
Aguascalientes,2003,Diciembre,12,Mujer,2
Aguascalientes,2004,Enero,1,Hombre,1
Aguascalientes,2004,Abril,4,Hombre,1
Aguascalientes,2004,Abril,4,Mujer,1
Aguascalientes,2004,Mayo,5,Hombre,2
Aguascalientes,2004,Mayo,5,Mujer,1
Aguascalientes,2004,Junio,6,Hombre,2
Aguascalientes,2004,Julio,7,Hombre,2
Aguascalientes,2004,Agosto,8,Hombre,1
Aguascalientes,2004,Septiembre,9,Mujer,2
Aguascalientes,2004,Octubre,10,Hombre,3
Aguascalientes,2004,Noviembre,11,Hombre,2
Aguascalientes,2004,Noviembre,11,Mujer,1
Aguascalientes,2004,Diciembre,12,Hombre,2
Aguascalientes,2005,Enero,1,Hombre,2
Aguascalientes,2005,Marzo,3,Hombre,2
Aguascalientes,2005,Marzo,3,Mujer,4
Aguascalientes,2005,Mayo,5,Hombre,3
Aguascalientes,2005,Junio,6,Hombre,3
Aguascalientes,2005,Junio,6,Mujer,1
Aguascalientes,2005,Agosto,8,Hombre,2
Aguascalientes,2005,Septiembre,9,Hombre,1
Aguascalientes,2005,Octubre,10,Mujer,1
Aguascalientes,2005,Noviembre,11,Hombre,3
Aguascalientes,2005,Noviembre,11,Mujer,1
Aguascalientes,2005,Diciembre,12,Hombre,2
Aguascalientes,2006,Enero,1,Mujer,1
Aguascalientes,2006,Febrero,2,Hombre,3
Aguascalientes,2006,Marzo,3,Hombre,1
Aguascalientes,2006,Abril,4,Hombre,1
Aguascalientes,2006,Mayo,5,Hombre,4
Aguascalientes,2006,Mayo,5,Mujer,1
Aguascalientes,2006,Junio,6,Mujer,1
Aguascalientes,2006,Julio,7,Hombre,2
Aguascalientes,2006,Julio,7,Mujer,2
Aguascalientes,2006,Agosto,8,Hombre,2
Aguascalientes,2006,Agosto,8,Mujer,1
Aguascalientes,2006,Septiembre,9,Hombre,1
Aguascalientes,2006,Septiembre,9,Mujer,1
Aguascalientes,2006,Octubre,10,Hombre,1
Aguascalientes,2006,Noviembre,11,Hombre,3
Aguascalientes,2006,Diciembre,12,Hombre,1
Aguascalientes,2007,Enero,1,Hombre,1
Aguascalientes,2007,Enero,1,Mujer,2
Aguascalientes,2007,Febrero,2,Hombre,1
Aguascalientes,2007,Marzo,3,Hombre,1
Aguascalientes,2007,Abril,4,Hombre,1
Aguascalientes,2007,Mayo,5,Hombre,3
Aguascalientes,2007,Junio,6,Hombre,3
Aguascalientes,2007,Julio,7,Hombre,5
Aguascalientes,2007,Julio,7,Mujer,1
Aguascalientes,2007,Agosto,8,Hombre,6
Aguascalientes,2007,Agosto,8,Mujer,2
Aguascalientes,2007,Septiembre,9,Hombre,4
Aguascalientes,2007,Septiembre,9,Mujer,1
Aguascalientes,2007,Octubre,10,Hombre,5
Aguascalientes,2007,Noviembre,11,Hombre,3
Aguascalientes,2007,Diciembre,12,Hombre,1
Aguascalientes,2007,Diciembre,12,Mujer,1
Aguascalientes,2008,Enero,1,Hombre,3
Aguascalientes,2008,Enero,1,Mujer,1
Aguascalientes,2008,Febrero,2,Hombre,1
Aguascalientes,2008,Febrero,2,Mujer,1
Aguascalientes,2008,Marzo,3,Hombre,3
Aguascalientes,2008,Abril,4,Hombre,2
Aguascalientes,2008,Mayo,5,Hombre,4
Aguascalientes,2008,Mayo,5,Mujer,1
Aguascalientes,2008,Junio,6,Hombre,1
Aguascalientes,2008,Junio,6,Mujer,1
Aguascalientes,2008,Julio,7,Hombre,11
Aguascalientes,2008,Agosto,8,Hombre,11
Aguascalientes,2008,Septiembre,9,Hombre,7
Aguascalientes,2008,Octubre,10,Hombre,3
Aguascalientes,2008,Octubre,10,Mujer,1
Aguascalientes,2008,Noviembre,11,Hombre,2
Aguascalientes,2008,Diciembre,12,Hombre,4
Aguascalientes,2008,Diciembre,12,Mujer,1
Aguascalientes,2009,Enero,1,Hombre,6
Aguascalientes,2009,Febrero,2,Hombre,5
Aguascalientes,2009,Marzo,3,Hombre,4
Aguascalientes,2009,Marzo,3,Mujer,1
Aguascalientes,2009,Abril,4,Hombre,4
Aguascalientes,2009,Abril,4,Mujer,2
Aguascalientes,2009,Mayo,5,Hombre,2
Aguascalientes,2009,Mayo,5,Mujer,4
Aguascalientes,2009,Junio,6,Hombre,3
Aguascalientes,2009,Julio,7,Hombre,8
Aguascalientes,2009,Julio,7,Mujer,1
Aguascalientes,2009,Agosto,8,Hombre,3
Aguascalientes,2009,Septiembre,9,Hombre,5
Aguascalientes,2009,Octubre,10,Hombre,4
Aguascalientes,2009,Noviembre,11,Hombre,5
Aguascalientes,2009,Diciembre,12,Hombre,5
Aguascalientes,2009,Diciembre,12,Mujer,3
Aguascalientes,2010,Enero,1,Hombre,4
Aguascalientes,2010,Febrero,2,Hombre,2
Aguascalientes,2010,Febrero,2,Mujer,1
Aguascalientes,2010,Marzo,3,Hombre,4
Aguascalientes,2010,Abril,4,Hombre,1
Aguascalientes,2010,Abril,4,Mujer,1
Aguascalientes,2010,Mayo,5,Hombre,3
Aguascalientes,2010,Junio,6,Hombre,8
Aguascalientes,2010,Julio,7,Hombre,4
Aguascalientes,2010,Julio,7,Mujer,1
Aguascalientes,2010,Agosto,8,Hombre,7
Aguascalientes,2010,Agosto,8,Mujer,3
Aguascalientes,2010,Septiembre,9,Hombre,8
Aguascalientes,2010,Septiembre,9,Mujer,1
Aguascalientes,2010,Octubre,10,Hombre,6
Aguascalientes,2010,Octubre,10,Mujer,2
Aguascalientes,2010,Noviembre,11,Hombre,11
Aguascalientes,2010,Diciembre,12,Hombre,7
Aguascalientes,2010,Diciembre,12,Mujer,1
Aguascalientes,2011,Enero,1,Hombre,8
Aguascalientes,2011,Enero,1,Mujer,1
Aguascalientes,2011,Febrero,2,Hombre,9
Aguascalientes,2011,Febrero,2,Mujer,1
Aguascalientes,2011,Marzo,3,Hombre,6
Aguascalientes,2011,Abril,4,Hombre,6
Aguascalientes,2011,Abril,4,Mujer,2
Aguascalientes,2011,Mayo,5,Hombre,7
Aguascalientes,2011,Mayo,5,Mujer,1
Aguascalientes,2011,Junio,6,Hombre,12
Aguascalientes,2011,Junio,6,Mujer,2
Aguascalientes,2011,Julio,7,Hombre,3
Aguascalientes,2011,Julio,7,Mujer,1
Aguascalientes,2011,Agosto,8,Hombre,2
Aguascalientes,2011,Agosto,8,Mujer,1
Aguascalientes,2011,Septiembre,9,Hombre,5
Aguascalientes,2011,Septiembre,9,Mujer,1
Aguascalientes,2011,Octubre,10,Hombre,5
Aguascalientes,2011,Octubre,10,Mujer,1
Aguascalientes,2011,Noviembre,11,Hombre,2
Aguascalientes,2011,Diciembre,12,Hombre,3
Aguascalientes,2011,Diciembre,12,Mujer,2
Aguascalientes,2012,Enero,1,Hombre,3
Aguascalientes,2012,Febrero,2,Hombre,4
Aguascalientes,2012,Marzo,3,Hombre,2
Aguascalientes,2012,Marzo,3,Mujer,3
Aguascalientes,2012,Abril,4,Hombre,2
Aguascalientes,2012,Mayo,5,Hombre,3
Aguascalientes,2012,Mayo,5,Mujer,2
Aguascalientes,2012,Junio,6,Hombre,2
Aguascalientes,2012,Junio,6,Mujer,1
Aguascalientes,2012,Julio,7,Hombre,5
Aguascalientes,2012,Agosto,8,Hombre,2
Aguascalientes,2012,Septiembre,9,Hombre,1
Aguascalientes,2012,Septiembre,9,Mujer,1
Aguascalientes,2012,Octubre,10,Hombre,2
Aguascalientes,2012,Octubre,10,Mujer,1
Aguascalientes,2012,Noviembre,11,Hombre,4
Aguascalientes,2012,Noviembre,11,Mujer,4
Aguascalientes,2012,Diciembre,12,Hombre,3
Aguascalientes,2013,Enero,1,Hombre,1
Aguascalientes,2013,Enero,1,Mujer,1
Aguascalientes,2013,Febrero,2,Hombre,5
Aguascalientes,2013,Marzo,3,Hombre,3
Aguascalientes,2013,Abril,4,Hombre,4
Aguascalientes,2013,Abril,4,Mujer,1
Aguascalientes,2013,Mayo,5,Hombre,1
Aguascalientes,2013,Mayo,5,Mujer,1
Aguascalientes,2013,Junio,6,Hombre,3
Aguascalientes,2013,Julio,7,Hombre,3
Aguascalientes,2013,Julio,7,Mujer,3
Aguascalientes,2013,Agosto,8,Hombre,3
Aguascalientes,2013,Agosto,8,Mujer,1
Aguascalientes,2013,Septiembre,9,Hombre,2
Aguascalientes,2013,Septiembre,9,Mujer,2
Aguascalientes,2013,Octubre,10,Hombre,4
Aguascalientes,2013,Noviembre,11,Hombre,4
Aguascalientes,2013,Diciembre,12,Hombre,2
Aguascalientes,2014,Enero,1,Hombre,2
Aguascalientes,2014,Febrero,2,Hombre,3
Aguascalientes,2014,Marzo,3,Hombre,3
Aguascalientes,2014,Marzo,3,Mujer,1
Aguascalientes,2014,Abril,4,Hombre,1
Aguascalientes,2014,Mayo,5,Hombre,3
Aguascalientes,2014,Junio,6,Hombre,7
Aguascalientes,2014,Junio,6,Mujer,3
Aguascalientes,2014,Julio,7,Hombre,2
Aguascalientes,2014,Agosto,8,Hombre,2
Aguascalientes,2014,Septiembre,9,Hombre,2
Aguascalientes,2014,Octubre,10,Hombre,7
Aguascalientes,2014,Noviembre,11,Hombre,4
Aguascalientes,2014,Diciembre,12,Hombre,6
Aguascalientes,2015,Enero,1,Hombre,7
Aguascalientes,2015,Marzo,3,Hombre,4
Aguascalientes,2015,Marzo,3,Mujer,1
Aguascalientes,2015,Abril,4,Hombre,3
Aguascalientes,2015,Abril,4,Mujer,1
Aguascalientes,2015,Mayo,5,Hombre,3
Aguascalientes,2015,Mayo,5,Mujer,2
Aguascalientes,2015,Junio,6,Hombre,5
Aguascalientes,2015,Junio,6,Mujer,2
Aguascalientes,2015,Julio,7,Hombre,2
Aguascalientes,2015,Agosto,8,Hombre,1
Aguascalientes,2015,Septiembre,9,Hombre,4
Aguascalientes,2015,Octubre,10,Hombre,2
Aguascalientes,2015,Noviembre,11,Hombre,3
Aguascalientes,2015,Diciembre,12,Hombre,4
Aguascalientes,2015,Diciembre,12,Mujer,1
Aguascalientes,2016,Febrero,2,Hombre,3
Aguascalientes,2016,Febrero,2,Mujer,1
Aguascalientes,2016,Marzo,3,Hombre,6
Aguascalientes,2016,Abril,4,Hombre,4
Aguascalientes,2016,Abril,4,Mujer,1
Aguascalientes,2016,Mayo,5,Hombre,4
Aguascalientes,2016,Mayo,5,Mujer,1
Aguascalientes,2016,Junio,6,Hombre,3
Aguascalientes,2016,Julio,7,Hombre,1
Aguascalientes,2016,Agosto,8,Hombre,4
Aguascalientes,2016,Septiembre,9,Hombre,4
Aguascalientes,2016,Octubre,10,Hombre,5
Aguascalientes,2016,Noviembre,11,Hombre,2
Aguascalientes,2016,Diciembre,12,Hombre,5
Aguascalientes,2016,Diciembre,12,Mujer,1
Aguascalientes,2017,Enero,1,Hombre,5
Aguascalientes,2017,Febrero,2,Hombre,3
Aguascalientes,2017,Marzo,3,Hombre,3
Aguascalientes,2017,Abril,4,Hombre,4
Aguascalientes,2017,Abril,4,Mujer,1
Aguascalientes,2017,Mayo,5,Hombre,9
Aguascalientes,2017,Mayo,5,Mujer,2
Aguascalientes,2017,Junio,6,Hombre,13
Aguascalientes,2017,Junio,6,Mujer,1
Aguascalientes,2017,Julio,7,Hombre,2
Aguascalientes,2017,Julio,7,Mujer,2
Aguascalientes,2017,Agosto,8,Hombre,9
Aguascalientes,2017,Agosto,8,Mujer,1
Aguascalientes,2017,Septiembre,9,Hombre,10
Aguascalientes,2017,Octubre,10,Hombre,7
Aguascalientes,2017,Octubre,10,Mujer,1
Aguascalientes,2017,Noviembre,11,Hombre,5
Aguascalientes,2017,Diciembre,12,Hombre,5
Aguascalientes,2018,Enero,1,Hombre,9
Aguascalientes,2018,Febrero,2,Hombre,7
Aguascalientes,2018,Febrero,2,Mujer,1
Aguascalientes,2018,Marzo,3,Hombre,3
Aguascalientes,2018,Marzo,3,Mujer,1
Aguascalientes,2018,Abril,4,Hombre,8
Aguascalientes,2018,Abril,4,Mujer,1
Aguascalientes,2018,Mayo,5,Hombre,7
Aguascalientes,2018,Junio,6,Hombre,5
Aguascalientes,2018,Julio,7,Hombre,6
Aguascalientes,2018,Agosto,8,Hombre,4
Aguascalientes,2018,Agosto,8,Mujer,3
Aguascalientes,2018,Septiembre,9,Hombre,9
Aguascalientes,2018,Septiembre,9,Mujer,1
Aguascalientes,2018,Octubre,10,Hombre,1
Aguascalientes,2018,Octubre,10,Mujer,1
Aguascalientes,2018,Noviembre,11,Hombre,5
Aguascalientes,2018,Noviembre,11,Mujer,1
Aguascalientes,2018,Diciembre,12,Hombre,6
Aguascalientes,2019,Enero,1,Hombre,7
Aguascalientes,2019,Enero,1,Mujer,2
Aguascalientes,2019,Febrero,2,Hombre,8
Aguascalientes,2019,Febrero,2,Mujer,3
Aguascalientes,2019,Marzo,3,Hombre,10
Aguascalientes,2019,Abril,4,Hombre,7
Aguascalientes,2019,Mayo,5,Hombre,10
Aguascalientes,2019,Junio,6,Hombre,11
Aguascalientes,2019,Junio,6,Mujer,1
Aguascalientes,2019,Julio,7,Hombre,7
Aguascalientes,2019,Julio,7,Mujer,1
Aguascalientes,2019,Agosto,8,Mujer,1
Aguascalientes,2019,Septiembre,9,Hombre,10
Aguascalientes,2019,Septiembre,9,Mujer,1
Aguascalientes,2019,Octubre,10,Hombre,17
Aguascalientes,2019,Octubre,10,Mujer,1
Aguascalientes,2019,Noviembre,11,Hombre,8
Aguascalientes,2019,Diciembre,12,Hombre,9
Aguascalientes,2019,Diciembre,12,Mujer,1
Aguascalientes,2020,Enero,1,Hombre,5
Aguascalientes,2020,Enero,1,Mujer,1
Aguascalientes,2020,Febrero,2,Hombre,10
Aguascalientes,2020,Febrero,2,Mujer,1
Aguascalientes,2020,Marzo,3,Hombre,6
Aguascalientes,2020,Marzo,3,Mujer,1
Aguascalientes,2020,Abril,4,Hombre,4
Aguascalientes,2020,Mayo,5,Hombre,11
Aguascalientes,2020,Junio,6,Hombre,10
Aguascalientes,2020,Julio,7,Hombre,13
Aguascalientes,2020,Agosto,8,Hombre,10
Aguascalientes,2020,Septiembre,9,Hombre,3
Aguascalientes,2020,Septiembre,9,Mujer,1
Aguascalientes,2020,Octubre,10,Hombre,3
Aguascalientes,2020,Octubre,10,Mujer,1
Aguascalientes,2020,Noviembre,11,Hombre,5
Aguascalientes,2020,Noviembre,11,Mujer,2
Aguascalientes,2020,Diciembre,12,Hombre,2
Aguascalientes,2021,Enero,1,Hombre,4
Aguascalientes,2021,Enero,1,Mujer,2
Aguascalientes,2021,Febrero,2,Hombre,5
Aguascalientes,2021,Febrero,2,Mujer,1
Aguascalientes,2021,Marzo,3,Hombre,7
Aguascalientes,2021,Marzo,3,Mujer,1
Aguascalientes,2021,Abril,4,Hombre,10
Aguascalientes,2021,Abril,4,Mujer,2
Aguascalientes,2021,Mayo,5,Hombre,8
Aguascalientes,2021,Junio,6,Hombre,8
Aguascalientes,2021,Julio,7,Hombre,5
Aguascalientes,2021,Julio,7,Mujer,2
Aguascalientes,2021,Agosto,8,Hombre,13
Aguascalientes,2021,Septiembre,9,Hombre,4
Aguascalientes,2021,Septiembre,9,Mujer,1
Aguascalientes,2021,Octubre,10,Hombre,9
Aguascalientes,2021,Octubre,10,Mujer,1
Aguascalientes,2021,Noviembre,11,Hombre,6
Aguascalientes,2021,Noviembre,11,Mujer,2
Aguascalientes,2021,Diciembre,12,Hombre,8
Aguascalientes,2021,Diciembre,12,Mujer,1
Aguascalientes,2022,Enero,1,Hombre,6
Aguascalientes,2022,Enero,1,Mujer,1
Aguascalientes,2022,Febrero,2,Hombre,5
Aguascalientes,2022,Febrero,2,Mujer,2
Aguascalientes,2022,Marzo,3,Hombre,5
Aguascalientes,2022,Marzo,3,Mujer,1
Aguascalientes,2022,Abril,4,Hombre,2
Aguascalientes,2022,Mayo,5,Hombre,5
Aguascalientes,2022,Junio,6,Hombre,8
Aguascalientes,2022,Junio,6,Mujer,2
Aguascalientes,2022,Julio,7,Hombre,8
Aguascalientes,2022,Agosto,8,Hombre,8
Aguascalientes,2022,Septiembre,9,Hombre,6
Aguascalientes,2022,Septiembre,9,Mujer,2
Aguascalientes,2022,Octubre,10,Hombre,7
Aguascalientes,2022,Octubre,10,Mujer,3
Aguascalientes,2022,Noviembre,11,Hombre,6
Aguascalientes,2022,Noviembre,11,Mujer,1
Aguascalientes,2022,Diciembre,12,Hombre,7
Aguascalientes,2022,Diciembre,12,Mujer,1
Aguascalientes,2023,Enero,1,Hombre,3
Aguascalientes,2023,Enero,1,Mujer,3
Aguascalientes,2023,Febrero,2,Hombre,10
Aguascalientes,2023,Marzo,3,Hombre,14
Aguascalientes,2023,Marzo,3,Mujer,3
Aguascalientes,2023,Abril,4,Hombre,8
Aguascalientes,2023,Abril,4,Mujer,1
Aguascalientes,2023,Mayo,5,Hombre,3
Aguascalientes,2023,Junio,6,Hombre,12
Aguascalientes,2023,Junio,6,Mujer,1
Aguascalientes,2023,Julio,7,Hombre,5
Aguascalientes,2023,Agosto,8,Hombre,10
Aguascalientes,2023,Agosto,8,Mujer,1
Aguascalientes,2023,Septiembre,9,Hombre,6
Aguascalientes,2023,Octubre,10,Hombre,4
Aguascalientes,2023,Noviembre,11,Hombre,12
Aguascalientes,2023,Noviembre,11,Mujer,4
Aguascalientes,2023,Diciembre,12,Hombre,8
Aguascalientes,2023,Diciembre,12,Mujer,1
Aguascalientes,2024,Enero,1,Hombre,7
Aguascalientes,2024,Enero,1,Mujer,2
Aguascalientes,2024,Febrero,2,Hombre,4
Aguascalientes,2024,Febrero,2,Mujer,1
Aguascalientes,2024,Marzo,3,Hombre,16
Aguascalientes,2024,Abril,4,Hombre,8
Aguascalientes,2024,Abril,4,Mujer,1
Aguascalientes,2024,Mayo,5,Hombre,16
Aguascalientes,2024,Mayo,5,Mujer,3
Aguascalientes,2024,Junio,6,Hombre,14
Aguascalientes,2024,Junio,6,Mujer,2
Aguascalientes,2024,Julio,7,Hombre,17
Aguascalientes,2024,Julio,7,Mujer,2
Aguascalientes,2024,Agosto,8,Hombre,12
Aguascalientes,2024,Agosto,8,Mujer,2
Aguascalientes,2024,Septiembre,9,Hombre,12
Aguascalientes,2024,Septiembre,9,Mujer,1
Aguascalientes,2024,Octubre,10,Hombre,9
Aguascalientes,2024,Noviembre,11,Hombre,3
Aguascalientes,2024,Diciembre,12,Hombre,8
Aguascalientes,2024,Diciembre,12,Mujer,1
Baja California,1990,Enero,1,Hombre,28
Baja California,1990,Enero,1,Mujer,3
Baja California,1990,Febrero,2,Hombre,14
Baja California,1990,Febrero,2,Mujer,1
Baja California,1990,Marzo,3,Hombre,16
Baja California,1990,Marzo,3,Mujer,4
Baja California,1990,Abril,4,Hombre,22
Baja California,1990,Mayo,5,Hombre,23
Baja California,1990,Mayo,5,Mujer,4
Baja California,1990,Junio,6,Hombre,21
Baja California,1990,Junio,6,Mujer,3
Baja California,1990,Julio,7,Hombre,18
Baja California,1990,Julio,7,Mujer,1
Baja California,1990,Agosto,8,Hombre,21
Baja California,1990,Agosto,8,Mujer,3
Baja California,1990,Septiembre,9,Hombre,26
Baja California,1990,Septiembre,9,Mujer,3
Baja California,1990,Octubre,10,Hombre,22
Baja California,1990,Octubre,10,Mujer,3
Baja California,1990,Noviembre,11,Hombre,16
Baja California,1990,Noviembre,11,Mujer,6
Baja California,1990,Diciembre,12,Hombre,13
Baja California,1990,Diciembre,12,Mujer,1
Baja California,1991,Enero,1,Hombre,15
Baja California,1991,Enero,1,Mujer,3
Baja California,1991,Febrero,2,Hombre,16
Baja California,1991,Febrero,2,Mujer,1
Baja California,1991,Marzo,3,Hombre,20
Baja California,1991,Marzo,3,Mujer,3
Baja California,1991,Abril,4,Hombre,14
Baja California,1991,Abril,4,Mujer,1
Baja California,1991,Mayo,5,Hombre,21
Baja California,1991,Mayo,5,Mujer,3
Baja California,1991,Junio,6,Hombre,33
Baja California,1991,Junio,6,Mujer,4
Baja California,1991,Julio,7,Hombre,17
Baja California,1991,Agosto,8,Hombre,22
Baja California,1991,Agosto,8,Mujer,2
Baja California,1991,Septiembre,9,Hombre,26
Baja California,1991,Octubre,10,Hombre,25
Baja California,1991,Noviembre,11,Hombre,21
Baja California,1991,Noviembre,11,Mujer,1
Baja California,1991,Diciembre,12,Hombre,31
Baja California,1991,Diciembre,12,Mujer,1
Baja California,1992,Enero,1,Hombre,29
Baja California,1992,Enero,1,Mujer,4
Baja California,1992,Febrero,2,Hombre,24
Baja California,1992,Febrero,2,Mujer,4
Baja California,1992,Marzo,3,Hombre,18
Baja California,1992,Marzo,3,Mujer,2
Baja California,1992,Abril,4,Hombre,26
Baja California,1992,Abril,4,Mujer,4
Baja California,1992,Mayo,5,Hombre,17
Baja California,1992,Mayo,5,Mujer,2
Baja California,1992,Junio,6,Hombre,15
Baja California,1992,Junio,6,Mujer,1
Baja California,1992,Julio,7,Hombre,17
Baja California,1992,Julio,7,Mujer,2
Baja California,1992,Agosto,8,Hombre,22
Baja California,1992,Agosto,8,Mujer,1
Baja California,1992,Septiembre,9,Hombre,15
Baja California,1992,Septiembre,9,Mujer,1
Baja California,1992,Octubre,10,Hombre,37
Baja California,1992,Octubre,10,Mujer,3
Baja California,1992,Noviembre,11,Hombre,19
Baja California,1992,Noviembre,11,Mujer,3
Baja California,1992,Diciembre,12,Hombre,32
Baja California,1992,Diciembre,12,Mujer,5
Baja California,1993,Enero,1,Hombre,30
Baja California,1993,Enero,1,Mujer,3
Baja California,1993,Febrero,2,Hombre,15
Baja California,1993,Marzo,3,Hombre,7
Baja California,1993,Marzo,3,Mujer,1
Baja California,1993,Abril,4,Hombre,23
Baja California,1993,Abril,4,Mujer,4
Baja California,1993,Mayo,5,Hombre,12
Baja California,1993,Junio,6,Hombre,19
Baja California,1993,Junio,6,Mujer,5
Baja California,1993,Julio,7,Hombre,35
Baja California,1993,Julio,7,Mujer,5
Baja California,1993,Agosto,8,Hombre,25
Baja California,1993,Agosto,8,Mujer,1
Baja California,1993,Septiembre,9,Hombre,22
Baja California,1993,Septiembre,9,Mujer,3
Baja California,1993,Octubre,10,Hombre,23
Baja California,1993,Noviembre,11,Hombre,30
Baja California,1993,Noviembre,11,Mujer,3
Baja California,1993,Diciembre,12,Hombre,20
Baja California,1993,Diciembre,12,Mujer,3
Baja California,1994,Enero,1,Hombre,18
Baja California,1994,Enero,1,Mujer,2
Baja California,1994,Febrero,2,Hombre,19
Baja California,1994,Febrero,2,Mujer,2
Baja California,1994,Marzo,3,Hombre,22
Baja California,1994,Marzo,3,Mujer,1
Baja California,1994,Abril,4,Hombre,30
Baja California,1994,Abril,4,Mujer,2
Baja California,1994,Mayo,5,Hombre,35
Baja California,1994,Mayo,5,Mujer,2
Baja California,1994,Junio,6,Hombre,27
Baja California,1994,Junio,6,Mujer,2
Baja California,1994,Julio,7,Hombre,35
Baja California,1994,Julio,7,Mujer,1
Baja California,1994,Agosto,8,Hombre,30
Baja California,1994,Agosto,8,Mujer,4
Baja California,1994,Septiembre,9,Hombre,24
Baja California,1994,Septiembre,9,Mujer,3
Baja California,1994,Octubre,10,Hombre,21
Baja California,1994,Octubre,10,Mujer,3
Baja California,1994,Noviembre,11,Hombre,24
Baja California,1994,Noviembre,11,Mujer,6
Baja California,1994,Diciembre,12,Hombre,32
Baja California,1994,Diciembre,12,Mujer,1
Baja California,1995,Enero,1,Hombre,36
Baja California,1995,Enero,1,Mujer,1
Baja California,1995,Febrero,2,Hombre,24
Baja California,1995,Febrero,2,Mujer,1
Baja California,1995,Marzo,3,Hombre,32
Baja California,1995,Marzo,3,Mujer,3
Baja California,1995,Abril,4,Hombre,28
Baja California,1995,Abril,4,Mujer,2
Baja California,1995,Mayo,5,Hombre,22
Baja California,1995,Mayo,5,Mujer,5
Baja California,1995,Junio,6,Hombre,34
Baja California,1995,Junio,6,Mujer,4
Baja California,1995,Julio,7,Hombre,10
Baja California,1995,Julio,7,Mujer,3
Baja California,1995,Agosto,8,Hombre,37
Baja California,1995,Agosto,8,Mujer,1
Baja California,1995,Septiembre,9,Hombre,31
Baja California,1995,Septiembre,9,Mujer,1
Baja California,1995,Octubre,10,Hombre,34
Baja California,1995,Octubre,10,Mujer,3
Baja California,1995,Noviembre,11,Hombre,43
Baja California,1995,Noviembre,11,Mujer,4
Baja California,1995,Diciembre,12,Hombre,27
Baja California,1995,Diciembre,12,Mujer,1
Baja California,1996,Enero,1,Hombre,21
Baja California,1996,Enero,1,Mujer,2
Baja California,1996,Febrero,2,Hombre,21
Baja California,1996,Febrero,2,Mujer,4
Baja California,1996,Marzo,3,Hombre,33
Baja California,1996,Marzo,3,Mujer,1
Baja California,1996,Abril,4,Hombre,31
Baja California,1996,Abril,4,Mujer,5
Baja California,1996,Mayo,5,Hombre,38
Baja California,1996,Mayo,5,Mujer,4
Baja California,1996,Junio,6,Hombre,14
Baja California,1996,Junio,6,Mujer,3
Baja California,1996,Julio,7,Hombre,31
Baja California,1996,Julio,7,Mujer,1
Baja California,1996,Agosto,8,Hombre,26
Baja California,1996,Agosto,8,Mujer,2
Baja California,1996,Septiembre,9,Hombre,30
Baja California,1996,Septiembre,9,Mujer,4
Baja California,1996,Octubre,10,Hombre,37
Baja California,1996,Octubre,10,Mujer,5
Baja California,1996,Noviembre,11,Hombre,23
Baja California,1996,Noviembre,11,Mujer,4
Baja California,1996,Diciembre,12,Hombre,29
Baja California,1996,Diciembre,12,Mujer,5
Baja California,1997,Enero,1,Hombre,31
Baja California,1997,Febrero,2,Hombre,18
Baja California,1997,Febrero,2,Mujer,2
Baja California,1997,Marzo,3,Hombre,27
Baja California,1997,Marzo,3,Mujer,3
Baja California,1997,Abril,4,Hombre,30
Baja California,1997,Mayo,5,Hombre,22
Baja California,1997,Mayo,5,Mujer,4
Baja California,1997,Junio,6,Hombre,31
Baja California,1997,Junio,6,Mujer,2
Baja California,1997,Julio,7,Hombre,18
Baja California,1997,Julio,7,Mujer,3
Baja California,1997,Agosto,8,Hombre,25
Baja California,1997,Agosto,8,Mujer,4
Baja California,1997,Septiembre,9,Hombre,28
Baja California,1997,Septiembre,9,Mujer,1
Baja California,1997,Octubre,10,Hombre,23
Baja California,1997,Noviembre,11,Hombre,18
Baja California,1997,Noviembre,11,Mujer,5
Baja California,1997,Diciembre,12,Hombre,33
Baja California,1997,Diciembre,12,Mujer,2
Baja California,1998,Enero,1,Hombre,30
Baja California,1998,Enero,1,Mujer,2
Baja California,1998,Febrero,2,Hombre,37
Baja California,1998,Febrero,2,Mujer,5
Baja California,1998,Marzo,3,Hombre,33
Baja California,1998,Marzo,3,Mujer,5
Baja California,1998,Abril,4,Hombre,32
Baja California,1998,Abril,4,Mujer,9
Baja California,1998,Mayo,5,Hombre,30
Baja California,1998,Mayo,5,Mujer,4
Baja California,1998,Junio,6,Hombre,61
Baja California,1998,Junio,6,Mujer,3
Baja California,1998,Julio,7,Hombre,48
Baja California,1998,Agosto,8,Hombre,55
Baja California,1998,Agosto,8,Mujer,10
Baja California,1998,Septiembre,9,Hombre,56
Baja California,1998,Septiembre,9,Mujer,10
Baja California,1998,Octubre,10,Hombre,49
Baja California,1998,Octubre,10,Mujer,3
Baja California,1998,Noviembre,11,Hombre,45
Baja California,1998,Noviembre,11,Mujer,5
Baja California,1998,Diciembre,12,Hombre,42
Baja California,1998,Diciembre,12,Mujer,3
Baja California,1999,Enero,1,Hombre,38
Baja California,1999,Enero,1,Mujer,8
Baja California,1999,Febrero,2,Hombre,49
Baja California,1999,Febrero,2,Mujer,4
Baja California,1999,Marzo,3,Hombre,44
Baja California,1999,Marzo,3,Mujer,5
Baja California,1999,Abril,4,Hombre,47
Baja California,1999,Abril,4,Mujer,2
Baja California,1999,Mayo,5,Hombre,55
Baja California,1999,Mayo,5,Mujer,2
Baja California,1999,Junio,6,Hombre,46
Baja California,1999,Junio,6,Mujer,1
Baja California,1999,Julio,7,Hombre,51
Baja California,1999,Julio,7,Mujer,7
Baja California,1999,Agosto,8,Hombre,59
Baja California,1999,Agosto,8,Mujer,8
Baja California,1999,Septiembre,9,Hombre,51
Baja California,1999,Septiembre,9,Mujer,4
Baja California,1999,Octubre,10,Hombre,52
Baja California,1999,Octubre,10,Mujer,1
Baja California,1999,Noviembre,11,Hombre,52
Baja California,1999,Noviembre,11,Mujer,2
Baja California,1999,Diciembre,12,Hombre,36
Baja California,1999,Diciembre,12,Mujer,9
Baja California,2000,Enero,1,Hombre,58
Baja California,2000,Enero,1,Mujer,2
Baja California,2000,Febrero,2,Hombre,40
Baja California,2000,Febrero,2,Mujer,3
Baja California,2000,Marzo,3,Hombre,31
Baja California,2000,Marzo,3,Mujer,4
Baja California,2000,Abril,4,Hombre,17
Baja California,2000,Abril,4,Mujer,1
Baja California,2000,Mayo,5,Hombre,34
Baja California,2000,Mayo,5,Mujer,1
Baja California,2000,Junio,6,Hombre,33
Baja California,2000,Junio,6,Mujer,4
Baja California,2000,Julio,7,Hombre,22
Baja California,2000,Julio,7,Mujer,1
Baja California,2000,Agosto,8,Hombre,39
Baja California,2000,Agosto,8,Mujer,6
Baja California,2000,Septiembre,9,Hombre,25
Baja California,2000,Octubre,10,Hombre,32
Baja California,2000,Octubre,10,Mujer,3
Baja California,2000,Noviembre,11,Hombre,28
Baja California,2000,Noviembre,11,Mujer,3
Baja California,2000,Diciembre,12,Hombre,36
Baja California,2000,Diciembre,12,Mujer,3
Baja California,2001,Enero,1,Hombre,12
Baja California,2001,Enero,1,Mujer,1
Baja California,2001,Febrero,2,Hombre,22
Baja California,2001,Febrero,2,Mujer,2
Baja California,2001,Marzo,3,Hombre,35
Baja California,2001,Marzo,3,Mujer,6
Baja California,2001,Abril,4,Hombre,27
Baja California,2001,Abril,4,Mujer,1
Baja California,2001,Mayo,5,Hombre,43
Baja California,2001,Mayo,5,Mujer,7
Baja California,2001,Junio,6,Hombre,28
Baja California,2001,Junio,6,Mujer,8
Baja California,2001,Julio,7,Hombre,29
Baja California,2001,Julio,7,Mujer,2
Baja California,2001,Agosto,8,Hombre,37
Baja California,2001,Agosto,8,Mujer,1
Baja California,2001,Septiembre,9,Hombre,39
Baja California,2001,Septiembre,9,Mujer,5
Baja California,2001,Octubre,10,Hombre,21
Baja California,2001,Octubre,10,Mujer,6
Baja California,2001,Noviembre,11,Hombre,36
Baja California,2001,Noviembre,11,Mujer,3
Baja California,2001,Diciembre,12,Hombre,24
Baja California,2001,Diciembre,12,Mujer,2
Baja California,2002,Enero,1,Hombre,38
Baja California,2002,Enero,1,Mujer,4
Baja California,2002,Febrero,2,Hombre,28
Baja California,2002,Febrero,2,Mujer,2
Baja California,2002,Marzo,3,Hombre,38
Baja California,2002,Abril,4,Hombre,29
Baja California,2002,Abril,4,Mujer,5
Baja California,2002,Mayo,5,Hombre,29
Baja California,2002,Mayo,5,Mujer,5
Baja California,2002,Junio,6,Hombre,29
Baja California,2002,Junio,6,Mujer,3
Baja California,2002,Julio,7,Hombre,49
Baja California,2002,Agosto,8,Hombre,28
Baja California,2002,Agosto,8,Mujer,4
Baja California,2002,Septiembre,9,Hombre,18
Baja California,2002,Septiembre,9,Mujer,1
Baja California,2002,Octubre,10,Hombre,35
Baja California,2002,Octubre,10,Mujer,4
Baja California,2002,Noviembre,11,Hombre,30
Baja California,2002,Noviembre,11,Mujer,3
Baja California,2002,Diciembre,12,Hombre,35
Baja California,2002,Diciembre,12,Mujer,2
Baja California,2003,Enero,1,Hombre,30
Baja California,2003,Enero,1,Mujer,4
Baja California,2003,Febrero,2,Hombre,30
Baja California,2003,Febrero,2,Mujer,2
Baja California,2003,Marzo,3,Hombre,26
Baja California,2003,Marzo,3,Mujer,4
Baja California,2003,Abril,4,Hombre,29
Baja California,2003,Abril,4,Mujer,6
Baja California,2003,Mayo,5,Hombre,40
Baja California,2003,Mayo,5,Mujer,4
Baja California,2003,Junio,6,Hombre,28
Baja California,2003,Junio,6,Mujer,1
Baja California,2003,Julio,7,Hombre,51
Baja California,2003,Julio,7,Mujer,3
Baja California,2003,Agosto,8,Hombre,36
Baja California,2003,Agosto,8,Mujer,4
Baja California,2003,Septiembre,9,Hombre,35
Baja California,2003,Septiembre,9,Mujer,5
Baja California,2003,Octubre,10,Hombre,42
Baja California,2003,Octubre,10,Mujer,5
Baja California,2003,Noviembre,11,Hombre,24
Baja California,2003,Noviembre,11,Mujer,3
Baja California,2003,Diciembre,12,Hombre,28
Baja California,2003,Diciembre,12,Mujer,6
Baja California,2004,Enero,1,Hombre,30
Baja California,2004,Enero,1,Mujer,3
Baja California,2004,Febrero,2,Hombre,36
Baja California,2004,Febrero,2,Mujer,5
Baja California,2004,Marzo,3,Hombre,28
Baja California,2004,Marzo,3,Mujer,5
Baja California,2004,Abril,4,Hombre,26
Baja California,2004,Abril,4,Mujer,4
Baja California,2004,Mayo,5,Hombre,35
Baja California,2004,Mayo,5,Mujer,3
Baja California,2004,Junio,6,Hombre,47
Baja California,2004,Junio,6,Mujer,9
Baja California,2004,Julio,7,Hombre,31
Baja California,2004,Julio,7,Mujer,2
Baja California,2004,Agosto,8,Hombre,30
Baja California,2004,Agosto,8,Mujer,2
Baja California,2004,Septiembre,9,Hombre,47
Baja California,2004,Octubre,10,Hombre,45
Baja California,2004,Octubre,10,Mujer,3
Baja California,2004,Noviembre,11,Hombre,45
Baja California,2004,Noviembre,11,Mujer,2
Baja California,2004,Diciembre,12,Hombre,30
Baja California,2004,Diciembre,12,Mujer,3
Baja California,2005,Enero,1,Hombre,16
Baja California,2005,Enero,1,Mujer,3
Baja California,2005,Febrero,2,Hombre,22
Baja California,2005,Febrero,2,Mujer,3
Baja California,2005,Marzo,3,Hombre,31
Baja California,2005,Marzo,3,Mujer,4
Baja California,2005,Abril,4,Hombre,46
Baja California,2005,Abril,4,Mujer,6
Baja California,2005,Mayo,5,Hombre,39
Baja California,2005,Mayo,5,Mujer,5
Baja California,2005,Junio,6,Hombre,21
Baja California,2005,Julio,7,Hombre,36
Baja California,2005,Julio,7,Mujer,2
Baja California,2005,Agosto,8,Hombre,45
Baja California,2005,Septiembre,9,Hombre,37
Baja California,2005,Septiembre,9,Mujer,4
Baja California,2005,Octubre,10,Hombre,45
Baja California,2005,Octubre,10,Mujer,4
Baja California,2005,Noviembre,11,Hombre,23
Baja California,2005,Noviembre,11,Mujer,6
Baja California,2005,Diciembre,12,Hombre,26
Baja California,2006,Enero,1,Hombre,34
Baja California,2006,Enero,1,Mujer,1
Baja California,2006,Febrero,2,Hombre,18
Baja California,2006,Febrero,2,Mujer,3
Baja California,2006,Marzo,3,Hombre,32
Baja California,2006,Marzo,3,Mujer,4
Baja California,2006,Abril,4,Hombre,28
Baja California,2006,Abril,4,Mujer,2
Baja California,2006,Mayo,5,Hombre,36
Baja California,2006,Mayo,5,Mujer,5
Baja California,2006,Junio,6,Hombre,38
Baja California,2006,Junio,6,Mujer,6
Baja California,2006,Julio,7,Hombre,37
Baja California,2006,Julio,7,Mujer,3
Baja California,2006,Agosto,8,Hombre,43
Baja California,2006,Agosto,8,Mujer,4
Baja California,2006,Septiembre,9,Hombre,50
Baja California,2006,Septiembre,9,Mujer,5
Baja California,2006,Octubre,10,Hombre,42
Baja California,2006,Noviembre,11,Hombre,33
Baja California,2006,Noviembre,11,Mujer,1
Baja California,2006,Diciembre,12,Hombre,29
Baja California,2006,Diciembre,12,Mujer,2
Baja California,2007,Enero,1,Hombre,27
Baja California,2007,Febrero,2,Hombre,28
Baja California,2007,Febrero,2,Mujer,1
Baja California,2007,Marzo,3,Hombre,39
Baja California,2007,Marzo,3,Mujer,4
Baja California,2007,Abril,4,Hombre,45
Baja California,2007,Abril,4,Mujer,4
Baja California,2007,Mayo,5,Hombre,40
Baja California,2007,Mayo,5,Mujer,4
Baja California,2007,Junio,6,Hombre,39
Baja California,2007,Junio,6,Mujer,3
Baja California,2007,Julio,7,Hombre,15
Baja California,2007,Julio,7,Mujer,2
Baja California,2007,Agosto,8,Hombre,28
Baja California,2007,Agosto,8,Mujer,3
Baja California,2007,Septiembre,9,Hombre,26
Baja California,2007,Septiembre,9,Mujer,1
Baja California,2007,Octubre,10,Hombre,16
Baja California,2007,Octubre,10,Mujer,2
Baja California,2007,Noviembre,11,Hombre,17
Baja California,2007,Noviembre,11,Mujer,2
Baja California,2007,Diciembre,12,Hombre,14
Baja California,2008,Enero,1,Hombre,47
Baja California,2008,Enero,1,Mujer,6
Baja California,2008,Febrero,2,Hombre,43
Baja California,2008,Febrero,2,Mujer,3
Baja California,2008,Marzo,3,Hombre,52
Baja California,2008,Marzo,3,Mujer,5
Baja California,2008,Abril,4,Hombre,56
Baja California,2008,Abril,4,Mujer,7
Baja California,2008,Mayo,5,Hombre,50
Baja California,2008,Mayo,5,Mujer,1
Baja California,2008,Junio,6,Hombre,62
Baja California,2008,Junio,6,Mujer,2
Baja California,2008,Julio,7,Hombre,38
Baja California,2008,Julio,7,Mujer,9
Baja California,2008,Agosto,8,Hombre,34
Baja California,2008,Agosto,8,Mujer,5
Baja California,2008,Septiembre,9,Hombre,57
Baja California,2008,Septiembre,9,Mujer,3
Baja California,2008,Octubre,10,Hombre,188
Baja California,2008,Octubre,10,Mujer,10
Baja California,2008,Noviembre,11,Hombre,183
Baja California,2008,Noviembre,11,Mujer,15
Baja California,2008,Diciembre,12,Hombre,127
Baja California,2008,Diciembre,12,Mujer,11
Baja California,2009,Enero,1,Hombre,151
Baja California,2009,Enero,1,Mujer,12
Baja California,2009,Febrero,2,Hombre,121
Baja California,2009,Febrero,2,Mujer,10
Baja California,2009,Marzo,3,Hombre,103
Baja California,2009,Marzo,3,Mujer,13
Baja California,2009,Abril,4,Hombre,97
Baja California,2009,Abril,4,Mujer,13
Baja California,2009,Mayo,5,Hombre,87
Baja California,2009,Mayo,5,Mujer,17
Baja California,2009,Junio,6,Hombre,71
Baja California,2009,Junio,6,Mujer,5
Baja California,2009,Julio,7,Hombre,95
Baja California,2009,Julio,7,Mujer,11
Baja California,2009,Agosto,8,Hombre,97
Baja California,2009,Agosto,8,Mujer,16
Baja California,2009,Septiembre,9,Hombre,124
Baja California,2009,Septiembre,9,Mujer,6
Baja California,2009,Octubre,10,Hombre,86
Baja California,2009,Octubre,10,Mujer,8
Baja California,2009,Noviembre,11,Hombre,91
Baja California,2009,Noviembre,11,Mujer,8
Baja California,2009,Diciembre,12,Hombre,201
Baja California,2009,Diciembre,12,Mujer,26
Baja California,2010,Enero,1,Hombre,242
Baja California,2010,Enero,1,Mujer,17
Baja California,2010,Febrero,2,Hombre,119
Baja California,2010,Febrero,2,Mujer,9
Baja California,2010,Marzo,3,Hombre,111
Baja California,2010,Marzo,3,Mujer,8
Baja California,2010,Abril,4,Hombre,137
Baja California,2010,Abril,4,Mujer,17
Baja California,2010,Mayo,5,Hombre,120
Baja California,2010,Mayo,5,Mujer,9
Baja California,2010,Junio,6,Hombre,104
Baja California,2010,Junio,6,Mujer,11
Baja California,2010,Julio,7,Hombre,113
Baja California,2010,Julio,7,Mujer,15
Baja California,2010,Agosto,8,Hombre,121
Baja California,2010,Agosto,8,Mujer,16
Baja California,2010,Septiembre,9,Hombre,75
Baja California,2010,Septiembre,9,Mujer,4
Baja California,2010,Octubre,10,Hombre,62
Baja California,2010,Octubre,10,Mujer,3
Baja California,2010,Noviembre,11,Hombre,90
Baja California,2010,Noviembre,11,Mujer,5
Baja California,2010,Diciembre,12,Hombre,95
Baja California,2010,Diciembre,12,Mujer,3
Baja California,2011,Enero,1,Hombre,81
Baja California,2011,Enero,1,Mujer,11
Baja California,2011,Febrero,2,Hombre,47
Baja California,2011,Febrero,2,Mujer,6
Baja California,2011,Marzo,3,Hombre,62
Baja California,2011,Marzo,3,Mujer,12
Baja California,2011,Abril,4,Hombre,56
Baja California,2011,Abril,4,Mujer,6
Baja California,2011,Mayo,5,Hombre,55
Baja California,2011,Mayo,5,Mujer,12
Baja California,2011,Junio,6,Hombre,54
Baja California,2011,Junio,6,Mujer,8
Baja California,2011,Julio,7,Hombre,55
Baja California,2011,Julio,7,Mujer,6
Baja California,2011,Agosto,8,Hombre,55
Baja California,2011,Agosto,8,Mujer,5
Baja California,2011,Septiembre,9,Hombre,48
Baja California,2011,Septiembre,9,Mujer,6
Baja California,2011,Octubre,10,Hombre,67
Baja California,2011,Octubre,10,Mujer,9
Baja California,2011,Noviembre,11,Hombre,60
Baja California,2011,Noviembre,11,Mujer,3
Baja California,2011,Diciembre,12,Hombre,34
Baja California,2011,Diciembre,12,Mujer,5
Baja California,2012,Enero,1,Hombre,54
Baja California,2012,Enero,1,Mujer,8
Baja California,2012,Febrero,2,Hombre,37
Baja California,2012,Febrero,2,Mujer,8
Baja California,2012,Marzo,3,Hombre,46
Baja California,2012,Marzo,3,Mujer,4
Baja California,2012,Abril,4,Hombre,39
Baja California,2012,Abril,4,Mujer,8
Baja California,2012,Mayo,5,Hombre,38
Baja California,2012,Mayo,5,Mujer,5
Baja California,2012,Junio,6,Hombre,30
Baja California,2012,Junio,6,Mujer,6
Baja California,2012,Julio,7,Hombre,49
Baja California,2012,Julio,7,Mujer,8
Baja California,2012,Agosto,8,Hombre,25
Baja California,2012,Agosto,8,Mujer,5
Baja California,2012,Septiembre,9,Hombre,54
Baja California,2012,Septiembre,9,Mujer,10
Baja California,2012,Octubre,10,Hombre,43
Baja California,2012,Octubre,10,Mujer,3
Baja California,2012,Noviembre,11,Hombre,43
Baja California,2012,Noviembre,11,Mujer,4
Baja California,2012,Diciembre,12,Hombre,23
Baja California,2012,Diciembre,12,Mujer,4
Baja California,2013,Enero,1,Hombre,51
Baja California,2013,Enero,1,Mujer,6
Baja California,2013,Febrero,2,Hombre,35
Baja California,2013,Febrero,2,Mujer,3
Baja California,2013,Marzo,3,Hombre,48
Baja California,2013,Marzo,3,Mujer,5
Baja California,2013,Abril,4,Hombre,71
Baja California,2013,Abril,4,Mujer,3
Baja California,2013,Mayo,5,Hombre,63
Baja California,2013,Mayo,5,Mujer,5
Baja California,2013,Junio,6,Hombre,42
Baja California,2013,Junio,6,Mujer,4
Baja California,2013,Julio,7,Hombre,62
Baja California,2013,Julio,7,Mujer,5
Baja California,2013,Agosto,8,Hombre,42
Baja California,2013,Agosto,8,Mujer,6
Baja California,2013,Septiembre,9,Hombre,67
Baja California,2013,Septiembre,9,Mujer,10
Baja California,2013,Octubre,10,Hombre,58
Baja California,2013,Octubre,10,Mujer,10
Baja California,2013,Noviembre,11,Hombre,63
Baja California,2013,Noviembre,11,Mujer,7
Baja California,2013,Diciembre,12,Hombre,65
Baja California,2013,Diciembre,12,Mujer,10
Baja California,2014,Enero,1,Hombre,53
Baja California,2014,Enero,1,Mujer,4
Baja California,2014,Febrero,2,Hombre,52
Baja California,2014,Febrero,2,Mujer,6
Baja California,2014,Marzo,3,Hombre,62
Baja California,2014,Marzo,3,Mujer,7
Baja California,2014,Abril,4,Hombre,43
Baja California,2014,Abril,4,Mujer,3
Baja California,2014,Mayo,5,Hombre,46
Baja California,2014,Mayo,5,Mujer,5
Baja California,2014,Junio,6,Hombre,44
Baja California,2014,Junio,6,Mujer,8
Baja California,2014,Julio,7,Hombre,58
Baja California,2014,Julio,7,Mujer,11
Baja California,2014,Agosto,8,Hombre,49
Baja California,2014,Agosto,8,Mujer,5
Baja California,2014,Septiembre,9,Hombre,66
Baja California,2014,Septiembre,9,Mujer,8
Baja California,2014,Octubre,10,Hombre,51
Baja California,2014,Octubre,10,Mujer,8
Baja California,2014,Noviembre,11,Hombre,44
Baja California,2014,Noviembre,11,Mujer,3
Baja California,2014,Diciembre,12,Hombre,38
Baja California,2014,Diciembre,12,Mujer,6
Baja California,2015,Enero,1,Hombre,46
Baja California,2015,Enero,1,Mujer,7
Baja California,2015,Febrero,2,Hombre,38
Baja California,2015,Febrero,2,Mujer,4
Baja California,2015,Marzo,3,Hombre,37
Baja California,2015,Marzo,3,Mujer,9
Baja California,2015,Abril,4,Hombre,61
Baja California,2015,Abril,4,Mujer,11
Baja California,2015,Mayo,5,Hombre,56
Baja California,2015,Mayo,5,Mujer,5
Baja California,2015,Junio,6,Hombre,68
Baja California,2015,Junio,6,Mujer,11
Baja California,2015,Julio,7,Hombre,54
Baja California,2015,Julio,7,Mujer,10
Baja California,2015,Agosto,8,Hombre,83
Baja California,2015,Agosto,8,Mujer,13
Baja California,2015,Septiembre,9,Hombre,55
Baja California,2015,Septiembre,9,Mujer,2
Baja California,2015,Octubre,10,Hombre,84
Baja California,2015,Octubre,10,Mujer,13
Baja California,2015,Noviembre,11,Hombre,64
Baja California,2015,Noviembre,11,Mujer,10
Baja California,2015,Diciembre,12,Hombre,76
Baja California,2015,Diciembre,12,Mujer,12
Baja California,2016,Enero,1,Hombre,70
Baja California,2016,Enero,1,Mujer,6
Baja California,2016,Febrero,2,Hombre,69
Baja California,2016,Febrero,2,Mujer,10
Baja California,2016,Marzo,3,Hombre,76
Baja California,2016,Marzo,3,Mujer,12
Baja California,2016,Abril,4,Hombre,59
Baja California,2016,Abril,4,Mujer,10
Baja California,2016,Mayo,5,Hombre,78
Baja California,2016,Mayo,5,Mujer,7
Baja California,2016,Junio,6,Hombre,65
Baja California,2016,Junio,6,Mujer,8
Baja California,2016,Julio,7,Hombre,78
Baja California,2016,Julio,7,Mujer,13
Baja California,2016,Agosto,8,Hombre,71
Baja California,2016,Agosto,8,Mujer,8
Baja California,2016,Septiembre,9,Hombre,101
Baja California,2016,Septiembre,9,Mujer,15
Baja California,2016,Octubre,10,Hombre,83
Baja California,2016,Octubre,10,Mujer,10
Baja California,2016,Noviembre,11,Hombre,103
Baja California,2016,Noviembre,11,Mujer,10
Baja California,2016,Diciembre,12,Hombre,126
Baja California,2016,Diciembre,12,Mujer,19
Baja California,2017,Enero,1,Hombre,82
Baja California,2017,Enero,1,Mujer,6
Baja California,2017,Febrero,2,Hombre,129
Baja California,2017,Febrero,2,Mujer,13
Baja California,2017,Marzo,3,Hombre,159
Baja California,2017,Marzo,3,Mujer,22
Baja California,2017,Abril,4,Hombre,119
Baja California,2017,Abril,4,Mujer,7
Baja California,2017,Mayo,5,Hombre,160
Baja California,2017,Mayo,5,Mujer,9
Baja California,2017,Junio,6,Hombre,152
Baja California,2017,Junio,6,Mujer,25
Baja California,2017,Julio,7,Hombre,152
Baja California,2017,Julio,7,Mujer,14
Baja California,2017,Agosto,8,Hombre,156
Baja California,2017,Agosto,8,Mujer,19
Baja California,2017,Septiembre,9,Hombre,212
Baja California,2017,Septiembre,9,Mujer,30
Baja California,2017,Octubre,10,Hombre,197
Baja California,2017,Octubre,10,Mujer,17
Baja California,2017,Noviembre,11,Hombre,187
Baja California,2017,Noviembre,11,Mujer,23
Baja California,2017,Diciembre,12,Hombre,177
Baja California,2017,Diciembre,12,Mujer,14
Baja California,2018,Enero,1,Hombre,171
Baja California,2018,Enero,1,Mujer,14
Baja California,2018,Febrero,2,Hombre,188
Baja California,2018,Febrero,2,Mujer,23
Baja California,2018,Marzo,3,Hombre,174
Baja California,2018,Marzo,3,Mujer,20
Baja California,2018,Abril,4,Hombre,224
Baja California,2018,Abril,4,Mujer,20
Baja California,2018,Mayo,5,Hombre,227
Baja California,2018,Mayo,5,Mujer,20
Baja California,2018,Junio,6,Hombre,194
Baja California,2018,Junio,6,Mujer,18
Baja California,2018,Julio,7,Hombre,213
Baja California,2018,Julio,7,Mujer,19
Baja California,2018,Agosto,8,Hombre,220
Baja California,2018,Agosto,8,Mujer,21
Baja California,2018,Septiembre,9,Hombre,198
Baja California,2018,Septiembre,9,Mujer,28
Baja California,2018,Octubre,10,Hombre,222
Baja California,2018,Octubre,10,Mujer,31
Baja California,2018,Noviembre,11,Hombre,224
Baja California,2018,Noviembre,11,Mujer,26
Baja California,2018,Diciembre,12,Hombre,208
Baja California,2018,Diciembre,12,Mujer,19
Baja California,2019,Enero,1,Hombre,209
Baja California,2019,Enero,1,Mujer,19
Baja California,2019,Febrero,2,Hombre,144
Baja California,2019,Febrero,2,Mujer,14
Baja California,2019,Marzo,3,Hombre,163
Baja California,2019,Marzo,3,Mujer,15
Baja California,2019,Abril,4,Hombre,161
Baja California,2019,Abril,4,Mujer,11
Baja California,2019,Mayo,5,Hombre,180
Baja California,2019,Mayo,5,Mujer,16
Baja California,2019,Junio,6,Hombre,206
Baja California,2019,Junio,6,Mujer,18
Baja California,2019,Julio,7,Hombre,211
Baja California,2019,Julio,7,Mujer,26
Baja California,2019,Agosto,8,Hombre,210
Baja California,2019,Agosto,8,Mujer,24
Baja California,2019,Septiembre,9,Hombre,178
Baja California,2019,Septiembre,9,Mujer,22
Baja California,2019,Octubre,10,Hombre,175
Baja California,2019,Octubre,10,Mujer,28
Baja California,2019,Noviembre,11,Hombre,169
Baja California,2019,Noviembre,11,Mujer,14
Baja California,2019,Diciembre,12,Hombre,168
Baja California,2019,Diciembre,12,Mujer,17
Baja California,2020,Enero,1,Hombre,180
Baja California,2020,Enero,1,Mujer,16
Baja California,2020,Febrero,2,Hombre,134
Baja California,2020,Febrero,2,Mujer,16
Baja California,2020,Marzo,3,Hombre,154
Baja California,2020,Marzo,3,Mujer,26
Baja California,2020,Abril,4,Hombre,178
Baja California,2020,Abril,4,Mujer,21
Baja California,2020,Mayo,5,Hombre,184
Baja California,2020,Mayo,5,Mujer,23
Baja California,2020,Junio,6,Hombre,189
Baja California,2020,Junio,6,Mujer,24
Baja California,2020,Julio,7,Hombre,154
Baja California,2020,Julio,7,Mujer,17
Baja California,2020,Agosto,8,Hombre,152
Baja California,2020,Agosto,8,Mujer,18
Baja California,2020,Septiembre,9,Hombre,171
Baja California,2020,Septiembre,9,Mujer,21
Baja California,2020,Octubre,10,Hombre,185
Baja California,2020,Octubre,10,Mujer,16
Baja California,2020,Noviembre,11,Hombre,136
Baja California,2020,Noviembre,11,Mujer,19
Baja California,2020,Diciembre,12,Hombre,199
Baja California,2020,Diciembre,12,Mujer,20
Baja California,2021,Enero,1,Hombre,133
Baja California,2021,Enero,1,Mujer,24
Baja California,2021,Febrero,2,Hombre,160
Baja California,2021,Febrero,2,Mujer,16
Baja California,2021,Marzo,3,Hombre,174
Baja California,2021,Marzo,3,Mujer,25
Baja California,2021,Abril,4,Hombre,183
Baja California,2021,Abril,4,Mujer,17
Baja California,2021,Mayo,5,Hombre,215
Baja California,2021,Mayo,5,Mujer,27
Baja California,2021,Junio,6,Hombre,143
Baja California,2021,Junio,6,Mujer,16
Baja California,2021,Julio,7,Hombre,185
Baja California,2021,Julio,7,Mujer,32
Baja California,2021,Agosto,8,Hombre,190
Baja California,2021,Agosto,8,Mujer,28
Baja California,2021,Septiembre,9,Hombre,153
Baja California,2021,Septiembre,9,Mujer,13
Baja California,2021,Octubre,10,Hombre,140
Baja California,2021,Octubre,10,Mujer,15
Baja California,2021,Noviembre,11,Hombre,167
Baja California,2021,Noviembre,11,Mujer,16
Baja California,2021,Diciembre,12,Hombre,209
Baja California,2021,Diciembre,12,Mujer,25
Baja California,2022,Enero,1,Hombre,117
Baja California,2022,Enero,1,Mujer,16
Baja California,2022,Febrero,2,Hombre,140
Baja California,2022,Febrero,2,Mujer,18
Baja California,2022,Marzo,3,Hombre,167
Baja California,2022,Marzo,3,Mujer,25
Baja California,2022,Abril,4,Hombre,125
Baja California,2022,Abril,4,Mujer,15
Baja California,2022,Mayo,5,Hombre,132
Baja California,2022,Mayo,5,Mujer,25
Baja California,2022,Junio,6,Hombre,172
Baja California,2022,Junio,6,Mujer,17
Baja California,2022,Julio,7,Hombre,180
Baja California,2022,Julio,7,Mujer,23
Baja California,2022,Agosto,8,Hombre,149
Baja California,2022,Agosto,8,Mujer,21
Baja California,2022,Septiembre,9,Hombre,178
Baja California,2022,Septiembre,9,Mujer,21
Baja California,2022,Octubre,10,Hombre,149
Baja California,2022,Octubre,10,Mujer,11
Baja California,2022,Noviembre,11,Hombre,158
Baja California,2022,Noviembre,11,Mujer,13
Baja California,2022,Diciembre,12,Hombre,199
Baja California,2022,Diciembre,12,Mujer,26
Baja California,2023,Enero,1,Hombre,157
Baja California,2023,Enero,1,Mujer,22
Baja California,2023,Febrero,2,Hombre,137
Baja California,2023,Febrero,2,Mujer,12
Baja California,2023,Marzo,3,Hombre,121
Baja California,2023,Marzo,3,Mujer,21
Baja California,2023,Abril,4,Hombre,140
Baja California,2023,Abril,4,Mujer,13
Baja California,2023,Mayo,5,Hombre,214
Baja California,2023,Mayo,5,Mujer,28
Baja California,2023,Junio,6,Hombre,164
Baja California,2023,Junio,6,Mujer,29
Baja California,2023,Julio,7,Hombre,153
Baja California,2023,Julio,7,Mujer,19
Baja California,2023,Agosto,8,Hombre,145
Baja California,2023,Agosto,8,Mujer,14
Baja California,2023,Septiembre,9,Hombre,148
Baja California,2023,Septiembre,9,Mujer,18
Baja California,2023,Octubre,10,Hombre,142
Baja California,2023,Octubre,10,Mujer,17
Baja California,2023,Noviembre,11,Hombre,102
Baja California,2023,Noviembre,11,Mujer,11
Baja California,2023,Diciembre,12,Hombre,114
Baja California,2023,Diciembre,12,Mujer,17
Baja California,2024,Enero,1,Hombre,165
Baja California,2024,Enero,1,Mujer,15
Baja California,2024,Febrero,2,Hombre,177
Baja California,2024,Febrero,2,Mujer,29
Baja California,2024,Marzo,3,Hombre,132
Baja California,2024,Marzo,3,Mujer,26
Baja California,2024,Abril,4,Hombre,182
Baja California,2024,Abril,4,Mujer,34
Baja California,2024,Mayo,5,Hombre,185
Baja California,2024,Mayo,5,Mujer,31
Baja California,2024,Junio,6,Hombre,174
Baja California,2024,Junio,6,Mujer,24
Baja California,2024,Julio,7,Hombre,157
Baja California,2024,Julio,7,Mujer,28
Baja California,2024,Agosto,8,Hombre,140
Baja California,2024,Agosto,8,Mujer,25
Baja California,2024,Septiembre,9,Hombre,163
Baja California,2024,Septiembre,9,Mujer,17
Baja California,2024,Octubre,10,Hombre,140
Baja California,2024,Octubre,10,Mujer,19
Baja California,2024,Noviembre,11,Hombre,127
Baja California,2024,Noviembre,11,Mujer,10
Baja California,2024,Diciembre,12,Hombre,131
Baja California,2024,Diciembre,12,Mujer,22
Baja California Sur,1990,Enero,1,Hombre,1
Baja California Sur,1990,Febrero,2,Hombre,1
Baja California Sur,1990,Mayo,5,Hombre,2
Baja California Sur,1990,Junio,6,Hombre,1
Baja California Sur,1990,Julio,7,Hombre,1
Baja California Sur,1990,Septiembre,9,Hombre,1
Baja California Sur,1990,Octubre,10,Hombre,1
Baja California Sur,1990,Noviembre,11,Hombre,3
Baja California Sur,1990,Diciembre,12,Hombre,1
Baja California Sur,1991,Febrero,2,Mujer,1
Baja California Sur,1991,Marzo,3,Hombre,1
Baja California Sur,1991,Abril,4,Hombre,1
Baja California Sur,1991,Julio,7,Hombre,1
Baja California Sur,1991,Agosto,8,Hombre,4
Baja California Sur,1991,Agosto,8,Mujer,1
Baja California Sur,1991,Septiembre,9,Hombre,3
Baja California Sur,1991,Septiembre,9,Mujer,1
Baja California Sur,1991,Octubre,10,Mujer,1
Baja California Sur,1991,Noviembre,11,Hombre,2
Baja California Sur,1991,Diciembre,12,Hombre,1
Baja California Sur,1991,Diciembre,12,Mujer,1
Baja California Sur,1992,Marzo,3,Hombre,1
Baja California Sur,1992,Abril,4,Hombre,1
Baja California Sur,1992,Mayo,5,Hombre,2
Baja California Sur,1992,Junio,6,Hombre,1
Baja California Sur,1992,Julio,7,Hombre,2
Baja California Sur,1992,Agosto,8,Hombre,4
Baja California Sur,1992,Septiembre,9,Hombre,2
Baja California Sur,1992,Noviembre,11,Hombre,2
Baja California Sur,1992,Diciembre,12,Hombre,1
Baja California Sur,1993,Enero,1,Hombre,1
Baja California Sur,1993,Febrero,2,Hombre,1
Baja California Sur,1993,Abril,4,Hombre,3
Baja California Sur,1993,Mayo,5,Hombre,1
Baja California Sur,1993,Julio,7,Hombre,2
Baja California Sur,1993,Agosto,8,Hombre,2
Baja California Sur,1993,Septiembre,9,Hombre,2
Baja California Sur,1993,Septiembre,9,Mujer,1
Baja California Sur,1993,Octubre,10,Hombre,4
Baja California Sur,1993,Octubre,10,Mujer,1
Baja California Sur,1993,Noviembre,11,Hombre,2
Baja California Sur,1993,Diciembre,12,Hombre,1
Baja California Sur,1994,Enero,1,Hombre,3
Baja California Sur,1994,Febrero,2,Hombre,4
Baja California Sur,1994,Marzo,3,Hombre,3
Baja California Sur,1994,Abril,4,Hombre,1
Baja California Sur,1994,Mayo,5,Hombre,1
Baja California Sur,1994,Junio,6,Hombre,1
Baja California Sur,1994,Julio,7,Hombre,1
Baja California Sur,1994,Agosto,8,Hombre,6
Baja California Sur,1994,Agosto,8,Mujer,1
Baja California Sur,1994,Octubre,10,Hombre,2
Baja California Sur,1994,Noviembre,11,Hombre,3
Baja California Sur,1994,Diciembre,12,Hombre,1
Baja California Sur,1994,Diciembre,12,Mujer,1
Baja California Sur,1995,Enero,1,Hombre,1
Baja California Sur,1995,Enero,1,Mujer,1
Baja California Sur,1995,Febrero,2,Mujer,1
Baja California Sur,1995,Marzo,3,Hombre,2
Baja California Sur,1995,Marzo,3,Mujer,1
Baja California Sur,1995,Abril,4,Hombre,1
Baja California Sur,1995,Mayo,5,Hombre,2
Baja California Sur,1995,Junio,6,Hombre,1
Baja California Sur,1995,Junio,6,Mujer,1
Baja California Sur,1995,Julio,7,Hombre,4
Baja California Sur,1995,Julio,7,Mujer,1
Baja California Sur,1995,Agosto,8,Hombre,3
Baja California Sur,1995,Septiembre,9,Hombre,2
Baja California Sur,1995,Octubre,10,Hombre,2
Baja California Sur,1995,Octubre,10,Mujer,2
Baja California Sur,1995,Noviembre,11,Hombre,3
Baja California Sur,1995,Noviembre,11,Mujer,1
Baja California Sur,1995,Diciembre,12,Hombre,2
Baja California Sur,1996,Enero,1,Hombre,2
Baja California Sur,1996,Febrero,2,Hombre,2
Baja California Sur,1996,Mayo,5,Hombre,1
Baja California Sur,1996,Mayo,5,Mujer,1
Baja California Sur,1996,Junio,6,Hombre,2
Baja California Sur,1996,Julio,7,Hombre,1
Baja California Sur,1996,Agosto,8,Hombre,1
Baja California Sur,1996,Septiembre,9,Hombre,2
Baja California Sur,1996,Noviembre,11,Hombre,4
Baja California Sur,1996,Noviembre,11,Mujer,1
Baja California Sur,1996,Diciembre,12,Hombre,4
Baja California Sur,1996,Diciembre,12,Mujer,1
Baja California Sur,1997,Enero,1,Hombre,3
Baja California Sur,1997,Febrero,2,Hombre,3
Baja California Sur,1997,Marzo,3,Hombre,2
Baja California Sur,1997,Abril,4,Hombre,4
Baja California Sur,1997,Junio,6,Hombre,4
Baja California Sur,1997,Julio,7,Hombre,1
Baja California Sur,1997,Agosto,8,Hombre,3
Baja California Sur,1997,Septiembre,9,Hombre,3
Baja California Sur,1997,Noviembre,11,Hombre,7
Baja California Sur,1997,Noviembre,11,Mujer,1
Baja California Sur,1997,Diciembre,12,Hombre,3
Baja California Sur,1998,Enero,1,Hombre,1
Baja California Sur,1998,Febrero,2,Mujer,1
Baja California Sur,1998,Marzo,3,Hombre,2
Baja California Sur,1998,Marzo,3,Mujer,1
Baja California Sur,1998,Mayo,5,Hombre,1
Baja California Sur,1998,Junio,6,Hombre,2
Baja California Sur,1998,Julio,7,Hombre,3
Baja California Sur,1998,Julio,7,Mujer,1
Baja California Sur,1998,Agosto,8,Mujer,1
Baja California Sur,1998,Octubre,10,Hombre,2
Baja California Sur,1998,Noviembre,11,Mujer,1
Baja California Sur,1998,Diciembre,12,Hombre,1
Baja California Sur,1999,Enero,1,Hombre,1
Baja California Sur,1999,Enero,1,Mujer,1
Baja California Sur,1999,Marzo,3,Hombre,3
Baja California Sur,1999,Abril,4,Hombre,4
Baja California Sur,1999,Mayo,5,Hombre,5
Baja California Sur,1999,Mayo,5,Mujer,1
Baja California Sur,1999,Junio,6,Hombre,3
Baja California Sur,1999,Julio,7,Hombre,2
Baja California Sur,1999,Julio,7,Mujer,1
Baja California Sur,1999,Agosto,8,Hombre,3
Baja California Sur,1999,Septiembre,9,Hombre,1
Baja California Sur,1999,Septiembre,9,Mujer,1
Baja California Sur,1999,Octubre,10,Mujer,1
Baja California Sur,1999,Noviembre,11,Hombre,2
Baja California Sur,1999,Diciembre,12,Hombre,3
Baja California Sur,2000,Febrero,2,Hombre,2
Baja California Sur,2000,Abril,4,Hombre,1
Baja California Sur,2000,Mayo,5,Hombre,1
Baja California Sur,2000,Junio,6,Hombre,3
Baja California Sur,2000,Junio,6,Mujer,1
Baja California Sur,2000,Julio,7,Hombre,2
Baja California Sur,2000,Agosto,8,Hombre,4
Baja California Sur,2000,Agosto,8,Mujer,1
Baja California Sur,2000,Septiembre,9,Hombre,4
Baja California Sur,2000,Octubre,10,Hombre,4
Baja California Sur,2000,Noviembre,11,Hombre,2
Baja California Sur,2000,Noviembre,11,Mujer,2
Baja California Sur,2000,Diciembre,12,Hombre,1
Baja California Sur,2000,Diciembre,12,Mujer,1
Baja California Sur,2001,Febrero,2,Hombre,1
Baja California Sur,2001,Febrero,2,Mujer,1
Baja California Sur,2001,Abril,4,Mujer,1
Baja California Sur,2001,Mayo,5,Hombre,1
Baja California Sur,2001,Mayo,5,Mujer,2
Baja California Sur,2001,Junio,6,Hombre,4
Baja California Sur,2001,Junio,6,Mujer,1
Baja California Sur,2001,Julio,7,Mujer,1
Baja California Sur,2001,Agosto,8,Hombre,3
Baja California Sur,2001,Septiembre,9,Hombre,1
Baja California Sur,2001,Noviembre,11,Hombre,1
Baja California Sur,2001,Diciembre,12,Hombre,1
Baja California Sur,2002,Enero,1,Hombre,5
Baja California Sur,2002,Enero,1,Mujer,1
Baja California Sur,2002,Marzo,3,Hombre,1
Baja California Sur,2002,Marzo,3,Mujer,1
Baja California Sur,2002,Abril,4,Hombre,5
Baja California Sur,2002,Mayo,5,Hombre,1
Baja California Sur,2002,Junio,6,Hombre,4
Baja California Sur,2002,Julio,7,Hombre,1
Baja California Sur,2002,Agosto,8,Hombre,4
Baja California Sur,2002,Septiembre,9,Hombre,2
Baja California Sur,2002,Octubre,10,Hombre,3
Baja California Sur,2002,Diciembre,12,Hombre,3
Baja California Sur,2002,Diciembre,12,Mujer,1
Baja California Sur,2003,Febrero,2,Hombre,2
Baja California Sur,2003,Marzo,3,Hombre,1
Baja California Sur,2003,Marzo,3,Mujer,1
Baja California Sur,2003,Abril,4,Hombre,1
Baja California Sur,2003,Mayo,5,Hombre,2
Baja California Sur,2003,Junio,6,Hombre,1
Baja California Sur,2003,Junio,6,Mujer,1
Baja California Sur,2003,Julio,7,Hombre,1
Baja California Sur,2003,Julio,7,Mujer,1
Baja California Sur,2003,Agosto,8,Hombre,4
Baja California Sur,2003,Agosto,8,Mujer,1
Baja California Sur,2003,Septiembre,9,Hombre,2
Baja California Sur,2003,Octubre,10,Hombre,2
Baja California Sur,2003,Octubre,10,Mujer,1
Baja California Sur,2003,Noviembre,11,Hombre,1
Baja California Sur,2003,Diciembre,12,Hombre,2
Baja California Sur,2004,Enero,1,Hombre,1
Baja California Sur,2004,Febrero,2,Hombre,2
Baja California Sur,2004,Febrero,2,Mujer,1
Baja California Sur,2004,Abril,4,Hombre,2
Baja California Sur,2004,Junio,6,Hombre,1
Baja California Sur,2004,Julio,7,Hombre,4
Baja California Sur,2004,Agosto,8,Hombre,3
Baja California Sur,2004,Agosto,8,Mujer,1
Baja California Sur,2004,Septiembre,9,Hombre,2
Baja California Sur,2004,Septiembre,9,Mujer,1
Baja California Sur,2004,Octubre,10,Hombre,3
Baja California Sur,2004,Noviembre,11,Hombre,1
Baja California Sur,2004,Noviembre,11,Mujer,1
Baja California Sur,2004,Diciembre,12,Hombre,4
Baja California Sur,2005,Enero,1,Hombre,3
Baja California Sur,2005,Febrero,2,Hombre,2
Baja California Sur,2005,Febrero,2,Mujer,1
Baja California Sur,2005,Marzo,3,Hombre,3
Baja California Sur,2005,Abril,4,Hombre,1
Baja California Sur,2005,Mayo,5,Hombre,4
Baja California Sur,2005,Junio,6,Hombre,4
Baja California Sur,2005,Junio,6,Mujer,1
Baja California Sur,2005,Julio,7,Hombre,3
Baja California Sur,2005,Julio,7,Mujer,1
Baja California Sur,2005,Octubre,10,Hombre,2
Baja California Sur,2005,Noviembre,11,Hombre,1
Baja California Sur,2005,Diciembre,12,Hombre,3
Baja California Sur,2005,Diciembre,12,Mujer,1
Baja California Sur,2006,Enero,1,Hombre,2
Baja California Sur,2006,Febrero,2,Hombre,1
Baja California Sur,2006,Febrero,2,Mujer,1
Baja California Sur,2006,Marzo,3,Hombre,5
Baja California Sur,2006,Junio,6,Hombre,3
Baja California Sur,2006,Julio,7,Hombre,4
Baja California Sur,2006,Agosto,8,Hombre,2
Baja California Sur,2006,Agosto,8,Mujer,1
Baja California Sur,2006,Septiembre,9,Hombre,1
Baja California Sur,2006,Octubre,10,Mujer,1
Baja California Sur,2006,Noviembre,11,Hombre,3
Baja California Sur,2006,Noviembre,11,Mujer,1
Baja California Sur,2007,Enero,1,Hombre,3
Baja California Sur,2007,Febrero,2,Hombre,2
Baja California Sur,2007,Marzo,3,Hombre,3
Baja California Sur,2007,Marzo,3,Mujer,1
Baja California Sur,2007,Abril,4,Hombre,2
Baja California Sur,2007,Abril,4,Mujer,1
Baja California Sur,2007,Mayo,5,Hombre,1
Baja California Sur,2007,Mayo,5,Mujer,1
Baja California Sur,2007,Junio,6,Hombre,1
Baja California Sur,2007,Julio,7,Hombre,3
Baja California Sur,2007,Julio,7,Mujer,2
Baja California Sur,2007,Agosto,8,Hombre,2
Baja California Sur,2007,Agosto,8,Mujer,1
Baja California Sur,2007,Septiembre,9,Hombre,1
Baja California Sur,2007,Octubre,10,Hombre,2
Baja California Sur,2007,Noviembre,11,Hombre,2
Baja California Sur,2007,Diciembre,12,Hombre,4
Baja California Sur,2007,Diciembre,12,Mujer,2
Baja California Sur,2008,Enero,1,Hombre,2
Baja California Sur,2008,Enero,1,Mujer,2
Baja California Sur,2008,Febrero,2,Hombre,2
Baja California Sur,2008,Marzo,3,Hombre,4
Baja California Sur,2008,Abril,4,Hombre,8
Baja California Sur,2008,Mayo,5,Hombre,2
Baja California Sur,2008,Junio,6,Hombre,1
Baja California Sur,2008,Julio,7,Hombre,2
Baja California Sur,2008,Agosto,8,Hombre,5
Baja California Sur,2008,Octubre,10,Hombre,4
Baja California Sur,2008,Noviembre,11,Hombre,2
Baja California Sur,2008,Diciembre,12,Hombre,2
Baja California Sur,2009,Enero,1,Mujer,1
Baja California Sur,2009,Febrero,2,Hombre,3
Baja California Sur,2009,Marzo,3,Hombre,4
Baja California Sur,2009,Mayo,5,Hombre,4
Baja California Sur,2009,Junio,6,Hombre,1
Baja California Sur,2009,Junio,6,Mujer,1
Baja California Sur,2009,Julio,7,Hombre,2
Baja California Sur,2009,Agosto,8,Hombre,2
Baja California Sur,2009,Septiembre,9,Hombre,3
Baja California Sur,2009,Septiembre,9,Mujer,2
Baja California Sur,2009,Octubre,10,Hombre,5
Baja California Sur,2009,Octubre,10,Mujer,1
Baja California Sur,2009,Noviembre,11,Hombre,1
Baja California Sur,2009,Diciembre,12,Hombre,1
Baja California Sur,2009,Diciembre,12,Mujer,1
Baja California Sur,2010,Enero,1,Hombre,4
Baja California Sur,2010,Enero,1,Mujer,1
Baja California Sur,2010,Febrero,2,Hombre,2
Baja California Sur,2010,Marzo,3,Hombre,6
Baja California Sur,2010,Abril,4,Hombre,2
Baja California Sur,2010,Mayo,5,Hombre,9
Baja California Sur,2010,Julio,7,Hombre,1
Baja California Sur,2010,Julio,7,Mujer,4
Baja California Sur,2010,Agosto,8,Hombre,2
Baja California Sur,2010,Agosto,8,Mujer,1
Baja California Sur,2010,Septiembre,9,Hombre,7
Baja California Sur,2010,Septiembre,9,Mujer,2
Baja California Sur,2010,Octubre,10,Hombre,2
Baja California Sur,2010,Noviembre,11,Hombre,4
Baja California Sur,2010,Noviembre,11,Mujer,1
Baja California Sur,2010,Diciembre,12,Hombre,2
Baja California Sur,2010,Diciembre,12,Mujer,1
Baja California Sur,2011,Enero,1,Hombre,2
Baja California Sur,2011,Febrero,2,Hombre,2
Baja California Sur,2011,Febrero,2,Mujer,1
Baja California Sur,2011,Marzo,3,Hombre,1
Baja California Sur,2011,Marzo,3,Mujer,1
Baja California Sur,2011,Abril,4,Hombre,2
Baja California Sur,2011,Abril,4,Mujer,1
Baja California Sur,2011,Mayo,5,Hombre,2
Baja California Sur,2011,Junio,6,Hombre,3
Baja California Sur,2011,Junio,6,Mujer,2
Baja California Sur,2011,Julio,7,Hombre,3
Baja California Sur,2011,Agosto,8,Hombre,7
Baja California Sur,2011,Agosto,8,Mujer,1
Baja California Sur,2011,Septiembre,9,Hombre,3
Baja California Sur,2011,Octubre,10,Hombre,4
Baja California Sur,2011,Noviembre,11,Hombre,3
Baja California Sur,2011,Noviembre,11,Mujer,2
Baja California Sur,2011,Diciembre,12,Hombre,1
Baja California Sur,2012,Enero,1,Hombre,1
Baja California Sur,2012,Enero,1,Mujer,2
Baja California Sur,2012,Febrero,2,Hombre,2
Baja California Sur,2012,Febrero,2,Mujer,1
Baja California Sur,2012,Marzo,3,Hombre,3
Baja California Sur,2012,Marzo,3,Mujer,1
Baja California Sur,2012,Abril,4,Hombre,1
Baja California Sur,2012,Mayo,5,Hombre,4
Baja California Sur,2012,Julio,7,Hombre,5
Baja California Sur,2012,Agosto,8,Hombre,3
Baja California Sur,2012,Septiembre,9,Hombre,4
Baja California Sur,2012,Octubre,10,Hombre,4
Baja California Sur,2012,Noviembre,11,Hombre,2
Baja California Sur,2012,Diciembre,12,Hombre,2
Baja California Sur,2013,Enero,1,Hombre,2
Baja California Sur,2013,Enero,1,Mujer,2
Baja California Sur,2013,Febrero,2,Hombre,1
Baja California Sur,2013,Febrero,2,Mujer,1
Baja California Sur,2013,Marzo,3,Hombre,2
Baja California Sur,2013,Abril,4,Hombre,5
Baja California Sur,2013,Mayo,5,Hombre,4
Baja California Sur,2013,Junio,6,Hombre,2
Baja California Sur,2013,Junio,6,Mujer,2
Baja California Sur,2013,Julio,7,Hombre,3
Baja California Sur,2013,Agosto,8,Hombre,1
Baja California Sur,2013,Agosto,8,Mujer,1
Baja California Sur,2013,Septiembre,9,Hombre,2
Baja California Sur,2013,Septiembre,9,Mujer,2
Baja California Sur,2013,Octubre,10,Hombre,3
Baja California Sur,2013,Noviembre,11,Hombre,3
Baja California Sur,2013,Noviembre,11,Mujer,3
Baja California Sur,2013,Diciembre,12,Hombre,3
Baja California Sur,2013,Diciembre,12,Mujer,1
Baja California Sur,2014,Enero,1,Hombre,3
Baja California Sur,2014,Febrero,2,Hombre,8
Baja California Sur,2014,Marzo,3,Hombre,1
Baja California Sur,2014,Marzo,3,Mujer,1
Baja California Sur,2014,Abril,4,Hombre,3
Baja California Sur,2014,Mayo,5,Hombre,1
Baja California Sur,2014,Mayo,5,Mujer,1
Baja California Sur,2014,Junio,6,Hombre,3
Baja California Sur,2014,Julio,7,Hombre,2
Baja California Sur,2014,Julio,7,Mujer,1
Baja California Sur,2014,Agosto,8,Hombre,9
Baja California Sur,2014,Septiembre,9,Hombre,8
Baja California Sur,2014,Septiembre,9,Mujer,2
Baja California Sur,2014,Octubre,10,Hombre,11
Baja California Sur,2014,Octubre,10,Mujer,2
Baja California Sur,2014,Noviembre,11,Hombre,24
Baja California Sur,2014,Noviembre,11,Mujer,1
Baja California Sur,2014,Diciembre,12,Hombre,7
Baja California Sur,2014,Diciembre,12,Mujer,2
Baja California Sur,2015,Enero,1,Hombre,15
Baja California Sur,2015,Enero,1,Mujer,2
Baja California Sur,2015,Febrero,2,Hombre,7
Baja California Sur,2015,Marzo,3,Hombre,8
Baja California Sur,2015,Abril,4,Hombre,19
Baja California Sur,2015,Mayo,5,Hombre,20
Baja California Sur,2015,Mayo,5,Mujer,2
Baja California Sur,2015,Junio,6,Hombre,7
Baja California Sur,2015,Julio,7,Hombre,10
Baja California Sur,2015,Julio,7,Mujer,1
Baja California Sur,2015,Agosto,8,Hombre,20
Baja California Sur,2015,Agosto,8,Mujer,7
Baja California Sur,2015,Septiembre,9,Hombre,23
Baja California Sur,2015,Septiembre,9,Mujer,7
Baja California Sur,2015,Octubre,10,Hombre,7
Baja California Sur,2015,Octubre,10,Mujer,1
Baja California Sur,2015,Noviembre,11,Hombre,7
Baja California Sur,2015,Noviembre,11,Mujer,1
Baja California Sur,2015,Diciembre,12,Hombre,9
Baja California Sur,2015,Diciembre,12,Mujer,1
Baja California Sur,2016,Enero,1,Hombre,7
Baja California Sur,2016,Enero,1,Mujer,1
Baja California Sur,2016,Febrero,2,Hombre,8
Baja California Sur,2016,Febrero,2,Mujer,1
Baja California Sur,2016,Marzo,3,Hombre,5
Baja California Sur,2016,Abril,4,Hombre,9
Baja California Sur,2016,Abril,4,Mujer,2
Baja California Sur,2016,Mayo,5,Hombre,9
Baja California Sur,2016,Junio,6,Hombre,18
Baja California Sur,2016,Julio,7,Hombre,12
Baja California Sur,2016,Julio,7,Mujer,2
Baja California Sur,2016,Agosto,8,Hombre,33
Baja California Sur,2016,Septiembre,9,Hombre,29
Baja California Sur,2016,Septiembre,9,Mujer,2
Baja California Sur,2016,Octubre,10,Hombre,31
Baja California Sur,2016,Octubre,10,Mujer,1
Baja California Sur,2016,Noviembre,11,Hombre,31
Baja California Sur,2016,Noviembre,11,Mujer,3
Baja California Sur,2016,Diciembre,12,Hombre,27
Baja California Sur,2016,Diciembre,12,Mujer,2
Baja California Sur,2017,Enero,1,Hombre,45
Baja California Sur,2017,Enero,1,Mujer,6
Baja California Sur,2017,Febrero,2,Hombre,38
Baja California Sur,2017,Febrero,2,Mujer,2
Baja California Sur,2017,Marzo,3,Hombre,55
Baja California Sur,2017,Marzo,3,Mujer,4
Baja California Sur,2017,Abril,4,Hombre,13
Baja California Sur,2017,Mayo,5,Hombre,30
Baja California Sur,2017,Mayo,5,Mujer,2
Baja California Sur,2017,Junio,6,Hombre,23
Baja California Sur,2017,Junio,6,Mujer,2
Baja California Sur,2017,Julio,7,Hombre,44
Baja California Sur,2017,Julio,7,Mujer,5
Baja California Sur,2017,Agosto,8,Hombre,44
Baja California Sur,2017,Agosto,8,Mujer,2
Baja California Sur,2017,Septiembre,9,Hombre,46
Baja California Sur,2017,Septiembre,9,Mujer,3
Baja California Sur,2017,Octubre,10,Hombre,106
Baja California Sur,2017,Octubre,10,Mujer,16
Baja California Sur,2017,Noviembre,11,Hombre,103
Baja California Sur,2017,Noviembre,11,Mujer,19
Baja California Sur,2017,Diciembre,12,Hombre,78
Baja California Sur,2017,Diciembre,12,Mujer,7
Baja California Sur,2018,Enero,1,Hombre,36
Baja California Sur,2018,Enero,1,Mujer,7
Baja California Sur,2018,Febrero,2,Hombre,13
Baja California Sur,2018,Febrero,2,Mujer,3
Baja California Sur,2018,Marzo,3,Hombre,22
Baja California Sur,2018,Marzo,3,Mujer,6
Baja California Sur,2018,Abril,4,Hombre,17
Baja California Sur,2018,Mayo,5,Hombre,8
Baja California Sur,2018,Mayo,5,Mujer,2
Baja California Sur,2018,Junio,6,Hombre,4
Baja California Sur,2018,Junio,6,Mujer,2
Baja California Sur,2018,Julio,7,Hombre,5
Baja California Sur,2018,Julio,7,Mujer,2
Baja California Sur,2018,Agosto,8,Hombre,9
Baja California Sur,2018,Septiembre,9,Hombre,22
Baja California Sur,2018,Septiembre,9,Mujer,1
Baja California Sur,2018,Octubre,10,Hombre,7
Baja California Sur,2018,Octubre,10,Mujer,1
Baja California Sur,2018,Noviembre,11,Hombre,3
Baja California Sur,2018,Noviembre,11,Mujer,2
Baja California Sur,2018,Diciembre,12,Hombre,4
Baja California Sur,2019,Enero,1,Hombre,16
Baja California Sur,2019,Enero,1,Mujer,2
Baja California Sur,2019,Febrero,2,Hombre,5
Baja California Sur,2019,Marzo,3,Hombre,9
Baja California Sur,2019,Marzo,3,Mujer,3
Baja California Sur,2019,Abril,4,Hombre,7
Baja California Sur,2019,Abril,4,Mujer,1
Baja California Sur,2019,Mayo,5,Hombre,5
Baja California Sur,2019,Mayo,5,Mujer,2
Baja California Sur,2019,Junio,6,Hombre,1
Baja California Sur,2019,Julio,7,Hombre,4
Baja California Sur,2019,Agosto,8,Hombre,3
Baja California Sur,2019,Agosto,8,Mujer,1
Baja California Sur,2019,Septiembre,9,Hombre,5
Baja California Sur,2019,Septiembre,9,Mujer,1
Baja California Sur,2019,Octubre,10,Hombre,5
Baja California Sur,2019,Octubre,10,Mujer,2
Baja California Sur,2019,Noviembre,11,Hombre,6
Baja California Sur,2019,Noviembre,11,Mujer,2
Baja California Sur,2019,Diciembre,12,Hombre,6
Baja California Sur,2020,Enero,1,Hombre,6
Baja California Sur,2020,Enero,1,Mujer,2
Baja California Sur,2020,Febrero,2,Hombre,1
Baja California Sur,2020,Marzo,3,Hombre,3
Baja California Sur,2020,Abril,4,Hombre,2
Baja California Sur,2020,Abril,4,Mujer,2
Baja California Sur,2020,Mayo,5,Hombre,4
Baja California Sur,2020,Mayo,5,Mujer,1
Baja California Sur,2020,Junio,6,Hombre,5
Baja California Sur,2020,Julio,7,Hombre,7
Baja California Sur,2020,Agosto,8,Hombre,6
Baja California Sur,2020,Septiembre,9,Hombre,6
Baja California Sur,2020,Octubre,10,Hombre,3
Baja California Sur,2020,Noviembre,11,Hombre,2
Baja California Sur,2020,Diciembre,12,Hombre,13
Baja California Sur,2020,Diciembre,12,Mujer,2
Baja California Sur,2021,Enero,1,Hombre,7
Baja California Sur,2021,Enero,1,Mujer,1
Baja California Sur,2021,Febrero,2,Hombre,1
Baja California Sur,2021,Febrero,2,Mujer,2
Baja California Sur,2021,Marzo,3,Hombre,7
Baja California Sur,2021,Marzo,3,Mujer,1
Baja California Sur,2021,Abril,4,Hombre,7
Baja California Sur,2021,Mayo,5,Hombre,4
Baja California Sur,2021,Mayo,5,Mujer,2
Baja California Sur,2021,Junio,6,Hombre,4
Baja California Sur,2021,Junio,6,Mujer,2
Baja California Sur,2021,Julio,7,Hombre,7
Baja California Sur,2021,Agosto,8,Hombre,4
Baja California Sur,2021,Septiembre,9,Hombre,6
Baja California Sur,2021,Octubre,10,Hombre,1
Baja California Sur,2021,Octubre,10,Mujer,1
Baja California Sur,2021,Noviembre,11,Hombre,1
Baja California Sur,2021,Noviembre,11,Mujer,1
Baja California Sur,2021,Diciembre,12,Hombre,11
Baja California Sur,2021,Diciembre,12,Mujer,1
Baja California Sur,2022,Enero,1,Hombre,5
Baja California Sur,2022,Enero,1,Mujer,1
Baja California Sur,2022,Febrero,2,Hombre,5
Baja California Sur,2022,Febrero,2,Mujer,2
Baja California Sur,2022,Marzo,3,Hombre,8
Baja California Sur,2022,Marzo,3,Mujer,1
Baja California Sur,2022,Abril,4,Hombre,2
Baja California Sur,2022,Mayo,5,Hombre,3
Baja California Sur,2022,Mayo,5,Mujer,1
Baja California Sur,2022,Junio,6,Hombre,9
Baja California Sur,2022,Junio,6,Mujer,3
Baja California Sur,2022,Julio,7,Hombre,10
Baja California Sur,2022,Julio,7,Mujer,2
Baja California Sur,2022,Agosto,8,Hombre,6
Baja California Sur,2022,Agosto,8,Mujer,1
Baja California Sur,2022,Septiembre,9,Hombre,5
Baja California Sur,2022,Septiembre,9,Mujer,3
Baja California Sur,2022,Octubre,10,Hombre,2
Baja California Sur,2022,Noviembre,11,Hombre,3
Baja California Sur,2022,Noviembre,11,Mujer,1
Baja California Sur,2022,Diciembre,12,Hombre,6
Baja California Sur,2023,Enero,1,Hombre,4
Baja California Sur,2023,Enero,1,Mujer,1
Baja California Sur,2023,Febrero,2,Hombre,4
Baja California Sur,2023,Marzo,3,Hombre,5
Baja California Sur,2023,Marzo,3,Mujer,2
Baja California Sur,2023,Abril,4,Hombre,4
Baja California Sur,2023,Abril,4,Mujer,2
Baja California Sur,2023,Mayo,5,Hombre,7
Baja California Sur,2023,Junio,6,Hombre,1
Baja California Sur,2023,Julio,7,Hombre,1
Baja California Sur,2023,Agosto,8,Hombre,4
Baja California Sur,2023,Septiembre,9,Mujer,1
Baja California Sur,2023,Noviembre,11,Hombre,1
Baja California Sur,2023,Diciembre,12,Hombre,5
Baja California Sur,2023,Diciembre,12,Mujer,1
Baja California Sur,2024,Enero,1,Hombre,1
Baja California Sur,2024,Enero,1,Mujer,1
Baja California Sur,2024,Febrero,2,Hombre,4
Baja California Sur,2024,Marzo,3,Hombre,5
Baja California Sur,2024,Abril,4,Hombre,6
Baja California Sur,2024,Abril,4,Mujer,1
Baja California Sur,2024,Mayo,5,Hombre,1
Baja California Sur,2024,Junio,6,Hombre,17
Baja California Sur,2024,Junio,6,Mujer,4
Baja California Sur,2024,Julio,7,Hombre,5
Baja California Sur,2024,Julio,7,Mujer,2
Baja California Sur,2024,Agosto,8,Hombre,3
Baja California Sur,2024,Agosto,8,Mujer,2
Baja California Sur,2024,Septiembre,9,Hombre,4
Baja California Sur,2024,Septiembre,9,Mujer,3
Baja California Sur,2024,Octubre,10,Hombre,5
Baja California Sur,2024,Noviembre,11,Hombre,4
Baja California Sur,2024,Diciembre,12,Hombre,6
Baja California Sur,2024,Diciembre,12,Mujer,1
Campeche,1990,Enero,1,Hombre,8
Campeche,1990,Febrero,2,Hombre,1
Campeche,1990,Marzo,3,Hombre,4
Campeche,1990,Marzo,3,Mujer,1
Campeche,1990,Abril,4,Hombre,10
Campeche,1990,Mayo,5,Hombre,4
Campeche,1990,Mayo,5,Mujer,5
Campeche,1990,Junio,6,Hombre,6
Campeche,1990,Junio,6,Mujer,1
Campeche,1990,Julio,7,Hombre,6
Campeche,1990,Agosto,8,Hombre,4
Campeche,1990,Septiembre,9,Hombre,3
Campeche,1990,Septiembre,9,Mujer,1
Campeche,1990,Octubre,10,Hombre,8
Campeche,1990,Octubre,10,Mujer,1
Campeche,1990,Noviembre,11,Hombre,4
Campeche,1990,Diciembre,12,Hombre,15
Campeche,1991,Enero,1,Hombre,3
Campeche,1991,Enero,1,Mujer,1
Campeche,1991,Febrero,2,Hombre,4
Campeche,1991,Marzo,3,Hombre,12
Campeche,1991,Abril,4,Hombre,6
Campeche,1991,Mayo,5,Hombre,3
Campeche,1991,Mayo,5,Mujer,1
Campeche,1991,Junio,6,Hombre,2
Campeche,1991,Junio,6,Mujer,1
Campeche,1991,Julio,7,Hombre,2
Campeche,1991,Julio,7,Mujer,1
Campeche,1991,Agosto,8,Hombre,5
Campeche,1991,Septiembre,9,Hombre,7
Campeche,1991,Octubre,10,Hombre,5
Campeche,1991,Octubre,10,Mujer,2
Campeche,1991,Noviembre,11,Hombre,5
Campeche,1991,Noviembre,11,Mujer,2
Campeche,1991,Diciembre,12,Hombre,3
Campeche,1991,Diciembre,12,Mujer,1
Campeche,1992,Enero,1,Hombre,5
Campeche,1992,Enero,1,Mujer,1
Campeche,1992,Febrero,2,Hombre,1
Campeche,1992,Febrero,2,Mujer,4
Campeche,1992,Marzo,3,Hombre,13
Campeche,1992,Abril,4,Hombre,7
Campeche,1992,Mayo,5,Hombre,11
Campeche,1992,Junio,6,Hombre,7
Campeche,1992,Junio,6,Mujer,1
Campeche,1992,Julio,7,Hombre,4
Campeche,1992,Agosto,8,Hombre,5
Campeche,1992,Septiembre,9,Hombre,2
Campeche,1992,Octubre,10,Hombre,9
Campeche,1992,Noviembre,11,Hombre,7
Campeche,1992,Diciembre,12,Hombre,6
Campeche,1992,Diciembre,12,Mujer,3
Campeche,1993,Enero,1,Hombre,6
Campeche,1993,Febrero,2,Hombre,4
Campeche,1993,Marzo,3,Hombre,8
Campeche,1993,Abril,4,Hombre,1
Campeche,1993,Mayo,5,Hombre,3
Campeche,1993,Mayo,5,Mujer,1
Campeche,1993,Junio,6,Hombre,6
Campeche,1993,Julio,7,Hombre,9
Campeche,1993,Julio,7,Mujer,1
Campeche,1993,Agosto,8,Hombre,7
Campeche,1993,Agosto,8,Mujer,2
Campeche,1993,Septiembre,9,Hombre,5
Campeche,1993,Octubre,10,Hombre,7
Campeche,1993,Noviembre,11,Hombre,7
Campeche,1993,Diciembre,12,Hombre,9
Campeche,1993,Diciembre,12,Mujer,1
Campeche,1994,Enero,1,Hombre,10
Campeche,1994,Febrero,2,Hombre,2
Campeche,1994,Marzo,3,Hombre,2
Campeche,1994,Marzo,3,Mujer,1
Campeche,1994,Abril,4,Hombre,9
Campeche,1994,Abril,4,Mujer,1
Campeche,1994,Mayo,5,Hombre,10
Campeche,1994,Mayo,5,Mujer,1
Campeche,1994,Junio,6,Hombre,4
Campeche,1994,Junio,6,Mujer,2
Campeche,1994,Julio,7,Hombre,6
Campeche,1994,Julio,7,Mujer,1
Campeche,1994,Agosto,8,Hombre,7
Campeche,1994,Septiembre,9,Hombre,7
Campeche,1994,Octubre,10,Hombre,2
Campeche,1994,Noviembre,11,Hombre,4
Campeche,1994,Diciembre,12,Hombre,4
Campeche,1995,Enero,1,Hombre,3
Campeche,1995,Febrero,2,Hombre,12
Campeche,1995,Febrero,2,Mujer,2
Campeche,1995,Marzo,3,Hombre,10
Campeche,1995,Marzo,3,Mujer,1
Campeche,1995,Abril,4,Hombre,7
Campeche,1995,Mayo,5,Hombre,8
Campeche,1995,Mayo,5,Mujer,1
Campeche,1995,Junio,6,Hombre,6
Campeche,1995,Junio,6,Mujer,2
Campeche,1995,Julio,7,Hombre,2
Campeche,1995,Agosto,8,Hombre,4
Campeche,1995,Septiembre,9,Hombre,14
Campeche,1995,Octubre,10,Hombre,10
Campeche,1995,Octubre,10,Mujer,1
Campeche,1995,Noviembre,11,Hombre,6
Campeche,1995,Noviembre,11,Mujer,1
Campeche,1995,Diciembre,12,Hombre,3
Campeche,1995,Diciembre,12,Mujer,1
Campeche,1996,Enero,1,Hombre,6
Campeche,1996,Febrero,2,Hombre,3
Campeche,1996,Marzo,3,Hombre,4
Campeche,1996,Abril,4,Hombre,8
Campeche,1996,Abril,4,Mujer,1
Campeche,1996,Mayo,5,Hombre,7
Campeche,1996,Junio,6,Hombre,5
Campeche,1996,Junio,6,Mujer,2
Campeche,1996,Julio,7,Hombre,9
Campeche,1996,Agosto,8,Hombre,6
Campeche,1996,Septiembre,9,Hombre,1
Campeche,1996,Septiembre,9,Mujer,1
Campeche,1996,Octubre,10,Hombre,7
Campeche,1996,Octubre,10,Mujer,1
Campeche,1996,Noviembre,11,Hombre,5
Campeche,1996,Noviembre,11,Mujer,2
Campeche,1996,Diciembre,12,Hombre,8
Campeche,1996,Diciembre,12,Mujer,1
Campeche,1997,Enero,1,Hombre,9
Campeche,1997,Febrero,2,Hombre,10
Campeche,1997,Marzo,3,Hombre,5
Campeche,1997,Marzo,3,Mujer,3
Campeche,1997,Abril,4,Hombre,1
Campeche,1997,Mayo,5,Hombre,7
Campeche,1997,Mayo,5,Mujer,1
Campeche,1997,Junio,6,Hombre,4
Campeche,1997,Junio,6,Mujer,1
Campeche,1997,Julio,7,Hombre,7
Campeche,1997,Agosto,8,Hombre,5
Campeche,1997,Agosto,8,Mujer,2
Campeche,1997,Septiembre,9,Hombre,3
Campeche,1997,Octubre,10,Hombre,7
Campeche,1997,Octubre,10,Mujer,1
Campeche,1997,Noviembre,11,Hombre,5
Campeche,1997,Diciembre,12,Hombre,5
Campeche,1998,Enero,1,Hombre,4
Campeche,1998,Enero,1,Mujer,1
Campeche,1998,Febrero,2,Hombre,5
Campeche,1998,Marzo,3,Hombre,10
Campeche,1998,Marzo,3,Mujer,1
Campeche,1998,Abril,4,Hombre,4
Campeche,1998,Abril,4,Mujer,2
Campeche,1998,Mayo,5,Hombre,5
Campeche,1998,Mayo,5,Mujer,1
Campeche,1998,Junio,6,Hombre,9
Campeche,1998,Julio,7,Hombre,9
Campeche,1998,Agosto,8,Hombre,9
Campeche,1998,Septiembre,9,Hombre,8
Campeche,1998,Septiembre,9,Mujer,3
Campeche,1998,Octubre,10,Hombre,7
Campeche,1998,Noviembre,11,Hombre,3
Campeche,1998,Diciembre,12,Hombre,4
Campeche,1999,Enero,1,Hombre,2
Campeche,1999,Febrero,2,Hombre,5
Campeche,1999,Marzo,3,Hombre,6
Campeche,1999,Abril,4,Hombre,9
Campeche,1999,Mayo,5,Hombre,8
Campeche,1999,Junio,6,Hombre,5
Campeche,1999,Julio,7,Hombre,6
Campeche,1999,Julio,7,Mujer,2
Campeche,1999,Agosto,8,Hombre,6
Campeche,1999,Agosto,8,Mujer,1
Campeche,1999,Septiembre,9,Hombre,9
Campeche,1999,Septiembre,9,Mujer,1
Campeche,1999,Octubre,10,Hombre,5
Campeche,1999,Noviembre,11,Hombre,2
Campeche,1999,Noviembre,11,Mujer,2
Campeche,1999,Diciembre,12,Hombre,7
Campeche,2000,Enero,1,Hombre,8
Campeche,2000,Enero,1,Mujer,1
Campeche,2000,Febrero,2,Hombre,4
Campeche,2000,Marzo,3,Hombre,3
Campeche,2000,Abril,4,Hombre,4
Campeche,2000,Mayo,5,Hombre,7
Campeche,2000,Junio,6,Hombre,8
Campeche,2000,Julio,7,Hombre,7
Campeche,2000,Julio,7,Mujer,1
Campeche,2000,Agosto,8,Hombre,5
Campeche,2000,Septiembre,9,Hombre,4
Campeche,2000,Septiembre,9,Mujer,2
Campeche,2000,Octubre,10,Hombre,3
Campeche,2000,Noviembre,11,Hombre,2
Campeche,2000,Noviembre,11,Mujer,1
Campeche,2000,Diciembre,12,Hombre,5
Campeche,2001,Enero,1,Hombre,3
Campeche,2001,Febrero,2,Hombre,6
Campeche,2001,Marzo,3,Hombre,3
Campeche,2001,Marzo,3,Mujer,1
Campeche,2001,Abril,4,Hombre,3
Campeche,2001,Abril,4,Mujer,1
Campeche,2001,Mayo,5,Hombre,4
Campeche,2001,Junio,6,Hombre,3
Campeche,2001,Julio,7,Hombre,3
Campeche,2001,Septiembre,9,Hombre,3
Campeche,2001,Octubre,10,Hombre,6
Campeche,2001,Octubre,10,Mujer,1
Campeche,2001,Noviembre,11,Hombre,6
Campeche,2001,Noviembre,11,Mujer,2
Campeche,2001,Diciembre,12,Hombre,7
Campeche,2002,Enero,1,Hombre,6
Campeche,2002,Enero,1,Mujer,1
Campeche,2002,Febrero,2,Hombre,4
Campeche,2002,Abril,4,Hombre,6
Campeche,2002,Mayo,5,Hombre,7
Campeche,2002,Junio,6,Hombre,2
Campeche,2002,Julio,7,Hombre,6
Campeche,2002,Agosto,8,Hombre,5
Campeche,2002,Agosto,8,Mujer,1
Campeche,2002,Septiembre,9,Hombre,1
Campeche,2002,Octubre,10,Hombre,9
Campeche,2002,Noviembre,11,Hombre,1
Campeche,2002,Diciembre,12,Hombre,2
Campeche,2003,Enero,1,Hombre,2
Campeche,2003,Febrero,2,Hombre,6
Campeche,2003,Febrero,2,Mujer,1
Campeche,2003,Marzo,3,Hombre,3
Campeche,2003,Abril,4,Hombre,1
Campeche,2003,Abril,4,Mujer,1
Campeche,2003,Mayo,5,Hombre,5
Campeche,2003,Mayo,5,Mujer,1
Campeche,2003,Junio,6,Hombre,3
Campeche,2003,Junio,6,Mujer,1
Campeche,2003,Agosto,8,Hombre,2
Campeche,2003,Septiembre,9,Hombre,3
Campeche,2003,Septiembre,9,Mujer,1
Campeche,2003,Octubre,10,Hombre,3
Campeche,2003,Octubre,10,Mujer,1
Campeche,2003,Noviembre,11,Hombre,3
Campeche,2003,Noviembre,11,Mujer,2
Campeche,2003,Diciembre,12,Hombre,2
Campeche,2003,Diciembre,12,Mujer,1
Campeche,2004,Febrero,2,Hombre,3
Campeche,2004,Marzo,3,Hombre,1
Campeche,2004,Marzo,3,Mujer,2
Campeche,2004,Abril,4,Hombre,3
Campeche,2004,Mayo,5,Hombre,5
Campeche,2004,Junio,6,Hombre,2
Campeche,2004,Junio,6,Mujer,1
Campeche,2004,Julio,7,Hombre,7
Campeche,2004,Agosto,8,Hombre,1
Campeche,2004,Septiembre,9,Hombre,5
Campeche,2004,Septiembre,9,Mujer,1
Campeche,2004,Noviembre,11,Hombre,1
Campeche,2004,Diciembre,12,Hombre,4
Campeche,2005,Enero,1,Hombre,2
Campeche,2005,Febrero,2,Hombre,5
Campeche,2005,Marzo,3,Hombre,3
Campeche,2005,Abril,4,Hombre,7
Campeche,2005,Mayo,5,Hombre,3
Campeche,2005,Junio,6,Hombre,1
Campeche,2005,Julio,7,Hombre,2
Campeche,2005,Agosto,8,Hombre,5
Campeche,2005,Septiembre,9,Hombre,3
Campeche,2005,Septiembre,9,Mujer,1
Campeche,2005,Octubre,10,Hombre,4
Campeche,2005,Noviembre,11,Hombre,7
Campeche,2005,Diciembre,12,Hombre,3
Campeche,2006,Enero,1,Hombre,7
Campeche,2006,Febrero,2,Hombre,2
Campeche,2006,Febrero,2,Mujer,1
Campeche,2006,Marzo,3,Hombre,2
Campeche,2006,Mayo,5,Hombre,4
Campeche,2006,Junio,6,Hombre,1
Campeche,2006,Junio,6,Mujer,1
Campeche,2006,Julio,7,Hombre,2
Campeche,2006,Agosto,8,Hombre,2
Campeche,2006,Septiembre,9,Hombre,2
Campeche,2006,Octubre,10,Hombre,1
Campeche,2006,Octubre,10,Mujer,1
Campeche,2006,Noviembre,11,Hombre,3
Campeche,2006,Diciembre,12,Hombre,1
Campeche,2007,Enero,1,Hombre,4
Campeche,2007,Enero,1,Mujer,2
Campeche,2007,Febrero,2,Hombre,7
Campeche,2007,Marzo,3,Hombre,6
Campeche,2007,Marzo,3,Mujer,2
Campeche,2007,Abril,4,Hombre,5
Campeche,2007,Mayo,5,Hombre,2
Campeche,2007,Junio,6,Hombre,4
Campeche,2007,Junio,6,Mujer,1
Campeche,2007,Julio,7,Hombre,4
Campeche,2007,Agosto,8,Hombre,1
Campeche,2007,Agosto,8,Mujer,1
Campeche,2007,Octubre,10,Hombre,1
Campeche,2007,Noviembre,11,Hombre,2
Campeche,2007,Diciembre,12,Hombre,3
Campeche,2008,Enero,1,Hombre,4
Campeche,2008,Febrero,2,Hombre,4
Campeche,2008,Marzo,3,Hombre,3
Campeche,2008,Marzo,3,Mujer,1
Campeche,2008,Abril,4,Hombre,1
Campeche,2008,Mayo,5,Hombre,1
Campeche,2008,Junio,6,Hombre,3
Campeche,2008,Junio,6,Mujer,1
Campeche,2008,Julio,7,Hombre,9
Campeche,2008,Julio,7,Mujer,1
Campeche,2008,Agosto,8,Hombre,1
Campeche,2008,Agosto,8,Mujer,1
Campeche,2008,Septiembre,9,Hombre,6
Campeche,2008,Octubre,10,Hombre,3
Campeche,2008,Octubre,10,Mujer,1
Campeche,2008,Noviembre,11,Hombre,3
Campeche,2008,Diciembre,12,Hombre,7
Campeche,2009,Enero,1,Hombre,2
Campeche,2009,Enero,1,Mujer,2
Campeche,2009,Febrero,2,Hombre,3
Campeche,2009,Febrero,2,Mujer,1
Campeche,2009,Marzo,3,Hombre,3
Campeche,2009,Abril,4,Hombre,4
Campeche,2009,Mayo,5,Hombre,4
Campeche,2009,Mayo,5,Mujer,1
Campeche,2009,Junio,6,Hombre,3
Campeche,2009,Junio,6,Mujer,1
Campeche,2009,Julio,7,Hombre,4
Campeche,2009,Julio,7,Mujer,3
Campeche,2009,Agosto,8,Hombre,5
Campeche,2009,Septiembre,9,Hombre,5
Campeche,2009,Septiembre,9,Mujer,1
Campeche,2009,Octubre,10,Hombre,9
Campeche,2009,Noviembre,11,Hombre,3
Campeche,2009,Diciembre,12,Hombre,3
Campeche,2010,Enero,1,Hombre,1
Campeche,2010,Enero,1,Mujer,1
Campeche,2010,Febrero,2,Hombre,4
Campeche,2010,Febrero,2,Mujer,1
Campeche,2010,Marzo,3,Hombre,3
Campeche,2010,Abril,4,Hombre,5
Campeche,2010,Abril,4,Mujer,1
Campeche,2010,Mayo,5,Hombre,2
Campeche,2010,Mayo,5,Mujer,1
Campeche,2010,Junio,6,Hombre,2
Campeche,2010,Julio,7,Hombre,3
Campeche,2010,Agosto,8,Hombre,1
Campeche,2010,Septiembre,9,Hombre,7
Campeche,2010,Octubre,10,Hombre,5
Campeche,2010,Noviembre,11,Hombre,4
Campeche,2010,Noviembre,11,Mujer,3
Campeche,2010,Diciembre,12,Hombre,1
Campeche,2010,Diciembre,12,Mujer,2
Campeche,2011,Enero,1,Hombre,4
Campeche,2011,Febrero,2,Hombre,1
Campeche,2011,Febrero,2,Mujer,1
Campeche,2011,Marzo,3,Hombre,4
Campeche,2011,Marzo,3,Mujer,1
Campeche,2011,Abril,4,Hombre,7
Campeche,2011,Abril,4,Mujer,1
Campeche,2011,Mayo,5,Hombre,4
Campeche,2011,Junio,6,Hombre,4
Campeche,2011,Junio,6,Mujer,1
Campeche,2011,Julio,7,Hombre,3
Campeche,2011,Agosto,8,Hombre,2
Campeche,2011,Septiembre,9,Hombre,3
Campeche,2011,Septiembre,9,Mujer,1
Campeche,2011,Octubre,10,Hombre,2
Campeche,2011,Octubre,10,Mujer,1
Campeche,2011,Noviembre,11,Hombre,3
Campeche,2011,Diciembre,12,Hombre,2
Campeche,2011,Diciembre,12,Mujer,2
Campeche,2012,Enero,1,Hombre,10
Campeche,2012,Febrero,2,Hombre,1
Campeche,2012,Febrero,2,Mujer,1
Campeche,2012,Marzo,3,Hombre,4
Campeche,2012,Abril,4,Hombre,2
Campeche,2012,Abril,4,Mujer,2
Campeche,2012,Mayo,5,Hombre,10
Campeche,2012,Mayo,5,Mujer,2
Campeche,2012,Junio,6,Hombre,10
Campeche,2012,Junio,6,Mujer,1
Campeche,2012,Julio,7,Hombre,6
Campeche,2012,Julio,7,Mujer,1
Campeche,2012,Agosto,8,Hombre,3
Campeche,2012,Agosto,8,Mujer,1
Campeche,2012,Septiembre,9,Hombre,3
Campeche,2012,Septiembre,9,Mujer,1
Campeche,2012,Octubre,10,Hombre,5
Campeche,2012,Octubre,10,Mujer,1
Campeche,2012,Noviembre,11,Hombre,4
Campeche,2012,Noviembre,11,Mujer,1
Campeche,2012,Diciembre,12,Hombre,7
Campeche,2012,Diciembre,12,Mujer,2
Campeche,2013,Enero,1,Mujer,1
Campeche,2013,Febrero,2,Hombre,3
Campeche,2013,Febrero,2,Mujer,1
Campeche,2013,Marzo,3,Hombre,5
Campeche,2013,Marzo,3,Mujer,1
Campeche,2013,Abril,4,Hombre,11
Campeche,2013,Abril,4,Mujer,1
Campeche,2013,Mayo,5,Hombre,2
Campeche,2013,Junio,6,Hombre,7
Campeche,2013,Junio,6,Mujer,3
Campeche,2013,Julio,7,Hombre,7
Campeche,2013,Agosto,8,Hombre,6
Campeche,2013,Agosto,8,Mujer,2
Campeche,2013,Septiembre,9,Hombre,4
Campeche,2013,Octubre,10,Hombre,4
Campeche,2013,Octubre,10,Mujer,2
Campeche,2013,Noviembre,11,Hombre,5
Campeche,2013,Diciembre,12,Hombre,4
Campeche,2013,Diciembre,12,Mujer,1
Campeche,2014,Enero,1,Hombre,8
Campeche,2014,Febrero,2,Mujer,3
Campeche,2014,Marzo,3,Hombre,5
Campeche,2014,Abril,4,Hombre,3
Campeche,2014,Abril,4,Mujer,2
Campeche,2014,Mayo,5,Hombre,6
Campeche,2014,Mayo,5,Mujer,2
Campeche,2014,Junio,6,Hombre,3
Campeche,2014,Julio,7,Hombre,3
Campeche,2014,Julio,7,Mujer,2
Campeche,2014,Agosto,8,Hombre,4
Campeche,2014,Agosto,8,Mujer,1
Campeche,2014,Septiembre,9,Hombre,3
Campeche,2014,Octubre,10,Hombre,9
Campeche,2014,Octubre,10,Mujer,2
Campeche,2014,Noviembre,11,Hombre,7
Campeche,2014,Diciembre,12,Hombre,8
Campeche,2014,Diciembre,12,Mujer,2
Campeche,2015,Enero,1,Hombre,5
Campeche,2015,Enero,1,Mujer,1
Campeche,2015,Febrero,2,Hombre,3
Campeche,2015,Febrero,2,Mujer,1
Campeche,2015,Marzo,3,Hombre,7
Campeche,2015,Marzo,3,Mujer,2
Campeche,2015,Abril,4,Hombre,6
Campeche,2015,Mayo,5,Hombre,8
Campeche,2015,Mayo,5,Mujer,1
Campeche,2015,Junio,6,Hombre,6
Campeche,2015,Julio,7,Hombre,3
Campeche,2015,Julio,7,Mujer,1
Campeche,2015,Agosto,8,Hombre,3
Campeche,2015,Agosto,8,Mujer,1
Campeche,2015,Septiembre,9,Hombre,4
Campeche,2015,Octubre,10,Hombre,2
Campeche,2015,Noviembre,11,Hombre,3
Campeche,2015,Noviembre,11,Mujer,1
Campeche,2015,Diciembre,12,Hombre,7
Campeche,2016,Enero,1,Hombre,13
Campeche,2016,Enero,1,Mujer,1
Campeche,2016,Febrero,2,Hombre,4
Campeche,2016,Marzo,3,Hombre,4
Campeche,2016,Marzo,3,Mujer,1
Campeche,2016,Abril,4,Hombre,4
Campeche,2016,Mayo,5,Hombre,6
Campeche,2016,Mayo,5,Mujer,2
Campeche,2016,Junio,6,Hombre,4
Campeche,2016,Junio,6,Mujer,1
Campeche,2016,Julio,7,Hombre,6
Campeche,2016,Julio,7,Mujer,2
Campeche,2016,Agosto,8,Hombre,8
Campeche,2016,Septiembre,9,Hombre,6
Campeche,2016,Septiembre,9,Mujer,2
Campeche,2016,Octubre,10,Hombre,6
Campeche,2016,Noviembre,11,Hombre,8
Campeche,2016,Noviembre,11,Mujer,1
Campeche,2016,Diciembre,12,Hombre,9
Campeche,2017,Enero,1,Hombre,7
Campeche,2017,Enero,1,Mujer,1
Campeche,2017,Febrero,2,Hombre,7
Campeche,2017,Marzo,3,Hombre,8
Campeche,2017,Marzo,3,Mujer,2
Campeche,2017,Abril,4,Hombre,4
Campeche,2017,Mayo,5,Hombre,8
Campeche,2017,Junio,6,Hombre,9
Campeche,2017,Julio,7,Hombre,3
Campeche,2017,Agosto,8,Hombre,7
Campeche,2017,Agosto,8,Mujer,3
Campeche,2017,Septiembre,9,Hombre,7
Campeche,2017,Octubre,10,Hombre,3
Campeche,2017,Noviembre,11,Hombre,3
Campeche,2017,Diciembre,12,Hombre,4
Campeche,2018,Enero,1,Hombre,3
Campeche,2018,Febrero,2,Hombre,6
Campeche,2018,Febrero,2,Mujer,1
Campeche,2018,Marzo,3,Hombre,3
Campeche,2018,Abril,4,Hombre,3
Campeche,2018,Abril,4,Mujer,1
Campeche,2018,Mayo,5,Hombre,5
Campeche,2018,Mayo,5,Mujer,1
Campeche,2018,Junio,6,Hombre,9
Campeche,2018,Junio,6,Mujer,1
Campeche,2018,Julio,7,Hombre,6
Campeche,2018,Julio,7,Mujer,3
Campeche,2018,Agosto,8,Hombre,7
Campeche,2018,Agosto,8,Mujer,2
Campeche,2018,Septiembre,9,Hombre,4
Campeche,2018,Septiembre,9,Mujer,2
Campeche,2018,Octubre,10,Hombre,5
Campeche,2018,Octubre,10,Mujer,2
Campeche,2018,Noviembre,11,Hombre,7
Campeche,2018,Noviembre,11,Mujer,1
Campeche,2018,Diciembre,12,Hombre,7
Campeche,2019,Enero,1,Hombre,3
Campeche,2019,Febrero,2,Hombre,5
Campeche,2019,Marzo,3,Hombre,2
Campeche,2019,Abril,4,Hombre,6
Campeche,2019,Mayo,5,Hombre,9
Campeche,2019,Mayo,5,Mujer,1
Campeche,2019,Junio,6,Hombre,6
Campeche,2019,Julio,7,Hombre,6
Campeche,2019,Julio,7,Mujer,1
Campeche,2019,Agosto,8,Hombre,11
Campeche,2019,Agosto,8,Mujer,2
Campeche,2019,Septiembre,9,Hombre,5
Campeche,2019,Septiembre,9,Mujer,1
Campeche,2019,Octubre,10,Hombre,9
Campeche,2019,Octubre,10,Mujer,1
Campeche,2019,Noviembre,11,Hombre,4
Campeche,2019,Noviembre,11,Mujer,1
Campeche,2019,Diciembre,12,Hombre,5
Campeche,2019,Diciembre,12,Mujer,3
Campeche,2020,Enero,1,Hombre,5
Campeche,2020,Enero,1,Mujer,2
Campeche,2020,Febrero,2,Hombre,10
Campeche,2020,Marzo,3,Hombre,7
Campeche,2020,Marzo,3,Mujer,1
Campeche,2020,Abril,4,Hombre,3
Campeche,2020,Mayo,5,Hombre,4
Campeche,2020,Junio,6,Hombre,5
Campeche,2020,Junio,6,Mujer,1
Campeche,2020,Julio,7,Hombre,6
Campeche,2020,Agosto,8,Hombre,7
Campeche,2020,Septiembre,9,Hombre,6
Campeche,2020,Septiembre,9,Mujer,2
Campeche,2020,Octubre,10,Hombre,6
Campeche,2020,Noviembre,11,Hombre,2
Campeche,2020,Diciembre,12,Hombre,6
Campeche,2021,Enero,1,Hombre,4
Campeche,2021,Febrero,2,Hombre,9
Campeche,2021,Febrero,2,Mujer,1
Campeche,2021,Marzo,3,Hombre,8
Campeche,2021,Abril,4,Hombre,2
Campeche,2021,Abril,4,Mujer,2
Campeche,2021,Mayo,5,Hombre,15
Campeche,2021,Mayo,5,Mujer,1
Campeche,2021,Junio,6,Hombre,6
Campeche,2021,Julio,7,Hombre,8
Campeche,2021,Julio,7,Mujer,1
Campeche,2021,Agosto,8,Hombre,16
Campeche,2021,Agosto,8,Mujer,4
Campeche,2021,Septiembre,9,Hombre,8
Campeche,2021,Septiembre,9,Mujer,3
Campeche,2021,Octubre,10,Hombre,4
Campeche,2021,Noviembre,11,Hombre,1
Campeche,2021,Noviembre,11,Mujer,1
Campeche,2021,Diciembre,12,Hombre,9
Campeche,2021,Diciembre,12,Mujer,1
Campeche,2022,Enero,1,Hombre,7
Campeche,2022,Enero,1,Mujer,1
Campeche,2022,Febrero,2,Hombre,5
Campeche,2022,Febrero,2,Mujer,1
Campeche,2022,Marzo,3,Hombre,4
Campeche,2022,Abril,4,Hombre,3
Campeche,2022,Mayo,5,Hombre,6
Campeche,2022,Mayo,5,Mujer,3
Campeche,2022,Junio,6,Hombre,11
Campeche,2022,Junio,6,Mujer,3
Campeche,2022,Julio,7,Hombre,7
Campeche,2022,Julio,7,Mujer,2
Campeche,2022,Agosto,8,Mujer,1
Campeche,2022,Septiembre,9,Hombre,7
Campeche,2022,Octubre,10,Hombre,11
Campeche,2022,Noviembre,11,Hombre,15
Campeche,2022,Diciembre,12,Hombre,15
Campeche,2022,Diciembre,12,Mujer,2
Campeche,2023,Enero,1,Hombre,12
Campeche,2023,Enero,1,Mujer,1
Campeche,2023,Febrero,2,Hombre,5
Campeche,2023,Febrero,2,Mujer,1
Campeche,2023,Marzo,3,Hombre,7
Campeche,2023,Marzo,3,Mujer,1
Campeche,2023,Abril,4,Hombre,10
Campeche,2023,Abril,4,Mujer,1
Campeche,2023,Mayo,5,Hombre,14
Campeche,2023,Mayo,5,Mujer,2
Campeche,2023,Junio,6,Hombre,5
Campeche,2023,Junio,6,Mujer,3
Campeche,2023,Julio,7,Hombre,5
Campeche,2023,Julio,7,Mujer,2
Campeche,2023,Agosto,8,Hombre,6
Campeche,2023,Agosto,8,Mujer,2
Campeche,2023,Septiembre,9,Hombre,8
Campeche,2023,Septiembre,9,Mujer,2
Campeche,2023,Octubre,10,Hombre,10
Campeche,2023,Noviembre,11,Hombre,13
Campeche,2023,Noviembre,11,Mujer,1
Campeche,2023,Diciembre,12,Hombre,4
Campeche,2024,Enero,1,Hombre,11
Campeche,2024,Enero,1,Mujer,2
Campeche,2024,Febrero,2,Hombre,3
Campeche,2024,Marzo,3,Hombre,6
Campeche,2024,Marzo,3,Mujer,1
Campeche,2024,Abril,4,Hombre,10
Campeche,2024,Mayo,5,Hombre,8
Campeche,2024,Junio,6,Hombre,7
Campeche,2024,Junio,6,Mujer,1
Campeche,2024,Julio,7,Hombre,6
Campeche,2024,Agosto,8,Hombre,12
Campeche,2024,Septiembre,9,Hombre,6
Campeche,2024,Septiembre,9,Mujer,1
Campeche,2024,Octubre,10,Hombre,11
Campeche,2024,Noviembre,11,Hombre,10
Campeche,2024,Diciembre,12,Hombre,7
Campeche,2024,Diciembre,12,Mujer,1
Chiapas,1990,Enero,1,Hombre,24
Chiapas,1990,Enero,1,Mujer,1
Chiapas,1990,Febrero,2,Hombre,22
Chiapas,1990,Febrero,2,Mujer,2
Chiapas,1990,Marzo,3,Hombre,16
Chiapas,1990,Abril,4,Hombre,32
Chiapas,1990,Abril,4,Mujer,1
Chiapas,1990,Mayo,5,Hombre,22
Chiapas,1990,Mayo,5,Mujer,2
Chiapas,1990,Junio,6,Hombre,14
Chiapas,1990,Julio,7,Hombre,23
Chiapas,1990,Julio,7,Mujer,4
Chiapas,1990,Agosto,8,Hombre,21
Chiapas,1990,Agosto,8,Mujer,8
Chiapas,1990,Septiembre,9,Hombre,14
Chiapas,1990,Septiembre,9,Mujer,3
Chiapas,1990,Octubre,10,Hombre,13
Chiapas,1990,Octubre,10,Mujer,3
Chiapas,1990,Noviembre,11,Hombre,19
Chiapas,1990,Noviembre,11,Mujer,3
Chiapas,1990,Diciembre,12,Hombre,23
Chiapas,1991,Enero,1,Hombre,22
Chiapas,1991,Enero,1,Mujer,1
Chiapas,1991,Febrero,2,Hombre,24
Chiapas,1991,Febrero,2,Mujer,3
Chiapas,1991,Marzo,3,Hombre,48
Chiapas,1991,Marzo,3,Mujer,5
Chiapas,1991,Abril,4,Hombre,31
Chiapas,1991,Abril,4,Mujer,3
Chiapas,1991,Mayo,5,Hombre,25
Chiapas,1991,Mayo,5,Mujer,2
Chiapas,1991,Junio,6,Hombre,42
Chiapas,1991,Junio,6,Mujer,9
Chiapas,1991,Julio,7,Hombre,47
Chiapas,1991,Julio,7,Mujer,11
Chiapas,1991,Agosto,8,Hombre,35
Chiapas,1991,Agosto,8,Mujer,3
Chiapas,1991,Septiembre,9,Hombre,35
Chiapas,1991,Septiembre,9,Mujer,2
Chiapas,1991,Octubre,10,Hombre,43
Chiapas,1991,Octubre,10,Mujer,8
Chiapas,1991,Noviembre,11,Hombre,15
Chiapas,1991,Noviembre,11,Mujer,7
Chiapas,1991,Diciembre,12,Hombre,31
Chiapas,1991,Diciembre,12,Mujer,6
Chiapas,1992,Enero,1,Hombre,27
Chiapas,1992,Enero,1,Mujer,1
Chiapas,1992,Febrero,2,Hombre,22
Chiapas,1992,Febrero,2,Mujer,4
Chiapas,1992,Marzo,3,Hombre,27
Chiapas,1992,Marzo,3,Mujer,2
Chiapas,1992,Abril,4,Hombre,32
Chiapas,1992,Abril,4,Mujer,4
Chiapas,1992,Mayo,5,Hombre,39
Chiapas,1992,Mayo,5,Mujer,6
Chiapas,1992,Junio,6,Hombre,40
Chiapas,1992,Junio,6,Mujer,9
Chiapas,1992,Julio,7,Hombre,25
Chiapas,1992,Julio,7,Mujer,4
Chiapas,1992,Agosto,8,Hombre,19
Chiapas,1992,Agosto,8,Mujer,2
Chiapas,1992,Septiembre,9,Hombre,32
Chiapas,1992,Septiembre,9,Mujer,7
Chiapas,1992,Octubre,10,Hombre,33
Chiapas,1992,Octubre,10,Mujer,4
Chiapas,1992,Noviembre,11,Hombre,41
Chiapas,1992,Noviembre,11,Mujer,3
Chiapas,1992,Diciembre,12,Hombre,39
Chiapas,1992,Diciembre,12,Mujer,6
Chiapas,1993,Enero,1,Hombre,26
Chiapas,1993,Enero,1,Mujer,5
Chiapas,1993,Febrero,2,Hombre,39
Chiapas,1993,Febrero,2,Mujer,1
Chiapas,1993,Marzo,3,Hombre,42
Chiapas,1993,Marzo,3,Mujer,1
Chiapas,1993,Abril,4,Hombre,37
Chiapas,1993,Abril,4,Mujer,5
Chiapas,1993,Mayo,5,Hombre,35
Chiapas,1993,Mayo,5,Mujer,6
Chiapas,1993,Junio,6,Hombre,32
Chiapas,1993,Junio,6,Mujer,4
Chiapas,1993,Julio,7,Hombre,36
Chiapas,1993,Julio,7,Mujer,4
Chiapas,1993,Agosto,8,Hombre,35
Chiapas,1993,Agosto,8,Mujer,5
Chiapas,1993,Septiembre,9,Hombre,48
Chiapas,1993,Septiembre,9,Mujer,1
Chiapas,1993,Octubre,10,Hombre,43
Chiapas,1993,Octubre,10,Mujer,3
Chiapas,1993,Noviembre,11,Hombre,44
Chiapas,1993,Noviembre,11,Mujer,10
Chiapas,1993,Diciembre,12,Hombre,21
Chiapas,1993,Diciembre,12,Mujer,3
Chiapas,1994,Enero,1,Hombre,47
Chiapas,1994,Enero,1,Mujer,3
Chiapas,1994,Febrero,2,Hombre,38
Chiapas,1994,Febrero,2,Mujer,5
Chiapas,1994,Marzo,3,Hombre,59
Chiapas,1994,Marzo,3,Mujer,9
Chiapas,1994,Abril,4,Hombre,45
Chiapas,1994,Abril,4,Mujer,3
Chiapas,1994,Mayo,5,Hombre,57
Chiapas,1994,Mayo,5,Mujer,5
Chiapas,1994,Junio,6,Hombre,37
Chiapas,1994,Junio,6,Mujer,3
Chiapas,1994,Julio,7,Hombre,45
Chiapas,1994,Julio,7,Mujer,11
Chiapas,1994,Agosto,8,Hombre,52
Chiapas,1994,Agosto,8,Mujer,8
Chiapas,1994,Septiembre,9,Hombre,45
Chiapas,1994,Septiembre,9,Mujer,7
Chiapas,1994,Octubre,10,Hombre,44
Chiapas,1994,Octubre,10,Mujer,3
Chiapas,1994,Noviembre,11,Hombre,52
Chiapas,1994,Noviembre,11,Mujer,5
Chiapas,1994,Diciembre,12,Hombre,39
Chiapas,1994,Diciembre,12,Mujer,6
Chiapas,1995,Enero,1,Hombre,46
Chiapas,1995,Enero,1,Mujer,5
Chiapas,1995,Febrero,2,Hombre,49
Chiapas,1995,Febrero,2,Mujer,2
Chiapas,1995,Marzo,3,Hombre,39
Chiapas,1995,Marzo,3,Mujer,5
Chiapas,1995,Abril,4,Hombre,53
Chiapas,1995,Abril,4,Mujer,8
Chiapas,1995,Mayo,5,Hombre,55
Chiapas,1995,Mayo,5,Mujer,11
Chiapas,1995,Junio,6,Hombre,41
Chiapas,1995,Junio,6,Mujer,6
Chiapas,1995,Julio,7,Hombre,58
Chiapas,1995,Julio,7,Mujer,8
Chiapas,1995,Agosto,8,Hombre,52
Chiapas,1995,Agosto,8,Mujer,6
Chiapas,1995,Septiembre,9,Hombre,69
Chiapas,1995,Septiembre,9,Mujer,4
Chiapas,1995,Octubre,10,Hombre,49
Chiapas,1995,Octubre,10,Mujer,6
Chiapas,1995,Noviembre,11,Hombre,59
Chiapas,1995,Noviembre,11,Mujer,4
Chiapas,1995,Diciembre,12,Hombre,48
Chiapas,1995,Diciembre,12,Mujer,6
Chiapas,1996,Enero,1,Hombre,48
Chiapas,1996,Enero,1,Mujer,4
Chiapas,1996,Febrero,2,Hombre,59
Chiapas,1996,Febrero,2,Mujer,8
Chiapas,1996,Marzo,3,Hombre,44
Chiapas,1996,Marzo,3,Mujer,7
Chiapas,1996,Abril,4,Hombre,50
Chiapas,1996,Abril,4,Mujer,8
Chiapas,1996,Mayo,5,Hombre,65
Chiapas,1996,Mayo,5,Mujer,6
Chiapas,1996,Junio,6,Hombre,51
Chiapas,1996,Junio,6,Mujer,3
Chiapas,1996,Julio,7,Hombre,38
Chiapas,1996,Julio,7,Mujer,6
Chiapas,1996,Agosto,8,Hombre,30
Chiapas,1996,Agosto,8,Mujer,2
Chiapas,1996,Septiembre,9,Hombre,54
Chiapas,1996,Septiembre,9,Mujer,6
Chiapas,1996,Octubre,10,Hombre,48
Chiapas,1996,Octubre,10,Mujer,7
Chiapas,1996,Noviembre,11,Hombre,42
Chiapas,1996,Noviembre,11,Mujer,4
Chiapas,1996,Diciembre,12,Hombre,37
Chiapas,1996,Diciembre,12,Mujer,2
Chiapas,1997,Enero,1,Hombre,62
Chiapas,1997,Enero,1,Mujer,10
Chiapas,1997,Febrero,2,Hombre,54
Chiapas,1997,Febrero,2,Mujer,2
Chiapas,1997,Marzo,3,Hombre,56
Chiapas,1997,Marzo,3,Mujer,8
Chiapas,1997,Abril,4,Hombre,25
Chiapas,1997,Abril,4,Mujer,7
Chiapas,1997,Mayo,5,Hombre,41
Chiapas,1997,Mayo,5,Mujer,6
Chiapas,1997,Junio,6,Hombre,22
Chiapas,1997,Junio,6,Mujer,2
Chiapas,1997,Julio,7,Hombre,28
Chiapas,1997,Agosto,8,Hombre,29
Chiapas,1997,Agosto,8,Mujer,3
Chiapas,1997,Septiembre,9,Hombre,39
Chiapas,1997,Septiembre,9,Mujer,5
Chiapas,1997,Octubre,10,Hombre,42
Chiapas,1997,Octubre,10,Mujer,9
Chiapas,1997,Noviembre,11,Hombre,58
Chiapas,1997,Noviembre,11,Mujer,5
Chiapas,1997,Diciembre,12,Hombre,63
Chiapas,1997,Diciembre,12,Mujer,10
Chiapas,1998,Enero,1,Hombre,50
Chiapas,1998,Enero,1,Mujer,5
Chiapas,1998,Febrero,2,Hombre,57
Chiapas,1998,Febrero,2,Mujer,6
Chiapas,1998,Marzo,3,Hombre,54
Chiapas,1998,Marzo,3,Mujer,12
Chiapas,1998,Abril,4,Hombre,68
Chiapas,1998,Abril,4,Mujer,8
Chiapas,1998,Mayo,5,Hombre,68
Chiapas,1998,Mayo,5,Mujer,5
Chiapas,1998,Junio,6,Hombre,53
Chiapas,1998,Junio,6,Mujer,14
Chiapas,1998,Julio,7,Hombre,55
Chiapas,1998,Julio,7,Mujer,7
Chiapas,1998,Agosto,8,Hombre,55
Chiapas,1998,Agosto,8,Mujer,6
Chiapas,1998,Septiembre,9,Hombre,61
Chiapas,1998,Septiembre,9,Mujer,9
Chiapas,1998,Octubre,10,Hombre,56
Chiapas,1998,Octubre,10,Mujer,11
Chiapas,1998,Noviembre,11,Hombre,53
Chiapas,1998,Noviembre,11,Mujer,7
Chiapas,1998,Diciembre,12,Hombre,71
Chiapas,1998,Diciembre,12,Mujer,7
Chiapas,1999,Enero,1,Hombre,40
Chiapas,1999,Enero,1,Mujer,7
Chiapas,1999,Febrero,2,Hombre,45
Chiapas,1999,Febrero,2,Mujer,7
Chiapas,1999,Marzo,3,Hombre,46
Chiapas,1999,Marzo,3,Mujer,3
Chiapas,1999,Abril,4,Hombre,48
Chiapas,1999,Abril,4,Mujer,7
Chiapas,1999,Mayo,5,Hombre,51
Chiapas,1999,Mayo,5,Mujer,5
Chiapas,1999,Junio,6,Hombre,29
Chiapas,1999,Junio,6,Mujer,5
Chiapas,1999,Julio,7,Hombre,30
Chiapas,1999,Julio,7,Mujer,4
Chiapas,1999,Agosto,8,Hombre,39
Chiapas,1999,Agosto,8,Mujer,6
Chiapas,1999,Septiembre,9,Hombre,54
Chiapas,1999,Septiembre,9,Mujer,7
Chiapas,1999,Octubre,10,Hombre,46
Chiapas,1999,Octubre,10,Mujer,3
Chiapas,1999,Noviembre,11,Hombre,38
Chiapas,1999,Noviembre,11,Mujer,7
Chiapas,1999,Diciembre,12,Hombre,47
Chiapas,1999,Diciembre,12,Mujer,14
Chiapas,2000,Enero,1,Hombre,61
Chiapas,2000,Enero,1,Mujer,7
Chiapas,2000,Febrero,2,Hombre,36
Chiapas,2000,Febrero,2,Mujer,5
Chiapas,2000,Marzo,3,Hombre,31
Chiapas,2000,Marzo,3,Mujer,6
Chiapas,2000,Abril,4,Hombre,43
Chiapas,2000,Abril,4,Mujer,6
Chiapas,2000,Mayo,5,Hombre,10
Chiapas,2000,Mayo,5,Mujer,6
Chiapas,2000,Junio,6,Hombre,53
Chiapas,2000,Junio,6,Mujer,5
Chiapas,2000,Julio,7,Hombre,27
Chiapas,2000,Julio,7,Mujer,2
Chiapas,2000,Agosto,8,Hombre,27
Chiapas,2000,Agosto,8,Mujer,2
Chiapas,2000,Septiembre,9,Hombre,15
Chiapas,2000,Septiembre,9,Mujer,8
Chiapas,2000,Octubre,10,Hombre,32
Chiapas,2000,Octubre,10,Mujer,3
Chiapas,2000,Noviembre,11,Hombre,14
Chiapas,2000,Diciembre,12,Hombre,10
Chiapas,2000,Diciembre,12,Mujer,1
Chiapas,2001,Enero,1,Hombre,36
Chiapas,2001,Enero,1,Mujer,6
Chiapas,2001,Febrero,2,Hombre,8
Chiapas,2001,Marzo,3,Hombre,13
Chiapas,2001,Marzo,3,Mujer,1
Chiapas,2001,Abril,4,Hombre,5
Chiapas,2001,Mayo,5,Hombre,14
Chiapas,2001,Mayo,5,Mujer,2
Chiapas,2001,Junio,6,Hombre,6
Chiapas,2001,Julio,7,Hombre,18
Chiapas,2001,Julio,7,Mujer,4
Chiapas,2001,Agosto,8,Hombre,3
Chiapas,2001,Septiembre,9,Hombre,4
Chiapas,2001,Octubre,10,Hombre,13
Chiapas,2001,Octubre,10,Mujer,3
Chiapas,2001,Noviembre,11,Hombre,11
Chiapas,2001,Diciembre,12,Hombre,10
Chiapas,2001,Diciembre,12,Mujer,2
Chiapas,2002,Enero,1,Hombre,40
Chiapas,2002,Enero,1,Mujer,12
Chiapas,2002,Febrero,2,Hombre,37
Chiapas,2002,Febrero,2,Mujer,4
Chiapas,2002,Marzo,3,Hombre,24
Chiapas,2002,Marzo,3,Mujer,8
Chiapas,2002,Abril,4,Hombre,22
Chiapas,2002,Abril,4,Mujer,12
Chiapas,2002,Mayo,5,Hombre,18
Chiapas,2002,Mayo,5,Mujer,4
Chiapas,2002,Junio,6,Hombre,36
Chiapas,2002,Julio,7,Hombre,35
Chiapas,2002,Julio,7,Mujer,6
Chiapas,2002,Agosto,8,Hombre,28
Chiapas,2002,Agosto,8,Mujer,11
Chiapas,2002,Septiembre,9,Hombre,38
Chiapas,2002,Septiembre,9,Mujer,4
Chiapas,2002,Octubre,10,Hombre,29
Chiapas,2002,Octubre,10,Mujer,5
Chiapas,2002,Noviembre,11,Hombre,28
Chiapas,2002,Noviembre,11,Mujer,4
Chiapas,2002,Diciembre,12,Hombre,40
Chiapas,2002,Diciembre,12,Mujer,5
Chiapas,2003,Enero,1,Hombre,40
Chiapas,2003,Enero,1,Mujer,3
Chiapas,2003,Febrero,2,Hombre,12
Chiapas,2003,Febrero,2,Mujer,6
Chiapas,2003,Marzo,3,Hombre,16
Chiapas,2003,Marzo,3,Mujer,1
Chiapas,2003,Abril,4,Hombre,43
Chiapas,2003,Abril,4,Mujer,6
Chiapas,2003,Mayo,5,Hombre,31
Chiapas,2003,Mayo,5,Mujer,3
Chiapas,2003,Junio,6,Hombre,31
Chiapas,2003,Junio,6,Mujer,10
Chiapas,2003,Julio,7,Hombre,32
Chiapas,2003,Julio,7,Mujer,5
Chiapas,2003,Agosto,8,Hombre,26
Chiapas,2003,Agosto,8,Mujer,6
Chiapas,2003,Septiembre,9,Hombre,28
Chiapas,2003,Septiembre,9,Mujer,7
Chiapas,2003,Octubre,10,Hombre,24
Chiapas,2003,Octubre,10,Mujer,1
Chiapas,2003,Noviembre,11,Hombre,33
Chiapas,2003,Noviembre,11,Mujer,4
Chiapas,2003,Diciembre,12,Hombre,38
Chiapas,2003,Diciembre,12,Mujer,9
Chiapas,2004,Enero,1,Hombre,19
Chiapas,2004,Enero,1,Mujer,3
Chiapas,2004,Febrero,2,Hombre,23
Chiapas,2004,Febrero,2,Mujer,4
Chiapas,2004,Marzo,3,Hombre,10
Chiapas,2004,Abril,4,Hombre,18
Chiapas,2004,Abril,4,Mujer,2
Chiapas,2004,Mayo,5,Hombre,18
Chiapas,2004,Mayo,5,Mujer,2
Chiapas,2004,Junio,6,Hombre,5
Chiapas,2004,Junio,6,Mujer,1
Chiapas,2004,Julio,7,Hombre,4
Chiapas,2004,Julio,7,Mujer,4
Chiapas,2004,Agosto,8,Hombre,6
Chiapas,2004,Septiembre,9,Hombre,24
Chiapas,2004,Septiembre,9,Mujer,2
Chiapas,2004,Octubre,10,Hombre,18
Chiapas,2004,Octubre,10,Mujer,1
Chiapas,2004,Noviembre,11,Hombre,19
Chiapas,2004,Noviembre,11,Mujer,1
Chiapas,2004,Diciembre,12,Hombre,27
Chiapas,2004,Diciembre,12,Mujer,4
Chiapas,2005,Enero,1,Hombre,25
Chiapas,2005,Enero,1,Mujer,5
Chiapas,2005,Febrero,2,Hombre,22
Chiapas,2005,Febrero,2,Mujer,1
Chiapas,2005,Marzo,3,Hombre,12
Chiapas,2005,Marzo,3,Mujer,3
Chiapas,2005,Abril,4,Hombre,9
Chiapas,2005,Abril,4,Mujer,1
Chiapas,2005,Mayo,5,Hombre,24
Chiapas,2005,Mayo,5,Mujer,1
Chiapas,2005,Junio,6,Hombre,19
Chiapas,2005,Junio,6,Mujer,2
Chiapas,2005,Julio,7,Hombre,27
Chiapas,2005,Julio,7,Mujer,4
Chiapas,2005,Agosto,8,Hombre,35
Chiapas,2005,Agosto,8,Mujer,1
Chiapas,2005,Septiembre,9,Hombre,22
Chiapas,2005,Septiembre,9,Mujer,2
Chiapas,2005,Octubre,10,Hombre,20
Chiapas,2005,Octubre,10,Mujer,2
Chiapas,2005,Noviembre,11,Hombre,20
Chiapas,2005,Noviembre,11,Mujer,3
Chiapas,2005,Diciembre,12,Hombre,26
Chiapas,2005,Diciembre,12,Mujer,5
Chiapas,2006,Enero,1,Hombre,7
Chiapas,2006,Febrero,2,Hombre,32
Chiapas,2006,Febrero,2,Mujer,3
Chiapas,2006,Marzo,3,Hombre,41
Chiapas,2006,Marzo,3,Mujer,12
Chiapas,2006,Abril,4,Hombre,24
Chiapas,2006,Abril,4,Mujer,3
Chiapas,2006,Mayo,5,Hombre,44
Chiapas,2006,Mayo,5,Mujer,3
Chiapas,2006,Junio,6,Hombre,32
Chiapas,2006,Junio,6,Mujer,7
Chiapas,2006,Julio,7,Hombre,54
Chiapas,2006,Julio,7,Mujer,3
Chiapas,2006,Agosto,8,Hombre,48
Chiapas,2006,Agosto,8,Mujer,11
Chiapas,2006,Septiembre,9,Hombre,36
Chiapas,2006,Septiembre,9,Mujer,18
Chiapas,2006,Octubre,10,Hombre,42
Chiapas,2006,Octubre,10,Mujer,8
Chiapas,2006,Noviembre,11,Hombre,45
Chiapas,2006,Noviembre,11,Mujer,8
Chiapas,2006,Diciembre,12,Hombre,31
Chiapas,2006,Diciembre,12,Mujer,3
Chiapas,2007,Enero,1,Hombre,1
Chiapas,2007,Abril,4,Hombre,5
Chiapas,2007,Mayo,5,Hombre,1
Chiapas,2007,Junio,6,Hombre,24
Chiapas,2007,Junio,6,Mujer,3
Chiapas,2007,Julio,7,Hombre,4
Chiapas,2007,Agosto,8,Hombre,13
Chiapas,2007,Agosto,8,Mujer,2
Chiapas,2007,Septiembre,9,Hombre,5
Chiapas,2007,Septiembre,9,Mujer,1
Chiapas,2007,Octubre,10,Hombre,4
Chiapas,2007,Octubre,10,Mujer,2
Chiapas,2007,Noviembre,11,Hombre,28
Chiapas,2007,Noviembre,11,Mujer,4
Chiapas,2008,Enero,1,Hombre,29
Chiapas,2008,Enero,1,Mujer,4
Chiapas,2008,Marzo,3,Hombre,12
Chiapas,2008,Marzo,3,Mujer,2
Chiapas,2008,Abril,4,Hombre,24
Chiapas,2008,Abril,4,Mujer,4
Chiapas,2008,Mayo,5,Hombre,8
Chiapas,2008,Mayo,5,Mujer,1
Chiapas,2008,Junio,6,Hombre,40
Chiapas,2008,Junio,6,Mujer,2
Chiapas,2008,Julio,7,Hombre,22
Chiapas,2008,Julio,7,Mujer,4
Chiapas,2008,Agosto,8,Hombre,17
Chiapas,2008,Agosto,8,Mujer,1
Chiapas,2008,Septiembre,9,Hombre,17
Chiapas,2008,Septiembre,9,Mujer,4
Chiapas,2008,Octubre,10,Hombre,7
Chiapas,2008,Octubre,10,Mujer,2
Chiapas,2008,Noviembre,11,Hombre,14
Chiapas,2008,Noviembre,11,Mujer,3
Chiapas,2008,Diciembre,12,Hombre,34
Chiapas,2008,Diciembre,12,Mujer,4
Chiapas,2009,Enero,1,Hombre,32
Chiapas,2009,Enero,1,Mujer,3
Chiapas,2009,Febrero,2,Hombre,43
Chiapas,2009,Febrero,2,Mujer,4
Chiapas,2009,Marzo,3,Hombre,31
Chiapas,2009,Marzo,3,Mujer,4
Chiapas,2009,Abril,4,Hombre,31
Chiapas,2009,Abril,4,Mujer,9
Chiapas,2009,Mayo,5,Hombre,32
Chiapas,2009,Mayo,5,Mujer,6
Chiapas,2009,Junio,6,Hombre,37
Chiapas,2009,Junio,6,Mujer,6
Chiapas,2009,Julio,7,Hombre,41
Chiapas,2009,Julio,7,Mujer,7
Chiapas,2009,Agosto,8,Hombre,33
Chiapas,2009,Agosto,8,Mujer,3
Chiapas,2009,Septiembre,9,Hombre,40
Chiapas,2009,Septiembre,9,Mujer,6
Chiapas,2009,Octubre,10,Hombre,36
Chiapas,2009,Octubre,10,Mujer,4
Chiapas,2009,Noviembre,11,Hombre,39
Chiapas,2009,Noviembre,11,Mujer,7
Chiapas,2009,Diciembre,12,Hombre,44
Chiapas,2009,Diciembre,12,Mujer,4
Chiapas,2010,Enero,1,Hombre,18
Chiapas,2010,Enero,1,Mujer,2
Chiapas,2010,Febrero,2,Hombre,5
Chiapas,2010,Febrero,2,Mujer,2
Chiapas,2010,Marzo,3,Hombre,7
Chiapas,2010,Marzo,3,Mujer,1
Chiapas,2010,Abril,4,Hombre,14
Chiapas,2010,Abril,4,Mujer,4
Chiapas,2010,Mayo,5,Hombre,14
Chiapas,2010,Junio,6,Hombre,23
Chiapas,2010,Junio,6,Mujer,1
Chiapas,2010,Julio,7,Hombre,16
Chiapas,2010,Julio,7,Mujer,4
Chiapas,2010,Agosto,8,Hombre,10
Chiapas,2010,Septiembre,9,Hombre,18
Chiapas,2010,Septiembre,9,Mujer,1
Chiapas,2010,Octubre,10,Hombre,9
Chiapas,2010,Octubre,10,Mujer,4
Chiapas,2010,Noviembre,11,Hombre,10
Chiapas,2010,Noviembre,11,Mujer,1
Chiapas,2010,Diciembre,12,Hombre,20
Chiapas,2010,Diciembre,12,Mujer,2
Chiapas,2011,Enero,1,Hombre,19
Chiapas,2011,Enero,1,Mujer,4
Chiapas,2011,Febrero,2,Hombre,19
Chiapas,2011,Febrero,2,Mujer,3
Chiapas,2011,Marzo,3,Hombre,1
Chiapas,2011,Marzo,3,Mujer,1
Chiapas,2011,Abril,4,Hombre,23
Chiapas,2011,Abril,4,Mujer,1
Chiapas,2011,Mayo,5,Hombre,21
Chiapas,2011,Mayo,5,Mujer,2
Chiapas,2011,Julio,7,Hombre,30
Chiapas,2011,Julio,7,Mujer,6
Chiapas,2011,Agosto,8,Hombre,28
Chiapas,2011,Agosto,8,Mujer,2
Chiapas,2011,Septiembre,9,Hombre,2
Chiapas,2011,Octubre,10,Hombre,3
Chiapas,2011,Noviembre,11,Hombre,3
Chiapas,2011,Noviembre,11,Mujer,1
Chiapas,2011,Diciembre,12,Hombre,4
Chiapas,2011,Diciembre,12,Mujer,1
Chiapas,2012,Enero,1,Hombre,9
Chiapas,2012,Enero,1,Mujer,2
Chiapas,2012,Febrero,2,Hombre,7
Chiapas,2012,Marzo,3,Hombre,8
Chiapas,2012,Marzo,3,Mujer,1
Chiapas,2012,Abril,4,Hombre,23
Chiapas,2012,Abril,4,Mujer,6
Chiapas,2012,Mayo,5,Hombre,30
Chiapas,2012,Mayo,5,Mujer,3
Chiapas,2012,Junio,6,Hombre,51
Chiapas,2012,Junio,6,Mujer,6
Chiapas,2012,Julio,7,Hombre,49
Chiapas,2012,Julio,7,Mujer,5
Chiapas,2012,Agosto,8,Hombre,29
Chiapas,2012,Agosto,8,Mujer,10
Chiapas,2012,Septiembre,9,Hombre,27
Chiapas,2012,Septiembre,9,Mujer,12
Chiapas,2012,Octubre,10,Hombre,22
Chiapas,2012,Octubre,10,Mujer,2
Chiapas,2012,Noviembre,11,Hombre,36
Chiapas,2012,Noviembre,11,Mujer,3
Chiapas,2012,Diciembre,12,Hombre,32
Chiapas,2012,Diciembre,12,Mujer,7
Chiapas,2013,Enero,1,Hombre,27
Chiapas,2013,Enero,1,Mujer,7
Chiapas,2013,Febrero,2,Hombre,37
Chiapas,2013,Febrero,2,Mujer,7
Chiapas,2013,Marzo,3,Hombre,19
Chiapas,2013,Marzo,3,Mujer,11
Chiapas,2013,Abril,4,Hombre,33
Chiapas,2013,Abril,4,Mujer,4
Chiapas,2013,Mayo,5,Hombre,35
Chiapas,2013,Mayo,5,Mujer,7
Chiapas,2013,Junio,6,Hombre,36
Chiapas,2013,Junio,6,Mujer,4
Chiapas,2013,Julio,7,Hombre,38
Chiapas,2013,Julio,7,Mujer,8
Chiapas,2013,Agosto,8,Hombre,32
Chiapas,2013,Agosto,8,Mujer,8
Chiapas,2013,Septiembre,9,Hombre,31
Chiapas,2013,Septiembre,9,Mujer,6
Chiapas,2013,Octubre,10,Hombre,32
Chiapas,2013,Octubre,10,Mujer,7
Chiapas,2013,Noviembre,11,Hombre,36
Chiapas,2013,Noviembre,11,Mujer,6
Chiapas,2013,Diciembre,12,Hombre,44
Chiapas,2013,Diciembre,12,Mujer,8
Chiapas,2014,Enero,1,Hombre,18
Chiapas,2014,Enero,1,Mujer,4
Chiapas,2014,Febrero,2,Hombre,38
Chiapas,2014,Febrero,2,Mujer,2
Chiapas,2014,Marzo,3,Hombre,33
Chiapas,2014,Marzo,3,Mujer,3
Chiapas,2014,Abril,4,Hombre,34
Chiapas,2014,Abril,4,Mujer,13
Chiapas,2014,Mayo,5,Hombre,36
Chiapas,2014,Mayo,5,Mujer,5
Chiapas,2014,Junio,6,Hombre,31
Chiapas,2014,Junio,6,Mujer,2
Chiapas,2014,Julio,7,Hombre,34
Chiapas,2014,Julio,7,Mujer,6
Chiapas,2014,Agosto,8,Hombre,30
Chiapas,2014,Agosto,8,Mujer,3
Chiapas,2014,Septiembre,9,Hombre,22
Chiapas,2014,Septiembre,9,Mujer,5
Chiapas,2014,Octubre,10,Hombre,30
Chiapas,2014,Octubre,10,Mujer,9
Chiapas,2014,Noviembre,11,Hombre,33
Chiapas,2014,Noviembre,11,Mujer,5
Chiapas,2014,Diciembre,12,Hombre,48
Chiapas,2014,Diciembre,12,Mujer,7
Chiapas,2015,Enero,1,Hombre,22
Chiapas,2015,Enero,1,Mujer,3
Chiapas,2015,Febrero,2,Hombre,26
Chiapas,2015,Febrero,2,Mujer,5
Chiapas,2015,Marzo,3,Hombre,43
Chiapas,2015,Marzo,3,Mujer,4
Chiapas,2015,Abril,4,Hombre,39
Chiapas,2015,Abril,4,Mujer,6
Chiapas,2015,Mayo,5,Hombre,40
Chiapas,2015,Mayo,5,Mujer,4
Chiapas,2015,Junio,6,Hombre,38
Chiapas,2015,Junio,6,Mujer,6
Chiapas,2015,Julio,7,Hombre,32
Chiapas,2015,Julio,7,Mujer,7
Chiapas,2015,Agosto,8,Hombre,47
Chiapas,2015,Agosto,8,Mujer,6
Chiapas,2015,Septiembre,9,Hombre,47
Chiapas,2015,Septiembre,9,Mujer,1
Chiapas,2015,Octubre,10,Hombre,55
Chiapas,2015,Octubre,10,Mujer,10
Chiapas,2015,Noviembre,11,Hombre,40
Chiapas,2015,Noviembre,11,Mujer,5
Chiapas,2015,Diciembre,12,Hombre,40
Chiapas,2015,Diciembre,12,Mujer,7
Chiapas,2016,Enero,1,Hombre,40
Chiapas,2016,Enero,1,Mujer,6
Chiapas,2016,Febrero,2,Hombre,40
Chiapas,2016,Febrero,2,Mujer,8
Chiapas,2016,Marzo,3,Hombre,36
Chiapas,2016,Marzo,3,Mujer,9
Chiapas,2016,Abril,4,Hombre,30
Chiapas,2016,Abril,4,Mujer,8
Chiapas,2016,Mayo,5,Hombre,30
Chiapas,2016,Mayo,5,Mujer,7
Chiapas,2016,Junio,6,Hombre,47
Chiapas,2016,Junio,6,Mujer,4
Chiapas,2016,Julio,7,Hombre,36
Chiapas,2016,Julio,7,Mujer,6
Chiapas,2016,Agosto,8,Hombre,41
Chiapas,2016,Agosto,8,Mujer,2
Chiapas,2016,Septiembre,9,Hombre,35
Chiapas,2016,Septiembre,9,Mujer,5
Chiapas,2016,Octubre,10,Hombre,39
Chiapas,2016,Octubre,10,Mujer,11
Chiapas,2016,Noviembre,11,Hombre,38
Chiapas,2016,Noviembre,11,Mujer,10
Chiapas,2016,Diciembre,12,Hombre,54
Chiapas,2016,Diciembre,12,Mujer,3
Chiapas,2017,Enero,1,Hombre,36
Chiapas,2017,Enero,1,Mujer,4
Chiapas,2017,Febrero,2,Hombre,49
Chiapas,2017,Febrero,2,Mujer,4
Chiapas,2017,Marzo,3,Hombre,39
Chiapas,2017,Marzo,3,Mujer,1
Chiapas,2017,Abril,4,Hombre,42
Chiapas,2017,Abril,4,Mujer,4
Chiapas,2017,Mayo,5,Hombre,44
Chiapas,2017,Mayo,5,Mujer,8
Chiapas,2017,Junio,6,Hombre,50
Chiapas,2017,Junio,6,Mujer,8
Chiapas,2017,Julio,7,Hombre,38
Chiapas,2017,Julio,7,Mujer,3
Chiapas,2017,Agosto,8,Hombre,43
Chiapas,2017,Agosto,8,Mujer,13
Chiapas,2017,Septiembre,9,Hombre,42
Chiapas,2017,Septiembre,9,Mujer,4
Chiapas,2017,Octubre,10,Hombre,43
Chiapas,2017,Octubre,10,Mujer,5
Chiapas,2017,Noviembre,11,Hombre,58
Chiapas,2017,Noviembre,11,Mujer,4
Chiapas,2017,Diciembre,12,Hombre,38
Chiapas,2017,Diciembre,12,Mujer,6
Chiapas,2018,Enero,1,Hombre,36
Chiapas,2018,Enero,1,Mujer,4
Chiapas,2018,Febrero,2,Hombre,39
Chiapas,2018,Febrero,2,Mujer,4
Chiapas,2018,Marzo,3,Hombre,45
Chiapas,2018,Marzo,3,Mujer,4
Chiapas,2018,Abril,4,Hombre,59
Chiapas,2018,Abril,4,Mujer,3
Chiapas,2018,Mayo,5,Hombre,51
Chiapas,2018,Mayo,5,Mujer,6
Chiapas,2018,Junio,6,Hombre,44
Chiapas,2018,Junio,6,Mujer,2
Chiapas,2018,Julio,7,Hombre,47
Chiapas,2018,Julio,7,Mujer,3
Chiapas,2018,Agosto,8,Hombre,64
Chiapas,2018,Agosto,8,Mujer,5
Chiapas,2018,Septiembre,9,Hombre,49
Chiapas,2018,Septiembre,9,Mujer,10
Chiapas,2018,Octubre,10,Hombre,45
Chiapas,2018,Octubre,10,Mujer,1
Chiapas,2018,Noviembre,11,Hombre,56
Chiapas,2018,Noviembre,11,Mujer,6
Chiapas,2018,Diciembre,12,Hombre,51
Chiapas,2018,Diciembre,12,Mujer,2
Chiapas,2019,Enero,1,Hombre,41
Chiapas,2019,Enero,1,Mujer,5
Chiapas,2019,Febrero,2,Hombre,49
Chiapas,2019,Febrero,2,Mujer,6
Chiapas,2019,Marzo,3,Hombre,39
Chiapas,2019,Marzo,3,Mujer,7
Chiapas,2019,Abril,4,Hombre,43
Chiapas,2019,Abril,4,Mujer,3
Chiapas,2019,Mayo,5,Hombre,38
Chiapas,2019,Mayo,5,Mujer,5
Chiapas,2019,Junio,6,Hombre,35
Chiapas,2019,Junio,6,Mujer,5
Chiapas,2019,Julio,7,Hombre,33
Chiapas,2019,Julio,7,Mujer,4
Chiapas,2019,Agosto,8,Hombre,57
Chiapas,2019,Agosto,8,Mujer,8
Chiapas,2019,Septiembre,9,Hombre,47
Chiapas,2019,Septiembre,9,Mujer,8
Chiapas,2019,Octubre,10,Hombre,34
Chiapas,2019,Octubre,10,Mujer,2
Chiapas,2019,Noviembre,11,Hombre,54
Chiapas,2019,Noviembre,11,Mujer,6
Chiapas,2019,Diciembre,12,Hombre,68
Chiapas,2019,Diciembre,12,Mujer,7
Chiapas,2020,Enero,1,Hombre,33
Chiapas,2020,Enero,1,Mujer,5
Chiapas,2020,Febrero,2,Hombre,27
Chiapas,2020,Febrero,2,Mujer,2
Chiapas,2020,Marzo,3,Hombre,26
Chiapas,2020,Marzo,3,Mujer,6
Chiapas,2020,Abril,4,Hombre,30
Chiapas,2020,Abril,4,Mujer,5
Chiapas,2020,Mayo,5,Hombre,27
Chiapas,2020,Mayo,5,Mujer,11
Chiapas,2020,Junio,6,Hombre,28
Chiapas,2020,Junio,6,Mujer,4
Chiapas,2020,Julio,7,Hombre,39
Chiapas,2020,Julio,7,Mujer,5
Chiapas,2020,Agosto,8,Hombre,43
Chiapas,2020,Agosto,8,Mujer,7
Chiapas,2020,Septiembre,9,Hombre,45
Chiapas,2020,Septiembre,9,Mujer,5
Chiapas,2020,Octubre,10,Hombre,44
Chiapas,2020,Octubre,10,Mujer,2
Chiapas,2020,Noviembre,11,Hombre,44
Chiapas,2020,Noviembre,11,Mujer,4
Chiapas,2020,Diciembre,12,Hombre,45
Chiapas,2020,Diciembre,12,Mujer,11
Chiapas,2021,Enero,1,Hombre,38
Chiapas,2021,Enero,1,Mujer,4
Chiapas,2021,Febrero,2,Hombre,31
Chiapas,2021,Febrero,2,Mujer,2
Chiapas,2021,Marzo,3,Hombre,42
Chiapas,2021,Marzo,3,Mujer,5
Chiapas,2021,Abril,4,Hombre,38
Chiapas,2021,Abril,4,Mujer,4
Chiapas,2021,Mayo,5,Hombre,44
Chiapas,2021,Mayo,5,Mujer,8
Chiapas,2021,Junio,6,Hombre,44
Chiapas,2021,Junio,6,Mujer,5
Chiapas,2021,Julio,7,Hombre,40
Chiapas,2021,Julio,7,Mujer,7
Chiapas,2021,Agosto,8,Hombre,48
Chiapas,2021,Agosto,8,Mujer,3
Chiapas,2021,Septiembre,9,Hombre,39
Chiapas,2021,Septiembre,9,Mujer,6
Chiapas,2021,Octubre,10,Hombre,38
Chiapas,2021,Octubre,10,Mujer,5
Chiapas,2021,Noviembre,11,Hombre,29
Chiapas,2021,Noviembre,11,Mujer,3
Chiapas,2021,Diciembre,12,Hombre,44
Chiapas,2021,Diciembre,12,Mujer,8
Chiapas,2022,Enero,1,Hombre,25
Chiapas,2022,Enero,1,Mujer,3
Chiapas,2022,Febrero,2,Hombre,28
Chiapas,2022,Febrero,2,Mujer,8
Chiapas,2022,Marzo,3,Hombre,43
Chiapas,2022,Marzo,3,Mujer,2
Chiapas,2022,Abril,4,Hombre,34
Chiapas,2022,Abril,4,Mujer,7
Chiapas,2022,Mayo,5,Hombre,34
Chiapas,2022,Mayo,5,Mujer,1
Chiapas,2022,Junio,6,Hombre,35
Chiapas,2022,Junio,6,Mujer,4
Chiapas,2022,Julio,7,Hombre,30
Chiapas,2022,Julio,7,Mujer,3
Chiapas,2022,Agosto,8,Hombre,39
Chiapas,2022,Agosto,8,Mujer,7
Chiapas,2022,Septiembre,9,Hombre,31
Chiapas,2022,Septiembre,9,Mujer,5
Chiapas,2022,Octubre,10,Hombre,33
Chiapas,2022,Octubre,10,Mujer,9
Chiapas,2022,Noviembre,11,Hombre,33
Chiapas,2022,Noviembre,11,Mujer,6
Chiapas,2022,Diciembre,12,Hombre,58
Chiapas,2022,Diciembre,12,Mujer,7
Chiapas,2023,Enero,1,Hombre,28
Chiapas,2023,Febrero,2,Hombre,26
Chiapas,2023,Febrero,2,Mujer,6
Chiapas,2023,Marzo,3,Hombre,35
Chiapas,2023,Marzo,3,Mujer,5
Chiapas,2023,Abril,4,Hombre,37
Chiapas,2023,Abril,4,Mujer,5
Chiapas,2023,Mayo,5,Hombre,32
Chiapas,2023,Mayo,5,Mujer,10
Chiapas,2023,Junio,6,Hombre,45
Chiapas,2023,Junio,6,Mujer,3
Chiapas,2023,Julio,7,Hombre,38
Chiapas,2023,Julio,7,Mujer,5
Chiapas,2023,Agosto,8,Hombre,54
Chiapas,2023,Agosto,8,Mujer,3
Chiapas,2023,Septiembre,9,Hombre,47
Chiapas,2023,Septiembre,9,Mujer,5
Chiapas,2023,Octubre,10,Hombre,46
Chiapas,2023,Octubre,10,Mujer,4
Chiapas,2023,Noviembre,11,Hombre,62
Chiapas,2023,Noviembre,11,Mujer,10
Chiapas,2023,Diciembre,12,Hombre,64
Chiapas,2023,Diciembre,12,Mujer,6
Chiapas,2024,Enero,1,Hombre,37
Chiapas,2024,Enero,1,Mujer,4
Chiapas,2024,Febrero,2,Hombre,41
Chiapas,2024,Febrero,2,Mujer,3
Chiapas,2024,Marzo,3,Hombre,51
Chiapas,2024,Marzo,3,Mujer,5
Chiapas,2024,Abril,4,Hombre,85
Chiapas,2024,Abril,4,Mujer,7
Chiapas,2024,Mayo,5,Hombre,83
Chiapas,2024,Mayo,5,Mujer,11
Chiapas,2024,Junio,6,Hombre,65
Chiapas,2024,Junio,6,Mujer,11
Chiapas,2024,Julio,7,Hombre,66
Chiapas,2024,Julio,7,Mujer,3
Chiapas,2024,Agosto,8,Hombre,64
Chiapas,2024,Agosto,8,Mujer,9
Chiapas,2024,Septiembre,9,Hombre,56
Chiapas,2024,Septiembre,9,Mujer,8
Chiapas,2024,Octubre,10,Hombre,69
Chiapas,2024,Octubre,10,Mujer,11
Chiapas,2024,Noviembre,11,Hombre,64
Chiapas,2024,Noviembre,11,Mujer,7
Chiapas,2024,Diciembre,12,Hombre,65
Chiapas,2024,Diciembre,12,Mujer,11
Chihuahua,1990,Enero,1,Hombre,16
Chihuahua,1990,Enero,1,Mujer,1
Chihuahua,1990,Febrero,2,Hombre,24
Chihuahua,1990,Febrero,2,Mujer,1
Chihuahua,1990,Marzo,3,Hombre,26
Chihuahua,1990,Abril,4,Hombre,29
Chihuahua,1990,Abril,4,Mujer,4
Chihuahua,1990,Mayo,5,Hombre,23
Chihuahua,1990,Mayo,5,Mujer,2
Chihuahua,1990,Junio,6,Hombre,18
Chihuahua,1990,Junio,6,Mujer,1
Chihuahua,1990,Julio,7,Hombre,36
Chihuahua,1990,Julio,7,Mujer,2
Chihuahua,1990,Agosto,8,Hombre,27
Chihuahua,1990,Agosto,8,Mujer,2
Chihuahua,1990,Septiembre,9,Hombre,18
Chihuahua,1990,Septiembre,9,Mujer,4
Chihuahua,1990,Octubre,10,Hombre,28
Chihuahua,1990,Octubre,10,Mujer,2
Chihuahua,1990,Noviembre,11,Hombre,21
Chihuahua,1990,Noviembre,11,Mujer,4
Chihuahua,1990,Diciembre,12,Hombre,16
Chihuahua,1990,Diciembre,12,Mujer,2
Chihuahua,1991,Enero,1,Hombre,45
Chihuahua,1991,Enero,1,Mujer,1
Chihuahua,1991,Febrero,2,Hombre,24
Chihuahua,1991,Febrero,2,Mujer,1
Chihuahua,1991,Marzo,3,Hombre,23
Chihuahua,1991,Marzo,3,Mujer,2
Chihuahua,1991,Abril,4,Hombre,56
Chihuahua,1991,Abril,4,Mujer,2
Chihuahua,1991,Mayo,5,Hombre,41
Chihuahua,1991,Mayo,5,Mujer,3
Chihuahua,1991,Junio,6,Hombre,44
Chihuahua,1991,Junio,6,Mujer,9
Chihuahua,1991,Julio,7,Hombre,41
Chihuahua,1991,Julio,7,Mujer,3
Chihuahua,1991,Agosto,8,Hombre,18
Chihuahua,1991,Agosto,8,Mujer,6
Chihuahua,1991,Septiembre,9,Hombre,34
Chihuahua,1991,Octubre,10,Hombre,30
Chihuahua,1991,Octubre,10,Mujer,3
Chihuahua,1991,Noviembre,11,Hombre,25
Chihuahua,1991,Noviembre,11,Mujer,1
Chihuahua,1991,Diciembre,12,Hombre,40
Chihuahua,1991,Diciembre,12,Mujer,2
Chihuahua,1992,Enero,1,Hombre,23
Chihuahua,1992,Febrero,2,Hombre,23
Chihuahua,1992,Febrero,2,Mujer,3
Chihuahua,1992,Marzo,3,Hombre,39
Chihuahua,1992,Marzo,3,Mujer,2
Chihuahua,1992,Abril,4,Hombre,28
Chihuahua,1992,Abril,4,Mujer,5
Chihuahua,1992,Mayo,5,Hombre,38
Chihuahua,1992,Mayo,5,Mujer,2
Chihuahua,1992,Junio,6,Hombre,39
Chihuahua,1992,Junio,6,Mujer,2
Chihuahua,1992,Julio,7,Hombre,44
Chihuahua,1992,Julio,7,Mujer,6
Chihuahua,1992,Agosto,8,Hombre,38
Chihuahua,1992,Agosto,8,Mujer,8
Chihuahua,1992,Septiembre,9,Hombre,31
Chihuahua,1992,Septiembre,9,Mujer,3
Chihuahua,1992,Octubre,10,Hombre,48
Chihuahua,1992,Octubre,10,Mujer,3
Chihuahua,1992,Noviembre,11,Hombre,38
Chihuahua,1992,Noviembre,11,Mujer,2
Chihuahua,1992,Diciembre,12,Hombre,41
Chihuahua,1992,Diciembre,12,Mujer,2
Chihuahua,1993,Enero,1,Hombre,47
Chihuahua,1993,Enero,1,Mujer,6
Chihuahua,1993,Febrero,2,Hombre,15
Chihuahua,1993,Febrero,2,Mujer,4
Chihuahua,1993,Marzo,3,Hombre,25
Chihuahua,1993,Marzo,3,Mujer,1
Chihuahua,1993,Abril,4,Hombre,26
Chihuahua,1993,Abril,4,Mujer,2
Chihuahua,1993,Mayo,5,Hombre,37
Chihuahua,1993,Mayo,5,Mujer,5
Chihuahua,1993,Junio,6,Hombre,41
Chihuahua,1993,Junio,6,Mujer,1
Chihuahua,1993,Julio,7,Hombre,30
Chihuahua,1993,Agosto,8,Hombre,33
Chihuahua,1993,Agosto,8,Mujer,2
Chihuahua,1993,Septiembre,9,Hombre,51
Chihuahua,1993,Septiembre,9,Mujer,6
Chihuahua,1993,Octubre,10,Hombre,47
Chihuahua,1993,Octubre,10,Mujer,1
Chihuahua,1993,Noviembre,11,Hombre,45
Chihuahua,1993,Diciembre,12,Hombre,35
Chihuahua,1993,Diciembre,12,Mujer,4
Chihuahua,1994,Enero,1,Hombre,40
Chihuahua,1994,Enero,1,Mujer,4
Chihuahua,1994,Febrero,2,Hombre,31
Chihuahua,1994,Febrero,2,Mujer,2
Chihuahua,1994,Marzo,3,Hombre,45
Chihuahua,1994,Marzo,3,Mujer,4
Chihuahua,1994,Abril,4,Hombre,36
Chihuahua,1994,Abril,4,Mujer,4
Chihuahua,1994,Mayo,5,Hombre,73
Chihuahua,1994,Mayo,5,Mujer,4
Chihuahua,1994,Junio,6,Hombre,37
Chihuahua,1994,Junio,6,Mujer,5
Chihuahua,1994,Julio,7,Hombre,37
Chihuahua,1994,Julio,7,Mujer,6
Chihuahua,1994,Agosto,8,Hombre,47
Chihuahua,1994,Agosto,8,Mujer,1
Chihuahua,1994,Septiembre,9,Hombre,48
Chihuahua,1994,Septiembre,9,Mujer,6
Chihuahua,1994,Octubre,10,Hombre,42
Chihuahua,1994,Octubre,10,Mujer,3
Chihuahua,1994,Noviembre,11,Hombre,36
Chihuahua,1994,Diciembre,12,Hombre,55
Chihuahua,1994,Diciembre,12,Mujer,1
Chihuahua,1995,Enero,1,Hombre,57
Chihuahua,1995,Enero,1,Mujer,4
Chihuahua,1995,Febrero,2,Hombre,48
Chihuahua,1995,Febrero,2,Mujer,3
Chihuahua,1995,Marzo,3,Hombre,56
Chihuahua,1995,Marzo,3,Mujer,9
Chihuahua,1995,Abril,4,Hombre,42
Chihuahua,1995,Abril,4,Mujer,3
Chihuahua,1995,Mayo,5,Hombre,63
Chihuahua,1995,Mayo,5,Mujer,4
Chihuahua,1995,Junio,6,Hombre,51
Chihuahua,1995,Junio,6,Mujer,4
Chihuahua,1995,Julio,7,Hombre,61
Chihuahua,1995,Julio,7,Mujer,8
Chihuahua,1995,Agosto,8,Hombre,61
Chihuahua,1995,Agosto,8,Mujer,9
Chihuahua,1995,Septiembre,9,Hombre,74
Chihuahua,1995,Septiembre,9,Mujer,8
Chihuahua,1995,Octubre,10,Hombre,70
Chihuahua,1995,Octubre,10,Mujer,4
Chihuahua,1995,Noviembre,11,Hombre,40
Chihuahua,1995,Noviembre,11,Mujer,12
Chihuahua,1995,Diciembre,12,Hombre,48
Chihuahua,1995,Diciembre,12,Mujer,6
Chihuahua,1996,Enero,1,Hombre,44
Chihuahua,1996,Enero,1,Mujer,7
Chihuahua,1996,Febrero,2,Hombre,50
Chihuahua,1996,Febrero,2,Mujer,10
Chihuahua,1996,Marzo,3,Hombre,37
Chihuahua,1996,Marzo,3,Mujer,10
Chihuahua,1996,Abril,4,Hombre,44
Chihuahua,1996,Abril,4,Mujer,4
Chihuahua,1996,Mayo,5,Hombre,59
Chihuahua,1996,Mayo,5,Mujer,4
Chihuahua,1996,Junio,6,Hombre,48
Chihuahua,1996,Junio,6,Mujer,5
Chihuahua,1996,Julio,7,Hombre,58
Chihuahua,1996,Julio,7,Mujer,6
Chihuahua,1996,Agosto,8,Hombre,47
Chihuahua,1996,Agosto,8,Mujer,7
Chihuahua,1996,Septiembre,9,Hombre,38
Chihuahua,1996,Septiembre,9,Mujer,3
Chihuahua,1996,Octubre,10,Hombre,59
Chihuahua,1996,Octubre,10,Mujer,11
Chihuahua,1996,Noviembre,11,Hombre,50
Chihuahua,1996,Noviembre,11,Mujer,4
Chihuahua,1996,Diciembre,12,Hombre,46
Chihuahua,1996,Diciembre,12,Mujer,3
Chihuahua,1997,Enero,1,Hombre,65
Chihuahua,1997,Enero,1,Mujer,2
Chihuahua,1997,Febrero,2,Hombre,32
Chihuahua,1997,Febrero,2,Mujer,11
Chihuahua,1997,Marzo,3,Hombre,52
Chihuahua,1997,Marzo,3,Mujer,5
Chihuahua,1997,Abril,4,Hombre,43
Chihuahua,1997,Abril,4,Mujer,10
Chihuahua,1997,Mayo,5,Hombre,74
Chihuahua,1997,Mayo,5,Mujer,4
Chihuahua,1997,Junio,6,Hombre,45
Chihuahua,1997,Junio,6,Mujer,9
Chihuahua,1997,Julio,7,Hombre,52
Chihuahua,1997,Julio,7,Mujer,3
Chihuahua,1997,Agosto,8,Hombre,37
Chihuahua,1997,Agosto,8,Mujer,3
Chihuahua,1997,Septiembre,9,Hombre,53
Chihuahua,1997,Septiembre,9,Mujer,5
Chihuahua,1997,Octubre,10,Hombre,38
Chihuahua,1997,Octubre,10,Mujer,4
Chihuahua,1997,Noviembre,11,Hombre,27
Chihuahua,1997,Noviembre,11,Mujer,5
Chihuahua,1997,Diciembre,12,Hombre,55
Chihuahua,1997,Diciembre,12,Mujer,7
Chihuahua,1998,Enero,1,Hombre,36
Chihuahua,1998,Enero,1,Mujer,7
Chihuahua,1998,Febrero,2,Hombre,34
Chihuahua,1998,Febrero,2,Mujer,7
Chihuahua,1998,Marzo,3,Hombre,45
Chihuahua,1998,Marzo,3,Mujer,5
Chihuahua,1998,Abril,4,Hombre,36
Chihuahua,1998,Abril,4,Mujer,8
Chihuahua,1998,Mayo,5,Hombre,38
Chihuahua,1998,Mayo,5,Mujer,6
Chihuahua,1998,Junio,6,Hombre,53
Chihuahua,1998,Junio,6,Mujer,4
Chihuahua,1998,Julio,7,Hombre,51
Chihuahua,1998,Julio,7,Mujer,4
Chihuahua,1998,Agosto,8,Hombre,45
Chihuahua,1998,Agosto,8,Mujer,7
Chihuahua,1998,Septiembre,9,Hombre,57
Chihuahua,1998,Septiembre,9,Mujer,7
Chihuahua,1998,Octubre,10,Hombre,39
Chihuahua,1998,Octubre,10,Mujer,5
Chihuahua,1998,Noviembre,11,Hombre,56
Chihuahua,1998,Noviembre,11,Mujer,6
Chihuahua,1998,Diciembre,12,Hombre,54
Chihuahua,1998,Diciembre,12,Mujer,4
Chihuahua,1999,Enero,1,Hombre,59
Chihuahua,1999,Enero,1,Mujer,6
Chihuahua,1999,Febrero,2,Hombre,29
Chihuahua,1999,Febrero,2,Mujer,2
Chihuahua,1999,Marzo,3,Hombre,46
Chihuahua,1999,Marzo,3,Mujer,6
Chihuahua,1999,Abril,4,Hombre,34
Chihuahua,1999,Abril,4,Mujer,4
Chihuahua,1999,Mayo,5,Hombre,47
Chihuahua,1999,Mayo,5,Mujer,3
Chihuahua,1999,Junio,6,Hombre,35
Chihuahua,1999,Junio,6,Mujer,3
Chihuahua,1999,Julio,7,Hombre,43
Chihuahua,1999,Julio,7,Mujer,3
Chihuahua,1999,Agosto,8,Hombre,38
Chihuahua,1999,Agosto,8,Mujer,3
Chihuahua,1999,Septiembre,9,Hombre,39
Chihuahua,1999,Septiembre,9,Mujer,2
Chihuahua,1999,Octubre,10,Hombre,45
Chihuahua,1999,Octubre,10,Mujer,5
Chihuahua,1999,Noviembre,11,Hombre,42
Chihuahua,1999,Noviembre,11,Mujer,5
Chihuahua,1999,Diciembre,12,Hombre,53
Chihuahua,1999,Diciembre,12,Mujer,6
Chihuahua,2000,Enero,1,Hombre,48
Chihuahua,2000,Enero,1,Mujer,10
Chihuahua,2000,Febrero,2,Hombre,41
Chihuahua,2000,Febrero,2,Mujer,3
Chihuahua,2000,Marzo,3,Hombre,33
Chihuahua,2000,Marzo,3,Mujer,7
Chihuahua,2000,Abril,4,Hombre,32
Chihuahua,2000,Abril,4,Mujer,7
Chihuahua,2000,Mayo,5,Hombre,55
Chihuahua,2000,Mayo,5,Mujer,3
Chihuahua,2000,Junio,6,Hombre,53
Chihuahua,2000,Junio,6,Mujer,3
Chihuahua,2000,Julio,7,Hombre,47
Chihuahua,2000,Julio,7,Mujer,6
Chihuahua,2000,Agosto,8,Hombre,56
Chihuahua,2000,Agosto,8,Mujer,6
Chihuahua,2000,Septiembre,9,Hombre,50
Chihuahua,2000,Septiembre,9,Mujer,3
Chihuahua,2000,Octubre,10,Hombre,35
Chihuahua,2000,Octubre,10,Mujer,4
Chihuahua,2000,Noviembre,11,Hombre,49
Chihuahua,2000,Noviembre,11,Mujer,5
Chihuahua,2000,Diciembre,12,Hombre,45
Chihuahua,2000,Diciembre,12,Mujer,3
Chihuahua,2001,Enero,1,Hombre,33
Chihuahua,2001,Enero,1,Mujer,4
Chihuahua,2001,Febrero,2,Hombre,41
Chihuahua,2001,Febrero,2,Mujer,11
Chihuahua,2001,Marzo,3,Hombre,48
Chihuahua,2001,Marzo,3,Mujer,3
Chihuahua,2001,Abril,4,Hombre,49
Chihuahua,2001,Abril,4,Mujer,4
Chihuahua,2001,Mayo,5,Hombre,60
Chihuahua,2001,Mayo,5,Mujer,7
Chihuahua,2001,Junio,6,Hombre,48
Chihuahua,2001,Junio,6,Mujer,9
Chihuahua,2001,Julio,7,Hombre,48
Chihuahua,2001,Julio,7,Mujer,5
Chihuahua,2001,Agosto,8,Hombre,60
Chihuahua,2001,Agosto,8,Mujer,5
Chihuahua,2001,Septiembre,9,Hombre,40
Chihuahua,2001,Septiembre,9,Mujer,6
Chihuahua,2001,Octubre,10,Hombre,56
Chihuahua,2001,Octubre,10,Mujer,9
Chihuahua,2001,Noviembre,11,Hombre,41
Chihuahua,2001,Noviembre,11,Mujer,4
Chihuahua,2001,Diciembre,12,Hombre,44
Chihuahua,2001,Diciembre,12,Mujer,7
Chihuahua,2002,Enero,1,Hombre,45
Chihuahua,2002,Enero,1,Mujer,11
Chihuahua,2002,Febrero,2,Hombre,46
Chihuahua,2002,Febrero,2,Mujer,6
Chihuahua,2002,Marzo,3,Hombre,55
Chihuahua,2002,Marzo,3,Mujer,7
Chihuahua,2002,Abril,4,Hombre,62
Chihuahua,2002,Abril,4,Mujer,10
Chihuahua,2002,Mayo,5,Hombre,52
Chihuahua,2002,Mayo,5,Mujer,3
Chihuahua,2002,Junio,6,Hombre,50
Chihuahua,2002,Junio,6,Mujer,6
Chihuahua,2002,Julio,7,Hombre,56
Chihuahua,2002,Julio,7,Mujer,4
Chihuahua,2002,Agosto,8,Hombre,56
Chihuahua,2002,Agosto,8,Mujer,7
Chihuahua,2002,Septiembre,9,Hombre,40
Chihuahua,2002,Septiembre,9,Mujer,7
Chihuahua,2002,Octubre,10,Hombre,35
Chihuahua,2002,Octubre,10,Mujer,5
Chihuahua,2002,Noviembre,11,Hombre,36
Chihuahua,2002,Noviembre,11,Mujer,9
Chihuahua,2002,Diciembre,12,Hombre,28
Chihuahua,2002,Diciembre,12,Mujer,2
Chihuahua,2003,Enero,1,Hombre,44
Chihuahua,2003,Enero,1,Mujer,8
Chihuahua,2003,Febrero,2,Hombre,33
Chihuahua,2003,Febrero,2,Mujer,10
Chihuahua,2003,Marzo,3,Hombre,32
Chihuahua,2003,Marzo,3,Mujer,6
Chihuahua,2003,Abril,4,Hombre,34
Chihuahua,2003,Abril,4,Mujer,4
Chihuahua,2003,Mayo,5,Hombre,40
Chihuahua,2003,Mayo,5,Mujer,9
Chihuahua,2003,Junio,6,Hombre,43
Chihuahua,2003,Junio,6,Mujer,3
Chihuahua,2003,Julio,7,Hombre,40
Chihuahua,2003,Julio,7,Mujer,8
Chihuahua,2003,Agosto,8,Hombre,25
Chihuahua,2003,Agosto,8,Mujer,3
Chihuahua,2003,Septiembre,9,Hombre,31
Chihuahua,2003,Septiembre,9,Mujer,6
Chihuahua,2003,Octubre,10,Hombre,37
Chihuahua,2003,Octubre,10,Mujer,2
Chihuahua,2003,Noviembre,11,Hombre,56
Chihuahua,2003,Noviembre,11,Mujer,4
Chihuahua,2003,Diciembre,12,Hombre,40
Chihuahua,2003,Diciembre,12,Mujer,3
Chihuahua,2004,Enero,1,Hombre,38
Chihuahua,2004,Enero,1,Mujer,2
Chihuahua,2004,Febrero,2,Hombre,40
Chihuahua,2004,Febrero,2,Mujer,2
Chihuahua,2004,Marzo,3,Hombre,35
Chihuahua,2004,Marzo,3,Mujer,5
Chihuahua,2004,Abril,4,Hombre,31
Chihuahua,2004,Abril,4,Mujer,5
Chihuahua,2004,Mayo,5,Hombre,37
Chihuahua,2004,Mayo,5,Mujer,6
Chihuahua,2004,Junio,6,Hombre,43
Chihuahua,2004,Junio,6,Mujer,4
Chihuahua,2004,Julio,7,Hombre,31
Chihuahua,2004,Julio,7,Mujer,2
Chihuahua,2004,Agosto,8,Hombre,49
Chihuahua,2004,Agosto,8,Mujer,7
Chihuahua,2004,Septiembre,9,Hombre,31
Chihuahua,2004,Septiembre,9,Mujer,5
Chihuahua,2004,Octubre,10,Hombre,25
Chihuahua,2004,Octubre,10,Mujer,2
Chihuahua,2004,Noviembre,11,Hombre,25
Chihuahua,2004,Noviembre,11,Mujer,3
Chihuahua,2004,Diciembre,12,Hombre,34
Chihuahua,2004,Diciembre,12,Mujer,4
Chihuahua,2005,Enero,1,Hombre,45
Chihuahua,2005,Enero,1,Mujer,4
Chihuahua,2005,Febrero,2,Hombre,50
Chihuahua,2005,Febrero,2,Mujer,5
Chihuahua,2005,Marzo,3,Hombre,53
Chihuahua,2005,Marzo,3,Mujer,5
Chihuahua,2005,Abril,4,Hombre,35
Chihuahua,2005,Abril,4,Mujer,3
Chihuahua,2005,Mayo,5,Hombre,39
Chihuahua,2005,Mayo,5,Mujer,3
Chihuahua,2005,Junio,6,Hombre,63
Chihuahua,2005,Junio,6,Mujer,5
Chihuahua,2005,Julio,7,Hombre,27
Chihuahua,2005,Julio,7,Mujer,7
Chihuahua,2005,Agosto,8,Hombre,32
Chihuahua,2005,Agosto,8,Mujer,8
Chihuahua,2005,Septiembre,9,Hombre,33
Chihuahua,2005,Septiembre,9,Mujer,4
Chihuahua,2005,Octubre,10,Hombre,49
Chihuahua,2005,Octubre,10,Mujer,6
Chihuahua,2005,Noviembre,11,Hombre,32
Chihuahua,2005,Noviembre,11,Mujer,3
Chihuahua,2005,Diciembre,12,Hombre,48
Chihuahua,2005,Diciembre,12,Mujer,4
Chihuahua,2006,Enero,1,Hombre,49
Chihuahua,2006,Enero,1,Mujer,5
Chihuahua,2006,Febrero,2,Hombre,51
Chihuahua,2006,Febrero,2,Mujer,9
Chihuahua,2006,Marzo,3,Hombre,48
Chihuahua,2006,Marzo,3,Mujer,5
Chihuahua,2006,Abril,4,Hombre,42
Chihuahua,2006,Abril,4,Mujer,8
Chihuahua,2006,Mayo,5,Hombre,57
Chihuahua,2006,Mayo,5,Mujer,7
Chihuahua,2006,Junio,6,Hombre,56
Chihuahua,2006,Junio,6,Mujer,5
Chihuahua,2006,Julio,7,Hombre,38
Chihuahua,2006,Julio,7,Mujer,4
Chihuahua,2006,Agosto,8,Hombre,39
Chihuahua,2006,Agosto,8,Mujer,4
Chihuahua,2006,Septiembre,9,Hombre,48
Chihuahua,2006,Septiembre,9,Mujer,7
Chihuahua,2006,Octubre,10,Hombre,44
Chihuahua,2006,Octubre,10,Mujer,3
Chihuahua,2006,Noviembre,11,Hombre,59
Chihuahua,2006,Noviembre,11,Mujer,1
Chihuahua,2006,Diciembre,12,Hombre,44
Chihuahua,2006,Diciembre,12,Mujer,4
Chihuahua,2007,Enero,1,Hombre,26
Chihuahua,2007,Enero,1,Mujer,4
Chihuahua,2007,Febrero,2,Hombre,26
Chihuahua,2007,Febrero,2,Mujer,2
Chihuahua,2007,Marzo,3,Hombre,36
Chihuahua,2007,Marzo,3,Mujer,8
Chihuahua,2007,Abril,4,Hombre,33
Chihuahua,2007,Abril,4,Mujer,2
Chihuahua,2007,Mayo,5,Hombre,43
Chihuahua,2007,Mayo,5,Mujer,3
Chihuahua,2007,Junio,6,Hombre,44
Chihuahua,2007,Junio,6,Mujer,2
Chihuahua,2007,Julio,7,Hombre,33
Chihuahua,2007,Julio,7,Mujer,4
Chihuahua,2007,Agosto,8,Hombre,35
Chihuahua,2007,Agosto,8,Mujer,6
Chihuahua,2007,Septiembre,9,Hombre,44
Chihuahua,2007,Septiembre,9,Mujer,3
Chihuahua,2007,Octubre,10,Hombre,42
Chihuahua,2007,Octubre,10,Mujer,8
Chihuahua,2007,Noviembre,11,Hombre,34
Chihuahua,2007,Noviembre,11,Mujer,5
Chihuahua,2007,Diciembre,12,Hombre,41
Chihuahua,2007,Diciembre,12,Mujer,2
Chihuahua,2008,Enero,1,Hombre,54
Chihuahua,2008,Enero,1,Mujer,8
Chihuahua,2008,Febrero,2,Hombre,90
Chihuahua,2008,Febrero,2,Mujer,10
Chihuahua,2008,Marzo,3,Hombre,155
Chihuahua,2008,Marzo,3,Mujer,10
Chihuahua,2008,Abril,4,Hombre,103
Chihuahua,2008,Abril,4,Mujer,8
Chihuahua,2008,Mayo,5,Hombre,190
Chihuahua,2008,Mayo,5,Mujer,10
Chihuahua,2008,Junio,6,Hombre,226
Chihuahua,2008,Junio,6,Mujer,22
Chihuahua,2008,Julio,7,Hombre,202
Chihuahua,2008,Julio,7,Mujer,13
Chihuahua,2008,Agosto,8,Hombre,282
Chihuahua,2008,Agosto,8,Mujer,18
Chihuahua,2008,Septiembre,9,Hombre,195
Chihuahua,2008,Septiembre,9,Mujer,11
Chihuahua,2008,Octubre,10,Hombre,311
Chihuahua,2008,Octubre,10,Mujer,14
Chihuahua,2008,Noviembre,11,Hombre,288
Chihuahua,2008,Noviembre,11,Mujer,31
Chihuahua,2008,Diciembre,12,Hombre,308
Chihuahua,2008,Diciembre,12,Mujer,23
Chihuahua,2009,Enero,1,Hombre,208
Chihuahua,2009,Enero,1,Mujer,7
Chihuahua,2009,Febrero,2,Hombre,321
Chihuahua,2009,Febrero,2,Mujer,15
Chihuahua,2009,Marzo,3,Hombre,174
Chihuahua,2009,Marzo,3,Mujer,13
Chihuahua,2009,Abril,4,Hombre,145
Chihuahua,2009,Abril,4,Mujer,8
Chihuahua,2009,Mayo,5,Hombre,165
Chihuahua,2009,Mayo,5,Mujer,17
Chihuahua,2009,Junio,6,Hombre,309
Chihuahua,2009,Junio,6,Mujer,14
Chihuahua,2009,Julio,7,Hombre,312
Chihuahua,2009,Julio,7,Mujer,12
Chihuahua,2009,Agosto,8,Hombre,317
Chihuahua,2009,Agosto,8,Mujer,23
Chihuahua,2009,Septiembre,9,Hombre,388
Chihuahua,2009,Septiembre,9,Mujer,27
Chihuahua,2009,Octubre,10,Hombre,352
Chihuahua,2009,Octubre,10,Mujer,24
Chihuahua,2009,Noviembre,11,Hombre,302
Chihuahua,2009,Noviembre,11,Mujer,19
Chihuahua,2009,Diciembre,12,Hombre,361
Chihuahua,2009,Diciembre,12,Mujer,36
Chihuahua,2010,Enero,1,Hombre,366
Chihuahua,2010,Enero,1,Mujer,34
Chihuahua,2010,Febrero,2,Hombre,345
Chihuahua,2010,Febrero,2,Mujer,26
Chihuahua,2010,Marzo,3,Hombre,416
Chihuahua,2010,Marzo,3,Mujer,38
Chihuahua,2010,Abril,4,Hombre,370
Chihuahua,2010,Abril,4,Mujer,48
Chihuahua,2010,Mayo,5,Hombre,535
Chihuahua,2010,Mayo,5,Mujer,35
Chihuahua,2010,Junio,6,Hombre,521
Chihuahua,2010,Junio,6,Mujer,53
Chihuahua,2010,Julio,7,Hombre,537
Chihuahua,2010,Julio,7,Mujer,60
Chihuahua,2010,Agosto,8,Hombre,648
Chihuahua,2010,Agosto,8,Mujer,57
Chihuahua,2010,Septiembre,9,Hombre,584
Chihuahua,2010,Septiembre,9,Mujer,76
Chihuahua,2010,Octubre,10,Hombre,584
Chihuahua,2010,Octubre,10,Mujer,83
Chihuahua,2010,Noviembre,11,Hombre,377
Chihuahua,2010,Noviembre,11,Mujer,33
Chihuahua,2010,Diciembre,12,Hombre,487
Chihuahua,2010,Diciembre,12,Mujer,35
Chihuahua,2011,Enero,1,Hombre,396
Chihuahua,2011,Enero,1,Mujer,23
Chihuahua,2011,Febrero,2,Hombre,373
Chihuahua,2011,Febrero,2,Mujer,60
Chihuahua,2011,Marzo,3,Hombre,442
Chihuahua,2011,Marzo,3,Mujer,30
Chihuahua,2011,Abril,4,Hombre,359
Chihuahua,2011,Abril,4,Mujer,32
Chihuahua,2011,Mayo,5,Hombre,329
Chihuahua,2011,Mayo,5,Mujer,34
Chihuahua,2011,Junio,6,Hombre,367
Chihuahua,2011,Junio,6,Mujer,35
Chihuahua,2011,Julio,7,Hombre,351
Chihuahua,2011,Julio,7,Mujer,30
Chihuahua,2011,Agosto,8,Hombre,318
Chihuahua,2011,Agosto,8,Mujer,42
Chihuahua,2011,Septiembre,9,Hombre,227
Chihuahua,2011,Septiembre,9,Mujer,32
Chihuahua,2011,Octubre,10,Hombre,299
Chihuahua,2011,Octubre,10,Mujer,28
Chihuahua,2011,Noviembre,11,Hombre,317
Chihuahua,2011,Noviembre,11,Mujer,29
Chihuahua,2011,Diciembre,12,Hombre,261
Chihuahua,2011,Diciembre,12,Mujer,34
Chihuahua,2012,Enero,1,Hombre,299
Chihuahua,2012,Enero,1,Mujer,22
Chihuahua,2012,Febrero,2,Hombre,204
Chihuahua,2012,Febrero,2,Mujer,30
Chihuahua,2012,Marzo,3,Hombre,255
Chihuahua,2012,Marzo,3,Mujer,29
Chihuahua,2012,Abril,4,Hombre,287
Chihuahua,2012,Abril,4,Mujer,30
Chihuahua,2012,Mayo,5,Hombre,251
Chihuahua,2012,Mayo,5,Mujer,25
Chihuahua,2012,Junio,6,Hombre,211
Chihuahua,2012,Junio,6,Mujer,21
Chihuahua,2012,Julio,7,Hombre,185
Chihuahua,2012,Julio,7,Mujer,17
Chihuahua,2012,Agosto,8,Hombre,200
Chihuahua,2012,Agosto,8,Mujer,19
Chihuahua,2012,Septiembre,9,Hombre,164
Chihuahua,2012,Septiembre,9,Mujer,19
Chihuahua,2012,Octubre,10,Hombre,115
Chihuahua,2012,Octubre,10,Mujer,17
Chihuahua,2012,Noviembre,11,Hombre,165
Chihuahua,2012,Noviembre,11,Mujer,14
Chihuahua,2012,Diciembre,12,Hombre,117
Chihuahua,2012,Diciembre,12,Mujer,21
Chihuahua,2013,Enero,1,Hombre,143
Chihuahua,2013,Enero,1,Mujer,11
Chihuahua,2013,Febrero,2,Hombre,121
Chihuahua,2013,Febrero,2,Mujer,13
Chihuahua,2013,Marzo,3,Hombre,161
Chihuahua,2013,Marzo,3,Mujer,21
Chihuahua,2013,Abril,4,Hombre,175
Chihuahua,2013,Abril,4,Mujer,19
Chihuahua,2013,Mayo,5,Hombre,169
Chihuahua,2013,Mayo,5,Mujer,13
Chihuahua,2013,Junio,6,Hombre,142
Chihuahua,2013,Junio,6,Mujer,18
Chihuahua,2013,Julio,7,Hombre,158
Chihuahua,2013,Julio,7,Mujer,14
Chihuahua,2013,Agosto,8,Hombre,156
Chihuahua,2013,Agosto,8,Mujer,15
Chihuahua,2013,Septiembre,9,Hombre,120
Chihuahua,2013,Septiembre,9,Mujer,15
Chihuahua,2013,Octubre,10,Hombre,129
Chihuahua,2013,Octubre,10,Mujer,16
Chihuahua,2013,Noviembre,11,Hombre,108
Chihuahua,2013,Noviembre,11,Mujer,13
Chihuahua,2013,Diciembre,12,Hombre,109
Chihuahua,2013,Diciembre,12,Mujer,9
Chihuahua,2014,Enero,1,Hombre,117
Chihuahua,2014,Enero,1,Mujer,11
Chihuahua,2014,Febrero,2,Hombre,94
Chihuahua,2014,Febrero,2,Mujer,14
Chihuahua,2014,Marzo,3,Hombre,115
Chihuahua,2014,Marzo,3,Mujer,12
Chihuahua,2014,Abril,4,Hombre,114
Chihuahua,2014,Abril,4,Mujer,20
Chihuahua,2014,Mayo,5,Hombre,108
Chihuahua,2014,Mayo,5,Mujer,21
Chihuahua,2014,Junio,6,Hombre,109
Chihuahua,2014,Junio,6,Mujer,7
Chihuahua,2014,Julio,7,Hombre,107
Chihuahua,2014,Julio,7,Mujer,11
Chihuahua,2014,Agosto,8,Hombre,95
Chihuahua,2014,Agosto,8,Mujer,13
Chihuahua,2014,Septiembre,9,Hombre,90
Chihuahua,2014,Septiembre,9,Mujer,14
Chihuahua,2014,Octubre,10,Hombre,89
Chihuahua,2014,Octubre,10,Mujer,9
Chihuahua,2014,Noviembre,11,Hombre,107
Chihuahua,2014,Noviembre,11,Mujer,9
Chihuahua,2014,Diciembre,12,Hombre,117
Chihuahua,2014,Diciembre,12,Mujer,10
Chihuahua,2015,Enero,1,Hombre,115
Chihuahua,2015,Enero,1,Mujer,14
Chihuahua,2015,Febrero,2,Hombre,80
Chihuahua,2015,Febrero,2,Mujer,10
Chihuahua,2015,Marzo,3,Hombre,98
Chihuahua,2015,Marzo,3,Mujer,18
Chihuahua,2015,Abril,4,Hombre,73
Chihuahua,2015,Abril,4,Mujer,5
Chihuahua,2015,Mayo,5,Hombre,145
Chihuahua,2015,Mayo,5,Mujer,15
Chihuahua,2015,Junio,6,Hombre,105
Chihuahua,2015,Junio,6,Mujer,14
Chihuahua,2015,Julio,7,Hombre,131
Chihuahua,2015,Julio,7,Mujer,7
Chihuahua,2015,Agosto,8,Hombre,100
Chihuahua,2015,Agosto,8,Mujer,9
Chihuahua,2015,Septiembre,9,Hombre,85
Chihuahua,2015,Septiembre,9,Mujer,11
Chihuahua,2015,Octubre,10,Hombre,71
Chihuahua,2015,Octubre,10,Mujer,10
Chihuahua,2015,Noviembre,11,Hombre,75
Chihuahua,2015,Noviembre,11,Mujer,7
Chihuahua,2015,Diciembre,12,Hombre,82
Chihuahua,2015,Diciembre,12,Mujer,9
Chihuahua,2016,Enero,1,Hombre,93
Chihuahua,2016,Enero,1,Mujer,4
Chihuahua,2016,Febrero,2,Hombre,96
Chihuahua,2016,Febrero,2,Mujer,4
Chihuahua,2016,Marzo,3,Hombre,80
Chihuahua,2016,Marzo,3,Mujer,7
Chihuahua,2016,Abril,4,Hombre,112
Chihuahua,2016,Abril,4,Mujer,12
Chihuahua,2016,Mayo,5,Hombre,116
Chihuahua,2016,Mayo,5,Mujer,12
Chihuahua,2016,Junio,6,Hombre,102
Chihuahua,2016,Junio,6,Mujer,18
Chihuahua,2016,Julio,7,Hombre,114
Chihuahua,2016,Julio,7,Mujer,18
Chihuahua,2016,Agosto,8,Hombre,133
Chihuahua,2016,Agosto,8,Mujer,20
Chihuahua,2016,Septiembre,9,Hombre,138
Chihuahua,2016,Septiembre,9,Mujer,10
Chihuahua,2016,Octubre,10,Hombre,195
Chihuahua,2016,Octubre,10,Mujer,15
Chihuahua,2016,Noviembre,11,Hombre,102
Chihuahua,2016,Noviembre,11,Mujer,13
Chihuahua,2016,Diciembre,12,Hombre,129
Chihuahua,2016,Diciembre,12,Mujer,19
Chihuahua,2017,Enero,1,Hombre,128
Chihuahua,2017,Enero,1,Mujer,12
Chihuahua,2017,Febrero,2,Hombre,168
Chihuahua,2017,Febrero,2,Mujer,15
Chihuahua,2017,Marzo,3,Hombre,133
Chihuahua,2017,Marzo,3,Mujer,22
Chihuahua,2017,Abril,4,Hombre,105
Chihuahua,2017,Abril,4,Mujer,12
Chihuahua,2017,Mayo,5,Hombre,159
Chihuahua,2017,Mayo,5,Mujer,17
Chihuahua,2017,Junio,6,Hombre,195
Chihuahua,2017,Junio,6,Mujer,28
Chihuahua,2017,Julio,7,Hombre,160
Chihuahua,2017,Julio,7,Mujer,19
Chihuahua,2017,Agosto,8,Hombre,128
Chihuahua,2017,Agosto,8,Mujer,23
Chihuahua,2017,Septiembre,9,Hombre,191
Chihuahua,2017,Septiembre,9,Mujer,24
Chihuahua,2017,Octubre,10,Hombre,162
Chihuahua,2017,Octubre,10,Mujer,22
Chihuahua,2017,Noviembre,11,Hombre,170
Chihuahua,2017,Noviembre,11,Mujer,29
Chihuahua,2017,Diciembre,12,Hombre,224
Chihuahua,2017,Diciembre,12,Mujer,27
Chihuahua,2018,Enero,1,Hombre,168
Chihuahua,2018,Enero,1,Mujer,16
Chihuahua,2018,Febrero,2,Hombre,148
Chihuahua,2018,Febrero,2,Mujer,15
Chihuahua,2018,Marzo,3,Hombre,142
Chihuahua,2018,Marzo,3,Mujer,10
Chihuahua,2018,Abril,4,Hombre,133
Chihuahua,2018,Abril,4,Mujer,15
Chihuahua,2018,Mayo,5,Hombre,227
Chihuahua,2018,Mayo,5,Mujer,26
Chihuahua,2018,Junio,6,Hombre,265
Chihuahua,2018,Junio,6,Mujer,29
Chihuahua,2018,Julio,7,Hombre,267
Chihuahua,2018,Julio,7,Mujer,36
Chihuahua,2018,Agosto,8,Hombre,266
Chihuahua,2018,Agosto,8,Mujer,29
Chihuahua,2018,Septiembre,9,Hombre,150
Chihuahua,2018,Septiembre,9,Mujer,16
Chihuahua,2018,Octubre,10,Hombre,167
Chihuahua,2018,Octubre,10,Mujer,14
Chihuahua,2018,Noviembre,11,Hombre,178
Chihuahua,2018,Noviembre,11,Mujer,25
Chihuahua,2018,Diciembre,12,Hombre,174
Chihuahua,2018,Diciembre,12,Mujer,16
Chihuahua,2019,Enero,1,Hombre,209
Chihuahua,2019,Enero,1,Mujer,22
Chihuahua,2019,Febrero,2,Hombre,191
Chihuahua,2019,Febrero,2,Mujer,18
Chihuahua,2019,Marzo,3,Hombre,205
Chihuahua,2019,Marzo,3,Mujer,18
Chihuahua,2019,Abril,4,Hombre,276
Chihuahua,2019,Abril,4,Mujer,31
Chihuahua,2019,Mayo,5,Hombre,267
Chihuahua,2019,Mayo,5,Mujer,32
Chihuahua,2019,Junio,6,Hombre,224
Chihuahua,2019,Junio,6,Mujer,25
Chihuahua,2019,Julio,7,Hombre,222
Chihuahua,2019,Julio,7,Mujer,27
Chihuahua,2019,Agosto,8,Hombre,193
Chihuahua,2019,Agosto,8,Mujer,27
Chihuahua,2019,Septiembre,9,Hombre,196
Chihuahua,2019,Septiembre,9,Mujer,21
Chihuahua,2019,Octubre,10,Hombre,220
Chihuahua,2019,Octubre,10,Mujer,23
Chihuahua,2019,Noviembre,11,Hombre,216
Chihuahua,2019,Noviembre,11,Mujer,28
Chihuahua,2019,Diciembre,12,Hombre,137
Chihuahua,2019,Diciembre,12,Mujer,35
Chihuahua,2020,Enero,1,Hombre,180
Chihuahua,2020,Enero,1,Mujer,18
Chihuahua,2020,Febrero,2,Hombre,175
Chihuahua,2020,Febrero,2,Mujer,18
Chihuahua,2020,Marzo,3,Hombre,238
Chihuahua,2020,Marzo,3,Mujer,22
Chihuahua,2020,Abril,4,Hombre,218
Chihuahua,2020,Abril,4,Mujer,34
Chihuahua,2020,Mayo,5,Hombre,259
Chihuahua,2020,Mayo,5,Mujer,33
Chihuahua,2020,Junio,6,Hombre,276
Chihuahua,2020,Junio,6,Mujer,25
Chihuahua,2020,Julio,7,Hombre,237
Chihuahua,2020,Julio,7,Mujer,28
Chihuahua,2020,Agosto,8,Hombre,275
Chihuahua,2020,Agosto,8,Mujer,37
Chihuahua,2020,Septiembre,9,Hombre,166
Chihuahua,2020,Septiembre,9,Mujer,30
Chihuahua,2020,Octubre,10,Hombre,246
Chihuahua,2020,Octubre,10,Mujer,19
Chihuahua,2020,Noviembre,11,Hombre,155
Chihuahua,2020,Noviembre,11,Mujer,15
Chihuahua,2020,Diciembre,12,Hombre,162
Chihuahua,2020,Diciembre,12,Mujer,21
Chihuahua,2021,Enero,1,Hombre,154
Chihuahua,2021,Enero,1,Mujer,28
Chihuahua,2021,Febrero,2,Hombre,160
Chihuahua,2021,Febrero,2,Mujer,23
Chihuahua,2021,Marzo,3,Hombre,184
Chihuahua,2021,Marzo,3,Mujer,30
Chihuahua,2021,Abril,4,Hombre,182
Chihuahua,2021,Abril,4,Mujer,23
Chihuahua,2021,Mayo,5,Hombre,199
Chihuahua,2021,Mayo,5,Mujer,38
Chihuahua,2021,Junio,6,Hombre,208
Chihuahua,2021,Junio,6,Mujer,21
Chihuahua,2021,Julio,7,Hombre,227
Chihuahua,2021,Julio,7,Mujer,27
Chihuahua,2021,Agosto,8,Hombre,190
Chihuahua,2021,Agosto,8,Mujer,33
Chihuahua,2021,Septiembre,9,Hombre,162
Chihuahua,2021,Septiembre,9,Mujer,17
Chihuahua,2021,Octubre,10,Hombre,199
Chihuahua,2021,Octubre,10,Mujer,44
Chihuahua,2021,Noviembre,11,Hombre,152
Chihuahua,2021,Noviembre,11,Mujer,12
Chihuahua,2021,Diciembre,12,Hombre,224
Chihuahua,2021,Diciembre,12,Mujer,20
Chihuahua,2022,Enero,1,Hombre,117
Chihuahua,2022,Enero,1,Mujer,19
Chihuahua,2022,Febrero,2,Hombre,126
Chihuahua,2022,Febrero,2,Mujer,22
Chihuahua,2022,Marzo,3,Hombre,113
Chihuahua,2022,Marzo,3,Mujer,16
Chihuahua,2022,Abril,4,Hombre,120
Chihuahua,2022,Abril,4,Mujer,18
Chihuahua,2022,Mayo,5,Hombre,181
Chihuahua,2022,Mayo,5,Mujer,24
Chihuahua,2022,Junio,6,Hombre,189
Chihuahua,2022,Junio,6,Mujer,23
Chihuahua,2022,Julio,7,Hombre,162
Chihuahua,2022,Julio,7,Mujer,22
Chihuahua,2022,Agosto,8,Hombre,152
Chihuahua,2022,Agosto,8,Mujer,20
Chihuahua,2022,Septiembre,9,Hombre,207
Chihuahua,2022,Septiembre,9,Mujer,29
Chihuahua,2022,Octubre,10,Hombre,184
Chihuahua,2022,Octubre,10,Mujer,19
Chihuahua,2022,Noviembre,11,Hombre,140
Chihuahua,2022,Noviembre,11,Mujer,16
Chihuahua,2022,Diciembre,12,Hombre,123
Chihuahua,2022,Diciembre,12,Mujer,11
Chihuahua,2023,Enero,1,Hombre,175
Chihuahua,2023,Enero,1,Mujer,17
Chihuahua,2023,Febrero,2,Hombre,145
Chihuahua,2023,Febrero,2,Mujer,17
Chihuahua,2023,Marzo,3,Hombre,187
Chihuahua,2023,Marzo,3,Mujer,33
Chihuahua,2023,Abril,4,Hombre,127
Chihuahua,2023,Abril,4,Mujer,16
Chihuahua,2023,Mayo,5,Hombre,177
Chihuahua,2023,Mayo,5,Mujer,18
Chihuahua,2023,Junio,6,Hombre,167
Chihuahua,2023,Junio,6,Mujer,24
Chihuahua,2023,Julio,7,Hombre,120
Chihuahua,2023,Julio,7,Mujer,22
Chihuahua,2023,Agosto,8,Hombre,205
Chihuahua,2023,Agosto,8,Mujer,28
Chihuahua,2023,Septiembre,9,Hombre,173
Chihuahua,2023,Septiembre,9,Mujer,25
Chihuahua,2023,Octubre,10,Hombre,147
Chihuahua,2023,Octubre,10,Mujer,13
Chihuahua,2023,Noviembre,11,Hombre,169
Chihuahua,2023,Noviembre,11,Mujer,26
Chihuahua,2023,Diciembre,12,Hombre,176
Chihuahua,2023,Diciembre,12,Mujer,32
Chihuahua,2024,Enero,1,Hombre,202
Chihuahua,2024,Enero,1,Mujer,17
Chihuahua,2024,Febrero,2,Hombre,132
Chihuahua,2024,Febrero,2,Mujer,22
Chihuahua,2024,Marzo,3,Hombre,137
Chihuahua,2024,Marzo,3,Mujer,15
Chihuahua,2024,Abril,4,Hombre,147
Chihuahua,2024,Abril,4,Mujer,18
Chihuahua,2024,Mayo,5,Hombre,157
Chihuahua,2024,Mayo,5,Mujer,17
Chihuahua,2024,Junio,6,Hombre,188
Chihuahua,2024,Junio,6,Mujer,21
Chihuahua,2024,Julio,7,Hombre,156
Chihuahua,2024,Julio,7,Mujer,22
Chihuahua,2024,Agosto,8,Hombre,150
Chihuahua,2024,Agosto,8,Mujer,14
Chihuahua,2024,Septiembre,9,Hombre,168
Chihuahua,2024,Septiembre,9,Mujer,30
Chihuahua,2024,Octubre,10,Hombre,162
Chihuahua,2024,Octubre,10,Mujer,16
Chihuahua,2024,Noviembre,11,Hombre,164
Chihuahua,2024,Noviembre,11,Mujer,14
Chihuahua,2024,Diciembre,12,Hombre,162
Chihuahua,2024,Diciembre,12,Mujer,15
Ciudad de M�xico,1990,Enero,1,Hombre,101
Ciudad de M�xico,1990,Enero,1,Mujer,9
Ciudad de M�xico,1990,Febrero,2,Hombre,85
Ciudad de M�xico,1990,Febrero,2,Mujer,8
Ciudad de M�xico,1990,Marzo,3,Hombre,75
Ciudad de M�xico,1990,Marzo,3,Mujer,8
Ciudad de M�xico,1990,Abril,4,Hombre,92
Ciudad de M�xico,1990,Abril,4,Mujer,8
Ciudad de M�xico,1990,Mayo,5,Hombre,92
Ciudad de M�xico,1990,Mayo,5,Mujer,12
Ciudad de M�xico,1990,Junio,6,Hombre,79
Ciudad de M�xico,1990,Junio,6,Mujer,12
Ciudad de M�xico,1990,Julio,7,Hombre,101
Ciudad de M�xico,1990,Julio,7,Mujer,14
Ciudad de M�xico,1990,Agosto,8,Hombre,87
Ciudad de M�xico,1990,Agosto,8,Mujer,10
Ciudad de M�xico,1990,Septiembre,9,Hombre,101
Ciudad de M�xico,1990,Septiembre,9,Mujer,10
Ciudad de M�xico,1990,Octubre,10,Hombre,100
Ciudad de M�xico,1990,Octubre,10,Mujer,15
Ciudad de M�xico,1990,Noviembre,11,Hombre,89
Ciudad de M�xico,1990,Noviembre,11,Mujer,16
Ciudad de M�xico,1990,Diciembre,12,Hombre,116
Ciudad de M�xico,1990,Diciembre,12,Mujer,18
Ciudad de M�xico,1991,Enero,1,Hombre,86
Ciudad de M�xico,1991,Enero,1,Mujer,16
Ciudad de M�xico,1991,Febrero,2,Hombre,78
Ciudad de M�xico,1991,Febrero,2,Mujer,9
Ciudad de M�xico,1991,Marzo,3,Hombre,89
Ciudad de M�xico,1991,Marzo,3,Mujer,6
Ciudad de M�xico,1991,Abril,4,Hombre,82
Ciudad de M�xico,1991,Abril,4,Mujer,5
Ciudad de M�xico,1991,Mayo,5,Hombre,92
Ciudad de M�xico,1991,Mayo,5,Mujer,6
Ciudad de M�xico,1991,Junio,6,Hombre,83
Ciudad de M�xico,1991,Junio,6,Mujer,6
Ciudad de M�xico,1991,Julio,7,Hombre,63
Ciudad de M�xico,1991,Julio,7,Mujer,14
Ciudad de M�xico,1991,Agosto,8,Hombre,67
Ciudad de M�xico,1991,Agosto,8,Mujer,9
Ciudad de M�xico,1991,Septiembre,9,Hombre,63
Ciudad de M�xico,1991,Septiembre,9,Mujer,6
Ciudad de M�xico,1991,Octubre,10,Hombre,76
Ciudad de M�xico,1991,Octubre,10,Mujer,10
Ciudad de M�xico,1991,Noviembre,11,Hombre,73
Ciudad de M�xico,1991,Noviembre,11,Mujer,6
Ciudad de M�xico,1991,Diciembre,12,Hombre,109
Ciudad de M�xico,1991,Diciembre,12,Mujer,5
Ciudad de M�xico,1992,Enero,1,Hombre,64
Ciudad de M�xico,1992,Enero,1,Mujer,13
Ciudad de M�xico,1992,Febrero,2,Hombre,87
Ciudad de M�xico,1992,Febrero,2,Mujer,6
Ciudad de M�xico,1992,Marzo,3,Hombre,93
Ciudad de M�xico,1992,Marzo,3,Mujer,12
Ciudad de M�xico,1992,Abril,4,Hombre,87
Ciudad de M�xico,1992,Abril,4,Mujer,4
Ciudad de M�xico,1992,Mayo,5,Hombre,93
Ciudad de M�xico,1992,Mayo,5,Mujer,10
Ciudad de M�xico,1992,Junio,6,Hombre,91
Ciudad de M�xico,1992,Junio,6,Mujer,4
Ciudad de M�xico,1992,Julio,7,Hombre,98
Ciudad de M�xico,1992,Julio,7,Mujer,10
Ciudad de M�xico,1992,Agosto,8,Hombre,82
Ciudad de M�xico,1992,Agosto,8,Mujer,8
Ciudad de M�xico,1992,Septiembre,9,Hombre,75
Ciudad de M�xico,1992,Septiembre,9,Mujer,13
Ciudad de M�xico,1992,Octubre,10,Hombre,110
Ciudad de M�xico,1992,Octubre,10,Mujer,14
Ciudad de M�xico,1992,Noviembre,11,Hombre,93
Ciudad de M�xico,1992,Noviembre,11,Mujer,9
Ciudad de M�xico,1992,Diciembre,12,Hombre,110
Ciudad de M�xico,1992,Diciembre,12,Mujer,15
Ciudad de M�xico,1993,Enero,1,Hombre,104
Ciudad de M�xico,1993,Enero,1,Mujer,9
Ciudad de M�xico,1993,Febrero,2,Hombre,85
Ciudad de M�xico,1993,Febrero,2,Mujer,9
Ciudad de M�xico,1993,Marzo,3,Hombre,94
Ciudad de M�xico,1993,Marzo,3,Mujer,14
Ciudad de M�xico,1993,Abril,4,Hombre,61
Ciudad de M�xico,1993,Abril,4,Mujer,11
Ciudad de M�xico,1993,Mayo,5,Hombre,90
Ciudad de M�xico,1993,Mayo,5,Mujer,8
Ciudad de M�xico,1993,Junio,6,Hombre,79
Ciudad de M�xico,1993,Junio,6,Mujer,10
Ciudad de M�xico,1993,Julio,7,Hombre,95
Ciudad de M�xico,1993,Julio,7,Mujer,11
Ciudad de M�xico,1993,Agosto,8,Hombre,78
Ciudad de M�xico,1993,Agosto,8,Mujer,5
Ciudad de M�xico,1993,Septiembre,9,Hombre,96
Ciudad de M�xico,1993,Septiembre,9,Mujer,10
Ciudad de M�xico,1993,Octubre,10,Hombre,91
Ciudad de M�xico,1993,Octubre,10,Mujer,11
Ciudad de M�xico,1993,Noviembre,11,Hombre,77
Ciudad de M�xico,1993,Noviembre,11,Mujer,5
Ciudad de M�xico,1993,Diciembre,12,Hombre,94
Ciudad de M�xico,1993,Diciembre,12,Mujer,7
Ciudad de M�xico,1994,Enero,1,Hombre,74
Ciudad de M�xico,1994,Enero,1,Mujer,9
Ciudad de M�xico,1994,Febrero,2,Hombre,84
Ciudad de M�xico,1994,Febrero,2,Mujer,12
Ciudad de M�xico,1994,Marzo,3,Hombre,78
Ciudad de M�xico,1994,Marzo,3,Mujer,9
Ciudad de M�xico,1994,Abril,4,Hombre,85
Ciudad de M�xico,1994,Abril,4,Mujer,9
Ciudad de M�xico,1994,Mayo,5,Hombre,99
Ciudad de M�xico,1994,Mayo,5,Mujer,19
Ciudad de M�xico,1994,Junio,6,Hombre,86
Ciudad de M�xico,1994,Junio,6,Mujer,9
Ciudad de M�xico,1994,Julio,7,Hombre,96
Ciudad de M�xico,1994,Julio,7,Mujer,6
Ciudad de M�xico,1994,Agosto,8,Hombre,75
Ciudad de M�xico,1994,Agosto,8,Mujer,6
Ciudad de M�xico,1994,Septiembre,9,Hombre,93
Ciudad de M�xico,1994,Septiembre,9,Mujer,8
Ciudad de M�xico,1994,Octubre,10,Hombre,96
Ciudad de M�xico,1994,Octubre,10,Mujer,4
Ciudad de M�xico,1994,Noviembre,11,Hombre,78
Ciudad de M�xico,1994,Noviembre,11,Mujer,8
Ciudad de M�xico,1994,Diciembre,12,Hombre,102
Ciudad de M�xico,1994,Diciembre,12,Mujer,10
Ciudad de M�xico,1995,Enero,1,Hombre,86
Ciudad de M�xico,1995,Enero,1,Mujer,5
Ciudad de M�xico,1995,Febrero,2,Hombre,97
Ciudad de M�xico,1995,Febrero,2,Mujer,9
Ciudad de M�xico,1995,Marzo,3,Hombre,105
Ciudad de M�xico,1995,Marzo,3,Mujer,7
Ciudad de M�xico,1995,Abril,4,Hombre,85
Ciudad de M�xico,1995,Abril,4,Mujer,9
Ciudad de M�xico,1995,Mayo,5,Hombre,111
Ciudad de M�xico,1995,Mayo,5,Mujer,13
Ciudad de M�xico,1995,Junio,6,Hombre,99
Ciudad de M�xico,1995,Junio,6,Mujer,10
Ciudad de M�xico,1995,Julio,7,Hombre,114
Ciudad de M�xico,1995,Julio,7,Mujer,6
Ciudad de M�xico,1995,Agosto,8,Hombre,100
Ciudad de M�xico,1995,Agosto,8,Mujer,10
Ciudad de M�xico,1995,Septiembre,9,Hombre,116
Ciudad de M�xico,1995,Septiembre,9,Mujer,15
Ciudad de M�xico,1995,Octubre,10,Hombre,117
Ciudad de M�xico,1995,Octubre,10,Mujer,8
Ciudad de M�xico,1995,Noviembre,11,Hombre,92
Ciudad de M�xico,1995,Noviembre,11,Mujer,11
Ciudad de M�xico,1995,Diciembre,12,Hombre,128
Ciudad de M�xico,1995,Diciembre,12,Mujer,7
Ciudad de M�xico,1996,Enero,1,Hombre,106
Ciudad de M�xico,1996,Enero,1,Mujer,4
Ciudad de M�xico,1996,Febrero,2,Hombre,115
Ciudad de M�xico,1996,Febrero,2,Mujer,15
Ciudad de M�xico,1996,Marzo,3,Hombre,100
Ciudad de M�xico,1996,Marzo,3,Mujer,14
Ciudad de M�xico,1996,Abril,4,Hombre,119
Ciudad de M�xico,1996,Abril,4,Mujer,10
Ciudad de M�xico,1996,Mayo,5,Hombre,88
Ciudad de M�xico,1996,Mayo,5,Mujer,8
Ciudad de M�xico,1996,Junio,6,Hombre,88
Ciudad de M�xico,1996,Junio,6,Mujer,3
Ciudad de M�xico,1996,Julio,7,Hombre,95
Ciudad de M�xico,1996,Julio,7,Mujer,18
Ciudad de M�xico,1996,Agosto,8,Hombre,81
Ciudad de M�xico,1996,Agosto,8,Mujer,8
Ciudad de M�xico,1996,Septiembre,9,Hombre,109
Ciudad de M�xico,1996,Septiembre,9,Mujer,4
Ciudad de M�xico,1996,Octubre,10,Hombre,98
Ciudad de M�xico,1996,Octubre,10,Mujer,7
Ciudad de M�xico,1996,Noviembre,11,Hombre,102
Ciudad de M�xico,1996,Noviembre,11,Mujer,10
Ciudad de M�xico,1996,Diciembre,12,Hombre,80
Ciudad de M�xico,1996,Diciembre,12,Mujer,10
Ciudad de M�xico,1997,Enero,1,Hombre,95
Ciudad de M�xico,1997,Enero,1,Mujer,10
Ciudad de M�xico,1997,Febrero,2,Hombre,90
Ciudad de M�xico,1997,Febrero,2,Mujer,13
Ciudad de M�xico,1997,Marzo,3,Hombre,75
Ciudad de M�xico,1997,Marzo,3,Mujer,11
Ciudad de M�xico,1997,Abril,4,Hombre,82
Ciudad de M�xico,1997,Abril,4,Mujer,7
Ciudad de M�xico,1997,Mayo,5,Hombre,82
Ciudad de M�xico,1997,Mayo,5,Mujer,12
Ciudad de M�xico,1997,Junio,6,Hombre,85
Ciudad de M�xico,1997,Junio,6,Mujer,9
Ciudad de M�xico,1997,Julio,7,Hombre,75
Ciudad de M�xico,1997,Julio,7,Mujer,4
Ciudad de M�xico,1997,Agosto,8,Hombre,97
Ciudad de M�xico,1997,Agosto,8,Mujer,10
Ciudad de M�xico,1997,Septiembre,9,Hombre,101
Ciudad de M�xico,1997,Septiembre,9,Mujer,10
Ciudad de M�xico,1997,Octubre,10,Hombre,97
Ciudad de M�xico,1997,Octubre,10,Mujer,12
Ciudad de M�xico,1997,Noviembre,11,Hombre,103
Ciudad de M�xico,1997,Noviembre,11,Mujer,9
Ciudad de M�xico,1997,Diciembre,12,Hombre,117
Ciudad de M�xico,1997,Diciembre,12,Mujer,9
Ciudad de M�xico,1998,Enero,1,Hombre,69
Ciudad de M�xico,1998,Enero,1,Mujer,4
Ciudad de M�xico,1998,Febrero,2,Hombre,76
Ciudad de M�xico,1998,Febrero,2,Mujer,20
Ciudad de M�xico,1998,Marzo,3,Hombre,91
Ciudad de M�xico,1998,Marzo,3,Mujer,14
Ciudad de M�xico,1998,Abril,4,Hombre,105
Ciudad de M�xico,1998,Abril,4,Mujer,14
Ciudad de M�xico,1998,Mayo,5,Hombre,95
Ciudad de M�xico,1998,Mayo,5,Mujer,15
Ciudad de M�xico,1998,Junio,6,Hombre,74
Ciudad de M�xico,1998,Junio,6,Mujer,15
Ciudad de M�xico,1998,Julio,7,Hombre,96
Ciudad de M�xico,1998,Julio,7,Mujer,11
Ciudad de M�xico,1998,Agosto,8,Hombre,90
Ciudad de M�xico,1998,Agosto,8,Mujer,11
Ciudad de M�xico,1998,Septiembre,9,Hombre,105
Ciudad de M�xico,1998,Septiembre,9,Mujer,12
Ciudad de M�xico,1998,Octubre,10,Hombre,99
Ciudad de M�xico,1998,Octubre,10,Mujer,9
Ciudad de M�xico,1998,Noviembre,11,Hombre,67
Ciudad de M�xico,1998,Noviembre,11,Mujer,6
Ciudad de M�xico,1998,Diciembre,12,Hombre,109
Ciudad de M�xico,1998,Diciembre,12,Mujer,19
Ciudad de M�xico,1999,Enero,1,Hombre,71
Ciudad de M�xico,1999,Enero,1,Mujer,13
Ciudad de M�xico,1999,Febrero,2,Hombre,78
Ciudad de M�xico,1999,Febrero,2,Mujer,9
Ciudad de M�xico,1999,Marzo,3,Hombre,80
Ciudad de M�xico,1999,Marzo,3,Mujer,13
Ciudad de M�xico,1999,Abril,4,Hombre,69
Ciudad de M�xico,1999,Abril,4,Mujer,6
Ciudad de M�xico,1999,Mayo,5,Hombre,69
Ciudad de M�xico,1999,Mayo,5,Mujer,5
Ciudad de M�xico,1999,Junio,6,Hombre,65
Ciudad de M�xico,1999,Junio,6,Mujer,12
Ciudad de M�xico,1999,Julio,7,Hombre,68
Ciudad de M�xico,1999,Julio,7,Mujer,12
Ciudad de M�xico,1999,Agosto,8,Hombre,75
Ciudad de M�xico,1999,Agosto,8,Mujer,9
Ciudad de M�xico,1999,Septiembre,9,Hombre,76
Ciudad de M�xico,1999,Septiembre,9,Mujer,13
Ciudad de M�xico,1999,Octubre,10,Hombre,97
Ciudad de M�xico,1999,Octubre,10,Mujer,10
Ciudad de M�xico,1999,Noviembre,11,Hombre,75
Ciudad de M�xico,1999,Noviembre,11,Mujer,13
Ciudad de M�xico,1999,Diciembre,12,Hombre,95
Ciudad de M�xico,1999,Diciembre,12,Mujer,12
Ciudad de M�xico,2000,Enero,1,Hombre,75
Ciudad de M�xico,2000,Enero,1,Mujer,13
Ciudad de M�xico,2000,Febrero,2,Hombre,64
Ciudad de M�xico,2000,Febrero,2,Mujer,10
Ciudad de M�xico,2000,Marzo,3,Hombre,78
Ciudad de M�xico,2000,Marzo,3,Mujer,8
Ciudad de M�xico,2000,Abril,4,Hombre,62
Ciudad de M�xico,2000,Abril,4,Mujer,10
Ciudad de M�xico,2000,Mayo,5,Hombre,53
Ciudad de M�xico,2000,Mayo,5,Mujer,9
Ciudad de M�xico,2000,Junio,6,Hombre,62
Ciudad de M�xico,2000,Junio,6,Mujer,10
Ciudad de M�xico,2000,Julio,7,Hombre,65
Ciudad de M�xico,2000,Julio,7,Mujer,7
Ciudad de M�xico,2000,Agosto,8,Hombre,69
Ciudad de M�xico,2000,Agosto,8,Mujer,6
Ciudad de M�xico,2000,Septiembre,9,Hombre,71
Ciudad de M�xico,2000,Septiembre,9,Mujer,9
Ciudad de M�xico,2000,Octubre,10,Hombre,71
Ciudad de M�xico,2000,Octubre,10,Mujer,12
Ciudad de M�xico,2000,Noviembre,11,Hombre,68
Ciudad de M�xico,2000,Noviembre,11,Mujer,8
Ciudad de M�xico,2000,Diciembre,12,Hombre,71
Ciudad de M�xico,2000,Diciembre,12,Mujer,12
Ciudad de M�xico,2001,Enero,1,Hombre,68
Ciudad de M�xico,2001,Enero,1,Mujer,7
Ciudad de M�xico,2001,Febrero,2,Hombre,66
Ciudad de M�xico,2001,Febrero,2,Mujer,13
Ciudad de M�xico,2001,Marzo,3,Hombre,88
Ciudad de M�xico,2001,Marzo,3,Mujer,10
Ciudad de M�xico,2001,Abril,4,Hombre,55
Ciudad de M�xico,2001,Abril,4,Mujer,8
Ciudad de M�xico,2001,Mayo,5,Hombre,82
Ciudad de M�xico,2001,Mayo,5,Mujer,10
Ciudad de M�xico,2001,Junio,6,Hombre,65
Ciudad de M�xico,2001,Junio,6,Mujer,5
Ciudad de M�xico,2001,Julio,7,Hombre,91
Ciudad de M�xico,2001,Julio,7,Mujer,3
Ciudad de M�xico,2001,Agosto,8,Hombre,69
Ciudad de M�xico,2001,Agosto,8,Mujer,13
Ciudad de M�xico,2001,Septiembre,9,Hombre,57
Ciudad de M�xico,2001,Septiembre,9,Mujer,4
Ciudad de M�xico,2001,Octubre,10,Hombre,89
Ciudad de M�xico,2001,Octubre,10,Mujer,16
Ciudad de M�xico,2001,Noviembre,11,Hombre,64
Ciudad de M�xico,2001,Noviembre,11,Mujer,9
Ciudad de M�xico,2001,Diciembre,12,Hombre,83
Ciudad de M�xico,2001,Diciembre,12,Mujer,9
Ciudad de M�xico,2002,Enero,1,Hombre,67
Ciudad de M�xico,2002,Enero,1,Mujer,7
Ciudad de M�xico,2002,Febrero,2,Hombre,68
Ciudad de M�xico,2002,Febrero,2,Mujer,7
Ciudad de M�xico,2002,Marzo,3,Hombre,85
Ciudad de M�xico,2002,Marzo,3,Mujer,9
Ciudad de M�xico,2002,Abril,4,Hombre,74
Ciudad de M�xico,2002,Abril,4,Mujer,11
Ciudad de M�xico,2002,Mayo,5,Hombre,80
Ciudad de M�xico,2002,Mayo,5,Mujer,9
Ciudad de M�xico,2002,Junio,6,Hombre,58
Ciudad de M�xico,2002,Junio,6,Mujer,12
Ciudad de M�xico,2002,Julio,7,Hombre,68
Ciudad de M�xico,2002,Julio,7,Mujer,7
Ciudad de M�xico,2002,Agosto,8,Hombre,73
Ciudad de M�xico,2002,Agosto,8,Mujer,4
Ciudad de M�xico,2002,Septiembre,9,Hombre,71
Ciudad de M�xico,2002,Septiembre,9,Mujer,8
Ciudad de M�xico,2002,Octubre,10,Hombre,68
Ciudad de M�xico,2002,Octubre,10,Mujer,7
Ciudad de M�xico,2002,Noviembre,11,Hombre,57
Ciudad de M�xico,2002,Noviembre,11,Mujer,16
Ciudad de M�xico,2002,Diciembre,12,Hombre,67
Ciudad de M�xico,2002,Diciembre,12,Mujer,9
Ciudad de M�xico,2003,Enero,1,Hombre,76
Ciudad de M�xico,2003,Enero,1,Mujer,10
Ciudad de M�xico,2003,Febrero,2,Hombre,76
Ciudad de M�xico,2003,Febrero,2,Mujer,10
Ciudad de M�xico,2003,Marzo,3,Hombre,91
Ciudad de M�xico,2003,Marzo,3,Mujer,20
Ciudad de M�xico,2003,Abril,4,Hombre,68
Ciudad de M�xico,2003,Abril,4,Mujer,17
Ciudad de M�xico,2003,Mayo,5,Hombre,57
Ciudad de M�xico,2003,Mayo,5,Mujer,6
Ciudad de M�xico,2003,Junio,6,Hombre,76
Ciudad de M�xico,2003,Junio,6,Mujer,10
Ciudad de M�xico,2003,Julio,7,Hombre,63
Ciudad de M�xico,2003,Julio,7,Mujer,17
Ciudad de M�xico,2003,Agosto,8,Hombre,61
Ciudad de M�xico,2003,Agosto,8,Mujer,11
Ciudad de M�xico,2003,Septiembre,9,Hombre,64
Ciudad de M�xico,2003,Septiembre,9,Mujer,9
Ciudad de M�xico,2003,Octubre,10,Hombre,83
Ciudad de M�xico,2003,Octubre,10,Mujer,11
Ciudad de M�xico,2003,Noviembre,11,Hombre,61
Ciudad de M�xico,2003,Noviembre,11,Mujer,13
Ciudad de M�xico,2003,Diciembre,12,Hombre,62
Ciudad de M�xico,2003,Diciembre,12,Mujer,7
Ciudad de M�xico,2004,Enero,1,Hombre,75
Ciudad de M�xico,2004,Enero,1,Mujer,6
Ciudad de M�xico,2004,Febrero,2,Hombre,69
Ciudad de M�xico,2004,Febrero,2,Mujer,9
Ciudad de M�xico,2004,Marzo,3,Hombre,82
Ciudad de M�xico,2004,Marzo,3,Mujer,16
Ciudad de M�xico,2004,Abril,4,Hombre,56
Ciudad de M�xico,2004,Abril,4,Mujer,9
Ciudad de M�xico,2004,Mayo,5,Hombre,75
Ciudad de M�xico,2004,Mayo,5,Mujer,13
Ciudad de M�xico,2004,Junio,6,Hombre,66
Ciudad de M�xico,2004,Junio,6,Mujer,14
Ciudad de M�xico,2004,Julio,7,Hombre,61
Ciudad de M�xico,2004,Julio,7,Mujer,13
Ciudad de M�xico,2004,Agosto,8,Hombre,59
Ciudad de M�xico,2004,Agosto,8,Mujer,7
Ciudad de M�xico,2004,Septiembre,9,Hombre,61
Ciudad de M�xico,2004,Septiembre,9,Mujer,16
Ciudad de M�xico,2004,Octubre,10,Hombre,59
Ciudad de M�xico,2004,Octubre,10,Mujer,9
Ciudad de M�xico,2004,Noviembre,11,Hombre,71
Ciudad de M�xico,2004,Noviembre,11,Mujer,15
Ciudad de M�xico,2004,Diciembre,12,Hombre,79
Ciudad de M�xico,2004,Diciembre,12,Mujer,7
Ciudad de M�xico,2005,Enero,1,Hombre,55
Ciudad de M�xico,2005,Enero,1,Mujer,12
Ciudad de M�xico,2005,Febrero,2,Hombre,49
Ciudad de M�xico,2005,Febrero,2,Mujer,11
Ciudad de M�xico,2005,Marzo,3,Hombre,72
Ciudad de M�xico,2005,Marzo,3,Mujer,5
Ciudad de M�xico,2005,Abril,4,Hombre,73
Ciudad de M�xico,2005,Abril,4,Mujer,18
Ciudad de M�xico,2005,Mayo,5,Hombre,55
Ciudad de M�xico,2005,Mayo,5,Mujer,10
Ciudad de M�xico,2005,Junio,6,Hombre,80
Ciudad de M�xico,2005,Junio,6,Mujer,14
Ciudad de M�xico,2005,Julio,7,Hombre,57
Ciudad de M�xico,2005,Julio,7,Mujer,11
Ciudad de M�xico,2005,Agosto,8,Hombre,56
Ciudad de M�xico,2005,Agosto,8,Mujer,6
Ciudad de M�xico,2005,Septiembre,9,Hombre,52
Ciudad de M�xico,2005,Septiembre,9,Mujer,5
Ciudad de M�xico,2005,Octubre,10,Hombre,58
Ciudad de M�xico,2005,Octubre,10,Mujer,13
Ciudad de M�xico,2005,Noviembre,11,Hombre,62
Ciudad de M�xico,2005,Noviembre,11,Mujer,12
Ciudad de M�xico,2005,Diciembre,12,Hombre,82
Ciudad de M�xico,2005,Diciembre,12,Mujer,11
Ciudad de M�xico,2006,Enero,1,Hombre,62
Ciudad de M�xico,2006,Enero,1,Mujer,14
Ciudad de M�xico,2006,Febrero,2,Hombre,46
Ciudad de M�xico,2006,Febrero,2,Mujer,4
Ciudad de M�xico,2006,Marzo,3,Hombre,67
Ciudad de M�xico,2006,Marzo,3,Mujer,13
Ciudad de M�xico,2006,Abril,4,Hombre,49
Ciudad de M�xico,2006,Abril,4,Mujer,6
Ciudad de M�xico,2006,Mayo,5,Hombre,52
Ciudad de M�xico,2006,Mayo,5,Mujer,8
Ciudad de M�xico,2006,Junio,6,Hombre,54
Ciudad de M�xico,2006,Junio,6,Mujer,12
Ciudad de M�xico,2006,Julio,7,Hombre,51
Ciudad de M�xico,2006,Julio,7,Mujer,12
Ciudad de M�xico,2006,Agosto,8,Hombre,84
Ciudad de M�xico,2006,Agosto,8,Mujer,5
Ciudad de M�xico,2006,Septiembre,9,Hombre,67
Ciudad de M�xico,2006,Septiembre,9,Mujer,12
Ciudad de M�xico,2006,Octubre,10,Hombre,54
Ciudad de M�xico,2006,Octubre,10,Mujer,8
Ciudad de M�xico,2006,Noviembre,11,Hombre,56
Ciudad de M�xico,2006,Noviembre,11,Mujer,4
Ciudad de M�xico,2006,Diciembre,12,Hombre,67
Ciudad de M�xico,2006,Diciembre,12,Mujer,10
Ciudad de M�xico,2007,Enero,1,Hombre,16
Ciudad de M�xico,2007,Enero,1,Mujer,7
Ciudad de M�xico,2007,Febrero,2,Hombre,7
Ciudad de M�xico,2007,Febrero,2,Mujer,3
Ciudad de M�xico,2007,Marzo,3,Hombre,67
Ciudad de M�xico,2007,Marzo,3,Mujer,8
Ciudad de M�xico,2007,Abril,4,Hombre,70
Ciudad de M�xico,2007,Abril,4,Mujer,6
Ciudad de M�xico,2007,Mayo,5,Hombre,79
Ciudad de M�xico,2007,Mayo,5,Mujer,15
Ciudad de M�xico,2007,Junio,6,Hombre,72
Ciudad de M�xico,2007,Junio,6,Mujer,7
Ciudad de M�xico,2007,Julio,7,Hombre,63
Ciudad de M�xico,2007,Julio,7,Mujer,11
Ciudad de M�xico,2007,Agosto,8,Hombre,67
Ciudad de M�xico,2007,Agosto,8,Mujer,11
Ciudad de M�xico,2007,Septiembre,9,Hombre,65
Ciudad de M�xico,2007,Septiembre,9,Mujer,16
Ciudad de M�xico,2007,Octubre,10,Hombre,74
Ciudad de M�xico,2007,Octubre,10,Mujer,15
Ciudad de M�xico,2007,Noviembre,11,Hombre,64
Ciudad de M�xico,2007,Noviembre,11,Mujer,15
Ciudad de M�xico,2007,Diciembre,12,Hombre,79
Ciudad de M�xico,2007,Diciembre,12,Mujer,8
Ciudad de M�xico,2008,Enero,1,Hombre,68
Ciudad de M�xico,2008,Enero,1,Mujer,16
Ciudad de M�xico,2008,Febrero,2,Hombre,62
Ciudad de M�xico,2008,Febrero,2,Mujer,7
Ciudad de M�xico,2008,Marzo,3,Hombre,51
Ciudad de M�xico,2008,Marzo,3,Mujer,11
Ciudad de M�xico,2008,Abril,4,Hombre,50
Ciudad de M�xico,2008,Abril,4,Mujer,11
Ciudad de M�xico,2008,Mayo,5,Hombre,67
Ciudad de M�xico,2008,Mayo,5,Mujer,9
Ciudad de M�xico,2008,Junio,6,Hombre,77
Ciudad de M�xico,2008,Junio,6,Mujer,11
Ciudad de M�xico,2008,Julio,7,Hombre,76
Ciudad de M�xico,2008,Julio,7,Mujer,15
Ciudad de M�xico,2008,Agosto,8,Hombre,67
Ciudad de M�xico,2008,Agosto,8,Mujer,12
Ciudad de M�xico,2008,Septiembre,9,Hombre,60
Ciudad de M�xico,2008,Septiembre,9,Mujer,12
Ciudad de M�xico,2008,Octubre,10,Hombre,69
Ciudad de M�xico,2008,Octubre,10,Mujer,9
Ciudad de M�xico,2008,Noviembre,11,Hombre,79
Ciudad de M�xico,2008,Noviembre,11,Mujer,12
Ciudad de M�xico,2008,Diciembre,12,Hombre,67
Ciudad de M�xico,2008,Diciembre,12,Mujer,10
Ciudad de M�xico,2009,Enero,1,Hombre,55
Ciudad de M�xico,2009,Enero,1,Mujer,7
Ciudad de M�xico,2009,Febrero,2,Hombre,82
Ciudad de M�xico,2009,Febrero,2,Mujer,8
Ciudad de M�xico,2009,Marzo,3,Hombre,73
Ciudad de M�xico,2009,Marzo,3,Mujer,6
Ciudad de M�xico,2009,Abril,4,Hombre,72
Ciudad de M�xico,2009,Abril,4,Mujer,8
Ciudad de M�xico,2009,Mayo,5,Hombre,86
Ciudad de M�xico,2009,Mayo,5,Mujer,6
Ciudad de M�xico,2009,Junio,6,Hombre,72
Ciudad de M�xico,2009,Junio,6,Mujer,7
Ciudad de M�xico,2009,Julio,7,Hombre,66
Ciudad de M�xico,2009,Julio,7,Mujer,13
Ciudad de M�xico,2009,Agosto,8,Hombre,75
Ciudad de M�xico,2009,Agosto,8,Mujer,9
Ciudad de M�xico,2009,Septiembre,9,Hombre,75
Ciudad de M�xico,2009,Septiembre,9,Mujer,16
Ciudad de M�xico,2009,Octubre,10,Hombre,69
Ciudad de M�xico,2009,Octubre,10,Mujer,8
Ciudad de M�xico,2009,Noviembre,11,Hombre,63
Ciudad de M�xico,2009,Noviembre,11,Mujer,7
Ciudad de M�xico,2009,Diciembre,12,Hombre,86
Ciudad de M�xico,2009,Diciembre,12,Mujer,10
Ciudad de M�xico,2010,Enero,1,Hombre,83
Ciudad de M�xico,2010,Enero,1,Mujer,10
Ciudad de M�xico,2010,Febrero,2,Hombre,76
Ciudad de M�xico,2010,Febrero,2,Mujer,9
Ciudad de M�xico,2010,Marzo,3,Hombre,71
Ciudad de M�xico,2010,Marzo,3,Mujer,8
Ciudad de M�xico,2010,Abril,4,Hombre,73
Ciudad de M�xico,2010,Abril,4,Mujer,17
Ciudad de M�xico,2010,Mayo,5,Hombre,74
Ciudad de M�xico,2010,Mayo,5,Mujer,17
Ciudad de M�xico,2010,Junio,6,Hombre,64
Ciudad de M�xico,2010,Junio,6,Mujer,11
Ciudad de M�xico,2010,Julio,7,Hombre,76
Ciudad de M�xico,2010,Julio,7,Mujer,11
Ciudad de M�xico,2010,Agosto,8,Hombre,68
Ciudad de M�xico,2010,Agosto,8,Mujer,13
Ciudad de M�xico,2010,Septiembre,9,Hombre,83
Ciudad de M�xico,2010,Septiembre,9,Mujer,12
Ciudad de M�xico,2010,Octubre,10,Hombre,105
Ciudad de M�xico,2010,Octubre,10,Mujer,13
Ciudad de M�xico,2010,Noviembre,11,Hombre,75
Ciudad de M�xico,2010,Noviembre,11,Mujer,13
Ciudad de M�xico,2010,Diciembre,12,Hombre,84
Ciudad de M�xico,2010,Diciembre,12,Mujer,11
Ciudad de M�xico,2011,Enero,1,Hombre,93
Ciudad de M�xico,2011,Enero,1,Mujer,17
Ciudad de M�xico,2011,Febrero,2,Hombre,73
Ciudad de M�xico,2011,Febrero,2,Mujer,5
Ciudad de M�xico,2011,Marzo,3,Hombre,86
Ciudad de M�xico,2011,Marzo,3,Mujer,8
Ciudad de M�xico,2011,Abril,4,Hombre,81
Ciudad de M�xico,2011,Abril,4,Mujer,16
Ciudad de M�xico,2011,Mayo,5,Hombre,91
Ciudad de M�xico,2011,Mayo,5,Mujer,10
Ciudad de M�xico,2011,Junio,6,Hombre,78
Ciudad de M�xico,2011,Junio,6,Mujer,10
Ciudad de M�xico,2011,Julio,7,Hombre,69
Ciudad de M�xico,2011,Julio,7,Mujer,11
Ciudad de M�xico,2011,Agosto,8,Hombre,81
Ciudad de M�xico,2011,Agosto,8,Mujer,10
Ciudad de M�xico,2011,Septiembre,9,Hombre,65
Ciudad de M�xico,2011,Septiembre,9,Mujer,14
Ciudad de M�xico,2011,Octubre,10,Hombre,99
Ciudad de M�xico,2011,Octubre,10,Mujer,11
Ciudad de M�xico,2011,Noviembre,11,Hombre,68
Ciudad de M�xico,2011,Noviembre,11,Mujer,12
Ciudad de M�xico,2011,Diciembre,12,Hombre,69
Ciudad de M�xico,2011,Diciembre,12,Mujer,16
Ciudad de M�xico,2012,Enero,1,Hombre,67
Ciudad de M�xico,2012,Enero,1,Mujer,4
Ciudad de M�xico,2012,Febrero,2,Hombre,87
Ciudad de M�xico,2012,Febrero,2,Mujer,10
Ciudad de M�xico,2012,Marzo,3,Hombre,77
Ciudad de M�xico,2012,Marzo,3,Mujer,14
Ciudad de M�xico,2012,Abril,4,Hombre,68
Ciudad de M�xico,2012,Abril,4,Mujer,12
Ciudad de M�xico,2012,Mayo,5,Hombre,85
Ciudad de M�xico,2012,Mayo,5,Mujer,14
Ciudad de M�xico,2012,Junio,6,Hombre,89
Ciudad de M�xico,2012,Junio,6,Mujer,8
Ciudad de M�xico,2012,Julio,7,Hombre,68
Ciudad de M�xico,2012,Julio,7,Mujer,10
Ciudad de M�xico,2012,Agosto,8,Hombre,91
Ciudad de M�xico,2012,Agosto,8,Mujer,7
Ciudad de M�xico,2012,Septiembre,9,Hombre,83
Ciudad de M�xico,2012,Septiembre,9,Mujer,10
Ciudad de M�xico,2012,Octubre,10,Hombre,94
Ciudad de M�xico,2012,Octubre,10,Mujer,12
Ciudad de M�xico,2012,Noviembre,11,Hombre,59
Ciudad de M�xico,2012,Noviembre,11,Mujer,6
Ciudad de M�xico,2012,Diciembre,12,Hombre,89
Ciudad de M�xico,2012,Diciembre,12,Mujer,14
Ciudad de M�xico,2013,Enero,1,Hombre,85
Ciudad de M�xico,2013,Enero,1,Mujer,11
Ciudad de M�xico,2013,Febrero,2,Hombre,78
Ciudad de M�xico,2013,Febrero,2,Mujer,9
Ciudad de M�xico,2013,Marzo,3,Hombre,95
Ciudad de M�xico,2013,Marzo,3,Mujer,11
Ciudad de M�xico,2013,Abril,4,Hombre,72
Ciudad de M�xico,2013,Abril,4,Mujer,15
Ciudad de M�xico,2013,Mayo,5,Hombre,78
Ciudad de M�xico,2013,Mayo,5,Mujer,12
Ciudad de M�xico,2013,Junio,6,Hombre,79
Ciudad de M�xico,2013,Junio,6,Mujer,10
Ciudad de M�xico,2013,Julio,7,Hombre,62
Ciudad de M�xico,2013,Julio,7,Mujer,12
Ciudad de M�xico,2013,Agosto,8,Hombre,80
Ciudad de M�xico,2013,Agosto,8,Mujer,17
Ciudad de M�xico,2013,Septiembre,9,Hombre,82
Ciudad de M�xico,2013,Septiembre,9,Mujer,8
Ciudad de M�xico,2013,Octubre,10,Hombre,94
Ciudad de M�xico,2013,Octubre,10,Mujer,12
Ciudad de M�xico,2013,Noviembre,11,Hombre,82
Ciudad de M�xico,2013,Noviembre,11,Mujer,14
Ciudad de M�xico,2013,Diciembre,12,Hombre,77
Ciudad de M�xico,2013,Diciembre,12,Mujer,15
Ciudad de M�xico,2014,Enero,1,Hombre,86
Ciudad de M�xico,2014,Enero,1,Mujer,7
Ciudad de M�xico,2014,Febrero,2,Hombre,63
Ciudad de M�xico,2014,Febrero,2,Mujer,13
Ciudad de M�xico,2014,Marzo,3,Hombre,105
Ciudad de M�xico,2014,Marzo,3,Mujer,10
Ciudad de M�xico,2014,Abril,4,Hombre,91
Ciudad de M�xico,2014,Abril,4,Mujer,13
Ciudad de M�xico,2014,Mayo,5,Hombre,55
Ciudad de M�xico,2014,Mayo,5,Mujer,15
Ciudad de M�xico,2014,Junio,6,Hombre,75
Ciudad de M�xico,2014,Junio,6,Mujer,16
Ciudad de M�xico,2014,Julio,7,Hombre,59
Ciudad de M�xico,2014,Julio,7,Mujer,12
Ciudad de M�xico,2014,Agosto,8,Hombre,71
Ciudad de M�xico,2014,Agosto,8,Mujer,11
Ciudad de M�xico,2014,Septiembre,9,Hombre,81
Ciudad de M�xico,2014,Septiembre,9,Mujer,10
Ciudad de M�xico,2014,Octubre,10,Hombre,79
Ciudad de M�xico,2014,Octubre,10,Mujer,9
Ciudad de M�xico,2014,Noviembre,11,Hombre,82
Ciudad de M�xico,2014,Noviembre,11,Mujer,18
Ciudad de M�xico,2014,Diciembre,12,Hombre,99
Ciudad de M�xico,2014,Diciembre,12,Mujer,18
Ciudad de M�xico,2015,Enero,1,Hombre,76
Ciudad de M�xico,2015,Enero,1,Mujer,11
Ciudad de M�xico,2015,Febrero,2,Hombre,69
Ciudad de M�xico,2015,Febrero,2,Mujer,9
Ciudad de M�xico,2015,Marzo,3,Hombre,71
Ciudad de M�xico,2015,Marzo,3,Mujer,9
Ciudad de M�xico,2015,Abril,4,Hombre,81
Ciudad de M�xico,2015,Abril,4,Mujer,15
Ciudad de M�xico,2015,Mayo,5,Hombre,76
Ciudad de M�xico,2015,Mayo,5,Mujer,15
Ciudad de M�xico,2015,Junio,6,Hombre,82
Ciudad de M�xico,2015,Junio,6,Mujer,13
Ciudad de M�xico,2015,Julio,7,Hombre,79
Ciudad de M�xico,2015,Julio,7,Mujer,11
Ciudad de M�xico,2015,Agosto,8,Hombre,93
Ciudad de M�xico,2015,Agosto,8,Mujer,12
Ciudad de M�xico,2015,Septiembre,9,Hombre,67
Ciudad de M�xico,2015,Septiembre,9,Mujer,14
Ciudad de M�xico,2015,Octubre,10,Hombre,80
Ciudad de M�xico,2015,Octubre,10,Mujer,10
Ciudad de M�xico,2015,Noviembre,11,Hombre,88
Ciudad de M�xico,2015,Noviembre,11,Mujer,7
Ciudad de M�xico,2015,Diciembre,12,Hombre,83
Ciudad de M�xico,2015,Diciembre,12,Mujer,9
Ciudad de M�xico,2016,Enero,1,Hombre,70
Ciudad de M�xico,2016,Enero,1,Mujer,11
Ciudad de M�xico,2016,Febrero,2,Hombre,71
Ciudad de M�xico,2016,Febrero,2,Mujer,10
Ciudad de M�xico,2016,Marzo,3,Hombre,76
Ciudad de M�xico,2016,Marzo,3,Mujer,9
Ciudad de M�xico,2016,Abril,4,Hombre,69
Ciudad de M�xico,2016,Abril,4,Mujer,9
Ciudad de M�xico,2016,Mayo,5,Hombre,98
Ciudad de M�xico,2016,Mayo,5,Mujer,16
Ciudad de M�xico,2016,Junio,6,Hombre,95
Ciudad de M�xico,2016,Junio,6,Mujer,14
Ciudad de M�xico,2016,Julio,7,Hombre,106
Ciudad de M�xico,2016,Julio,7,Mujer,15
Ciudad de M�xico,2016,Agosto,8,Hombre,102
Ciudad de M�xico,2016,Agosto,8,Mujer,14
Ciudad de M�xico,2016,Septiembre,9,Hombre,109
Ciudad de M�xico,2016,Septiembre,9,Mujer,11
Ciudad de M�xico,2016,Octubre,10,Hombre,93
Ciudad de M�xico,2016,Octubre,10,Mujer,9
Ciudad de M�xico,2016,Noviembre,11,Hombre,103
Ciudad de M�xico,2016,Noviembre,11,Mujer,11
Ciudad de M�xico,2016,Diciembre,12,Hombre,137
Ciudad de M�xico,2016,Diciembre,12,Mujer,17
Ciudad de M�xico,2017,Enero,1,Hombre,125
Ciudad de M�xico,2017,Enero,1,Mujer,14
Ciudad de M�xico,2017,Febrero,2,Hombre,99
Ciudad de M�xico,2017,Febrero,2,Mujer,18
Ciudad de M�xico,2017,Marzo,3,Hombre,94
Ciudad de M�xico,2017,Marzo,3,Mujer,16
Ciudad de M�xico,2017,Abril,4,Hombre,99
Ciudad de M�xico,2017,Abril,4,Mujer,16
Ciudad de M�xico,2017,Mayo,5,Hombre,134
Ciudad de M�xico,2017,Mayo,5,Mujer,11
Ciudad de M�xico,2017,Junio,6,Hombre,144
Ciudad de M�xico,2017,Junio,6,Mujer,20
Ciudad de M�xico,2017,Julio,7,Hombre,97
Ciudad de M�xico,2017,Julio,7,Mujer,11
Ciudad de M�xico,2017,Agosto,8,Hombre,71
Ciudad de M�xico,2017,Agosto,8,Mujer,9
Ciudad de M�xico,2017,Septiembre,9,Hombre,79
Ciudad de M�xico,2017,Septiembre,9,Mujer,7
Ciudad de M�xico,2017,Octubre,10,Hombre,70
Ciudad de M�xico,2017,Octubre,10,Mujer,6
Ciudad de M�xico,2017,Noviembre,11,Hombre,71
Ciudad de M�xico,2017,Noviembre,11,Mujer,9
Ciudad de M�xico,2017,Diciembre,12,Hombre,94
Ciudad de M�xico,2017,Diciembre,12,Mujer,6
Ciudad de M�xico,2018,Enero,1,Hombre,94
Ciudad de M�xico,2018,Enero,1,Mujer,8
Ciudad de M�xico,2018,Febrero,2,Hombre,130
Ciudad de M�xico,2018,Febrero,2,Mujer,11
Ciudad de M�xico,2018,Marzo,3,Hombre,117
Ciudad de M�xico,2018,Marzo,3,Mujer,14
Ciudad de M�xico,2018,Abril,4,Hombre,141
Ciudad de M�xico,2018,Abril,4,Mujer,6
Ciudad de M�xico,2018,Mayo,5,Hombre,145
Ciudad de M�xico,2018,Mayo,5,Mujer,14
Ciudad de M�xico,2018,Junio,6,Hombre,128
Ciudad de M�xico,2018,Junio,6,Mujer,21
Ciudad de M�xico,2018,Julio,7,Hombre,126
Ciudad de M�xico,2018,Julio,7,Mujer,6
Ciudad de M�xico,2018,Agosto,8,Hombre,88
Ciudad de M�xico,2018,Agosto,8,Mujer,15
Ciudad de M�xico,2018,Septiembre,9,Hombre,78
Ciudad de M�xico,2018,Septiembre,9,Mujer,10
Ciudad de M�xico,2018,Octubre,10,Hombre,96
Ciudad de M�xico,2018,Octubre,10,Mujer,9
Ciudad de M�xico,2018,Noviembre,11,Hombre,73
Ciudad de M�xico,2018,Noviembre,11,Mujer,9
Ciudad de M�xico,2018,Diciembre,12,Hombre,111
Ciudad de M�xico,2018,Diciembre,12,Mujer,14
Ciudad de M�xico,2019,Enero,1,Hombre,107
Ciudad de M�xico,2019,Enero,1,Mujer,9
Ciudad de M�xico,2019,Febrero,2,Hombre,82
Ciudad de M�xico,2019,Febrero,2,Mujer,11
Ciudad de M�xico,2019,Marzo,3,Hombre,120
Ciudad de M�xico,2019,Marzo,3,Mujer,8
Ciudad de M�xico,2019,Abril,4,Hombre,86
Ciudad de M�xico,2019,Abril,4,Mujer,13
Ciudad de M�xico,2019,Mayo,5,Hombre,127
Ciudad de M�xico,2019,Mayo,5,Mujer,10
Ciudad de M�xico,2019,Junio,6,Hombre,78
Ciudad de M�xico,2019,Junio,6,Mujer,12
Ciudad de M�xico,2019,Julio,7,Hombre,81
Ciudad de M�xico,2019,Julio,7,Mujer,11
Ciudad de M�xico,2019,Agosto,8,Hombre,81
Ciudad de M�xico,2019,Agosto,8,Mujer,12
Ciudad de M�xico,2019,Septiembre,9,Hombre,89
Ciudad de M�xico,2019,Septiembre,9,Mujer,21
Ciudad de M�xico,2019,Octubre,10,Hombre,87
Ciudad de M�xico,2019,Octubre,10,Mujer,7
Ciudad de M�xico,2019,Noviembre,11,Hombre,97
Ciudad de M�xico,2019,Noviembre,11,Mujer,11
Ciudad de M�xico,2019,Diciembre,12,Hombre,120
Ciudad de M�xico,2019,Diciembre,12,Mujer,19
Ciudad de M�xico,2020,Enero,1,Hombre,104
Ciudad de M�xico,2020,Enero,1,Mujer,10
Ciudad de M�xico,2020,Febrero,2,Hombre,104
Ciudad de M�xico,2020,Febrero,2,Mujer,11
Ciudad de M�xico,2020,Marzo,3,Hombre,127
Ciudad de M�xico,2020,Marzo,3,Mujer,17
Ciudad de M�xico,2020,Abril,4,Hombre,118
Ciudad de M�xico,2020,Abril,4,Mujer,9
Ciudad de M�xico,2020,Mayo,5,Hombre,97
Ciudad de M�xico,2020,Mayo,5,Mujer,11
Ciudad de M�xico,2020,Junio,6,Hombre,110
Ciudad de M�xico,2020,Junio,6,Mujer,12
Ciudad de M�xico,2020,Julio,7,Hombre,94
Ciudad de M�xico,2020,Julio,7,Mujer,13
Ciudad de M�xico,2020,Agosto,8,Hombre,79
Ciudad de M�xico,2020,Agosto,8,Mujer,9
Ciudad de M�xico,2020,Septiembre,9,Hombre,71
Ciudad de M�xico,2020,Septiembre,9,Mujer,13
Ciudad de M�xico,2020,Octubre,10,Hombre,94
Ciudad de M�xico,2020,Octubre,10,Mujer,15
Ciudad de M�xico,2020,Noviembre,11,Hombre,99
Ciudad de M�xico,2020,Noviembre,11,Mujer,11
Ciudad de M�xico,2020,Diciembre,12,Hombre,98
Ciudad de M�xico,2020,Diciembre,12,Mujer,11
Ciudad de M�xico,2021,Enero,1,Hombre,94
Ciudad de M�xico,2021,Enero,1,Mujer,6
Ciudad de M�xico,2021,Febrero,2,Hombre,91
Ciudad de M�xico,2021,Febrero,2,Mujer,12
Ciudad de M�xico,2021,Marzo,3,Hombre,90
Ciudad de M�xico,2021,Marzo,3,Mujer,18
Ciudad de M�xico,2021,Abril,4,Hombre,88
Ciudad de M�xico,2021,Abril,4,Mujer,14
Ciudad de M�xico,2021,Mayo,5,Hombre,96
Ciudad de M�xico,2021,Mayo,5,Mujer,17
Ciudad de M�xico,2021,Junio,6,Hombre,48
Ciudad de M�xico,2021,Junio,6,Mujer,8
Ciudad de M�xico,2021,Julio,7,Hombre,93
Ciudad de M�xico,2021,Julio,7,Mujer,11
Ciudad de M�xico,2021,Agosto,8,Hombre,93
Ciudad de M�xico,2021,Agosto,8,Mujer,14
Ciudad de M�xico,2021,Septiembre,9,Hombre,70
Ciudad de M�xico,2021,Septiembre,9,Mujer,5
Ciudad de M�xico,2021,Octubre,10,Hombre,59
Ciudad de M�xico,2021,Octubre,10,Mujer,8
Ciudad de M�xico,2021,Noviembre,11,Hombre,62
Ciudad de M�xico,2021,Noviembre,11,Mujer,9
Ciudad de M�xico,2021,Diciembre,12,Hombre,62
Ciudad de M�xico,2021,Diciembre,12,Mujer,3
Ciudad de M�xico,2022,Enero,1,Hombre,57
Ciudad de M�xico,2022,Enero,1,Mujer,13
Ciudad de M�xico,2022,Febrero,2,Hombre,40
Ciudad de M�xico,2022,Febrero,2,Mujer,5
Ciudad de M�xico,2022,Marzo,3,Hombre,53
Ciudad de M�xico,2022,Marzo,3,Mujer,10
Ciudad de M�xico,2022,Abril,4,Hombre,44
Ciudad de M�xico,2022,Abril,4,Mujer,7
Ciudad de M�xico,2022,Mayo,5,Hombre,57
Ciudad de M�xico,2022,Mayo,5,Mujer,8
Ciudad de M�xico,2022,Junio,6,Hombre,39
Ciudad de M�xico,2022,Junio,6,Mujer,9
Ciudad de M�xico,2022,Julio,7,Hombre,47
Ciudad de M�xico,2022,Julio,7,Mujer,6
Ciudad de M�xico,2022,Agosto,8,Hombre,54
Ciudad de M�xico,2022,Agosto,8,Mujer,5
Ciudad de M�xico,2022,Septiembre,9,Hombre,49
Ciudad de M�xico,2022,Septiembre,9,Mujer,10
Ciudad de M�xico,2022,Octubre,10,Hombre,48
Ciudad de M�xico,2022,Octubre,10,Mujer,13
Ciudad de M�xico,2022,Noviembre,11,Hombre,71
Ciudad de M�xico,2022,Noviembre,11,Mujer,10
Ciudad de M�xico,2022,Diciembre,12,Hombre,77
Ciudad de M�xico,2022,Diciembre,12,Mujer,10
Ciudad de M�xico,2023,Enero,1,Hombre,57
Ciudad de M�xico,2023,Enero,1,Mujer,9
Ciudad de M�xico,2023,Febrero,2,Hombre,45
Ciudad de M�xico,2023,Febrero,2,Mujer,4
Ciudad de M�xico,2023,Marzo,3,Hombre,47
Ciudad de M�xico,2023,Marzo,3,Mujer,4
Ciudad de M�xico,2023,Abril,4,Hombre,44
Ciudad de M�xico,2023,Abril,4,Mujer,3
Ciudad de M�xico,2023,Mayo,5,Hombre,52
Ciudad de M�xico,2023,Mayo,5,Mujer,10
Ciudad de M�xico,2023,Junio,6,Hombre,79
Ciudad de M�xico,2023,Junio,6,Mujer,13
Ciudad de M�xico,2023,Julio,7,Hombre,63
Ciudad de M�xico,2023,Julio,7,Mujer,13
Ciudad de M�xico,2023,Agosto,8,Hombre,51
Ciudad de M�xico,2023,Agosto,8,Mujer,10
Ciudad de M�xico,2023,Septiembre,9,Hombre,57
Ciudad de M�xico,2023,Septiembre,9,Mujer,4
Ciudad de M�xico,2023,Octubre,10,Hombre,57
Ciudad de M�xico,2023,Octubre,10,Mujer,8
Ciudad de M�xico,2023,Noviembre,11,Hombre,42
Ciudad de M�xico,2023,Noviembre,11,Mujer,4
Ciudad de M�xico,2023,Diciembre,12,Hombre,65
Ciudad de M�xico,2023,Diciembre,12,Mujer,7
Ciudad de M�xico,2024,Enero,1,Hombre,41
Ciudad de M�xico,2024,Enero,1,Mujer,9
Ciudad de M�xico,2024,Febrero,2,Hombre,54
Ciudad de M�xico,2024,Febrero,2,Mujer,9
Ciudad de M�xico,2024,Marzo,3,Hombre,81
Ciudad de M�xico,2024,Marzo,3,Mujer,5
Ciudad de M�xico,2024,Abril,4,Hombre,65
Ciudad de M�xico,2024,Abril,4,Mujer,4
Ciudad de M�xico,2024,Mayo,5,Hombre,101
Ciudad de M�xico,2024,Mayo,5,Mujer,11
Ciudad de M�xico,2024,Junio,6,Hombre,69
Ciudad de M�xico,2024,Junio,6,Mujer,12
Ciudad de M�xico,2024,Julio,7,Hombre,78
Ciudad de M�xico,2024,Julio,7,Mujer,7
Ciudad de M�xico,2024,Agosto,8,Hombre,69
Ciudad de M�xico,2024,Agosto,8,Mujer,14
Ciudad de M�xico,2024,Septiembre,9,Hombre,82
Ciudad de M�xico,2024,Septiembre,9,Mujer,12
Ciudad de M�xico,2024,Octubre,10,Hombre,57
Ciudad de M�xico,2024,Octubre,10,Mujer,8
Ciudad de M�xico,2024,Noviembre,11,Hombre,89
Ciudad de M�xico,2024,Noviembre,11,Mujer,13
Ciudad de M�xico,2024,Diciembre,12,Hombre,70
Ciudad de M�xico,2024,Diciembre,12,Mujer,12
Coahuila de Zaragoza,1990,Enero,1,Hombre,23
Coahuila de Zaragoza,1990,Enero,1,Mujer,2
Coahuila de Zaragoza,1990,Febrero,2,Hombre,7
Coahuila de Zaragoza,1990,Febrero,2,Mujer,1
Coahuila de Zaragoza,1990,Marzo,3,Hombre,16
Coahuila de Zaragoza,1990,Abril,4,Hombre,13
Coahuila de Zaragoza,1990,Abril,4,Mujer,1
Coahuila de Zaragoza,1990,Mayo,5,Hombre,12
Coahuila de Zaragoza,1990,Mayo,5,Mujer,1
Coahuila de Zaragoza,1990,Junio,6,Hombre,29
Coahuila de Zaragoza,1990,Junio,6,Mujer,3
Coahuila de Zaragoza,1990,Julio,7,Hombre,4
Coahuila de Zaragoza,1990,Julio,7,Mujer,2
Coahuila de Zaragoza,1990,Agosto,8,Hombre,7
Coahuila de Zaragoza,1990,Agosto,8,Mujer,1
Coahuila de Zaragoza,1990,Septiembre,9,Hombre,13
Coahuila de Zaragoza,1990,Septiembre,9,Mujer,1
Coahuila de Zaragoza,1990,Octubre,10,Hombre,10
Coahuila de Zaragoza,1990,Noviembre,11,Hombre,17
Coahuila de Zaragoza,1990,Noviembre,11,Mujer,2
Coahuila de Zaragoza,1990,Diciembre,12,Hombre,9
Coahuila de Zaragoza,1990,Diciembre,12,Mujer,1
Coahuila de Zaragoza,1991,Enero,1,Hombre,22
Coahuila de Zaragoza,1991,Enero,1,Mujer,1
Coahuila de Zaragoza,1991,Febrero,2,Hombre,19
Coahuila de Zaragoza,1991,Marzo,3,Hombre,25
Coahuila de Zaragoza,1991,Marzo,3,Mujer,2
Coahuila de Zaragoza,1991,Abril,4,Hombre,14
Coahuila de Zaragoza,1991,Abril,4,Mujer,2
Coahuila de Zaragoza,1991,Mayo,5,Hombre,15
Coahuila de Zaragoza,1991,Mayo,5,Mujer,2
Coahuila de Zaragoza,1991,Junio,6,Hombre,15
Coahuila de Zaragoza,1991,Junio,6,Mujer,1
Coahuila de Zaragoza,1991,Julio,7,Hombre,17
Coahuila de Zaragoza,1991,Agosto,8,Hombre,17
Coahuila de Zaragoza,1991,Septiembre,9,Hombre,22
Coahuila de Zaragoza,1991,Septiembre,9,Mujer,2
Coahuila de Zaragoza,1991,Octubre,10,Hombre,23
Coahuila de Zaragoza,1991,Noviembre,11,Hombre,10
Coahuila de Zaragoza,1991,Noviembre,11,Mujer,1
Coahuila de Zaragoza,1991,Diciembre,12,Hombre,13
Coahuila de Zaragoza,1991,Diciembre,12,Mujer,1
Coahuila de Zaragoza,1992,Enero,1,Hombre,41
Coahuila de Zaragoza,1992,Enero,1,Mujer,5
Coahuila de Zaragoza,1992,Febrero,2,Hombre,11
Coahuila de Zaragoza,1992,Febrero,2,Mujer,1
Coahuila de Zaragoza,1992,Marzo,3,Hombre,13
Coahuila de Zaragoza,1992,Marzo,3,Mujer,3
Coahuila de Zaragoza,1992,Abril,4,Hombre,11
Coahuila de Zaragoza,1992,Abril,4,Mujer,5
Coahuila de Zaragoza,1992,Mayo,5,Hombre,13
Coahuila de Zaragoza,1992,Mayo,5,Mujer,2
Coahuila de Zaragoza,1992,Junio,6,Hombre,11
Coahuila de Zaragoza,1992,Junio,6,Mujer,3
Coahuila de Zaragoza,1992,Julio,7,Hombre,12
Coahuila de Zaragoza,1992,Agosto,8,Hombre,21
Coahuila de Zaragoza,1992,Septiembre,9,Hombre,24
Coahuila de Zaragoza,1992,Octubre,10,Hombre,5
Coahuila de Zaragoza,1992,Noviembre,11,Hombre,18
Coahuila de Zaragoza,1992,Diciembre,12,Hombre,23
Coahuila de Zaragoza,1992,Diciembre,12,Mujer,1
Coahuila de Zaragoza,1993,Enero,1,Hombre,40
Coahuila de Zaragoza,1993,Enero,1,Mujer,3
Coahuila de Zaragoza,1993,Febrero,2,Hombre,15
Coahuila de Zaragoza,1993,Marzo,3,Hombre,16
Coahuila de Zaragoza,1993,Abril,4,Hombre,14
Coahuila de Zaragoza,1993,Abril,4,Mujer,1
Coahuila de Zaragoza,1993,Mayo,5,Hombre,16
Coahuila de Zaragoza,1993,Mayo,5,Mujer,1
Coahuila de Zaragoza,1993,Junio,6,Hombre,20
Coahuila de Zaragoza,1993,Junio,6,Mujer,4
Coahuila de Zaragoza,1993,Julio,7,Hombre,15
Coahuila de Zaragoza,1993,Julio,7,Mujer,1
Coahuila de Zaragoza,1993,Agosto,8,Hombre,15
Coahuila de Zaragoza,1993,Septiembre,9,Hombre,13
Coahuila de Zaragoza,1993,Septiembre,9,Mujer,1
Coahuila de Zaragoza,1993,Octubre,10,Hombre,9
Coahuila de Zaragoza,1993,Octubre,10,Mujer,2
Coahuila de Zaragoza,1993,Noviembre,11,Hombre,8
Coahuila de Zaragoza,1993,Diciembre,12,Hombre,19
Coahuila de Zaragoza,1993,Diciembre,12,Mujer,3
Coahuila de Zaragoza,1994,Enero,1,Hombre,18
Coahuila de Zaragoza,1994,Enero,1,Mujer,2
Coahuila de Zaragoza,1994,Febrero,2,Hombre,16
Coahuila de Zaragoza,1994,Febrero,2,Mujer,1
Coahuila de Zaragoza,1994,Marzo,3,Hombre,19
Coahuila de Zaragoza,1994,Abril,4,Hombre,9
Coahuila de Zaragoza,1994,Abril,4,Mujer,1
Coahuila de Zaragoza,1994,Mayo,5,Hombre,23
Coahuila de Zaragoza,1994,Mayo,5,Mujer,1
Coahuila de Zaragoza,1994,Junio,6,Hombre,12
Coahuila de Zaragoza,1994,Junio,6,Mujer,2
Coahuila de Zaragoza,1994,Julio,7,Hombre,12
Coahuila de Zaragoza,1994,Agosto,8,Hombre,17
Coahuila de Zaragoza,1994,Agosto,8,Mujer,1
Coahuila de Zaragoza,1994,Septiembre,9,Hombre,26
Coahuila de Zaragoza,1994,Septiembre,9,Mujer,2
Coahuila de Zaragoza,1994,Octubre,10,Hombre,17
Coahuila de Zaragoza,1994,Octubre,10,Mujer,1
Coahuila de Zaragoza,1994,Noviembre,11,Hombre,17
Coahuila de Zaragoza,1994,Noviembre,11,Mujer,1
Coahuila de Zaragoza,1994,Diciembre,12,Hombre,15
Coahuila de Zaragoza,1994,Diciembre,12,Mujer,1
Coahuila de Zaragoza,1995,Enero,1,Hombre,23
Coahuila de Zaragoza,1995,Febrero,2,Hombre,13
Coahuila de Zaragoza,1995,Marzo,3,Hombre,7
Coahuila de Zaragoza,1995,Marzo,3,Mujer,3
Coahuila de Zaragoza,1995,Abril,4,Hombre,13
Coahuila de Zaragoza,1995,Mayo,5,Hombre,16
Coahuila de Zaragoza,1995,Mayo,5,Mujer,2
Coahuila de Zaragoza,1995,Junio,6,Hombre,14
Coahuila de Zaragoza,1995,Julio,7,Hombre,17
Coahuila de Zaragoza,1995,Julio,7,Mujer,2
Coahuila de Zaragoza,1995,Agosto,8,Hombre,15
Coahuila de Zaragoza,1995,Agosto,8,Mujer,2
Coahuila de Zaragoza,1995,Septiembre,9,Hombre,12
Coahuila de Zaragoza,1995,Septiembre,9,Mujer,1
Coahuila de Zaragoza,1995,Octubre,10,Hombre,14
Coahuila de Zaragoza,1995,Octubre,10,Mujer,1
Coahuila de Zaragoza,1995,Noviembre,11,Hombre,6
Coahuila de Zaragoza,1995,Noviembre,11,Mujer,1
Coahuila de Zaragoza,1995,Diciembre,12,Hombre,12
Coahuila de Zaragoza,1995,Diciembre,12,Mujer,1
Coahuila de Zaragoza,1996,Enero,1,Hombre,14
Coahuila de Zaragoza,1996,Enero,1,Mujer,1
Coahuila de Zaragoza,1996,Febrero,2,Hombre,13
Coahuila de Zaragoza,1996,Marzo,3,Hombre,12
Coahuila de Zaragoza,1996,Marzo,3,Mujer,1
Coahuila de Zaragoza,1996,Abril,4,Hombre,13
Coahuila de Zaragoza,1996,Abril,4,Mujer,2
Coahuila de Zaragoza,1996,Mayo,5,Hombre,11
Coahuila de Zaragoza,1996,Mayo,5,Mujer,3
Coahuila de Zaragoza,1996,Junio,6,Hombre,6
Coahuila de Zaragoza,1996,Junio,6,Mujer,2
Coahuila de Zaragoza,1996,Julio,7,Hombre,23
Coahuila de Zaragoza,1996,Julio,7,Mujer,1
Coahuila de Zaragoza,1996,Agosto,8,Hombre,12
Coahuila de Zaragoza,1996,Septiembre,9,Hombre,10
Coahuila de Zaragoza,1996,Octubre,10,Hombre,20
Coahuila de Zaragoza,1996,Octubre,10,Mujer,1
Coahuila de Zaragoza,1996,Noviembre,11,Hombre,7
Coahuila de Zaragoza,1996,Diciembre,12,Hombre,13
Coahuila de Zaragoza,1997,Enero,1,Hombre,14
Coahuila de Zaragoza,1997,Enero,1,Mujer,1
Coahuila de Zaragoza,1997,Febrero,2,Hombre,11
Coahuila de Zaragoza,1997,Febrero,2,Mujer,1
Coahuila de Zaragoza,1997,Marzo,3,Hombre,11
Coahuila de Zaragoza,1997,Marzo,3,Mujer,2
Coahuila de Zaragoza,1997,Abril,4,Hombre,13
Coahuila de Zaragoza,1997,Abril,4,Mujer,1
Coahuila de Zaragoza,1997,Mayo,5,Hombre,6
Coahuila de Zaragoza,1997,Mayo,5,Mujer,1
Coahuila de Zaragoza,1997,Junio,6,Hombre,5
Coahuila de Zaragoza,1997,Junio,6,Mujer,1
Coahuila de Zaragoza,1997,Julio,7,Hombre,23
Coahuila de Zaragoza,1997,Agosto,8,Hombre,11
Coahuila de Zaragoza,1997,Septiembre,9,Hombre,13
Coahuila de Zaragoza,1997,Septiembre,9,Mujer,1
Coahuila de Zaragoza,1997,Octubre,10,Hombre,10
Coahuila de Zaragoza,1997,Octubre,10,Mujer,4
Coahuila de Zaragoza,1997,Noviembre,11,Hombre,10
Coahuila de Zaragoza,1997,Diciembre,12,Hombre,9
Coahuila de Zaragoza,1997,Diciembre,12,Mujer,4
Coahuila de Zaragoza,1998,Enero,1,Hombre,13
Coahuila de Zaragoza,1998,Enero,1,Mujer,1
Coahuila de Zaragoza,1998,Febrero,2,Hombre,6
Coahuila de Zaragoza,1998,Febrero,2,Mujer,2
Coahuila de Zaragoza,1998,Marzo,3,Hombre,11
Coahuila de Zaragoza,1998,Marzo,3,Mujer,5
Coahuila de Zaragoza,1998,Abril,4,Hombre,9
Coahuila de Zaragoza,1998,Abril,4,Mujer,3
Coahuila de Zaragoza,1998,Mayo,5,Hombre,11
Coahuila de Zaragoza,1998,Mayo,5,Mujer,3
Coahuila de Zaragoza,1998,Junio,6,Hombre,11
Coahuila de Zaragoza,1998,Junio,6,Mujer,1
Coahuila de Zaragoza,1998,Julio,7,Hombre,17
Coahuila de Zaragoza,1998,Agosto,8,Hombre,10
Coahuila de Zaragoza,1998,Agosto,8,Mujer,2
Coahuila de Zaragoza,1998,Septiembre,9,Hombre,9
Coahuila de Zaragoza,1998,Septiembre,9,Mujer,1
Coahuila de Zaragoza,1998,Octubre,10,Hombre,11
Coahuila de Zaragoza,1998,Octubre,10,Mujer,3
Coahuila de Zaragoza,1998,Noviembre,11,Hombre,8
Coahuila de Zaragoza,1998,Diciembre,12,Hombre,6
Coahuila de Zaragoza,1999,Enero,1,Hombre,15
Coahuila de Zaragoza,1999,Enero,1,Mujer,2
Coahuila de Zaragoza,1999,Febrero,2,Hombre,8
Coahuila de Zaragoza,1999,Febrero,2,Mujer,2
Coahuila de Zaragoza,1999,Marzo,3,Hombre,8
Coahuila de Zaragoza,1999,Marzo,3,Mujer,1
Coahuila de Zaragoza,1999,Abril,4,Hombre,6
Coahuila de Zaragoza,1999,Abril,4,Mujer,1
Coahuila de Zaragoza,1999,Mayo,5,Hombre,7
Coahuila de Zaragoza,1999,Mayo,5,Mujer,2
Coahuila de Zaragoza,1999,Junio,6,Hombre,9
Coahuila de Zaragoza,1999,Junio,6,Mujer,4
Coahuila de Zaragoza,1999,Julio,7,Hombre,15
Coahuila de Zaragoza,1999,Julio,7,Mujer,1
Coahuila de Zaragoza,1999,Agosto,8,Hombre,10
Coahuila de Zaragoza,1999,Agosto,8,Mujer,1
Coahuila de Zaragoza,1999,Septiembre,9,Hombre,15
Coahuila de Zaragoza,1999,Septiembre,9,Mujer,1
Coahuila de Zaragoza,1999,Octubre,10,Hombre,9
Coahuila de Zaragoza,1999,Octubre,10,Mujer,1
Coahuila de Zaragoza,1999,Noviembre,11,Hombre,14
Coahuila de Zaragoza,1999,Diciembre,12,Hombre,12
Coahuila de Zaragoza,1999,Diciembre,12,Mujer,2
Coahuila de Zaragoza,2000,Enero,1,Hombre,7
Coahuila de Zaragoza,2000,Enero,1,Mujer,1
Coahuila de Zaragoza,2000,Febrero,2,Hombre,11
Coahuila de Zaragoza,2000,Febrero,2,Mujer,2
Coahuila de Zaragoza,2000,Marzo,3,Hombre,7
Coahuila de Zaragoza,2000,Marzo,3,Mujer,2
Coahuila de Zaragoza,2000,Abril,4,Hombre,11
Coahuila de Zaragoza,2000,Abril,4,Mujer,1
Coahuila de Zaragoza,2000,Mayo,5,Hombre,5
Coahuila de Zaragoza,2000,Mayo,5,Mujer,3
Coahuila de Zaragoza,2000,Junio,6,Hombre,7
Coahuila de Zaragoza,2000,Julio,7,Hombre,9
Coahuila de Zaragoza,2000,Julio,7,Mujer,3
Coahuila de Zaragoza,2000,Agosto,8,Hombre,11
Coahuila de Zaragoza,2000,Agosto,8,Mujer,2
Coahuila de Zaragoza,2000,Septiembre,9,Hombre,11
Coahuila de Zaragoza,2000,Octubre,10,Hombre,11
Coahuila de Zaragoza,2000,Octubre,10,Mujer,1
Coahuila de Zaragoza,2000,Noviembre,11,Hombre,10
Coahuila de Zaragoza,2000,Noviembre,11,Mujer,1
Coahuila de Zaragoza,2000,Diciembre,12,Hombre,6
Coahuila de Zaragoza,2000,Diciembre,12,Mujer,1
Coahuila de Zaragoza,2001,Enero,1,Hombre,9
Coahuila de Zaragoza,2001,Enero,1,Mujer,1
Coahuila de Zaragoza,2001,Febrero,2,Hombre,5
Coahuila de Zaragoza,2001,Febrero,2,Mujer,2
Coahuila de Zaragoza,2001,Marzo,3,Hombre,8
Coahuila de Zaragoza,2001,Marzo,3,Mujer,2
Coahuila de Zaragoza,2001,Abril,4,Hombre,11
Coahuila de Zaragoza,2001,Abril,4,Mujer,3
Coahuila de Zaragoza,2001,Mayo,5,Hombre,9
Coahuila de Zaragoza,2001,Mayo,5,Mujer,2
Coahuila de Zaragoza,2001,Junio,6,Hombre,8
Coahuila de Zaragoza,2001,Junio,6,Mujer,5
Coahuila de Zaragoza,2001,Julio,7,Hombre,15
Coahuila de Zaragoza,2001,Julio,7,Mujer,2
Coahuila de Zaragoza,2001,Agosto,8,Hombre,16
Coahuila de Zaragoza,2001,Agosto,8,Mujer,2
Coahuila de Zaragoza,2001,Septiembre,9,Hombre,13
Coahuila de Zaragoza,2001,Septiembre,9,Mujer,4
Coahuila de Zaragoza,2001,Octubre,10,Hombre,5
Coahuila de Zaragoza,2001,Octubre,10,Mujer,3
Coahuila de Zaragoza,2001,Noviembre,11,Hombre,13
Coahuila de Zaragoza,2001,Noviembre,11,Mujer,3
Coahuila de Zaragoza,2001,Diciembre,12,Hombre,9
Coahuila de Zaragoza,2001,Diciembre,12,Mujer,3
Coahuila de Zaragoza,2002,Enero,1,Hombre,9
Coahuila de Zaragoza,2002,Febrero,2,Hombre,6
Coahuila de Zaragoza,2002,Febrero,2,Mujer,2
Coahuila de Zaragoza,2002,Marzo,3,Hombre,12
Coahuila de Zaragoza,2002,Marzo,3,Mujer,1
Coahuila de Zaragoza,2002,Abril,4,Hombre,17
Coahuila de Zaragoza,2002,Mayo,5,Hombre,7
Coahuila de Zaragoza,2002,Mayo,5,Mujer,2
Coahuila de Zaragoza,2002,Junio,6,Hombre,8
Coahuila de Zaragoza,2002,Junio,6,Mujer,3
Coahuila de Zaragoza,2002,Julio,7,Hombre,7
Coahuila de Zaragoza,2002,Julio,7,Mujer,2
Coahuila de Zaragoza,2002,Agosto,8,Hombre,19
Coahuila de Zaragoza,2002,Agosto,8,Mujer,1
Coahuila de Zaragoza,2002,Septiembre,9,Hombre,7
Coahuila de Zaragoza,2002,Septiembre,9,Mujer,4
Coahuila de Zaragoza,2002,Octubre,10,Hombre,12
Coahuila de Zaragoza,2002,Noviembre,11,Hombre,7
Coahuila de Zaragoza,2002,Noviembre,11,Mujer,1
Coahuila de Zaragoza,2002,Diciembre,12,Hombre,9
Coahuila de Zaragoza,2002,Diciembre,12,Mujer,1
Coahuila de Zaragoza,2003,Enero,1,Hombre,8
Coahuila de Zaragoza,2003,Febrero,2,Hombre,6
Coahuila de Zaragoza,2003,Febrero,2,Mujer,1
Coahuila de Zaragoza,2003,Marzo,3,Hombre,5
Coahuila de Zaragoza,2003,Marzo,3,Mujer,1
Coahuila de Zaragoza,2003,Abril,4,Hombre,3
Coahuila de Zaragoza,2003,Abril,4,Mujer,3
Coahuila de Zaragoza,2003,Mayo,5,Hombre,9
Coahuila de Zaragoza,2003,Mayo,5,Mujer,2
Coahuila de Zaragoza,2003,Junio,6,Hombre,6
Coahuila de Zaragoza,2003,Junio,6,Mujer,3
Coahuila de Zaragoza,2003,Julio,7,Hombre,11
Coahuila de Zaragoza,2003,Julio,7,Mujer,3
Coahuila de Zaragoza,2003,Agosto,8,Hombre,5
Coahuila de Zaragoza,2003,Agosto,8,Mujer,3
Coahuila de Zaragoza,2003,Septiembre,9,Hombre,4
Coahuila de Zaragoza,2003,Septiembre,9,Mujer,3
Coahuila de Zaragoza,2003,Octubre,10,Hombre,13
Coahuila de Zaragoza,2003,Octubre,10,Mujer,1
Coahuila de Zaragoza,2003,Noviembre,11,Hombre,11
Coahuila de Zaragoza,2003,Diciembre,12,Hombre,14
Coahuila de Zaragoza,2003,Diciembre,12,Mujer,3
Coahuila de Zaragoza,2004,Enero,1,Hombre,11
Coahuila de Zaragoza,2004,Enero,1,Mujer,1
Coahuila de Zaragoza,2004,Febrero,2,Hombre,7
Coahuila de Zaragoza,2004,Marzo,3,Hombre,10
Coahuila de Zaragoza,2004,Marzo,3,Mujer,6
Coahuila de Zaragoza,2004,Abril,4,Hombre,2
Coahuila de Zaragoza,2004,Abril,4,Mujer,1
Coahuila de Zaragoza,2004,Mayo,5,Hombre,6
Coahuila de Zaragoza,2004,Mayo,5,Mujer,1
Coahuila de Zaragoza,2004,Junio,6,Hombre,7
Coahuila de Zaragoza,2004,Junio,6,Mujer,1
Coahuila de Zaragoza,2004,Julio,7,Hombre,6
Coahuila de Zaragoza,2004,Julio,7,Mujer,2
Coahuila de Zaragoza,2004,Agosto,8,Hombre,9
Coahuila de Zaragoza,2004,Agosto,8,Mujer,4
Coahuila de Zaragoza,2004,Septiembre,9,Hombre,8
Coahuila de Zaragoza,2004,Septiembre,9,Mujer,4
Coahuila de Zaragoza,2004,Octubre,10,Hombre,10
Coahuila de Zaragoza,2004,Octubre,10,Mujer,3
Coahuila de Zaragoza,2004,Noviembre,11,Hombre,5
Coahuila de Zaragoza,2004,Noviembre,11,Mujer,2
Coahuila de Zaragoza,2004,Diciembre,12,Hombre,7
Coahuila de Zaragoza,2004,Diciembre,12,Mujer,1
Coahuila de Zaragoza,2005,Enero,1,Hombre,12
Coahuila de Zaragoza,2005,Febrero,2,Hombre,5
Coahuila de Zaragoza,2005,Febrero,2,Mujer,1
Coahuila de Zaragoza,2005,Marzo,3,Hombre,6
Coahuila de Zaragoza,2005,Marzo,3,Mujer,2
Coahuila de Zaragoza,2005,Abril,4,Hombre,9
Coahuila de Zaragoza,2005,Abril,4,Mujer,2
Coahuila de Zaragoza,2005,Mayo,5,Hombre,12
Coahuila de Zaragoza,2005,Mayo,5,Mujer,3
Coahuila de Zaragoza,2005,Junio,6,Hombre,12
Coahuila de Zaragoza,2005,Junio,6,Mujer,2
Coahuila de Zaragoza,2005,Julio,7,Hombre,8
Coahuila de Zaragoza,2005,Julio,7,Mujer,2
Coahuila de Zaragoza,2005,Agosto,8,Hombre,11
Coahuila de Zaragoza,2005,Agosto,8,Mujer,4
Coahuila de Zaragoza,2005,Septiembre,9,Hombre,16
Coahuila de Zaragoza,2005,Octubre,10,Hombre,13
Coahuila de Zaragoza,2005,Octubre,10,Mujer,2
Coahuila de Zaragoza,2005,Noviembre,11,Hombre,9
Coahuila de Zaragoza,2005,Noviembre,11,Mujer,2
Coahuila de Zaragoza,2005,Diciembre,12,Hombre,11
Coahuila de Zaragoza,2005,Diciembre,12,Mujer,4
Coahuila de Zaragoza,2006,Enero,1,Hombre,9
Coahuila de Zaragoza,2006,Enero,1,Mujer,1
Coahuila de Zaragoza,2006,Febrero,2,Hombre,9
Coahuila de Zaragoza,2006,Febrero,2,Mujer,1
Coahuila de Zaragoza,2006,Marzo,3,Hombre,9
Coahuila de Zaragoza,2006,Abril,4,Hombre,5
Coahuila de Zaragoza,2006,Abril,4,Mujer,1
Coahuila de Zaragoza,2006,Mayo,5,Hombre,6
Coahuila de Zaragoza,2006,Mayo,5,Mujer,2
Coahuila de Zaragoza,2006,Junio,6,Hombre,9
Coahuila de Zaragoza,2006,Junio,6,Mujer,2
Coahuila de Zaragoza,2006,Julio,7,Hombre,8
Coahuila de Zaragoza,2006,Julio,7,Mujer,3
Coahuila de Zaragoza,2006,Agosto,8,Hombre,5
Coahuila de Zaragoza,2006,Septiembre,9,Hombre,9
Coahuila de Zaragoza,2006,Septiembre,9,Mujer,1
Coahuila de Zaragoza,2006,Octubre,10,Hombre,8
Coahuila de Zaragoza,2006,Octubre,10,Mujer,2
Coahuila de Zaragoza,2006,Noviembre,11,Hombre,8
Coahuila de Zaragoza,2006,Noviembre,11,Mujer,2
Coahuila de Zaragoza,2006,Diciembre,12,Hombre,5
Coahuila de Zaragoza,2006,Diciembre,12,Mujer,1
Coahuila de Zaragoza,2007,Enero,1,Hombre,2
Coahuila de Zaragoza,2007,Marzo,3,Hombre,3
Coahuila de Zaragoza,2007,Marzo,3,Mujer,1
Coahuila de Zaragoza,2007,Abril,4,Hombre,9
Coahuila de Zaragoza,2007,Abril,4,Mujer,1
Coahuila de Zaragoza,2007,Mayo,5,Hombre,9
Coahuila de Zaragoza,2007,Junio,6,Hombre,8
Coahuila de Zaragoza,2007,Junio,6,Mujer,3
Coahuila de Zaragoza,2007,Julio,7,Hombre,7
Coahuila de Zaragoza,2007,Julio,7,Mujer,1
Coahuila de Zaragoza,2007,Agosto,8,Hombre,12
Coahuila de Zaragoza,2007,Septiembre,9,Hombre,7
Coahuila de Zaragoza,2007,Octubre,10,Hombre,7
Coahuila de Zaragoza,2007,Octubre,10,Mujer,4
Coahuila de Zaragoza,2007,Noviembre,11,Hombre,8
Coahuila de Zaragoza,2007,Noviembre,11,Mujer,1
Coahuila de Zaragoza,2007,Diciembre,12,Hombre,24
Coahuila de Zaragoza,2007,Diciembre,12,Mujer,3
Coahuila de Zaragoza,2008,Enero,1,Hombre,13
Coahuila de Zaragoza,2008,Enero,1,Mujer,3
Coahuila de Zaragoza,2008,Febrero,2,Hombre,10
Coahuila de Zaragoza,2008,Febrero,2,Mujer,7
Coahuila de Zaragoza,2008,Marzo,3,Hombre,20
Coahuila de Zaragoza,2008,Marzo,3,Mujer,2
Coahuila de Zaragoza,2008,Abril,4,Hombre,8
Coahuila de Zaragoza,2008,Abril,4,Mujer,2
Coahuila de Zaragoza,2008,Mayo,5,Hombre,9
Coahuila de Zaragoza,2008,Mayo,5,Mujer,2
Coahuila de Zaragoza,2008,Junio,6,Hombre,18
Coahuila de Zaragoza,2008,Junio,6,Mujer,1
Coahuila de Zaragoza,2008,Julio,7,Hombre,10
Coahuila de Zaragoza,2008,Agosto,8,Hombre,15
Coahuila de Zaragoza,2008,Septiembre,9,Hombre,12
Coahuila de Zaragoza,2008,Septiembre,9,Mujer,3
Coahuila de Zaragoza,2008,Octubre,10,Hombre,12
Coahuila de Zaragoza,2008,Octubre,10,Mujer,2
Coahuila de Zaragoza,2008,Noviembre,11,Hombre,13
Coahuila de Zaragoza,2008,Noviembre,11,Mujer,1
Coahuila de Zaragoza,2008,Diciembre,12,Hombre,14
Coahuila de Zaragoza,2008,Diciembre,12,Mujer,2
Coahuila de Zaragoza,2009,Enero,1,Hombre,20
Coahuila de Zaragoza,2009,Enero,1,Mujer,1
Coahuila de Zaragoza,2009,Febrero,2,Hombre,20
Coahuila de Zaragoza,2009,Febrero,2,Mujer,2
Coahuila de Zaragoza,2009,Marzo,3,Hombre,20
Coahuila de Zaragoza,2009,Marzo,3,Mujer,5
Coahuila de Zaragoza,2009,Abril,4,Hombre,18
Coahuila de Zaragoza,2009,Mayo,5,Hombre,29
Coahuila de Zaragoza,2009,Mayo,5,Mujer,4
Coahuila de Zaragoza,2009,Junio,6,Hombre,25
Coahuila de Zaragoza,2009,Junio,6,Mujer,1
Coahuila de Zaragoza,2009,Julio,7,Hombre,16
Coahuila de Zaragoza,2009,Julio,7,Mujer,3
Coahuila de Zaragoza,2009,Agosto,8,Hombre,20
Coahuila de Zaragoza,2009,Septiembre,9,Hombre,18
Coahuila de Zaragoza,2009,Septiembre,9,Mujer,1
Coahuila de Zaragoza,2009,Octubre,10,Hombre,15
Coahuila de Zaragoza,2009,Octubre,10,Mujer,1
Coahuila de Zaragoza,2009,Noviembre,11,Hombre,19
Coahuila de Zaragoza,2009,Noviembre,11,Mujer,2
Coahuila de Zaragoza,2009,Diciembre,12,Hombre,17
Coahuila de Zaragoza,2009,Diciembre,12,Mujer,2
Coahuila de Zaragoza,2010,Enero,1,Hombre,22
Coahuila de Zaragoza,2010,Enero,1,Mujer,4
Coahuila de Zaragoza,2010,Febrero,2,Hombre,25
Coahuila de Zaragoza,2010,Febrero,2,Mujer,4
Coahuila de Zaragoza,2010,Marzo,3,Hombre,28
Coahuila de Zaragoza,2010,Marzo,3,Mujer,6
Coahuila de Zaragoza,2010,Abril,4,Hombre,43
Coahuila de Zaragoza,2010,Abril,4,Mujer,7
Coahuila de Zaragoza,2010,Mayo,5,Hombre,55
Coahuila de Zaragoza,2010,Mayo,5,Mujer,7
Coahuila de Zaragoza,2010,Junio,6,Hombre,54
Coahuila de Zaragoza,2010,Junio,6,Mujer,4
Coahuila de Zaragoza,2010,Julio,7,Hombre,33
Coahuila de Zaragoza,2010,Julio,7,Mujer,9
Coahuila de Zaragoza,2010,Agosto,8,Hombre,24
Coahuila de Zaragoza,2010,Agosto,8,Mujer,3
Coahuila de Zaragoza,2010,Septiembre,9,Hombre,18
Coahuila de Zaragoza,2010,Septiembre,9,Mujer,3
Coahuila de Zaragoza,2010,Octubre,10,Hombre,21
Coahuila de Zaragoza,2010,Octubre,10,Mujer,3
Coahuila de Zaragoza,2010,Noviembre,11,Hombre,11
Coahuila de Zaragoza,2010,Noviembre,11,Mujer,2
Coahuila de Zaragoza,2010,Diciembre,12,Hombre,17
Coahuila de Zaragoza,2010,Diciembre,12,Mujer,1
Coahuila de Zaragoza,2011,Enero,1,Hombre,21
Coahuila de Zaragoza,2011,Enero,1,Mujer,2
Coahuila de Zaragoza,2011,Febrero,2,Hombre,17
Coahuila de Zaragoza,2011,Marzo,3,Hombre,29
Coahuila de Zaragoza,2011,Marzo,3,Mujer,2
Coahuila de Zaragoza,2011,Abril,4,Hombre,19
Coahuila de Zaragoza,2011,Abril,4,Mujer,3
Coahuila de Zaragoza,2011,Mayo,5,Hombre,39
Coahuila de Zaragoza,2011,Mayo,5,Mujer,5
Coahuila de Zaragoza,2011,Junio,6,Hombre,71
Coahuila de Zaragoza,2011,Junio,6,Mujer,5
Coahuila de Zaragoza,2011,Julio,7,Hombre,53
Coahuila de Zaragoza,2011,Julio,7,Mujer,4
Coahuila de Zaragoza,2011,Agosto,8,Hombre,56
Coahuila de Zaragoza,2011,Agosto,8,Mujer,4
Coahuila de Zaragoza,2011,Septiembre,9,Hombre,61
Coahuila de Zaragoza,2011,Septiembre,9,Mujer,5
Coahuila de Zaragoza,2011,Octubre,10,Hombre,73
Coahuila de Zaragoza,2011,Octubre,10,Mujer,10
Coahuila de Zaragoza,2011,Noviembre,11,Hombre,44
Coahuila de Zaragoza,2011,Noviembre,11,Mujer,2
Coahuila de Zaragoza,2011,Diciembre,12,Hombre,79
Coahuila de Zaragoza,2011,Diciembre,12,Mujer,13
Coahuila de Zaragoza,2012,Enero,1,Hombre,63
Coahuila de Zaragoza,2012,Enero,1,Mujer,12
Coahuila de Zaragoza,2012,Febrero,2,Hombre,64
Coahuila de Zaragoza,2012,Febrero,2,Mujer,10
Coahuila de Zaragoza,2012,Marzo,3,Hombre,45
Coahuila de Zaragoza,2012,Marzo,3,Mujer,4
Coahuila de Zaragoza,2012,Abril,4,Hombre,58
Coahuila de Zaragoza,2012,Abril,4,Mujer,4
Coahuila de Zaragoza,2012,Mayo,5,Hombre,71
Coahuila de Zaragoza,2012,Mayo,5,Mujer,9
Coahuila de Zaragoza,2012,Junio,6,Hombre,128
Coahuila de Zaragoza,2012,Junio,6,Mujer,8
Coahuila de Zaragoza,2012,Julio,7,Hombre,102
Coahuila de Zaragoza,2012,Julio,7,Mujer,19
Coahuila de Zaragoza,2012,Agosto,8,Hombre,79
Coahuila de Zaragoza,2012,Agosto,8,Mujer,11
Coahuila de Zaragoza,2012,Septiembre,9,Hombre,85
Coahuila de Zaragoza,2012,Septiembre,9,Mujer,17
Coahuila de Zaragoza,2012,Octubre,10,Hombre,97
Coahuila de Zaragoza,2012,Octubre,10,Mujer,9
Coahuila de Zaragoza,2012,Noviembre,11,Hombre,73
Coahuila de Zaragoza,2012,Noviembre,11,Mujer,8
Coahuila de Zaragoza,2012,Diciembre,12,Hombre,80
Coahuila de Zaragoza,2012,Diciembre,12,Mujer,14
Coahuila de Zaragoza,2013,Enero,1,Hombre,75
Coahuila de Zaragoza,2013,Enero,1,Mujer,3
Coahuila de Zaragoza,2013,Febrero,2,Hombre,54
Coahuila de Zaragoza,2013,Febrero,2,Mujer,17
Coahuila de Zaragoza,2013,Marzo,3,Hombre,71
Coahuila de Zaragoza,2013,Marzo,3,Mujer,10
Coahuila de Zaragoza,2013,Abril,4,Hombre,74
Coahuila de Zaragoza,2013,Abril,4,Mujer,7
Coahuila de Zaragoza,2013,Mayo,5,Hombre,69
Coahuila de Zaragoza,2013,Mayo,5,Mujer,7
Coahuila de Zaragoza,2013,Junio,6,Hombre,28
Coahuila de Zaragoza,2013,Junio,6,Mujer,16
Coahuila de Zaragoza,2013,Julio,7,Hombre,68
Coahuila de Zaragoza,2013,Julio,7,Mujer,8
Coahuila de Zaragoza,2013,Agosto,8,Hombre,55
Coahuila de Zaragoza,2013,Agosto,8,Mujer,6
Coahuila de Zaragoza,2013,Septiembre,9,Hombre,51
Coahuila de Zaragoza,2013,Septiembre,9,Mujer,5
Coahuila de Zaragoza,2013,Octubre,10,Hombre,63
Coahuila de Zaragoza,2013,Octubre,10,Mujer,16
Coahuila de Zaragoza,2013,Noviembre,11,Hombre,48
Coahuila de Zaragoza,2013,Noviembre,11,Mujer,7
Coahuila de Zaragoza,2013,Diciembre,12,Hombre,37
Coahuila de Zaragoza,2013,Diciembre,12,Mujer,4
Coahuila de Zaragoza,2014,Enero,1,Hombre,34
Coahuila de Zaragoza,2014,Enero,1,Mujer,3
Coahuila de Zaragoza,2014,Febrero,2,Hombre,39
Coahuila de Zaragoza,2014,Febrero,2,Mujer,7
Coahuila de Zaragoza,2014,Marzo,3,Hombre,33
Coahuila de Zaragoza,2014,Marzo,3,Mujer,9
Coahuila de Zaragoza,2014,Abril,4,Hombre,26
Coahuila de Zaragoza,2014,Abril,4,Mujer,6
Coahuila de Zaragoza,2014,Mayo,5,Hombre,37
Coahuila de Zaragoza,2014,Mayo,5,Mujer,4
Coahuila de Zaragoza,2014,Junio,6,Hombre,30
Coahuila de Zaragoza,2014,Junio,6,Mujer,6
Coahuila de Zaragoza,2014,Julio,7,Hombre,36
Coahuila de Zaragoza,2014,Julio,7,Mujer,4
Coahuila de Zaragoza,2014,Agosto,8,Hombre,24
Coahuila de Zaragoza,2014,Agosto,8,Mujer,6
Coahuila de Zaragoza,2014,Septiembre,9,Hombre,39
Coahuila de Zaragoza,2014,Septiembre,9,Mujer,5
Coahuila de Zaragoza,2014,Octubre,10,Hombre,32
Coahuila de Zaragoza,2014,Octubre,10,Mujer,4
Coahuila de Zaragoza,2014,Noviembre,11,Hombre,36
Coahuila de Zaragoza,2014,Noviembre,11,Mujer,2
Coahuila de Zaragoza,2014,Diciembre,12,Hombre,34
Coahuila de Zaragoza,2014,Diciembre,12,Mujer,7
Coahuila de Zaragoza,2015,Enero,1,Hombre,42
Coahuila de Zaragoza,2015,Enero,1,Mujer,6
Coahuila de Zaragoza,2015,Febrero,2,Hombre,21
Coahuila de Zaragoza,2015,Febrero,2,Mujer,10
Coahuila de Zaragoza,2015,Marzo,3,Hombre,28
Coahuila de Zaragoza,2015,Marzo,3,Mujer,7
Coahuila de Zaragoza,2015,Abril,4,Hombre,25
Coahuila de Zaragoza,2015,Abril,4,Mujer,5
Coahuila de Zaragoza,2015,Mayo,5,Hombre,19
Coahuila de Zaragoza,2015,Mayo,5,Mujer,2
Coahuila de Zaragoza,2015,Junio,6,Hombre,9
Coahuila de Zaragoza,2015,Junio,6,Mujer,2
Coahuila de Zaragoza,2015,Julio,7,Hombre,20
Coahuila de Zaragoza,2015,Julio,7,Mujer,4
Coahuila de Zaragoza,2015,Agosto,8,Hombre,15
Coahuila de Zaragoza,2015,Agosto,8,Mujer,7
Coahuila de Zaragoza,2015,Septiembre,9,Hombre,17
Coahuila de Zaragoza,2015,Septiembre,9,Mujer,3
Coahuila de Zaragoza,2015,Octubre,10,Hombre,15
Coahuila de Zaragoza,2015,Octubre,10,Mujer,7
Coahuila de Zaragoza,2015,Noviembre,11,Hombre,19
Coahuila de Zaragoza,2015,Noviembre,11,Mujer,2
Coahuila de Zaragoza,2015,Diciembre,12,Hombre,21
Coahuila de Zaragoza,2015,Diciembre,12,Mujer,5
Coahuila de Zaragoza,2016,Enero,1,Hombre,12
Coahuila de Zaragoza,2016,Enero,1,Mujer,5
Coahuila de Zaragoza,2016,Febrero,2,Hombre,17
Coahuila de Zaragoza,2016,Febrero,2,Mujer,2
Coahuila de Zaragoza,2016,Marzo,3,Hombre,19
Coahuila de Zaragoza,2016,Marzo,3,Mujer,2
Coahuila de Zaragoza,2016,Abril,4,Hombre,18
Coahuila de Zaragoza,2016,Abril,4,Mujer,1
Coahuila de Zaragoza,2016,Mayo,5,Hombre,36
Coahuila de Zaragoza,2016,Mayo,5,Mujer,3
Coahuila de Zaragoza,2016,Junio,6,Hombre,17
Coahuila de Zaragoza,2016,Junio,6,Mujer,3
Coahuila de Zaragoza,2016,Julio,7,Hombre,10
Coahuila de Zaragoza,2016,Julio,7,Mujer,3
Coahuila de Zaragoza,2016,Agosto,8,Hombre,21
Coahuila de Zaragoza,2016,Agosto,8,Mujer,4
Coahuila de Zaragoza,2016,Septiembre,9,Hombre,19
Coahuila de Zaragoza,2016,Septiembre,9,Mujer,5
Coahuila de Zaragoza,2016,Octubre,10,Hombre,19
Coahuila de Zaragoza,2016,Octubre,10,Mujer,2
Coahuila de Zaragoza,2016,Noviembre,11,Hombre,10
Coahuila de Zaragoza,2016,Noviembre,11,Mujer,3
Coahuila de Zaragoza,2016,Diciembre,12,Hombre,15
Coahuila de Zaragoza,2016,Diciembre,12,Mujer,7
Coahuila de Zaragoza,2017,Enero,1,Hombre,18
Coahuila de Zaragoza,2017,Enero,1,Mujer,1
Coahuila de Zaragoza,2017,Febrero,2,Hombre,21
Coahuila de Zaragoza,2017,Febrero,2,Mujer,4
Coahuila de Zaragoza,2017,Marzo,3,Hombre,24
Coahuila de Zaragoza,2017,Marzo,3,Mujer,6
Coahuila de Zaragoza,2017,Abril,4,Hombre,20
Coahuila de Zaragoza,2017,Abril,4,Mujer,3
Coahuila de Zaragoza,2017,Mayo,5,Hombre,22
Coahuila de Zaragoza,2017,Mayo,5,Mujer,4
Coahuila de Zaragoza,2017,Junio,6,Hombre,20
Coahuila de Zaragoza,2017,Junio,6,Mujer,4
Coahuila de Zaragoza,2017,Julio,7,Hombre,20
Coahuila de Zaragoza,2017,Julio,7,Mujer,5
Coahuila de Zaragoza,2017,Agosto,8,Hombre,13
Coahuila de Zaragoza,2017,Agosto,8,Mujer,4
Coahuila de Zaragoza,2017,Septiembre,9,Hombre,21
Coahuila de Zaragoza,2017,Septiembre,9,Mujer,3
Coahuila de Zaragoza,2017,Octubre,10,Hombre,17
Coahuila de Zaragoza,2017,Noviembre,11,Hombre,16
Coahuila de Zaragoza,2017,Noviembre,11,Mujer,4
Coahuila de Zaragoza,2017,Diciembre,12,Hombre,17
Coahuila de Zaragoza,2017,Diciembre,12,Mujer,3
Coahuila de Zaragoza,2018,Enero,1,Hombre,22
Coahuila de Zaragoza,2018,Enero,1,Mujer,3
Coahuila de Zaragoza,2018,Febrero,2,Hombre,16
Coahuila de Zaragoza,2018,Febrero,2,Mujer,2
Coahuila de Zaragoza,2018,Marzo,3,Hombre,7
Coahuila de Zaragoza,2018,Marzo,3,Mujer,1
Coahuila de Zaragoza,2018,Abril,4,Hombre,19
Coahuila de Zaragoza,2018,Mayo,5,Hombre,22
Coahuila de Zaragoza,2018,Mayo,5,Mujer,4
Coahuila de Zaragoza,2018,Junio,6,Hombre,14
Coahuila de Zaragoza,2018,Junio,6,Mujer,5
Coahuila de Zaragoza,2018,Julio,7,Hombre,18
Coahuila de Zaragoza,2018,Julio,7,Mujer,1
Coahuila de Zaragoza,2018,Agosto,8,Hombre,18
Coahuila de Zaragoza,2018,Agosto,8,Mujer,1
Coahuila de Zaragoza,2018,Septiembre,9,Hombre,23
Coahuila de Zaragoza,2018,Septiembre,9,Mujer,1
Coahuila de Zaragoza,2018,Octubre,10,Hombre,18
Coahuila de Zaragoza,2018,Octubre,10,Mujer,2
Coahuila de Zaragoza,2018,Noviembre,11,Hombre,12
Coahuila de Zaragoza,2018,Noviembre,11,Mujer,7
Coahuila de Zaragoza,2018,Diciembre,12,Hombre,25
Coahuila de Zaragoza,2018,Diciembre,12,Mujer,3
Coahuila de Zaragoza,2019,Enero,1,Hombre,27
Coahuila de Zaragoza,2019,Enero,1,Mujer,2
Coahuila de Zaragoza,2019,Febrero,2,Hombre,19
Coahuila de Zaragoza,2019,Febrero,2,Mujer,3
Coahuila de Zaragoza,2019,Marzo,3,Hombre,21
Coahuila de Zaragoza,2019,Marzo,3,Mujer,10
Coahuila de Zaragoza,2019,Abril,4,Hombre,12
Coahuila de Zaragoza,2019,Abril,4,Mujer,4
Coahuila de Zaragoza,2019,Mayo,5,Hombre,37
Coahuila de Zaragoza,2019,Mayo,5,Mujer,7
Coahuila de Zaragoza,2019,Junio,6,Hombre,15
Coahuila de Zaragoza,2019,Junio,6,Mujer,13
Coahuila de Zaragoza,2019,Julio,7,Hombre,20
Coahuila de Zaragoza,2019,Julio,7,Mujer,4
Coahuila de Zaragoza,2019,Agosto,8,Hombre,14
Coahuila de Zaragoza,2019,Agosto,8,Mujer,1
Coahuila de Zaragoza,2019,Septiembre,9,Hombre,19
Coahuila de Zaragoza,2019,Septiembre,9,Mujer,2
Coahuila de Zaragoza,2019,Octubre,10,Hombre,18
Coahuila de Zaragoza,2019,Noviembre,11,Hombre,11
Coahuila de Zaragoza,2019,Noviembre,11,Mujer,2
Coahuila de Zaragoza,2019,Diciembre,12,Hombre,31
Coahuila de Zaragoza,2019,Diciembre,12,Mujer,3
Coahuila de Zaragoza,2020,Enero,1,Hombre,32
Coahuila de Zaragoza,2020,Enero,1,Mujer,3
Coahuila de Zaragoza,2020,Febrero,2,Hombre,10
Coahuila de Zaragoza,2020,Febrero,2,Mujer,3
Coahuila de Zaragoza,2020,Marzo,3,Hombre,19
Coahuila de Zaragoza,2020,Marzo,3,Mujer,3
Coahuila de Zaragoza,2020,Abril,4,Hombre,17
Coahuila de Zaragoza,2020,Abril,4,Mujer,1
Coahuila de Zaragoza,2020,Mayo,5,Hombre,7
Coahuila de Zaragoza,2020,Mayo,5,Mujer,4
Coahuila de Zaragoza,2020,Junio,6,Hombre,18
Coahuila de Zaragoza,2020,Junio,6,Mujer,5
Coahuila de Zaragoza,2020,Julio,7,Hombre,29
Coahuila de Zaragoza,2020,Julio,7,Mujer,1
Coahuila de Zaragoza,2020,Agosto,8,Hombre,14
Coahuila de Zaragoza,2020,Agosto,8,Mujer,1
Coahuila de Zaragoza,2020,Septiembre,9,Hombre,10
Coahuila de Zaragoza,2020,Septiembre,9,Mujer,3
Coahuila de Zaragoza,2020,Octubre,10,Hombre,9
Coahuila de Zaragoza,2020,Octubre,10,Mujer,7
Coahuila de Zaragoza,2020,Noviembre,11,Hombre,27
Coahuila de Zaragoza,2020,Noviembre,11,Mujer,1
Coahuila de Zaragoza,2020,Diciembre,12,Hombre,15
Coahuila de Zaragoza,2020,Diciembre,12,Mujer,1
Coahuila de Zaragoza,2021,Enero,1,Hombre,15
Coahuila de Zaragoza,2021,Enero,1,Mujer,4
Coahuila de Zaragoza,2021,Febrero,2,Hombre,8
Coahuila de Zaragoza,2021,Febrero,2,Mujer,3
Coahuila de Zaragoza,2021,Marzo,3,Hombre,15
Coahuila de Zaragoza,2021,Marzo,3,Mujer,1
Coahuila de Zaragoza,2021,Abril,4,Hombre,12
Coahuila de Zaragoza,2021,Abril,4,Mujer,2
Coahuila de Zaragoza,2021,Mayo,5,Hombre,9
Coahuila de Zaragoza,2021,Junio,6,Hombre,12
Coahuila de Zaragoza,2021,Junio,6,Mujer,1
Coahuila de Zaragoza,2021,Julio,7,Hombre,14
Coahuila de Zaragoza,2021,Julio,7,Mujer,2
Coahuila de Zaragoza,2021,Agosto,8,Hombre,6
Coahuila de Zaragoza,2021,Agosto,8,Mujer,5
Coahuila de Zaragoza,2021,Septiembre,9,Hombre,15
Coahuila de Zaragoza,2021,Octubre,10,Hombre,8
Coahuila de Zaragoza,2021,Octubre,10,Mujer,3
Coahuila de Zaragoza,2021,Noviembre,11,Hombre,15
Coahuila de Zaragoza,2021,Noviembre,11,Mujer,2
Coahuila de Zaragoza,2021,Diciembre,12,Hombre,11
Coahuila de Zaragoza,2021,Diciembre,12,Mujer,3
Coahuila de Zaragoza,2022,Enero,1,Hombre,8
Coahuila de Zaragoza,2022,Enero,1,Mujer,2
Coahuila de Zaragoza,2022,Febrero,2,Hombre,11
Coahuila de Zaragoza,2022,Febrero,2,Mujer,1
Coahuila de Zaragoza,2022,Marzo,3,Hombre,9
Coahuila de Zaragoza,2022,Abril,4,Hombre,14
Coahuila de Zaragoza,2022,Abril,4,Mujer,5
Coahuila de Zaragoza,2022,Mayo,5,Hombre,12
Coahuila de Zaragoza,2022,Mayo,5,Mujer,5
Coahuila de Zaragoza,2022,Junio,6,Hombre,12
Coahuila de Zaragoza,2022,Junio,6,Mujer,2
Coahuila de Zaragoza,2022,Julio,7,Hombre,15
Coahuila de Zaragoza,2022,Julio,7,Mujer,1
Coahuila de Zaragoza,2022,Agosto,8,Hombre,4
Coahuila de Zaragoza,2022,Agosto,8,Mujer,2
Coahuila de Zaragoza,2022,Septiembre,9,Hombre,15
Coahuila de Zaragoza,2022,Septiembre,9,Mujer,2
Coahuila de Zaragoza,2022,Octubre,10,Hombre,17
Coahuila de Zaragoza,2022,Octubre,10,Mujer,2
Coahuila de Zaragoza,2022,Noviembre,11,Hombre,6
Coahuila de Zaragoza,2022,Noviembre,11,Mujer,2
Coahuila de Zaragoza,2022,Diciembre,12,Hombre,17
Coahuila de Zaragoza,2022,Diciembre,12,Mujer,2
Coahuila de Zaragoza,2023,Enero,1,Hombre,10
Coahuila de Zaragoza,2023,Enero,1,Mujer,1
Coahuila de Zaragoza,2023,Febrero,2,Hombre,5
Coahuila de Zaragoza,2023,Febrero,2,Mujer,1
Coahuila de Zaragoza,2023,Marzo,3,Hombre,8
Coahuila de Zaragoza,2023,Abril,4,Hombre,12
Coahuila de Zaragoza,2023,Mayo,5,Hombre,7
Coahuila de Zaragoza,2023,Mayo,5,Mujer,1
Coahuila de Zaragoza,2023,Junio,6,Hombre,13
Coahuila de Zaragoza,2023,Junio,6,Mujer,1
Coahuila de Zaragoza,2023,Julio,7,Hombre,13
Coahuila de Zaragoza,2023,Julio,7,Mujer,2
Coahuila de Zaragoza,2023,Agosto,8,Hombre,8
Coahuila de Zaragoza,2023,Agosto,8,Mujer,4
Coahuila de Zaragoza,2023,Septiembre,9,Hombre,11
Coahuila de Zaragoza,2023,Octubre,10,Hombre,11
Coahuila de Zaragoza,2023,Noviembre,11,Hombre,10
Coahuila de Zaragoza,2023,Noviembre,11,Mujer,4
Coahuila de Zaragoza,2023,Diciembre,12,Hombre,3
Coahuila de Zaragoza,2023,Diciembre,12,Mujer,4
Coahuila de Zaragoza,2024,Enero,1,Hombre,2
Coahuila de Zaragoza,2024,Enero,1,Mujer,1
Coahuila de Zaragoza,2024,Febrero,2,Hombre,8
Coahuila de Zaragoza,2024,Marzo,3,Hombre,5
Coahuila de Zaragoza,2024,Marzo,3,Mujer,4
Coahuila de Zaragoza,2024,Abril,4,Hombre,2
Coahuila de Zaragoza,2024,Abril,4,Mujer,1
Coahuila de Zaragoza,2024,Mayo,5,Hombre,13
Coahuila de Zaragoza,2024,Mayo,5,Mujer,5
Coahuila de Zaragoza,2024,Junio,6,Hombre,8
Coahuila de Zaragoza,2024,Junio,6,Mujer,2
Coahuila de Zaragoza,2024,Julio,7,Hombre,8
Coahuila de Zaragoza,2024,Julio,7,Mujer,3
Coahuila de Zaragoza,2024,Agosto,8,Hombre,5
Coahuila de Zaragoza,2024,Agosto,8,Mujer,4
Coahuila de Zaragoza,2024,Septiembre,9,Hombre,10
Coahuila de Zaragoza,2024,Septiembre,9,Mujer,1
Coahuila de Zaragoza,2024,Octubre,10,Hombre,10
Coahuila de Zaragoza,2024,Octubre,10,Mujer,1
Coahuila de Zaragoza,2024,Noviembre,11,Hombre,4
Coahuila de Zaragoza,2024,Noviembre,11,Mujer,1
Coahuila de Zaragoza,2024,Diciembre,12,Hombre,20
Coahuila de Zaragoza,2024,Diciembre,12,Mujer,1
Colima,1990,Enero,1,Hombre,4
Colima,1990,Febrero,2,Hombre,8
Colima,1990,Marzo,3,Hombre,7
Colima,1990,Abril,4,Hombre,6
Colima,1990,Mayo,5,Hombre,3
Colima,1990,Junio,6,Hombre,4
Colima,1990,Junio,6,Mujer,1
Colima,1990,Julio,7,Hombre,3
Colima,1990,Julio,7,Mujer,1
Colima,1990,Agosto,8,Hombre,8
Colima,1990,Septiembre,9,Hombre,9
Colima,1990,Octubre,10,Hombre,8
Colima,1990,Noviembre,11,Hombre,6
Colima,1990,Diciembre,12,Hombre,6
Colima,1991,Enero,1,Hombre,7
Colima,1991,Febrero,2,Hombre,3
Colima,1991,Marzo,3,Hombre,8
Colima,1991,Marzo,3,Mujer,1
Colima,1991,Abril,4,Hombre,8
Colima,1991,Abril,4,Mujer,2
Colima,1991,Mayo,5,Hombre,10
Colima,1991,Junio,6,Hombre,10
Colima,1991,Junio,6,Mujer,1
Colima,1991,Julio,7,Hombre,6
Colima,1991,Julio,7,Mujer,2
Colima,1991,Agosto,8,Hombre,7
Colima,1991,Septiembre,9,Hombre,8
Colima,1991,Octubre,10,Hombre,4
Colima,1991,Octubre,10,Mujer,3
Colima,1991,Noviembre,11,Hombre,5
Colima,1991,Diciembre,12,Hombre,9
Colima,1991,Diciembre,12,Mujer,1
Colima,1992,Enero,1,Hombre,5
Colima,1992,Febrero,2,Hombre,11
Colima,1992,Febrero,2,Mujer,2
Colima,1992,Marzo,3,Hombre,7
Colima,1992,Abril,4,Hombre,9
Colima,1992,Mayo,5,Hombre,24
Colima,1992,Mayo,5,Mujer,1
Colima,1992,Junio,6,Hombre,9
Colima,1992,Junio,6,Mujer,2
Colima,1992,Julio,7,Hombre,6
Colima,1992,Julio,7,Mujer,2
Colima,1992,Agosto,8,Hombre,6
Colima,1992,Septiembre,9,Hombre,6
Colima,1992,Octubre,10,Hombre,6
Colima,1992,Octubre,10,Mujer,1
Colima,1992,Noviembre,11,Hombre,6
Colima,1992,Noviembre,11,Mujer,1
Colima,1992,Diciembre,12,Hombre,11
Colima,1993,Enero,1,Hombre,7
Colima,1993,Febrero,2,Hombre,11
Colima,1993,Febrero,2,Mujer,1
Colima,1993,Marzo,3,Hombre,3
Colima,1993,Abril,4,Hombre,4
Colima,1993,Mayo,5,Hombre,4
Colima,1993,Mayo,5,Mujer,1
Colima,1993,Junio,6,Hombre,6
Colima,1993,Junio,6,Mujer,1
Colima,1993,Julio,7,Hombre,2
Colima,1993,Julio,7,Mujer,1
Colima,1993,Agosto,8,Hombre,6
Colima,1993,Septiembre,9,Hombre,2
Colima,1993,Septiembre,9,Mujer,1
Colima,1993,Octubre,10,Hombre,7
Colima,1993,Noviembre,11,Hombre,6
Colima,1993,Diciembre,12,Hombre,7
Colima,1993,Diciembre,12,Mujer,1
Colima,1994,Enero,1,Hombre,4
Colima,1994,Enero,1,Mujer,2
Colima,1994,Febrero,2,Hombre,8
Colima,1994,Marzo,3,Hombre,5
Colima,1994,Abril,4,Hombre,6
Colima,1994,Abril,4,Mujer,2
Colima,1994,Mayo,5,Hombre,8
Colima,1994,Junio,6,Hombre,7
Colima,1994,Julio,7,Hombre,5
Colima,1994,Agosto,8,Hombre,10
Colima,1994,Septiembre,9,Hombre,4
Colima,1994,Octubre,10,Hombre,9
Colima,1994,Octubre,10,Mujer,1
Colima,1994,Noviembre,11,Hombre,3
Colima,1994,Noviembre,11,Mujer,1
Colima,1994,Diciembre,12,Hombre,5
Colima,1994,Diciembre,12,Mujer,2
Colima,1995,Enero,1,Hombre,4
Colima,1995,Febrero,2,Hombre,5
Colima,1995,Marzo,3,Hombre,6
Colima,1995,Abril,4,Hombre,6
Colima,1995,Mayo,5,Hombre,2
Colima,1995,Mayo,5,Mujer,1
Colima,1995,Junio,6,Hombre,3
Colima,1995,Junio,6,Mujer,2
Colima,1995,Julio,7,Hombre,5
Colima,1995,Agosto,8,Hombre,3
Colima,1995,Septiembre,9,Hombre,5
Colima,1995,Septiembre,9,Mujer,1
Colima,1995,Octubre,10,Hombre,4
Colima,1995,Noviembre,11,Hombre,5
Colima,1995,Noviembre,11,Mujer,1
Colima,1995,Diciembre,12,Hombre,6
Colima,1995,Diciembre,12,Mujer,1
Colima,1996,Enero,1,Hombre,3
Colima,1996,Febrero,2,Hombre,2
Colima,1996,Marzo,3,Hombre,3
Colima,1996,Marzo,3,Mujer,1
Colima,1996,Abril,4,Hombre,3
Colima,1996,Abril,4,Mujer,1
Colima,1996,Mayo,5,Hombre,3
Colima,1996,Julio,7,Hombre,5
Colima,1996,Agosto,8,Hombre,3
Colima,1996,Septiembre,9,Hombre,3
Colima,1996,Septiembre,9,Mujer,1
Colima,1996,Octubre,10,Hombre,2
Colima,1996,Noviembre,11,Hombre,4
Colima,1996,Noviembre,11,Mujer,1
Colima,1996,Diciembre,12,Hombre,6
Colima,1996,Diciembre,12,Mujer,1
Colima,1997,Enero,1,Hombre,2
Colima,1997,Febrero,2,Hombre,3
Colima,1997,Marzo,3,Hombre,3
Colima,1997,Marzo,3,Mujer,2
Colima,1997,Abril,4,Hombre,2
Colima,1997,Mayo,5,Hombre,6
Colima,1997,Junio,6,Hombre,6
Colima,1997,Julio,7,Hombre,2
Colima,1997,Agosto,8,Hombre,9
Colima,1997,Septiembre,9,Hombre,3
Colima,1997,Octubre,10,Mujer,1
Colima,1997,Noviembre,11,Hombre,7
Colima,1997,Diciembre,12,Hombre,5
Colima,1997,Diciembre,12,Mujer,1
Colima,1998,Enero,1,Hombre,4
Colima,1998,Febrero,2,Hombre,7
Colima,1998,Marzo,3,Hombre,2
Colima,1998,Marzo,3,Mujer,4
Colima,1998,Abril,4,Hombre,3
Colima,1998,Abril,4,Mujer,2
Colima,1998,Mayo,5,Hombre,1
Colima,1998,Junio,6,Hombre,2
Colima,1998,Junio,6,Mujer,1
Colima,1998,Julio,7,Hombre,4
Colima,1998,Julio,7,Mujer,1
Colima,1998,Agosto,8,Hombre,3
Colima,1998,Agosto,8,Mujer,1
Colima,1998,Septiembre,9,Hombre,5
Colima,1998,Septiembre,9,Mujer,1
Colima,1998,Octubre,10,Hombre,3
Colima,1998,Noviembre,11,Hombre,3
Colima,1998,Noviembre,11,Mujer,4
Colima,1998,Diciembre,12,Hombre,8
Colima,1999,Enero,1,Hombre,4
Colima,1999,Enero,1,Mujer,2
Colima,1999,Febrero,2,Hombre,1
Colima,1999,Febrero,2,Mujer,1
Colima,1999,Marzo,3,Hombre,9
Colima,1999,Marzo,3,Mujer,1
Colima,1999,Abril,4,Hombre,8
Colima,1999,Abril,4,Mujer,1
Colima,1999,Mayo,5,Hombre,5
Colima,1999,Junio,6,Hombre,3
Colima,1999,Junio,6,Mujer,2
Colima,1999,Julio,7,Hombre,4
Colima,1999,Agosto,8,Hombre,3
Colima,1999,Agosto,8,Mujer,1
Colima,1999,Septiembre,9,Hombre,1
Colima,1999,Octubre,10,Hombre,3
Colima,1999,Octubre,10,Mujer,1
Colima,1999,Noviembre,11,Hombre,6
Colima,1999,Diciembre,12,Hombre,2
Colima,2000,Enero,1,Hombre,5
Colima,2000,Enero,1,Mujer,1
Colima,2000,Febrero,2,Hombre,2
Colima,2000,Febrero,2,Mujer,2
Colima,2000,Marzo,3,Hombre,4
Colima,2000,Marzo,3,Mujer,1
Colima,2000,Abril,4,Hombre,3
Colima,2000,Mayo,5,Hombre,2
Colima,2000,Junio,6,Hombre,4
Colima,2000,Junio,6,Mujer,1
Colima,2000,Julio,7,Hombre,8
Colima,2000,Agosto,8,Hombre,6
Colima,2000,Agosto,8,Mujer,1
Colima,2000,Septiembre,9,Hombre,2
Colima,2000,Septiembre,9,Mujer,2
Colima,2000,Octubre,10,Hombre,5
Colima,2000,Noviembre,11,Hombre,3
Colima,2000,Noviembre,11,Mujer,1
Colima,2000,Diciembre,12,Hombre,5
Colima,2001,Enero,1,Hombre,6
Colima,2001,Enero,1,Mujer,1
Colima,2001,Febrero,2,Hombre,6
Colima,2001,Marzo,3,Hombre,4
Colima,2001,Marzo,3,Mujer,1
Colima,2001,Abril,4,Hombre,6
Colima,2001,Abril,4,Mujer,1
Colima,2001,Mayo,5,Hombre,6
Colima,2001,Mayo,5,Mujer,1
Colima,2001,Junio,6,Hombre,2
Colima,2001,Julio,7,Hombre,6
Colima,2001,Julio,7,Mujer,1
Colima,2001,Agosto,8,Hombre,3
Colima,2001,Agosto,8,Mujer,3
Colima,2001,Septiembre,9,Hombre,1
Colima,2001,Octubre,10,Hombre,3
Colima,2001,Noviembre,11,Hombre,3
Colima,2001,Noviembre,11,Mujer,1
Colima,2001,Diciembre,12,Hombre,4
Colima,2002,Enero,1,Hombre,3
Colima,2002,Febrero,2,Hombre,3
Colima,2002,Marzo,3,Hombre,3
Colima,2002,Abril,4,Hombre,2
Colima,2002,Mayo,5,Hombre,2
Colima,2002,Junio,6,Hombre,1
Colima,2002,Junio,6,Mujer,1
Colima,2002,Julio,7,Hombre,10
Colima,2002,Agosto,8,Hombre,5
Colima,2002,Agosto,8,Mujer,1
Colima,2002,Septiembre,9,Hombre,1
Colima,2002,Octubre,10,Hombre,3
Colima,2002,Octubre,10,Mujer,1
Colima,2002,Noviembre,11,Hombre,2
Colima,2002,Noviembre,11,Mujer,1
Colima,2002,Diciembre,12,Hombre,3
Colima,2002,Diciembre,12,Mujer,1
Colima,2003,Enero,1,Hombre,4
Colima,2003,Febrero,2,Hombre,1
Colima,2003,Febrero,2,Mujer,1
Colima,2003,Marzo,3,Hombre,2
Colima,2003,Abril,4,Hombre,4
Colima,2003,Mayo,5,Hombre,3
Colima,2003,Mayo,5,Mujer,1
Colima,2003,Junio,6,Hombre,2
Colima,2003,Junio,6,Mujer,1
Colima,2003,Julio,7,Hombre,2
Colima,2003,Agosto,8,Hombre,4
Colima,2003,Agosto,8,Mujer,1
Colima,2003,Septiembre,9,Hombre,3
Colima,2003,Octubre,10,Hombre,5
Colima,2003,Octubre,10,Mujer,1
Colima,2003,Noviembre,11,Hombre,2
Colima,2003,Noviembre,11,Mujer,2
Colima,2003,Diciembre,12,Hombre,2
Colima,2004,Enero,1,Hombre,7
Colima,2004,Enero,1,Mujer,1
Colima,2004,Febrero,2,Hombre,4
Colima,2004,Marzo,3,Hombre,1
Colima,2004,Marzo,3,Mujer,1
Colima,2004,Abril,4,Hombre,5
Colima,2004,Mayo,5,Hombre,3
Colima,2004,Mayo,5,Mujer,1
Colima,2004,Junio,6,Hombre,4
Colima,2004,Junio,6,Mujer,1
Colima,2004,Julio,7,Hombre,2
Colima,2004,Agosto,8,Hombre,2
Colima,2004,Septiembre,9,Hombre,3
Colima,2004,Octubre,10,Hombre,8
Colima,2004,Octubre,10,Mujer,1
Colima,2004,Noviembre,11,Hombre,3
Colima,2004,Diciembre,12,Hombre,5
Colima,2004,Diciembre,12,Mujer,1
Colima,2005,Enero,1,Hombre,2
Colima,2005,Enero,1,Mujer,1
Colima,2005,Febrero,2,Hombre,7
Colima,2005,Marzo,3,Hombre,5
Colima,2005,Marzo,3,Mujer,1
Colima,2005,Abril,4,Hombre,3
Colima,2005,Abril,4,Mujer,1
Colima,2005,Mayo,5,Hombre,1
Colima,2005,Junio,6,Hombre,5
Colima,2005,Junio,6,Mujer,2
Colima,2005,Julio,7,Hombre,3
Colima,2005,Agosto,8,Hombre,5
Colima,2005,Agosto,8,Mujer,1
Colima,2005,Septiembre,9,Hombre,3
Colima,2005,Septiembre,9,Mujer,1
Colima,2005,Octubre,10,Hombre,1
Colima,2005,Noviembre,11,Hombre,4
Colima,2005,Noviembre,11,Mujer,1
Colima,2005,Diciembre,12,Hombre,2
Colima,2005,Diciembre,12,Mujer,2
Colima,2006,Enero,1,Hombre,3
Colima,2006,Febrero,2,Hombre,2
Colima,2006,Marzo,3,Hombre,3
Colima,2006,Abril,4,Hombre,2
Colima,2006,Mayo,5,Hombre,2
Colima,2006,Mayo,5,Mujer,1
Colima,2006,Junio,6,Hombre,2
Colima,2006,Junio,6,Mujer,1
Colima,2006,Julio,7,Hombre,3
Colima,2006,Agosto,8,Hombre,3
Colima,2006,Agosto,8,Mujer,1
Colima,2006,Septiembre,9,Hombre,4
Colima,2006,Septiembre,9,Mujer,1
Colima,2006,Noviembre,11,Hombre,5
Colima,2006,Diciembre,12,Hombre,9
Colima,2007,Enero,1,Hombre,2
Colima,2007,Febrero,2,Hombre,1
Colima,2007,Marzo,3,Hombre,4
Colima,2007,Abril,4,Hombre,1
Colima,2007,Mayo,5,Hombre,2
Colima,2007,Mayo,5,Mujer,1
Colima,2007,Junio,6,Hombre,4
Colima,2007,Junio,6,Mujer,1
Colima,2007,Julio,7,Hombre,6
Colima,2007,Julio,7,Mujer,2
Colima,2007,Agosto,8,Hombre,4
Colima,2007,Septiembre,9,Hombre,1
Colima,2007,Septiembre,9,Mujer,1
Colima,2007,Octubre,10,Hombre,4
Colima,2007,Noviembre,11,Hombre,2
Colima,2007,Diciembre,12,Hombre,5
Colima,2007,Diciembre,12,Mujer,1
Colima,2008,Enero,1,Hombre,4
Colima,2008,Enero,1,Mujer,1
Colima,2008,Febrero,2,Hombre,7
Colima,2008,Marzo,3,Hombre,3
Colima,2008,Abril,4,Hombre,1
Colima,2008,Mayo,5,Hombre,3
Colima,2008,Junio,6,Hombre,4
Colima,2008,Julio,7,Hombre,4
Colima,2008,Julio,7,Mujer,1
Colima,2008,Agosto,8,Hombre,7
Colima,2008,Agosto,8,Mujer,1
Colima,2008,Septiembre,9,Hombre,6
Colima,2008,Septiembre,9,Mujer,1
Colima,2008,Octubre,10,Hombre,4
Colima,2008,Octubre,10,Mujer,1
Colima,2008,Noviembre,11,Hombre,4
Colima,2008,Noviembre,11,Mujer,1
Colima,2008,Diciembre,12,Mujer,1
Colima,2009,Enero,1,Hombre,5
Colima,2009,Enero,1,Mujer,2
Colima,2009,Febrero,2,Hombre,5
Colima,2009,Febrero,2,Mujer,1
Colima,2009,Marzo,3,Hombre,8
Colima,2009,Marzo,3,Mujer,1
Colima,2009,Abril,4,Hombre,2
Colima,2009,Mayo,5,Hombre,3
Colima,2009,Junio,6,Hombre,2
Colima,2009,Junio,6,Mujer,1
Colima,2009,Julio,7,Hombre,2
Colima,2009,Agosto,8,Hombre,7
Colima,2009,Septiembre,9,Hombre,7
Colima,2009,Septiembre,9,Mujer,3
Colima,2009,Octubre,10,Hombre,3
Colima,2009,Noviembre,11,Hombre,2
Colima,2009,Noviembre,11,Mujer,1
Colima,2009,Diciembre,12,Hombre,2
Colima,2009,Diciembre,12,Mujer,1
Colima,2010,Enero,1,Hombre,2
Colima,2010,Febrero,2,Hombre,1
Colima,2010,Marzo,3,Hombre,4
Colima,2010,Abril,4,Hombre,3
Colima,2010,Mayo,5,Hombre,9
Colima,2010,Junio,6,Hombre,18
Colima,2010,Junio,6,Mujer,1
Colima,2010,Julio,7,Hombre,8
Colima,2010,Julio,7,Mujer,1
Colima,2010,Agosto,8,Hombre,9
Colima,2010,Septiembre,9,Hombre,24
Colima,2010,Septiembre,9,Mujer,1
Colima,2010,Octubre,10,Hombre,14
Colima,2010,Octubre,10,Mujer,1
Colima,2010,Noviembre,11,Hombre,13
Colima,2010,Diciembre,12,Hombre,13
Colima,2010,Diciembre,12,Mujer,1
Colima,2011,Enero,1,Hombre,4
Colima,2011,Febrero,2,Hombre,21
Colima,2011,Febrero,2,Mujer,1
Colima,2011,Marzo,3,Hombre,12
Colima,2011,Marzo,3,Mujer,3
Colima,2011,Abril,4,Hombre,9
Colima,2011,Abril,4,Mujer,1
Colima,2011,Mayo,5,Hombre,17
Colima,2011,Mayo,5,Mujer,1
Colima,2011,Junio,6,Hombre,7
Colima,2011,Junio,6,Mujer,1
Colima,2011,Julio,7,Hombre,13
Colima,2011,Agosto,8,Hombre,14
Colima,2011,Agosto,8,Mujer,1
Colima,2011,Septiembre,9,Hombre,9
Colima,2011,Septiembre,9,Mujer,2
Colima,2011,Octubre,10,Hombre,13
Colima,2011,Octubre,10,Mujer,3
Colima,2011,Noviembre,11,Hombre,7
Colima,2011,Diciembre,12,Hombre,13
Colima,2011,Diciembre,12,Mujer,3
Colima,2012,Enero,1,Hombre,18
Colima,2012,Enero,1,Mujer,4
Colima,2012,Febrero,2,Hombre,19
Colima,2012,Marzo,3,Hombre,20
Colima,2012,Marzo,3,Mujer,1
Colima,2012,Abril,4,Hombre,10
Colima,2012,Abril,4,Mujer,2
Colima,2012,Mayo,5,Hombre,26
Colima,2012,Mayo,5,Mujer,5
Colima,2012,Junio,6,Hombre,19
Colima,2012,Junio,6,Mujer,1
Colima,2012,Julio,7,Hombre,23
Colima,2012,Julio,7,Mujer,1
Colima,2012,Agosto,8,Hombre,19
Colima,2012,Agosto,8,Mujer,2
Colima,2012,Septiembre,9,Hombre,22
Colima,2012,Septiembre,9,Mujer,3
Colima,2012,Octubre,10,Hombre,17
Colima,2012,Octubre,10,Mujer,2
Colima,2012,Noviembre,11,Hombre,16
Colima,2012,Diciembre,12,Hombre,26
Colima,2012,Diciembre,12,Mujer,2
Colima,2013,Enero,1,Hombre,31
Colima,2013,Enero,1,Mujer,4
Colima,2013,Febrero,2,Hombre,20
Colima,2013,Febrero,2,Mujer,1
Colima,2013,Marzo,3,Hombre,22
Colima,2013,Marzo,3,Mujer,2
Colima,2013,Abril,4,Hombre,12
Colima,2013,Abril,4,Mujer,1
Colima,2013,Mayo,5,Hombre,11
Colima,2013,Mayo,5,Mujer,2
Colima,2013,Junio,6,Hombre,11
Colima,2013,Junio,6,Mujer,2
Colima,2013,Julio,7,Hombre,15
Colima,2013,Julio,7,Mujer,1
Colima,2013,Agosto,8,Hombre,16
Colima,2013,Agosto,8,Mujer,1
Colima,2013,Septiembre,9,Hombre,10
Colima,2013,Octubre,10,Hombre,17
Colima,2013,Noviembre,11,Hombre,13
Colima,2013,Noviembre,11,Mujer,1
Colima,2013,Diciembre,12,Hombre,14
Colima,2013,Diciembre,12,Mujer,2
Colima,2014,Enero,1,Hombre,6
Colima,2014,Enero,1,Mujer,1
Colima,2014,Febrero,2,Hombre,20
Colima,2014,Marzo,3,Hombre,10
Colima,2014,Marzo,3,Mujer,2
Colima,2014,Abril,4,Hombre,18
Colima,2014,Abril,4,Mujer,3
Colima,2014,Mayo,5,Hombre,4
Colima,2014,Mayo,5,Mujer,5
Colima,2014,Junio,6,Hombre,10
Colima,2014,Julio,7,Hombre,5
Colima,2014,Julio,7,Mujer,1
Colima,2014,Agosto,8,Hombre,7
Colima,2014,Septiembre,9,Hombre,5
Colima,2014,Octubre,10,Hombre,7
Colima,2014,Octubre,10,Mujer,5
Colima,2014,Noviembre,11,Hombre,14
Colima,2014,Noviembre,11,Mujer,1
Colima,2014,Diciembre,12,Hombre,11
Colima,2015,Enero,1,Hombre,14
Colima,2015,Enero,1,Mujer,3
Colima,2015,Febrero,2,Hombre,9
Colima,2015,Febrero,2,Mujer,3
Colima,2015,Marzo,3,Hombre,17
Colima,2015,Marzo,3,Mujer,3
Colima,2015,Abril,4,Hombre,12
Colima,2015,Mayo,5,Hombre,17
Colima,2015,Mayo,5,Mujer,1
Colima,2015,Junio,6,Hombre,11
Colima,2015,Junio,6,Mujer,1
Colima,2015,Julio,7,Hombre,10
Colima,2015,Julio,7,Mujer,5
Colima,2015,Agosto,8,Hombre,11
Colima,2015,Septiembre,9,Hombre,18
Colima,2015,Septiembre,9,Mujer,2
Colima,2015,Octubre,10,Hombre,20
Colima,2015,Noviembre,11,Hombre,25
Colima,2015,Noviembre,11,Mujer,2
Colima,2015,Diciembre,12,Hombre,26
Colima,2015,Diciembre,12,Mujer,4
Colima,2016,Enero,1,Hombre,25
Colima,2016,Enero,1,Mujer,1
Colima,2016,Febrero,2,Hombre,39
Colima,2016,Febrero,2,Mujer,3
Colima,2016,Marzo,3,Hombre,37
Colima,2016,Marzo,3,Mujer,7
Colima,2016,Abril,4,Hombre,47
Colima,2016,Abril,4,Mujer,6
Colima,2016,Mayo,5,Hombre,38
Colima,2016,Mayo,5,Mujer,4
Colima,2016,Junio,6,Hombre,30
Colima,2016,Junio,6,Mujer,6
Colima,2016,Julio,7,Hombre,43
Colima,2016,Julio,7,Mujer,6
Colima,2016,Agosto,8,Hombre,42
Colima,2016,Agosto,8,Mujer,2
Colima,2016,Septiembre,9,Hombre,43
Colima,2016,Septiembre,9,Mujer,8
Colima,2016,Octubre,10,Hombre,38
Colima,2016,Octubre,10,Mujer,5
Colima,2016,Noviembre,11,Hombre,56
Colima,2016,Noviembre,11,Mujer,4
Colima,2016,Diciembre,12,Hombre,61
Colima,2016,Diciembre,12,Mujer,3
Colima,2017,Enero,1,Hombre,68
Colima,2017,Enero,1,Mujer,4
Colima,2017,Febrero,2,Hombre,32
Colima,2017,Febrero,2,Mujer,6
Colima,2017,Marzo,3,Hombre,44
Colima,2017,Marzo,3,Mujer,7
Colima,2017,Abril,4,Hombre,40
Colima,2017,Abril,4,Mujer,2
Colima,2017,Mayo,5,Hombre,56
Colima,2017,Mayo,5,Mujer,3
Colima,2017,Junio,6,Hombre,80
Colima,2017,Junio,6,Mujer,10
Colima,2017,Julio,7,Hombre,83
Colima,2017,Julio,7,Mujer,11
Colima,2017,Agosto,8,Hombre,52
Colima,2017,Agosto,8,Mujer,7
Colima,2017,Septiembre,9,Hombre,42
Colima,2017,Septiembre,9,Mujer,4
Colima,2017,Octubre,10,Hombre,63
Colima,2017,Octubre,10,Mujer,7
Colima,2017,Noviembre,11,Hombre,61
Colima,2017,Noviembre,11,Mujer,9
Colima,2017,Diciembre,12,Hombre,82
Colima,2017,Diciembre,12,Mujer,3
Colima,2018,Enero,1,Hombre,57
Colima,2018,Enero,1,Mujer,5
Colima,2018,Febrero,2,Hombre,54
Colima,2018,Febrero,2,Mujer,5
Colima,2018,Marzo,3,Hombre,57
Colima,2018,Marzo,3,Mujer,11
Colima,2018,Abril,4,Hombre,49
Colima,2018,Abril,4,Mujer,4
Colima,2018,Mayo,5,Hombre,43
Colima,2018,Mayo,5,Mujer,4
Colima,2018,Junio,6,Hombre,51
Colima,2018,Junio,6,Mujer,8
Colima,2018,Julio,7,Hombre,33
Colima,2018,Julio,7,Mujer,2
Colima,2018,Agosto,8,Hombre,47
Colima,2018,Agosto,8,Mujer,6
Colima,2018,Septiembre,9,Hombre,52
Colima,2018,Septiembre,9,Mujer,5
Colima,2018,Octubre,10,Hombre,62
Colima,2018,Octubre,10,Mujer,12
Colima,2018,Noviembre,11,Hombre,49
Colima,2018,Noviembre,11,Mujer,7
Colima,2018,Diciembre,12,Hombre,43
Colima,2018,Diciembre,12,Mujer,8
Colima,2019,Enero,1,Hombre,53
Colima,2019,Enero,1,Mujer,9
Colima,2019,Febrero,2,Hombre,41
Colima,2019,Febrero,2,Mujer,11
Colima,2019,Marzo,3,Hombre,42
Colima,2019,Marzo,3,Mujer,4
Colima,2019,Abril,4,Hombre,56
Colima,2019,Abril,4,Mujer,3
Colima,2019,Mayo,5,Hombre,57
Colima,2019,Mayo,5,Mujer,12
Colima,2019,Junio,6,Hombre,56
Colima,2019,Junio,6,Mujer,14
Colima,2019,Julio,7,Hombre,56
Colima,2019,Julio,7,Mujer,6
Colima,2019,Agosto,8,Hombre,61
Colima,2019,Agosto,8,Mujer,7
Colima,2019,Septiembre,9,Hombre,52
Colima,2019,Septiembre,9,Mujer,13
Colima,2019,Octubre,10,Hombre,40
Colima,2019,Octubre,10,Mujer,3
Colima,2019,Noviembre,11,Hombre,64
Colima,2019,Noviembre,11,Mujer,6
Colima,2019,Diciembre,12,Hombre,65
Colima,2019,Diciembre,12,Mujer,8
Colima,2020,Enero,1,Hombre,54
Colima,2020,Enero,1,Mujer,8
Colima,2020,Febrero,2,Hombre,48
Colima,2020,Febrero,2,Mujer,11
Colima,2020,Marzo,3,Hombre,54
Colima,2020,Marzo,3,Mujer,9
Colima,2020,Abril,4,Hombre,48
Colima,2020,Abril,4,Mujer,11
Colima,2020,Mayo,5,Hombre,54
Colima,2020,Mayo,5,Mujer,7
Colima,2020,Junio,6,Hombre,49
Colima,2020,Junio,6,Mujer,10
Colima,2020,Julio,7,Hombre,36
Colima,2020,Julio,7,Mujer,4
Colima,2020,Agosto,8,Hombre,22
Colima,2020,Agosto,8,Mujer,9
Colima,2020,Septiembre,9,Hombre,25
Colima,2020,Septiembre,9,Mujer,5
Colima,2020,Octubre,10,Hombre,41
Colima,2020,Octubre,10,Mujer,9
Colima,2020,Noviembre,11,Hombre,42
Colima,2020,Noviembre,11,Mujer,9
Colima,2020,Diciembre,12,Hombre,48
Colima,2020,Diciembre,12,Mujer,4
Colima,2021,Enero,1,Hombre,46
Colima,2021,Enero,1,Mujer,5
Colima,2021,Febrero,2,Hombre,50
Colima,2021,Febrero,2,Mujer,4
Colima,2021,Marzo,3,Hombre,48
Colima,2021,Marzo,3,Mujer,7
Colima,2021,Abril,4,Hombre,34
Colima,2021,Abril,4,Mujer,6
Colima,2021,Mayo,5,Hombre,37
Colima,2021,Mayo,5,Mujer,9
Colima,2021,Junio,6,Hombre,40
Colima,2021,Junio,6,Mujer,2
Colima,2021,Julio,7,Hombre,37
Colima,2021,Julio,7,Mujer,9
Colima,2021,Agosto,8,Hombre,37
Colima,2021,Agosto,8,Mujer,2
Colima,2021,Septiembre,9,Hombre,48
Colima,2021,Septiembre,9,Mujer,7
Colima,2021,Octubre,10,Hombre,47
Colima,2021,Octubre,10,Mujer,2
Colima,2021,Noviembre,11,Hombre,32
Colima,2021,Noviembre,11,Mujer,4
Colima,2021,Diciembre,12,Hombre,45
Colima,2021,Diciembre,12,Mujer,3
Colima,2022,Enero,1,Hombre,39
Colima,2022,Enero,1,Mujer,4
Colima,2022,Febrero,2,Hombre,56
Colima,2022,Febrero,2,Mujer,3
Colima,2022,Marzo,3,Hombre,82
Colima,2022,Marzo,3,Mujer,7
Colima,2022,Abril,4,Hombre,64
Colima,2022,Abril,4,Mujer,7
Colima,2022,Mayo,5,Hombre,76
Colima,2022,Mayo,5,Mujer,15
Colima,2022,Junio,6,Hombre,61
Colima,2022,Junio,6,Mujer,19
Colima,2022,Julio,7,Hombre,53
Colima,2022,Julio,7,Mujer,5
Colima,2022,Agosto,8,Hombre,53
Colima,2022,Agosto,8,Mujer,8
Colima,2022,Septiembre,9,Hombre,66
Colima,2022,Septiembre,9,Mujer,10
Colima,2022,Octubre,10,Hombre,72
Colima,2022,Octubre,10,Mujer,10
Colima,2022,Noviembre,11,Hombre,55
Colima,2022,Noviembre,11,Mujer,9
Colima,2022,Diciembre,12,Hombre,72
Colima,2022,Diciembre,12,Mujer,8
Colima,2023,Enero,1,Hombre,44
Colima,2023,Enero,1,Mujer,13
Colima,2023,Febrero,2,Hombre,37
Colima,2023,Febrero,2,Mujer,1
Colima,2023,Marzo,3,Hombre,66
Colima,2023,Marzo,3,Mujer,10
Colima,2023,Abril,4,Hombre,53
Colima,2023,Abril,4,Mujer,20
Colima,2023,Mayo,5,Hombre,75
Colima,2023,Mayo,5,Mujer,12
Colima,2023,Junio,6,Hombre,60
Colima,2023,Junio,6,Mujer,11
Colima,2023,Julio,7,Hombre,61
Colima,2023,Julio,7,Mujer,14
Colima,2023,Agosto,8,Hombre,67
Colima,2023,Agosto,8,Mujer,8
Colima,2023,Septiembre,9,Hombre,74
Colima,2023,Septiembre,9,Mujer,16
Colima,2023,Octubre,10,Hombre,61
Colima,2023,Octubre,10,Mujer,12
Colima,2023,Noviembre,11,Hombre,63
Colima,2023,Noviembre,11,Mujer,13
Colima,2023,Diciembre,12,Hombre,81
Colima,2023,Diciembre,12,Mujer,7
Colima,2024,Enero,1,Hombre,54
Colima,2024,Enero,1,Mujer,8
Colima,2024,Febrero,2,Hombre,49
Colima,2024,Febrero,2,Mujer,8
Colima,2024,Marzo,3,Hombre,49
Colima,2024,Marzo,3,Mujer,4
Colima,2024,Abril,4,Hombre,78
Colima,2024,Abril,4,Mujer,13
Colima,2024,Mayo,5,Hombre,71
Colima,2024,Mayo,5,Mujer,23
Colima,2024,Junio,6,Hombre,76
Colima,2024,Junio,6,Mujer,15
Colima,2024,Julio,7,Hombre,66
Colima,2024,Julio,7,Mujer,12
Colima,2024,Agosto,8,Hombre,63
Colima,2024,Agosto,8,Mujer,11
Colima,2024,Septiembre,9,Hombre,53
Colima,2024,Septiembre,9,Mujer,12
Colima,2024,Octubre,10,Hombre,54
Colima,2024,Octubre,10,Mujer,11
Colima,2024,Noviembre,11,Hombre,90
Colima,2024,Noviembre,11,Mujer,10
Colima,2024,Diciembre,12,Hombre,55
Colima,2024,Diciembre,12,Mujer,10
Durango,1990,Enero,1,Hombre,25
Durango,1990,Enero,1,Mujer,2
Durango,1990,Febrero,2,Hombre,14
Durango,1990,Marzo,3,Hombre,25
Durango,1990,Abril,4,Hombre,15
Durango,1990,Abril,4,Mujer,1
Durango,1990,Mayo,5,Hombre,26
Durango,1990,Mayo,5,Mujer,2
Durango,1990,Junio,6,Hombre,39
Durango,1990,Junio,6,Mujer,1
Durango,1990,Julio,7,Hombre,17
Durango,1990,Julio,7,Mujer,2
Durango,1990,Agosto,8,Hombre,16
Durango,1990,Agosto,8,Mujer,3
Durango,1990,Septiembre,9,Hombre,22
Durango,1990,Septiembre,9,Mujer,1
Durango,1990,Octubre,10,Hombre,22
Durango,1990,Octubre,10,Mujer,1
Durango,1990,Noviembre,11,Hombre,21
Durango,1990,Noviembre,11,Mujer,2
Durango,1990,Diciembre,12,Hombre,19
Durango,1991,Enero,1,Hombre,33
Durango,1991,Febrero,2,Hombre,19
Durango,1991,Marzo,3,Hombre,22
Durango,1991,Marzo,3,Mujer,3
Durango,1991,Abril,4,Hombre,32
Durango,1991,Abril,4,Mujer,3
Durango,1991,Mayo,5,Hombre,29
Durango,1991,Mayo,5,Mujer,2
Durango,1991,Junio,6,Hombre,31
Durango,1991,Julio,7,Hombre,18
Durango,1991,Julio,7,Mujer,6
Durango,1991,Agosto,8,Hombre,34
Durango,1991,Agosto,8,Mujer,1
Durango,1991,Septiembre,9,Hombre,25
Durango,1991,Septiembre,9,Mujer,3
Durango,1991,Octubre,10,Hombre,32
Durango,1991,Octubre,10,Mujer,2
Durango,1991,Noviembre,11,Hombre,11
Durango,1991,Noviembre,11,Mujer,1
Durango,1991,Diciembre,12,Hombre,20
Durango,1991,Diciembre,12,Mujer,3
Durango,1992,Enero,1,Hombre,54
Durango,1992,Febrero,2,Hombre,42
Durango,1992,Marzo,3,Hombre,67
Durango,1992,Abril,4,Hombre,50
Durango,1992,Mayo,5,Hombre,58
Durango,1992,Mayo,5,Mujer,5
Durango,1992,Junio,6,Hombre,63
Durango,1992,Junio,6,Mujer,3
Durango,1992,Julio,7,Hombre,28
Durango,1992,Julio,7,Mujer,1
Durango,1992,Agosto,8,Hombre,52
Durango,1992,Agosto,8,Mujer,5
Durango,1992,Septiembre,9,Hombre,47
Durango,1992,Septiembre,9,Mujer,5
Durango,1992,Octubre,10,Hombre,43
Durango,1992,Octubre,10,Mujer,2
Durango,1992,Noviembre,11,Hombre,31
Durango,1992,Diciembre,12,Hombre,53
Durango,1992,Diciembre,12,Mujer,3
Durango,1993,Enero,1,Hombre,45
Durango,1993,Enero,1,Mujer,2
Durango,1993,Febrero,2,Hombre,31
Durango,1993,Febrero,2,Mujer,1
Durango,1993,Marzo,3,Hombre,29
Durango,1993,Marzo,3,Mujer,3
Durango,1993,Abril,4,Hombre,23
Durango,1993,Abril,4,Mujer,2
Durango,1993,Mayo,5,Hombre,25
Durango,1993,Mayo,5,Mujer,2
Durango,1993,Junio,6,Hombre,23
Durango,1993,Julio,7,Hombre,31
Durango,1993,Julio,7,Mujer,2
Durango,1993,Agosto,8,Hombre,29
Durango,1993,Agosto,8,Mujer,1
Durango,1993,Septiembre,9,Hombre,18
Durango,1993,Octubre,10,Hombre,16
Durango,1993,Noviembre,11,Hombre,28
Durango,1993,Noviembre,11,Mujer,2
Durango,1993,Diciembre,12,Hombre,21
Durango,1993,Diciembre,12,Mujer,2
Durango,1994,Enero,1,Hombre,28
Durango,1994,Enero,1,Mujer,3
Durango,1994,Febrero,2,Hombre,22
Durango,1994,Febrero,2,Mujer,2
Durango,1994,Marzo,3,Hombre,25
Durango,1994,Marzo,3,Mujer,3
Durango,1994,Abril,4,Hombre,17
Durango,1994,Mayo,5,Hombre,35
Durango,1994,Mayo,5,Mujer,1
Durango,1994,Junio,6,Hombre,29
Durango,1994,Julio,7,Hombre,24
Durango,1994,Julio,7,Mujer,2
Durango,1994,Agosto,8,Hombre,24
Durango,1994,Agosto,8,Mujer,5
Durango,1994,Septiembre,9,Hombre,31
Durango,1994,Septiembre,9,Mujer,1
Durango,1994,Octubre,10,Hombre,34
Durango,1994,Octubre,10,Mujer,1
Durango,1994,Noviembre,11,Hombre,31
Durango,1994,Noviembre,11,Mujer,2
Durango,1994,Diciembre,12,Hombre,14
Durango,1995,Enero,1,Hombre,31
Durango,1995,Enero,1,Mujer,2
Durango,1995,Febrero,2,Hombre,19
Durango,1995,Febrero,2,Mujer,2
Durango,1995,Marzo,3,Hombre,26
Durango,1995,Marzo,3,Mujer,1
Durango,1995,Abril,4,Hombre,23
Durango,1995,Mayo,5,Hombre,30
Durango,1995,Junio,6,Hombre,21
Durango,1995,Junio,6,Mujer,1
Durango,1995,Julio,7,Hombre,17
Durango,1995,Julio,7,Mujer,1
Durango,1995,Agosto,8,Hombre,26
Durango,1995,Agosto,8,Mujer,1
Durango,1995,Septiembre,9,Hombre,23
Durango,1995,Octubre,10,Hombre,23
Durango,1995,Noviembre,11,Hombre,20
Durango,1995,Diciembre,12,Hombre,31
Durango,1995,Diciembre,12,Mujer,6
Durango,1996,Enero,1,Hombre,24
Durango,1996,Enero,1,Mujer,1
Durango,1996,Febrero,2,Hombre,19
Durango,1996,Marzo,3,Hombre,25
Durango,1996,Marzo,3,Mujer,1
Durango,1996,Abril,4,Hombre,15
Durango,1996,Mayo,5,Hombre,21
Durango,1996,Junio,6,Hombre,17
Durango,1996,Julio,7,Hombre,17
Durango,1996,Agosto,8,Hombre,21
Durango,1996,Septiembre,9,Hombre,15
Durango,1996,Septiembre,9,Mujer,1
Durango,1996,Octubre,10,Hombre,16
Durango,1996,Noviembre,11,Hombre,17
Durango,1996,Diciembre,12,Hombre,15
Durango,1996,Diciembre,12,Mujer,1
Durango,1997,Enero,1,Hombre,8
Durango,1997,Febrero,2,Hombre,12
Durango,1997,Febrero,2,Mujer,2
Durango,1997,Marzo,3,Hombre,20
Durango,1997,Marzo,3,Mujer,1
Durango,1997,Abril,4,Hombre,21
Durango,1997,Abril,4,Mujer,1
Durango,1997,Mayo,5,Hombre,25
Durango,1997,Junio,6,Hombre,19
Durango,1997,Junio,6,Mujer,1
Durango,1997,Julio,7,Hombre,19
Durango,1997,Julio,7,Mujer,1
Durango,1997,Agosto,8,Hombre,23
Durango,1997,Agosto,8,Mujer,4
Durango,1997,Septiembre,9,Hombre,26
Durango,1997,Octubre,10,Hombre,15
Durango,1997,Octubre,10,Mujer,2
Durango,1997,Noviembre,11,Hombre,16
Durango,1997,Diciembre,12,Hombre,12
Durango,1997,Diciembre,12,Mujer,1
Durango,1998,Enero,1,Hombre,19
Durango,1998,Enero,1,Mujer,2
Durango,1998,Febrero,2,Hombre,20
Durango,1998,Febrero,2,Mujer,2
Durango,1998,Marzo,3,Hombre,14
Durango,1998,Marzo,3,Mujer,1
Durango,1998,Abril,4,Hombre,21
Durango,1998,Abril,4,Mujer,3
Durango,1998,Mayo,5,Hombre,10
Durango,1998,Junio,6,Hombre,22
Durango,1998,Junio,6,Mujer,2
Durango,1998,Julio,7,Hombre,12
Durango,1998,Julio,7,Mujer,4
Durango,1998,Agosto,8,Hombre,23
Durango,1998,Agosto,8,Mujer,2
Durango,1998,Septiembre,9,Hombre,19
Durango,1998,Septiembre,9,Mujer,1
Durango,1998,Octubre,10,Hombre,14
Durango,1998,Octubre,10,Mujer,2
Durango,1998,Noviembre,11,Hombre,18
Durango,1998,Noviembre,11,Mujer,2
Durango,1998,Diciembre,12,Hombre,19
Durango,1998,Diciembre,12,Mujer,1
Durango,1999,Enero,1,Hombre,9
Durango,1999,Enero,1,Mujer,1
Durango,1999,Febrero,2,Hombre,28
Durango,1999,Febrero,2,Mujer,3
Durango,1999,Marzo,3,Hombre,13
Durango,1999,Abril,4,Hombre,21
Durango,1999,Abril,4,Mujer,5
Durango,1999,Mayo,5,Hombre,12
Durango,1999,Mayo,5,Mujer,1
Durango,1999,Junio,6,Hombre,16
Durango,1999,Junio,6,Mujer,1
Durango,1999,Julio,7,Hombre,15
Durango,1999,Julio,7,Mujer,2
Durango,1999,Agosto,8,Hombre,11
Durango,1999,Septiembre,9,Hombre,19
Durango,1999,Septiembre,9,Mujer,1
Durango,1999,Octubre,10,Hombre,14
Durango,1999,Noviembre,11,Hombre,17
Durango,1999,Noviembre,11,Mujer,2
Durango,1999,Diciembre,12,Hombre,10
Durango,1999,Diciembre,12,Mujer,2
Durango,2000,Enero,1,Hombre,18
Durango,2000,Febrero,2,Hombre,6
Durango,2000,Febrero,2,Mujer,1
Durango,2000,Marzo,3,Hombre,9
Durango,2000,Marzo,3,Mujer,1
Durango,2000,Abril,4,Hombre,9
Durango,2000,Abril,4,Mujer,1
Durango,2000,Mayo,5,Hombre,11
Durango,2000,Mayo,5,Mujer,1
Durango,2000,Junio,6,Hombre,7
Durango,2000,Junio,6,Mujer,1
Durango,2000,Julio,7,Hombre,8
Durango,2000,Agosto,8,Hombre,12
Durango,2000,Agosto,8,Mujer,1
Durango,2000,Septiembre,9,Hombre,19
Durango,2000,Septiembre,9,Mujer,1
Durango,2000,Octubre,10,Hombre,10
Durango,2000,Octubre,10,Mujer,3
Durango,2000,Noviembre,11,Hombre,20
Durango,2000,Diciembre,12,Hombre,17
Durango,2001,Enero,1,Hombre,15
Durango,2001,Febrero,2,Hombre,13
Durango,2001,Marzo,3,Hombre,11
Durango,2001,Abril,4,Hombre,14
Durango,2001,Abril,4,Mujer,1
Durango,2001,Mayo,5,Hombre,13
Durango,2001,Mayo,5,Mujer,2
Durango,2001,Junio,6,Hombre,15
Durango,2001,Junio,6,Mujer,5
Durango,2001,Julio,7,Hombre,19
Durango,2001,Julio,7,Mujer,1
Durango,2001,Agosto,8,Hombre,10
Durango,2001,Agosto,8,Mujer,1
Durango,2001,Septiembre,9,Hombre,9
Durango,2001,Septiembre,9,Mujer,1
Durango,2001,Octubre,10,Hombre,6
Durango,2001,Noviembre,11,Hombre,7
Durango,2001,Noviembre,11,Mujer,1
Durango,2001,Diciembre,12,Hombre,14
Durango,2001,Diciembre,12,Mujer,1
Durango,2002,Enero,1,Hombre,18
Durango,2002,Enero,1,Mujer,1
Durango,2002,Febrero,2,Hombre,9
Durango,2002,Febrero,2,Mujer,2
Durango,2002,Marzo,3,Hombre,12
Durango,2002,Marzo,3,Mujer,1
Durango,2002,Abril,4,Hombre,14
Durango,2002,Abril,4,Mujer,2
Durango,2002,Mayo,5,Hombre,14
Durango,2002,Mayo,5,Mujer,2
Durango,2002,Junio,6,Hombre,12
Durango,2002,Junio,6,Mujer,2
Durango,2002,Julio,7,Hombre,10
Durango,2002,Julio,7,Mujer,3
Durango,2002,Agosto,8,Hombre,21
Durango,2002,Agosto,8,Mujer,1
Durango,2002,Septiembre,9,Hombre,10
Durango,2002,Septiembre,9,Mujer,1
Durango,2002,Octubre,10,Hombre,8
Durango,2002,Noviembre,11,Hombre,11
Durango,2002,Noviembre,11,Mujer,3
Durango,2002,Diciembre,12,Hombre,9
Durango,2002,Diciembre,12,Mujer,2
Durango,2003,Enero,1,Hombre,15
Durango,2003,Enero,1,Mujer,2
Durango,2003,Febrero,2,Hombre,19
Durango,2003,Febrero,2,Mujer,3
Durango,2003,Marzo,3,Hombre,14
Durango,2003,Marzo,3,Mujer,3
Durango,2003,Abril,4,Hombre,17
Durango,2003,Mayo,5,Hombre,16
Durango,2003,Mayo,5,Mujer,6
Durango,2003,Junio,6,Hombre,21
Durango,2003,Junio,6,Mujer,2
Durango,2003,Julio,7,Hombre,9
Durango,2003,Agosto,8,Hombre,21
Durango,2003,Septiembre,9,Hombre,14
Durango,2003,Septiembre,9,Mujer,2
Durango,2003,Octubre,10,Hombre,14
Durango,2003,Noviembre,11,Hombre,15
Durango,2003,Noviembre,11,Mujer,1
Durango,2003,Diciembre,12,Hombre,12
Durango,2003,Diciembre,12,Mujer,1
Durango,2004,Enero,1,Hombre,11
Durango,2004,Febrero,2,Hombre,11
Durango,2004,Febrero,2,Mujer,1
Durango,2004,Marzo,3,Hombre,8
Durango,2004,Marzo,3,Mujer,1
Durango,2004,Abril,4,Hombre,5
Durango,2004,Abril,4,Mujer,2
Durango,2004,Mayo,5,Hombre,14
Durango,2004,Mayo,5,Mujer,3
Durango,2004,Junio,6,Hombre,10
Durango,2004,Junio,6,Mujer,2
Durango,2004,Julio,7,Hombre,24
Durango,2004,Julio,7,Mujer,3
Durango,2004,Agosto,8,Hombre,10
Durango,2004,Septiembre,9,Hombre,6
Durango,2004,Septiembre,9,Mujer,2
Durango,2004,Octubre,10,Hombre,13
Durango,2004,Octubre,10,Mujer,1
Durango,2004,Noviembre,11,Hombre,16
Durango,2004,Noviembre,11,Mujer,2
Durango,2004,Diciembre,12,Hombre,11
Durango,2005,Enero,1,Hombre,6
Durango,2005,Enero,1,Mujer,3
Durango,2005,Febrero,2,Hombre,9
Durango,2005,Marzo,3,Hombre,18
Durango,2005,Marzo,3,Mujer,2
Durango,2005,Abril,4,Hombre,12
Durango,2005,Abril,4,Mujer,2
Durango,2005,Mayo,5,Hombre,20
Durango,2005,Junio,6,Hombre,13
Durango,2005,Junio,6,Mujer,4
Durango,2005,Julio,7,Hombre,11
Durango,2005,Agosto,8,Hombre,11
Durango,2005,Agosto,8,Mujer,1
Durango,2005,Septiembre,9,Hombre,18
Durango,2005,Septiembre,9,Mujer,2
Durango,2005,Octubre,10,Hombre,8
Durango,2005,Octubre,10,Mujer,1
Durango,2005,Noviembre,11,Hombre,14
Durango,2005,Noviembre,11,Mujer,2
Durango,2005,Diciembre,12,Hombre,12
Durango,2005,Diciembre,12,Mujer,1
Durango,2006,Enero,1,Hombre,18
Durango,2006,Enero,1,Mujer,2
Durango,2006,Febrero,2,Hombre,12
Durango,2006,Marzo,3,Hombre,11
Durango,2006,Marzo,3,Mujer,1
Durango,2006,Abril,4,Hombre,16
Durango,2006,Mayo,5,Hombre,16
Durango,2006,Mayo,5,Mujer,1
Durango,2006,Junio,6,Hombre,13
Durango,2006,Junio,6,Mujer,1
Durango,2006,Julio,7,Hombre,14
Durango,2006,Julio,7,Mujer,1
Durango,2006,Agosto,8,Hombre,5
Durango,2006,Agosto,8,Mujer,2
Durango,2006,Septiembre,9,Hombre,13
Durango,2006,Septiembre,9,Mujer,3
Durango,2006,Octubre,10,Hombre,17
Durango,2006,Noviembre,11,Hombre,9
Durango,2006,Diciembre,12,Hombre,10
Durango,2007,Enero,1,Hombre,9
Durango,2007,Enero,1,Mujer,1
Durango,2007,Febrero,2,Hombre,14
Durango,2007,Febrero,2,Mujer,1
Durango,2007,Marzo,3,Hombre,26
Durango,2007,Marzo,3,Mujer,2
Durango,2007,Abril,4,Hombre,10
Durango,2007,Abril,4,Mujer,1
Durango,2007,Mayo,5,Hombre,14
Durango,2007,Mayo,5,Mujer,2
Durango,2007,Junio,6,Hombre,15
Durango,2007,Julio,7,Hombre,17
Durango,2007,Julio,7,Mujer,1
Durango,2007,Agosto,8,Hombre,14
Durango,2007,Septiembre,9,Hombre,12
Durango,2007,Octubre,10,Hombre,11
Durango,2007,Octubre,10,Mujer,1
Durango,2007,Noviembre,11,Hombre,12
Durango,2007,Diciembre,12,Hombre,11
Durango,2008,Enero,1,Hombre,25
Durango,2008,Febrero,2,Hombre,21
Durango,2008,Febrero,2,Mujer,2
Durango,2008,Marzo,3,Hombre,25
Durango,2008,Marzo,3,Mujer,1
Durango,2008,Abril,4,Hombre,27
Durango,2008,Abril,4,Mujer,1
Durango,2008,Mayo,5,Hombre,30
Durango,2008,Mayo,5,Mujer,2
Durango,2008,Junio,6,Hombre,39
Durango,2008,Junio,6,Mujer,4
Durango,2008,Julio,7,Hombre,24
Durango,2008,Julio,7,Mujer,4
Durango,2008,Agosto,8,Hombre,33
Durango,2008,Agosto,8,Mujer,1
Durango,2008,Septiembre,9,Hombre,42
Durango,2008,Septiembre,9,Mujer,3
Durango,2008,Octubre,10,Hombre,35
Durango,2008,Octubre,10,Mujer,3
Durango,2008,Noviembre,11,Hombre,52
Durango,2008,Noviembre,11,Mujer,3
Durango,2008,Diciembre,12,Hombre,28
Durango,2008,Diciembre,12,Mujer,1
Durango,2009,Enero,1,Hombre,30
Durango,2009,Enero,1,Mujer,4
Durango,2009,Febrero,2,Hombre,64
Durango,2009,Febrero,2,Mujer,6
Durango,2009,Marzo,3,Hombre,81
Durango,2009,Marzo,3,Mujer,10
Durango,2009,Abril,4,Hombre,69
Durango,2009,Abril,4,Mujer,6
Durango,2009,Mayo,5,Hombre,58
Durango,2009,Mayo,5,Mujer,5
Durango,2009,Junio,6,Hombre,116
Durango,2009,Junio,6,Mujer,4
Durango,2009,Julio,7,Hombre,74
Durango,2009,Julio,7,Mujer,3
Durango,2009,Agosto,8,Hombre,105
Durango,2009,Agosto,8,Mujer,7
Durango,2009,Septiembre,9,Hombre,110
Durango,2009,Septiembre,9,Mujer,1
Durango,2009,Octubre,10,Hombre,67
Durango,2009,Octubre,10,Mujer,4
Durango,2009,Noviembre,11,Hombre,80
Durango,2009,Noviembre,11,Mujer,3
Durango,2009,Diciembre,12,Hombre,89
Durango,2009,Diciembre,12,Mujer,3
Durango,2010,Enero,1,Hombre,108
Durango,2010,Enero,1,Mujer,11
Durango,2010,Febrero,2,Hombre,67
Durango,2010,Febrero,2,Mujer,5
Durango,2010,Marzo,3,Hombre,79
Durango,2010,Marzo,3,Mujer,14
Durango,2010,Abril,4,Hombre,92
Durango,2010,Abril,4,Mujer,6
Durango,2010,Mayo,5,Hombre,88
Durango,2010,Mayo,5,Mujer,13
Durango,2010,Junio,6,Hombre,115
Durango,2010,Junio,6,Mujer,7
Durango,2010,Julio,7,Hombre,80
Durango,2010,Julio,7,Mujer,9
Durango,2010,Agosto,8,Hombre,96
Durango,2010,Agosto,8,Mujer,9
Durango,2010,Septiembre,9,Hombre,48
Durango,2010,Septiembre,9,Mujer,3
Durango,2010,Octubre,10,Hombre,77
Durango,2010,Octubre,10,Mujer,2
Durango,2010,Noviembre,11,Hombre,62
Durango,2010,Noviembre,11,Mujer,7
Durango,2010,Diciembre,12,Hombre,73
Durango,2010,Diciembre,12,Mujer,7
Durango,2011,Enero,1,Hombre,71
Durango,2011,Enero,1,Mujer,4
Durango,2011,Febrero,2,Hombre,41
Durango,2011,Febrero,2,Mujer,6
Durango,2011,Marzo,3,Hombre,49
Durango,2011,Marzo,3,Mujer,3
Durango,2011,Abril,4,Hombre,61
Durango,2011,Abril,4,Mujer,6
Durango,2011,Mayo,5,Hombre,106
Durango,2011,Mayo,5,Mujer,5
Durango,2011,Junio,6,Hombre,58
Durango,2011,Junio,6,Mujer,5
Durango,2011,Julio,7,Hombre,41
Durango,2011,Julio,7,Mujer,7
Durango,2011,Agosto,8,Hombre,44
Durango,2011,Agosto,8,Mujer,4
Durango,2011,Septiembre,9,Hombre,46
Durango,2011,Septiembre,9,Mujer,3
Durango,2011,Octubre,10,Hombre,49
Durango,2011,Octubre,10,Mujer,1
Durango,2011,Noviembre,11,Hombre,50
Durango,2011,Noviembre,11,Mujer,2
Durango,2011,Diciembre,12,Hombre,39
Durango,2011,Diciembre,12,Mujer,5
Durango,2012,Enero,1,Hombre,76
Durango,2012,Enero,1,Mujer,10
Durango,2012,Febrero,2,Hombre,45
Durango,2012,Febrero,2,Mujer,3
Durango,2012,Marzo,3,Hombre,62
Durango,2012,Marzo,3,Mujer,6
Durango,2012,Abril,4,Hombre,61
Durango,2012,Abril,4,Mujer,8
Durango,2012,Mayo,5,Hombre,58
Durango,2012,Mayo,5,Mujer,3
Durango,2012,Junio,6,Hombre,46
Durango,2012,Junio,6,Mujer,4
Durango,2012,Julio,7,Hombre,42
Durango,2012,Julio,7,Mujer,6
Durango,2012,Agosto,8,Hombre,50
Durango,2012,Agosto,8,Mujer,5
Durango,2012,Septiembre,9,Hombre,46
Durango,2012,Septiembre,9,Mujer,5
Durango,2012,Octubre,10,Hombre,35
Durango,2012,Octubre,10,Mujer,4
Durango,2012,Noviembre,11,Hombre,32
Durango,2012,Noviembre,11,Mujer,8
Durango,2012,Diciembre,12,Hombre,53
Durango,2012,Diciembre,12,Mujer,1
Durango,2013,Enero,1,Hombre,51
Durango,2013,Enero,1,Mujer,4
Durango,2013,Febrero,2,Hombre,35
Durango,2013,Febrero,2,Mujer,6
Durango,2013,Marzo,3,Hombre,22
Durango,2013,Marzo,3,Mujer,4
Durango,2013,Abril,4,Hombre,43
Durango,2013,Abril,4,Mujer,7
Durango,2013,Mayo,5,Hombre,19
Durango,2013,Mayo,5,Mujer,3
Durango,2013,Junio,6,Hombre,18
Durango,2013,Junio,6,Mujer,3
Durango,2013,Julio,7,Hombre,42
Durango,2013,Julio,7,Mujer,3
Durango,2013,Agosto,8,Hombre,48
Durango,2013,Agosto,8,Mujer,4
Durango,2013,Septiembre,9,Hombre,30
Durango,2013,Septiembre,9,Mujer,3
Durango,2013,Octubre,10,Hombre,39
Durango,2013,Octubre,10,Mujer,5
Durango,2013,Noviembre,11,Hombre,35
Durango,2013,Noviembre,11,Mujer,3
Durango,2013,Diciembre,12,Hombre,28
Durango,2013,Diciembre,12,Mujer,2
Durango,2014,Enero,1,Hombre,36
Durango,2014,Enero,1,Mujer,2
Durango,2014,Febrero,2,Hombre,13
Durango,2014,Febrero,2,Mujer,3
Durango,2014,Marzo,3,Hombre,28
Durango,2014,Marzo,3,Mujer,3
Durango,2014,Abril,4,Hombre,37
Durango,2014,Abril,4,Mujer,7
Durango,2014,Mayo,5,Hombre,29
Durango,2014,Mayo,5,Mujer,1
Durango,2014,Junio,6,Hombre,28
Durango,2014,Junio,6,Mujer,1
Durango,2014,Julio,7,Hombre,24
Durango,2014,Agosto,8,Hombre,15
Durango,2014,Agosto,8,Mujer,3
Durango,2014,Septiembre,9,Hombre,28
Durango,2014,Septiembre,9,Mujer,4
Durango,2014,Octubre,10,Hombre,24
Durango,2014,Noviembre,11,Hombre,20
Durango,2014,Noviembre,11,Mujer,3
Durango,2014,Diciembre,12,Hombre,33
Durango,2014,Diciembre,12,Mujer,1
Durango,2015,Enero,1,Hombre,14
Durango,2015,Enero,1,Mujer,1
Durango,2015,Febrero,2,Hombre,17
Durango,2015,Marzo,3,Hombre,23
Durango,2015,Marzo,3,Mujer,2
Durango,2015,Abril,4,Hombre,15
Durango,2015,Abril,4,Mujer,2
Durango,2015,Mayo,5,Hombre,21
Durango,2015,Junio,6,Hombre,14
Durango,2015,Junio,6,Mujer,1
Durango,2015,Julio,7,Hombre,18
Durango,2015,Julio,7,Mujer,1
Durango,2015,Agosto,8,Hombre,15
Durango,2015,Septiembre,9,Hombre,9
Durango,2015,Octubre,10,Hombre,11
Durango,2015,Octubre,10,Mujer,2
Durango,2015,Noviembre,11,Hombre,10
Durango,2015,Diciembre,12,Hombre,21
Durango,2016,Enero,1,Hombre,7
Durango,2016,Enero,1,Mujer,3
Durango,2016,Febrero,2,Hombre,11
Durango,2016,Marzo,3,Hombre,16
Durango,2016,Marzo,3,Mujer,1
Durango,2016,Abril,4,Hombre,13
Durango,2016,Mayo,5,Hombre,17
Durango,2016,Mayo,5,Mujer,1
Durango,2016,Junio,6,Hombre,19
Durango,2016,Junio,6,Mujer,1
Durango,2016,Julio,7,Hombre,29
Durango,2016,Agosto,8,Hombre,24
Durango,2016,Agosto,8,Mujer,1
Durango,2016,Septiembre,9,Hombre,12
Durango,2016,Septiembre,9,Mujer,3
Durango,2016,Octubre,10,Hombre,14
Durango,2016,Noviembre,11,Hombre,17
Durango,2016,Noviembre,11,Mujer,2
Durango,2016,Diciembre,12,Hombre,22
Durango,2017,Enero,1,Hombre,10
Durango,2017,Enero,1,Mujer,3
Durango,2017,Febrero,2,Hombre,14
Durango,2017,Febrero,2,Mujer,2
Durango,2017,Marzo,3,Hombre,9
Durango,2017,Marzo,3,Mujer,5
Durango,2017,Abril,4,Hombre,13
Durango,2017,Abril,4,Mujer,3
Durango,2017,Mayo,5,Hombre,21
Durango,2017,Mayo,5,Mujer,3
Durango,2017,Junio,6,Hombre,20
Durango,2017,Junio,6,Mujer,1
Durango,2017,Julio,7,Hombre,9
Durango,2017,Agosto,8,Hombre,26
Durango,2017,Agosto,8,Mujer,2
Durango,2017,Septiembre,9,Hombre,14
Durango,2017,Septiembre,9,Mujer,1
Durango,2017,Octubre,10,Hombre,10
Durango,2017,Octubre,10,Mujer,1
Durango,2017,Noviembre,11,Hombre,12
Durango,2017,Noviembre,11,Mujer,5
Durango,2017,Diciembre,12,Hombre,14
Durango,2017,Diciembre,12,Mujer,2
Durango,2018,Enero,1,Hombre,10
Durango,2018,Enero,1,Mujer,2
Durango,2018,Febrero,2,Hombre,17
Durango,2018,Febrero,2,Mujer,3
Durango,2018,Marzo,3,Hombre,11
Durango,2018,Marzo,3,Mujer,1
Durango,2018,Abril,4,Hombre,8
Durango,2018,Abril,4,Mujer,1
Durango,2018,Mayo,5,Hombre,16
Durango,2018,Mayo,5,Mujer,2
Durango,2018,Junio,6,Hombre,21
Durango,2018,Junio,6,Mujer,2
Durango,2018,Julio,7,Hombre,11
Durango,2018,Julio,7,Mujer,2
Durango,2018,Agosto,8,Hombre,11
Durango,2018,Agosto,8,Mujer,3
Durango,2018,Septiembre,9,Hombre,7
Durango,2018,Septiembre,9,Mujer,1
Durango,2018,Octubre,10,Hombre,16
Durango,2018,Octubre,10,Mujer,2
Durango,2018,Noviembre,11,Hombre,13
Durango,2018,Diciembre,12,Hombre,13
Durango,2018,Diciembre,12,Mujer,2
Durango,2019,Enero,1,Hombre,8
Durango,2019,Enero,1,Mujer,1
Durango,2019,Febrero,2,Hombre,10
Durango,2019,Febrero,2,Mujer,6
Durango,2019,Marzo,3,Hombre,8
Durango,2019,Abril,4,Hombre,16
Durango,2019,Abril,4,Mujer,2
Durango,2019,Mayo,5,Hombre,14
Durango,2019,Mayo,5,Mujer,2
Durango,2019,Junio,6,Hombre,10
Durango,2019,Junio,6,Mujer,5
Durango,2019,Julio,7,Hombre,18
Durango,2019,Julio,7,Mujer,1
Durango,2019,Agosto,8,Hombre,17
Durango,2019,Agosto,8,Mujer,2
Durango,2019,Septiembre,9,Hombre,11
Durango,2019,Septiembre,9,Mujer,1
Durango,2019,Octubre,10,Hombre,16
Durango,2019,Octubre,10,Mujer,2
Durango,2019,Noviembre,11,Hombre,10
Durango,2019,Noviembre,11,Mujer,1
Durango,2019,Diciembre,12,Hombre,15
Durango,2020,Enero,1,Hombre,6
Durango,2020,Enero,1,Mujer,3
Durango,2020,Febrero,2,Hombre,17
Durango,2020,Febrero,2,Mujer,1
Durango,2020,Marzo,3,Hombre,10
Durango,2020,Marzo,3,Mujer,4
Durango,2020,Abril,4,Hombre,12
Durango,2020,Abril,4,Mujer,1
Durango,2020,Mayo,5,Hombre,9
Durango,2020,Mayo,5,Mujer,2
Durango,2020,Junio,6,Hombre,6
Durango,2020,Julio,7,Hombre,14
Durango,2020,Julio,7,Mujer,3
Durango,2020,Agosto,8,Hombre,22
Durango,2020,Agosto,8,Mujer,2
Durango,2020,Septiembre,9,Hombre,7
Durango,2020,Septiembre,9,Mujer,1
Durango,2020,Octubre,10,Hombre,20
Durango,2020,Octubre,10,Mujer,1
Durango,2020,Noviembre,11,Hombre,11
Durango,2020,Noviembre,11,Mujer,1
Durango,2020,Diciembre,12,Hombre,11
Durango,2020,Diciembre,12,Mujer,1
Durango,2021,Enero,1,Hombre,14
Durango,2021,Enero,1,Mujer,1
Durango,2021,Febrero,2,Hombre,9
Durango,2021,Marzo,3,Hombre,20
Durango,2021,Marzo,3,Mujer,2
Durango,2021,Abril,4,Hombre,7
Durango,2021,Abril,4,Mujer,1
Durango,2021,Mayo,5,Hombre,10
Durango,2021,Junio,6,Hombre,15
Durango,2021,Junio,6,Mujer,1
Durango,2021,Julio,7,Hombre,8
Durango,2021,Julio,7,Mujer,1
Durango,2021,Agosto,8,Hombre,8
Durango,2021,Septiembre,9,Hombre,11
Durango,2021,Septiembre,9,Mujer,1
Durango,2021,Octubre,10,Hombre,12
Durango,2021,Octubre,10,Mujer,1
Durango,2021,Noviembre,11,Hombre,10
Durango,2021,Noviembre,11,Mujer,1
Durango,2021,Diciembre,12,Hombre,8
Durango,2022,Enero,1,Hombre,5
Durango,2022,Enero,1,Mujer,2
Durango,2022,Febrero,2,Hombre,4
Durango,2022,Marzo,3,Hombre,6
Durango,2022,Marzo,3,Mujer,1
Durango,2022,Abril,4,Hombre,9
Durango,2022,Abril,4,Mujer,2
Durango,2022,Mayo,5,Hombre,6
Durango,2022,Mayo,5,Mujer,2
Durango,2022,Junio,6,Hombre,9
Durango,2022,Junio,6,Mujer,6
Durango,2022,Julio,7,Hombre,8
Durango,2022,Julio,7,Mujer,2
Durango,2022,Agosto,8,Hombre,12
Durango,2022,Agosto,8,Mujer,3
Durango,2022,Septiembre,9,Hombre,11
Durango,2022,Octubre,10,Hombre,16
Durango,2022,Octubre,10,Mujer,2
Durango,2022,Noviembre,11,Hombre,5
Durango,2022,Noviembre,11,Mujer,4
Durango,2022,Diciembre,12,Hombre,11
Durango,2022,Diciembre,12,Mujer,1
Durango,2023,Enero,1,Hombre,8
Durango,2023,Febrero,2,Hombre,8
Durango,2023,Febrero,2,Mujer,2
Durango,2023,Marzo,3,Hombre,12
Durango,2023,Marzo,3,Mujer,1
Durango,2023,Abril,4,Hombre,12
Durango,2023,Abril,4,Mujer,2
Durango,2023,Mayo,5,Hombre,7
Durango,2023,Junio,6,Hombre,5
Durango,2023,Junio,6,Mujer,1
Durango,2023,Julio,7,Hombre,6
Durango,2023,Julio,7,Mujer,2
Durango,2023,Agosto,8,Hombre,5
Durango,2023,Agosto,8,Mujer,1
Durango,2023,Septiembre,9,Hombre,2
Durango,2023,Septiembre,9,Mujer,1
Durango,2023,Octubre,10,Hombre,5
Durango,2023,Octubre,10,Mujer,1
Durango,2023,Noviembre,11,Hombre,3
Durango,2023,Noviembre,11,Mujer,3
Durango,2023,Diciembre,12,Hombre,4
Durango,2023,Diciembre,12,Mujer,1
Durango,2024,Enero,1,Hombre,8
Durango,2024,Enero,1,Mujer,3
Durango,2024,Febrero,2,Hombre,3
Durango,2024,Marzo,3,Hombre,9
Durango,2024,Marzo,3,Mujer,3
Durango,2024,Abril,4,Hombre,7
Durango,2024,Abril,4,Mujer,3
Durango,2024,Mayo,5,Hombre,6
Durango,2024,Mayo,5,Mujer,3
Durango,2024,Junio,6,Hombre,12
Durango,2024,Julio,7,Hombre,4
Durango,2024,Julio,7,Mujer,3
Durango,2024,Agosto,8,Hombre,6
Durango,2024,Septiembre,9,Hombre,8
Durango,2024,Septiembre,9,Mujer,2
Durango,2024,Octubre,10,Hombre,8
Durango,2024,Octubre,10,Mujer,1
Durango,2024,Noviembre,11,Hombre,12
Durango,2024,Noviembre,11,Mujer,1
Durango,2024,Diciembre,12,Hombre,8
Guanajuato,1990,Enero,1,Hombre,24
Guanajuato,1990,Enero,1,Mujer,3
Guanajuato,1990,Febrero,2,Hombre,40
Guanajuato,1990,Febrero,2,Mujer,3
Guanajuato,1990,Marzo,3,Hombre,33
Guanajuato,1990,Marzo,3,Mujer,7
Guanajuato,1990,Abril,4,Hombre,32
Guanajuato,1990,Abril,4,Mujer,2
Guanajuato,1990,Mayo,5,Hombre,20
Guanajuato,1990,Mayo,5,Mujer,2
Guanajuato,1990,Junio,6,Hombre,24
Guanajuato,1990,Junio,6,Mujer,1
Guanajuato,1990,Julio,7,Hombre,20
Guanajuato,1990,Julio,7,Mujer,1
Guanajuato,1990,Agosto,8,Hombre,19
Guanajuato,1990,Agosto,8,Mujer,4
Guanajuato,1990,Septiembre,9,Hombre,29
Guanajuato,1990,Septiembre,9,Mujer,1
Guanajuato,1990,Octubre,10,Hombre,32
Guanajuato,1990,Octubre,10,Mujer,2
Guanajuato,1990,Noviembre,11,Hombre,27
Guanajuato,1990,Noviembre,11,Mujer,4
Guanajuato,1990,Diciembre,12,Hombre,25
Guanajuato,1990,Diciembre,12,Mujer,6
Guanajuato,1991,Enero,1,Hombre,26
Guanajuato,1991,Enero,1,Mujer,2
Guanajuato,1991,Febrero,2,Hombre,31
Guanajuato,1991,Febrero,2,Mujer,1
Guanajuato,1991,Marzo,3,Hombre,39
Guanajuato,1991,Marzo,3,Mujer,6
Guanajuato,1991,Abril,4,Hombre,35
Guanajuato,1991,Abril,4,Mujer,3
Guanajuato,1991,Mayo,5,Hombre,39
Guanajuato,1991,Mayo,5,Mujer,2
Guanajuato,1991,Junio,6,Hombre,28
Guanajuato,1991,Junio,6,Mujer,4
Guanajuato,1991,Julio,7,Hombre,40
Guanajuato,1991,Julio,7,Mujer,1
Guanajuato,1991,Agosto,8,Hombre,31
Guanajuato,1991,Agosto,8,Mujer,2
Guanajuato,1991,Septiembre,9,Hombre,24
Guanajuato,1991,Septiembre,9,Mujer,1
Guanajuato,1991,Octubre,10,Hombre,30
Guanajuato,1991,Octubre,10,Mujer,3
Guanajuato,1991,Noviembre,11,Hombre,26
Guanajuato,1991,Diciembre,12,Hombre,37
Guanajuato,1991,Diciembre,12,Mujer,3
Guanajuato,1992,Enero,1,Hombre,35
Guanajuato,1992,Enero,1,Mujer,2
Guanajuato,1992,Febrero,2,Hombre,29
Guanajuato,1992,Febrero,2,Mujer,1
Guanajuato,1992,Marzo,3,Hombre,36
Guanajuato,1992,Marzo,3,Mujer,2
Guanajuato,1992,Abril,4,Hombre,16
Guanajuato,1992,Abril,4,Mujer,2
Guanajuato,1992,Mayo,5,Hombre,27
Guanajuato,1992,Mayo,5,Mujer,2
Guanajuato,1992,Junio,6,Hombre,33
Guanajuato,1992,Junio,6,Mujer,9
Guanajuato,1992,Julio,7,Hombre,23
Guanajuato,1992,Julio,7,Mujer,4
Guanajuato,1992,Agosto,8,Hombre,35
Guanajuato,1992,Agosto,8,Mujer,2
Guanajuato,1992,Septiembre,9,Hombre,23
Guanajuato,1992,Septiembre,9,Mujer,3
Guanajuato,1992,Octubre,10,Hombre,20
Guanajuato,1992,Octubre,10,Mujer,1
Guanajuato,1992,Noviembre,11,Hombre,18
Guanajuato,1992,Noviembre,11,Mujer,2
Guanajuato,1992,Diciembre,12,Hombre,29
Guanajuato,1992,Diciembre,12,Mujer,3
Guanajuato,1993,Enero,1,Hombre,35
Guanajuato,1993,Enero,1,Mujer,1
Guanajuato,1993,Febrero,2,Hombre,17
Guanajuato,1993,Febrero,2,Mujer,2
Guanajuato,1993,Marzo,3,Hombre,35
Guanajuato,1993,Marzo,3,Mujer,4
Guanajuato,1993,Abril,4,Hombre,34
Guanajuato,1993,Abril,4,Mujer,4
Guanajuato,1993,Mayo,5,Hombre,30
Guanajuato,1993,Mayo,5,Mujer,2
Guanajuato,1993,Junio,6,Hombre,24
Guanajuato,1993,Junio,6,Mujer,3
Guanajuato,1993,Julio,7,Hombre,23
Guanajuato,1993,Julio,7,Mujer,3
Guanajuato,1993,Agosto,8,Hombre,31
Guanajuato,1993,Agosto,8,Mujer,2
Guanajuato,1993,Septiembre,9,Hombre,25
Guanajuato,1993,Septiembre,9,Mujer,4
Guanajuato,1993,Octubre,10,Hombre,36
Guanajuato,1993,Octubre,10,Mujer,8
Guanajuato,1993,Noviembre,11,Hombre,32
Guanajuato,1993,Noviembre,11,Mujer,2
Guanajuato,1993,Diciembre,12,Hombre,31
Guanajuato,1993,Diciembre,12,Mujer,2
Guanajuato,1994,Enero,1,Hombre,22
Guanajuato,1994,Enero,1,Mujer,1
Guanajuato,1994,Febrero,2,Hombre,30
Guanajuato,1994,Febrero,2,Mujer,2
Guanajuato,1994,Marzo,3,Hombre,24
Guanajuato,1994,Marzo,3,Mujer,5
Guanajuato,1994,Abril,4,Hombre,21
Guanajuato,1994,Mayo,5,Hombre,43
Guanajuato,1994,Mayo,5,Mujer,2
Guanajuato,1994,Junio,6,Hombre,18
Guanajuato,1994,Junio,6,Mujer,5
Guanajuato,1994,Julio,7,Hombre,25
Guanajuato,1994,Julio,7,Mujer,2
Guanajuato,1994,Agosto,8,Hombre,23
Guanajuato,1994,Agosto,8,Mujer,2
Guanajuato,1994,Septiembre,9,Hombre,27
Guanajuato,1994,Septiembre,9,Mujer,1
Guanajuato,1994,Octubre,10,Hombre,23
Guanajuato,1994,Octubre,10,Mujer,6
Guanajuato,1994,Noviembre,11,Hombre,18
Guanajuato,1994,Noviembre,11,Mujer,2
Guanajuato,1994,Diciembre,12,Hombre,30
Guanajuato,1994,Diciembre,12,Mujer,2
Guanajuato,1995,Enero,1,Hombre,30
Guanajuato,1995,Febrero,2,Hombre,17
Guanajuato,1995,Febrero,2,Mujer,6
Guanajuato,1995,Marzo,3,Hombre,26
Guanajuato,1995,Marzo,3,Mujer,3
Guanajuato,1995,Abril,4,Hombre,24
Guanajuato,1995,Abril,4,Mujer,4
Guanajuato,1995,Mayo,5,Hombre,21
Guanajuato,1995,Junio,6,Hombre,19
Guanajuato,1995,Junio,6,Mujer,2
Guanajuato,1995,Julio,7,Hombre,23
Guanajuato,1995,Julio,7,Mujer,1
Guanajuato,1995,Agosto,8,Hombre,22
Guanajuato,1995,Agosto,8,Mujer,1
Guanajuato,1995,Septiembre,9,Hombre,17
Guanajuato,1995,Septiembre,9,Mujer,4
Guanajuato,1995,Octubre,10,Hombre,16
Guanajuato,1995,Octubre,10,Mujer,3
Guanajuato,1995,Noviembre,11,Hombre,21
Guanajuato,1995,Noviembre,11,Mujer,3
Guanajuato,1995,Diciembre,12,Hombre,33
Guanajuato,1995,Diciembre,12,Mujer,3
Guanajuato,1996,Enero,1,Hombre,27
Guanajuato,1996,Enero,1,Mujer,2
Guanajuato,1996,Febrero,2,Hombre,25
Guanajuato,1996,Febrero,2,Mujer,3
Guanajuato,1996,Marzo,3,Hombre,32
Guanajuato,1996,Marzo,3,Mujer,6
Guanajuato,1996,Abril,4,Hombre,17
Guanajuato,1996,Abril,4,Mujer,2
Guanajuato,1996,Mayo,5,Hombre,17
Guanajuato,1996,Junio,6,Hombre,26
Guanajuato,1996,Junio,6,Mujer,3
Guanajuato,1996,Julio,7,Hombre,19
Guanajuato,1996,Julio,7,Mujer,1
Guanajuato,1996,Agosto,8,Hombre,20
Guanajuato,1996,Agosto,8,Mujer,3
Guanajuato,1996,Septiembre,9,Hombre,19
Guanajuato,1996,Septiembre,9,Mujer,2
Guanajuato,1996,Octubre,10,Hombre,18
Guanajuato,1996,Noviembre,11,Hombre,16
Guanajuato,1996,Noviembre,11,Mujer,1
Guanajuato,1996,Diciembre,12,Hombre,21
Guanajuato,1996,Diciembre,12,Mujer,3
Guanajuato,1997,Enero,1,Hombre,16
Guanajuato,1997,Enero,1,Mujer,1
Guanajuato,1997,Febrero,2,Hombre,19
Guanajuato,1997,Febrero,2,Mujer,3
Guanajuato,1997,Marzo,3,Hombre,16
Guanajuato,1997,Abril,4,Hombre,15
Guanajuato,1997,Mayo,5,Hombre,28
Guanajuato,1997,Mayo,5,Mujer,1
Guanajuato,1997,Junio,6,Hombre,30
Guanajuato,1997,Junio,6,Mujer,1
Guanajuato,1997,Julio,7,Hombre,19
Guanajuato,1997,Julio,7,Mujer,2
Guanajuato,1997,Agosto,8,Hombre,21
Guanajuato,1997,Agosto,8,Mujer,1
Guanajuato,1997,Septiembre,9,Hombre,24
Guanajuato,1997,Septiembre,9,Mujer,1
Guanajuato,1997,Octubre,10,Hombre,25
Guanajuato,1997,Octubre,10,Mujer,1
Guanajuato,1997,Noviembre,11,Hombre,28
Guanajuato,1997,Noviembre,11,Mujer,3
Guanajuato,1997,Diciembre,12,Hombre,33
Guanajuato,1997,Diciembre,12,Mujer,3
Guanajuato,1998,Enero,1,Hombre,18
Guanajuato,1998,Enero,1,Mujer,5
Guanajuato,1998,Febrero,2,Hombre,15
Guanajuato,1998,Marzo,3,Hombre,24
Guanajuato,1998,Marzo,3,Mujer,3
Guanajuato,1998,Abril,4,Hombre,21
Guanajuato,1998,Abril,4,Mujer,1
Guanajuato,1998,Mayo,5,Hombre,28
Guanajuato,1998,Mayo,5,Mujer,5
Guanajuato,1998,Junio,6,Hombre,20
Guanajuato,1998,Junio,6,Mujer,2
Guanajuato,1998,Julio,7,Hombre,16
Guanajuato,1998,Julio,7,Mujer,2
Guanajuato,1998,Agosto,8,Hombre,21
Guanajuato,1998,Agosto,8,Mujer,3
Guanajuato,1998,Septiembre,9,Hombre,35
Guanajuato,1998,Septiembre,9,Mujer,5
Guanajuato,1998,Octubre,10,Hombre,23
Guanajuato,1998,Octubre,10,Mujer,2
Guanajuato,1998,Noviembre,11,Hombre,17
Guanajuato,1998,Noviembre,11,Mujer,1
Guanajuato,1998,Diciembre,12,Hombre,34
Guanajuato,1998,Diciembre,12,Mujer,3
Guanajuato,1999,Enero,1,Hombre,15
Guanajuato,1999,Enero,1,Mujer,5
Guanajuato,1999,Febrero,2,Hombre,16
Guanajuato,1999,Febrero,2,Mujer,4
Guanajuato,1999,Marzo,3,Hombre,14
Guanajuato,1999,Marzo,3,Mujer,2
Guanajuato,1999,Abril,4,Hombre,25
Guanajuato,1999,Abril,4,Mujer,2
Guanajuato,1999,Mayo,5,Hombre,22
Guanajuato,1999,Mayo,5,Mujer,2
Guanajuato,1999,Junio,6,Hombre,14
Guanajuato,1999,Julio,7,Hombre,13
Guanajuato,1999,Julio,7,Mujer,3
Guanajuato,1999,Agosto,8,Hombre,17
Guanajuato,1999,Agosto,8,Mujer,5
Guanajuato,1999,Septiembre,9,Hombre,15
Guanajuato,1999,Septiembre,9,Mujer,4
Guanajuato,1999,Octubre,10,Hombre,18
Guanajuato,1999,Octubre,10,Mujer,2
Guanajuato,1999,Noviembre,11,Hombre,21
Guanajuato,1999,Noviembre,11,Mujer,3
Guanajuato,1999,Diciembre,12,Hombre,21
Guanajuato,1999,Diciembre,12,Mujer,4
Guanajuato,2000,Enero,1,Hombre,19
Guanajuato,2000,Enero,1,Mujer,3
Guanajuato,2000,Febrero,2,Hombre,24
Guanajuato,2000,Febrero,2,Mujer,3
Guanajuato,2000,Marzo,3,Hombre,17
Guanajuato,2000,Marzo,3,Mujer,4
Guanajuato,2000,Abril,4,Hombre,14
Guanajuato,2000,Abril,4,Mujer,4
Guanajuato,2000,Mayo,5,Hombre,21
Guanajuato,2000,Mayo,5,Mujer,5
Guanajuato,2000,Junio,6,Hombre,5
Guanajuato,2000,Junio,6,Mujer,3
Guanajuato,2000,Julio,7,Hombre,19
Guanajuato,2000,Julio,7,Mujer,4
Guanajuato,2000,Agosto,8,Hombre,21
Guanajuato,2000,Agosto,8,Mujer,1
Guanajuato,2000,Septiembre,9,Hombre,12
Guanajuato,2000,Septiembre,9,Mujer,4
Guanajuato,2000,Octubre,10,Hombre,12
Guanajuato,2000,Octubre,10,Mujer,3
Guanajuato,2000,Noviembre,11,Hombre,9
Guanajuato,2000,Noviembre,11,Mujer,3
Guanajuato,2000,Diciembre,12,Hombre,19
Guanajuato,2000,Diciembre,12,Mujer,1
Guanajuato,2001,Enero,1,Hombre,22
Guanajuato,2001,Enero,1,Mujer,2
Guanajuato,2001,Febrero,2,Hombre,10
Guanajuato,2001,Febrero,2,Mujer,2
Guanajuato,2001,Marzo,3,Hombre,17
Guanajuato,2001,Marzo,3,Mujer,2
Guanajuato,2001,Abril,4,Hombre,20
Guanajuato,2001,Abril,4,Mujer,8
Guanajuato,2001,Mayo,5,Hombre,13
Guanajuato,2001,Mayo,5,Mujer,4
Guanajuato,2001,Junio,6,Hombre,14
Guanajuato,2001,Junio,6,Mujer,3
Guanajuato,2001,Julio,7,Hombre,13
Guanajuato,2001,Julio,7,Mujer,4
Guanajuato,2001,Agosto,8,Hombre,12
Guanajuato,2001,Agosto,8,Mujer,2
Guanajuato,2001,Septiembre,9,Hombre,8
Guanajuato,2001,Septiembre,9,Mujer,4
Guanajuato,2001,Octubre,10,Hombre,17
Guanajuato,2001,Octubre,10,Mujer,3
Guanajuato,2001,Noviembre,11,Hombre,21
Guanajuato,2001,Noviembre,11,Mujer,2
Guanajuato,2001,Diciembre,12,Hombre,15
Guanajuato,2001,Diciembre,12,Mujer,3
Guanajuato,2002,Enero,1,Hombre,24
Guanajuato,2002,Enero,1,Mujer,7
Guanajuato,2002,Febrero,2,Hombre,15
Guanajuato,2002,Febrero,2,Mujer,4
Guanajuato,2002,Marzo,3,Hombre,17
Guanajuato,2002,Marzo,3,Mujer,1
Guanajuato,2002,Abril,4,Hombre,10
Guanajuato,2002,Abril,4,Mujer,4
Guanajuato,2002,Mayo,5,Hombre,15
Guanajuato,2002,Mayo,5,Mujer,3
Guanajuato,2002,Junio,6,Hombre,14
Guanajuato,2002,Junio,6,Mujer,1
Guanajuato,2002,Julio,7,Hombre,9
Guanajuato,2002,Julio,7,Mujer,1
Guanajuato,2002,Agosto,8,Hombre,6
Guanajuato,2002,Agosto,8,Mujer,2
Guanajuato,2002,Septiembre,9,Hombre,13
Guanajuato,2002,Septiembre,9,Mujer,3
Guanajuato,2002,Octubre,10,Hombre,13
Guanajuato,2002,Octubre,10,Mujer,3
Guanajuato,2002,Noviembre,11,Hombre,16
Guanajuato,2002,Noviembre,11,Mujer,4
Guanajuato,2002,Diciembre,12,Hombre,19
Guanajuato,2002,Diciembre,12,Mujer,4
Guanajuato,2003,Enero,1,Hombre,14
Guanajuato,2003,Enero,1,Mujer,5
Guanajuato,2003,Febrero,2,Hombre,21
Guanajuato,2003,Febrero,2,Mujer,1
Guanajuato,2003,Marzo,3,Hombre,11
Guanajuato,2003,Marzo,3,Mujer,5
Guanajuato,2003,Abril,4,Hombre,16
Guanajuato,2003,Mayo,5,Hombre,16
Guanajuato,2003,Mayo,5,Mujer,2
Guanajuato,2003,Junio,6,Hombre,19
Guanajuato,2003,Junio,6,Mujer,1
Guanajuato,2003,Julio,7,Hombre,12
Guanajuato,2003,Julio,7,Mujer,3
Guanajuato,2003,Agosto,8,Hombre,11
Guanajuato,2003,Agosto,8,Mujer,2
Guanajuato,2003,Septiembre,9,Hombre,23
Guanajuato,2003,Septiembre,9,Mujer,2
Guanajuato,2003,Octubre,10,Hombre,11
Guanajuato,2003,Octubre,10,Mujer,4
Guanajuato,2003,Noviembre,11,Hombre,20
Guanajuato,2003,Noviembre,11,Mujer,3
Guanajuato,2003,Diciembre,12,Hombre,16
Guanajuato,2003,Diciembre,12,Mujer,3
Guanajuato,2004,Enero,1,Hombre,17
Guanajuato,2004,Enero,1,Mujer,2
Guanajuato,2004,Febrero,2,Hombre,13
Guanajuato,2004,Febrero,2,Mujer,1
Guanajuato,2004,Marzo,3,Hombre,17
Guanajuato,2004,Marzo,3,Mujer,2
Guanajuato,2004,Abril,4,Hombre,13
Guanajuato,2004,Abril,4,Mujer,1
Guanajuato,2004,Mayo,5,Hombre,6
Guanajuato,2004,Mayo,5,Mujer,1
Guanajuato,2004,Junio,6,Hombre,14
Guanajuato,2004,Junio,6,Mujer,1
Guanajuato,2004,Julio,7,Hombre,13
Guanajuato,2004,Julio,7,Mujer,5
Guanajuato,2004,Agosto,8,Hombre,9
Guanajuato,2004,Agosto,8,Mujer,2
Guanajuato,2004,Septiembre,9,Hombre,11
Guanajuato,2004,Septiembre,9,Mujer,1
Guanajuato,2004,Octubre,10,Hombre,14
Guanajuato,2004,Noviembre,11,Hombre,15
Guanajuato,2004,Diciembre,12,Hombre,13
Guanajuato,2004,Diciembre,12,Mujer,6
Guanajuato,2005,Enero,1,Hombre,7
Guanajuato,2005,Enero,1,Mujer,3
Guanajuato,2005,Febrero,2,Hombre,16
Guanajuato,2005,Febrero,2,Mujer,5
Guanajuato,2005,Marzo,3,Hombre,16
Guanajuato,2005,Marzo,3,Mujer,8
Guanajuato,2005,Abril,4,Hombre,14
Guanajuato,2005,Abril,4,Mujer,4
Guanajuato,2005,Mayo,5,Hombre,17
Guanajuato,2005,Junio,6,Hombre,16
Guanajuato,2005,Junio,6,Mujer,6
Guanajuato,2005,Julio,7,Hombre,17
Guanajuato,2005,Julio,7,Mujer,3
Guanajuato,2005,Agosto,8,Hombre,12
Guanajuato,2005,Agosto,8,Mujer,1
Guanajuato,2005,Septiembre,9,Hombre,11
Guanajuato,2005,Octubre,10,Hombre,15
Guanajuato,2005,Octubre,10,Mujer,1
Guanajuato,2005,Noviembre,11,Hombre,18
Guanajuato,2005,Noviembre,11,Mujer,1
Guanajuato,2005,Diciembre,12,Hombre,18
Guanajuato,2005,Diciembre,12,Mujer,3
Guanajuato,2006,Enero,1,Hombre,18
Guanajuato,2006,Febrero,2,Hombre,17
Guanajuato,2006,Febrero,2,Mujer,5
Guanajuato,2006,Marzo,3,Hombre,18
Guanajuato,2006,Marzo,3,Mujer,1
Guanajuato,2006,Abril,4,Hombre,15
Guanajuato,2006,Abril,4,Mujer,2
Guanajuato,2006,Mayo,5,Hombre,11
Guanajuato,2006,Mayo,5,Mujer,1
Guanajuato,2006,Junio,6,Hombre,15
Guanajuato,2006,Julio,7,Hombre,17
Guanajuato,2006,Julio,7,Mujer,3
Guanajuato,2006,Agosto,8,Hombre,15
Guanajuato,2006,Agosto,8,Mujer,3
Guanajuato,2006,Septiembre,9,Hombre,11
Guanajuato,2006,Septiembre,9,Mujer,5
Guanajuato,2006,Octubre,10,Hombre,14
Guanajuato,2006,Noviembre,11,Hombre,19
Guanajuato,2006,Noviembre,11,Mujer,3
Guanajuato,2006,Diciembre,12,Hombre,10
Guanajuato,2006,Diciembre,12,Mujer,2
Guanajuato,2007,Enero,1,Hombre,13
Guanajuato,2007,Enero,1,Mujer,2
Guanajuato,2007,Febrero,2,Hombre,6
Guanajuato,2007,Febrero,2,Mujer,2
Guanajuato,2007,Marzo,3,Hombre,13
Guanajuato,2007,Marzo,3,Mujer,3
Guanajuato,2007,Abril,4,Hombre,12
Guanajuato,2007,Abril,4,Mujer,2
Guanajuato,2007,Mayo,5,Hombre,17
Guanajuato,2007,Mayo,5,Mujer,2
Guanajuato,2007,Junio,6,Hombre,12
Guanajuato,2007,Junio,6,Mujer,1
Guanajuato,2007,Julio,7,Hombre,17
Guanajuato,2007,Julio,7,Mujer,2
Guanajuato,2007,Agosto,8,Hombre,13
Guanajuato,2007,Agosto,8,Mujer,2
Guanajuato,2007,Septiembre,9,Hombre,14
Guanajuato,2007,Septiembre,9,Mujer,1
Guanajuato,2007,Octubre,10,Hombre,23
Guanajuato,2007,Noviembre,11,Hombre,24
Guanajuato,2007,Noviembre,11,Mujer,6
Guanajuato,2007,Diciembre,12,Hombre,24
Guanajuato,2007,Diciembre,12,Mujer,6
Guanajuato,2008,Enero,1,Hombre,22
Guanajuato,2008,Enero,1,Mujer,4
Guanajuato,2008,Febrero,2,Hombre,21
Guanajuato,2008,Febrero,2,Mujer,3
Guanajuato,2008,Marzo,3,Hombre,15
Guanajuato,2008,Marzo,3,Mujer,3
Guanajuato,2008,Abril,4,Hombre,29
Guanajuato,2008,Abril,4,Mujer,2
Guanajuato,2008,Mayo,5,Hombre,22
Guanajuato,2008,Mayo,5,Mujer,1
Guanajuato,2008,Junio,6,Hombre,22
Guanajuato,2008,Junio,6,Mujer,2
Guanajuato,2008,Julio,7,Hombre,10
Guanajuato,2008,Julio,7,Mujer,1
Guanajuato,2008,Agosto,8,Hombre,25
Guanajuato,2008,Agosto,8,Mujer,3
Guanajuato,2008,Septiembre,9,Hombre,16
Guanajuato,2008,Septiembre,9,Mujer,3
Guanajuato,2008,Octubre,10,Hombre,21
Guanajuato,2008,Octubre,10,Mujer,4
Guanajuato,2008,Noviembre,11,Hombre,21
Guanajuato,2008,Noviembre,11,Mujer,7
Guanajuato,2008,Diciembre,12,Hombre,31
Guanajuato,2008,Diciembre,12,Mujer,4
Guanajuato,2009,Enero,1,Hombre,44
Guanajuato,2009,Enero,1,Mujer,6
Guanajuato,2009,Febrero,2,Hombre,30
Guanajuato,2009,Febrero,2,Mujer,1
Guanajuato,2009,Marzo,3,Hombre,48
Guanajuato,2009,Marzo,3,Mujer,1
Guanajuato,2009,Abril,4,Hombre,25
Guanajuato,2009,Abril,4,Mujer,2
Guanajuato,2009,Mayo,5,Hombre,35
Guanajuato,2009,Mayo,5,Mujer,6
Guanajuato,2009,Junio,6,Hombre,32
Guanajuato,2009,Junio,6,Mujer,3
Guanajuato,2009,Julio,7,Hombre,43
Guanajuato,2009,Julio,7,Mujer,6
Guanajuato,2009,Agosto,8,Hombre,38
Guanajuato,2009,Agosto,8,Mujer,6
Guanajuato,2009,Septiembre,9,Hombre,37
Guanajuato,2009,Septiembre,9,Mujer,1
Guanajuato,2009,Octubre,10,Hombre,34
Guanajuato,2009,Octubre,10,Mujer,4
Guanajuato,2009,Noviembre,11,Hombre,41
Guanajuato,2009,Noviembre,11,Mujer,4
Guanajuato,2009,Diciembre,12,Hombre,31
Guanajuato,2009,Diciembre,12,Mujer,6
Guanajuato,2010,Enero,1,Hombre,29
Guanajuato,2010,Enero,1,Mujer,6
Guanajuato,2010,Febrero,2,Hombre,26
Guanajuato,2010,Febrero,2,Mujer,2
Guanajuato,2010,Marzo,3,Hombre,55
Guanajuato,2010,Marzo,3,Mujer,4
Guanajuato,2010,Abril,4,Hombre,31
Guanajuato,2010,Abril,4,Mujer,5
Guanajuato,2010,Mayo,5,Hombre,32
Guanajuato,2010,Mayo,5,Mujer,3
Guanajuato,2010,Junio,6,Hombre,26
Guanajuato,2010,Junio,6,Mujer,4
Guanajuato,2010,Julio,7,Hombre,17
Guanajuato,2010,Julio,7,Mujer,2
Guanajuato,2010,Agosto,8,Hombre,33
Guanajuato,2010,Agosto,8,Mujer,1
Guanajuato,2010,Septiembre,9,Hombre,32
Guanajuato,2010,Septiembre,9,Mujer,8
Guanajuato,2010,Octubre,10,Hombre,37
Guanajuato,2010,Octubre,10,Mujer,3
Guanajuato,2010,Noviembre,11,Hombre,34
Guanajuato,2010,Noviembre,11,Mujer,8
Guanajuato,2010,Diciembre,12,Hombre,35
Guanajuato,2010,Diciembre,12,Mujer,1
Guanajuato,2011,Enero,1,Hombre,30
Guanajuato,2011,Enero,1,Mujer,2
Guanajuato,2011,Febrero,2,Hombre,38
Guanajuato,2011,Febrero,2,Mujer,5
Guanajuato,2011,Marzo,3,Hombre,41
Guanajuato,2011,Marzo,3,Mujer,2
Guanajuato,2011,Abril,4,Hombre,48
Guanajuato,2011,Abril,4,Mujer,8
Guanajuato,2011,Mayo,5,Hombre,44
Guanajuato,2011,Mayo,5,Mujer,6
Guanajuato,2011,Junio,6,Hombre,50
Guanajuato,2011,Junio,6,Mujer,6
Guanajuato,2011,Julio,7,Hombre,40
Guanajuato,2011,Julio,7,Mujer,7
Guanajuato,2011,Agosto,8,Hombre,38
Guanajuato,2011,Agosto,8,Mujer,6
Guanajuato,2011,Septiembre,9,Hombre,51
Guanajuato,2011,Septiembre,9,Mujer,2
Guanajuato,2011,Octubre,10,Hombre,45
Guanajuato,2011,Octubre,10,Mujer,3
Guanajuato,2011,Noviembre,11,Hombre,39
Guanajuato,2011,Noviembre,11,Mujer,4
Guanajuato,2011,Diciembre,12,Hombre,46
Guanajuato,2011,Diciembre,12,Mujer,9
Guanajuato,2012,Enero,1,Hombre,33
Guanajuato,2012,Enero,1,Mujer,4
Guanajuato,2012,Febrero,2,Hombre,43
Guanajuato,2012,Febrero,2,Mujer,5
Guanajuato,2012,Marzo,3,Hombre,50
Guanajuato,2012,Marzo,3,Mujer,2
Guanajuato,2012,Abril,4,Hombre,45
Guanajuato,2012,Abril,4,Mujer,9
Guanajuato,2012,Mayo,5,Hombre,54
Guanajuato,2012,Mayo,5,Mujer,3
Guanajuato,2012,Junio,6,Hombre,50
Guanajuato,2012,Junio,6,Mujer,9
Guanajuato,2012,Julio,7,Hombre,58
Guanajuato,2012,Julio,7,Mujer,7
Guanajuato,2012,Agosto,8,Hombre,56
Guanajuato,2012,Agosto,8,Mujer,6
Guanajuato,2012,Septiembre,9,Hombre,52
Guanajuato,2012,Septiembre,9,Mujer,6
Guanajuato,2012,Octubre,10,Hombre,56
Guanajuato,2012,Octubre,10,Mujer,3
Guanajuato,2012,Noviembre,11,Hombre,45
Guanajuato,2012,Noviembre,11,Mujer,5
Guanajuato,2012,Diciembre,12,Hombre,38
Guanajuato,2012,Diciembre,12,Mujer,2
Guanajuato,2013,Enero,1,Hombre,35
Guanajuato,2013,Enero,1,Mujer,5
Guanajuato,2013,Febrero,2,Hombre,45
Guanajuato,2013,Febrero,2,Mujer,4
Guanajuato,2013,Marzo,3,Hombre,40
Guanajuato,2013,Marzo,3,Mujer,6
Guanajuato,2013,Abril,4,Hombre,62
Guanajuato,2013,Abril,4,Mujer,7
Guanajuato,2013,Mayo,5,Hombre,52
Guanajuato,2013,Mayo,5,Mujer,5
Guanajuato,2013,Junio,6,Hombre,55
Guanajuato,2013,Junio,6,Mujer,8
Guanajuato,2013,Julio,7,Hombre,58
Guanajuato,2013,Julio,7,Mujer,4
Guanajuato,2013,Agosto,8,Hombre,56
Guanajuato,2013,Agosto,8,Mujer,14
Guanajuato,2013,Septiembre,9,Hombre,48
Guanajuato,2013,Septiembre,9,Mujer,7
Guanajuato,2013,Octubre,10,Hombre,55
Guanajuato,2013,Octubre,10,Mujer,7
Guanajuato,2013,Noviembre,11,Hombre,37
Guanajuato,2013,Noviembre,11,Mujer,3
Guanajuato,2013,Diciembre,12,Hombre,65
Guanajuato,2013,Diciembre,12,Mujer,3
Guanajuato,2014,Enero,1,Hombre,62
Guanajuato,2014,Enero,1,Mujer,5
Guanajuato,2014,Febrero,2,Hombre,45
Guanajuato,2014,Febrero,2,Mujer,6
Guanajuato,2014,Marzo,3,Hombre,70
Guanajuato,2014,Marzo,3,Mujer,5
Guanajuato,2014,Abril,4,Hombre,53
Guanajuato,2014,Abril,4,Mujer,4
Guanajuato,2014,Mayo,5,Hombre,64
Guanajuato,2014,Mayo,5,Mujer,5
Guanajuato,2014,Junio,6,Hombre,56
Guanajuato,2014,Junio,6,Mujer,3
Guanajuato,2014,Julio,7,Hombre,54
Guanajuato,2014,Julio,7,Mujer,3
Guanajuato,2014,Agosto,8,Hombre,63
Guanajuato,2014,Agosto,8,Mujer,8
Guanajuato,2014,Septiembre,9,Hombre,62
Guanajuato,2014,Septiembre,9,Mujer,9
Guanajuato,2014,Octubre,10,Hombre,56
Guanajuato,2014,Octubre,10,Mujer,8
Guanajuato,2014,Noviembre,11,Hombre,64
Guanajuato,2014,Noviembre,11,Mujer,5
Guanajuato,2014,Diciembre,12,Hombre,60
Guanajuato,2014,Diciembre,12,Mujer,6
Guanajuato,2015,Enero,1,Hombre,54
Guanajuato,2015,Enero,1,Mujer,4
Guanajuato,2015,Febrero,2,Hombre,69
Guanajuato,2015,Febrero,2,Mujer,10
Guanajuato,2015,Marzo,3,Hombre,60
Guanajuato,2015,Marzo,3,Mujer,6
Guanajuato,2015,Abril,4,Hombre,62
Guanajuato,2015,Abril,4,Mujer,6
Guanajuato,2015,Mayo,5,Hombre,57
Guanajuato,2015,Mayo,5,Mujer,3
Guanajuato,2015,Junio,6,Hombre,86
Guanajuato,2015,Junio,6,Mujer,8
Guanajuato,2015,Julio,7,Hombre,55
Guanajuato,2015,Julio,7,Mujer,6
Guanajuato,2015,Agosto,8,Hombre,89
Guanajuato,2015,Agosto,8,Mujer,12
Guanajuato,2015,Septiembre,9,Hombre,79
Guanajuato,2015,Septiembre,9,Mujer,7
Guanajuato,2015,Octubre,10,Hombre,79
Guanajuato,2015,Octubre,10,Mujer,21
Guanajuato,2015,Noviembre,11,Hombre,84
Guanajuato,2015,Noviembre,11,Mujer,7
Guanajuato,2015,Diciembre,12,Hombre,66
Guanajuato,2015,Diciembre,12,Mujer,11
Guanajuato,2016,Enero,1,Hombre,59
Guanajuato,2016,Enero,1,Mujer,7
Guanajuato,2016,Febrero,2,Hombre,61
Guanajuato,2016,Febrero,2,Mujer,10
Guanajuato,2016,Marzo,3,Hombre,78
Guanajuato,2016,Marzo,3,Mujer,6
Guanajuato,2016,Abril,4,Hombre,67
Guanajuato,2016,Abril,4,Mujer,6
Guanajuato,2016,Mayo,5,Hombre,90
Guanajuato,2016,Mayo,5,Mujer,9
Guanajuato,2016,Junio,6,Hombre,86
Guanajuato,2016,Junio,6,Mujer,20
Guanajuato,2016,Julio,7,Hombre,94
Guanajuato,2016,Julio,7,Mujer,5
Guanajuato,2016,Agosto,8,Hombre,105
Guanajuato,2016,Agosto,8,Mujer,15
Guanajuato,2016,Septiembre,9,Hombre,106
Guanajuato,2016,Septiembre,9,Mujer,12
Guanajuato,2016,Octubre,10,Hombre,102
Guanajuato,2016,Octubre,10,Mujer,9
Guanajuato,2016,Noviembre,11,Hombre,95
Guanajuato,2016,Noviembre,11,Mujer,12
Guanajuato,2016,Diciembre,12,Hombre,111
Guanajuato,2016,Diciembre,12,Mujer,10
Guanajuato,2017,Enero,1,Hombre,137
Guanajuato,2017,Enero,1,Mujer,9
Guanajuato,2017,Febrero,2,Hombre,126
Guanajuato,2017,Febrero,2,Mujer,13
Guanajuato,2017,Marzo,3,Hombre,144
Guanajuato,2017,Marzo,3,Mujer,15
Guanajuato,2017,Abril,4,Hombre,160
Guanajuato,2017,Abril,4,Mujer,22
Guanajuato,2017,Mayo,5,Hombre,170
Guanajuato,2017,Mayo,5,Mujer,10
Guanajuato,2017,Junio,6,Hombre,163
Guanajuato,2017,Junio,6,Mujer,18
Guanajuato,2017,Julio,7,Hombre,174
Guanajuato,2017,Julio,7,Mujer,21
Guanajuato,2017,Agosto,8,Hombre,163
Guanajuato,2017,Agosto,8,Mujer,25
Guanajuato,2017,Septiembre,9,Hombre,158
Guanajuato,2017,Septiembre,9,Mujer,17
Guanajuato,2017,Octubre,10,Hombre,227
Guanajuato,2017,Octubre,10,Mujer,15
Guanajuato,2017,Noviembre,11,Hombre,198
Guanajuato,2017,Noviembre,11,Mujer,21
Guanajuato,2017,Diciembre,12,Hombre,211
Guanajuato,2017,Diciembre,12,Mujer,27
Guanajuato,2018,Enero,1,Hombre,210
Guanajuato,2018,Enero,1,Mujer,20
Guanajuato,2018,Febrero,2,Hombre,181
Guanajuato,2018,Febrero,2,Mujer,29
Guanajuato,2018,Marzo,3,Hombre,248
Guanajuato,2018,Marzo,3,Mujer,46
Guanajuato,2018,Abril,4,Hombre,255
Guanajuato,2018,Abril,4,Mujer,22
Guanajuato,2018,Mayo,5,Hombre,272
Guanajuato,2018,Mayo,5,Mujer,30
Guanajuato,2018,Junio,6,Hombre,255
Guanajuato,2018,Junio,6,Mujer,25
Guanajuato,2018,Julio,7,Hombre,243
Guanajuato,2018,Julio,7,Mujer,28
Guanajuato,2018,Agosto,8,Hombre,290
Guanajuato,2018,Agosto,8,Mujer,24
Guanajuato,2018,Septiembre,9,Hombre,316
Guanajuato,2018,Septiembre,9,Mujer,32
Guanajuato,2018,Octubre,10,Hombre,272
Guanajuato,2018,Octubre,10,Mujer,35
Guanajuato,2018,Noviembre,11,Hombre,225
Guanajuato,2018,Noviembre,11,Mujer,24
Guanajuato,2018,Diciembre,12,Hombre,291
Guanajuato,2018,Diciembre,12,Mujer,32
Guanajuato,2019,Enero,1,Hombre,263
Guanajuato,2019,Enero,1,Mujer,24
Guanajuato,2019,Febrero,2,Hombre,315
Guanajuato,2019,Febrero,2,Mujer,28
Guanajuato,2019,Marzo,3,Hombre,308
Guanajuato,2019,Marzo,3,Mujer,26
Guanajuato,2019,Abril,4,Hombre,258
Guanajuato,2019,Abril,4,Mujer,25
Guanajuato,2019,Mayo,5,Hombre,253
Guanajuato,2019,Mayo,5,Mujer,26
Guanajuato,2019,Junio,6,Hombre,247
Guanajuato,2019,Junio,6,Mujer,25
Guanajuato,2019,Julio,7,Hombre,248
Guanajuato,2019,Julio,7,Mujer,39
Guanajuato,2019,Agosto,8,Hombre,279
Guanajuato,2019,Agosto,8,Mujer,26
Guanajuato,2019,Septiembre,9,Hombre,295
Guanajuato,2019,Septiembre,9,Mujer,31
Guanajuato,2019,Octubre,10,Hombre,307
Guanajuato,2019,Octubre,10,Mujer,41
Guanajuato,2019,Noviembre,11,Hombre,329
Guanajuato,2019,Noviembre,11,Mujer,45
Guanajuato,2019,Diciembre,12,Hombre,349
Guanajuato,2019,Diciembre,12,Mujer,56
Guanajuato,2020,Enero,1,Hombre,370
Guanajuato,2020,Enero,1,Mujer,56
Guanajuato,2020,Febrero,2,Hombre,307
Guanajuato,2020,Febrero,2,Mujer,39
Guanajuato,2020,Marzo,3,Hombre,324
Guanajuato,2020,Marzo,3,Mujer,49
Guanajuato,2020,Abril,4,Hombre,334
Guanajuato,2020,Abril,4,Mujer,52
Guanajuato,2020,Mayo,5,Hombre,327
Guanajuato,2020,Mayo,5,Mujer,50
Guanajuato,2020,Junio,6,Hombre,383
Guanajuato,2020,Junio,6,Mujer,47
Guanajuato,2020,Julio,7,Hombre,363
Guanajuato,2020,Julio,7,Mujer,48
Guanajuato,2020,Agosto,8,Hombre,361
Guanajuato,2020,Agosto,8,Mujer,43
Guanajuato,2020,Septiembre,9,Hombre,361
Guanajuato,2020,Septiembre,9,Mujer,49
Guanajuato,2020,Octubre,10,Hombre,376
Guanajuato,2020,Octubre,10,Mujer,43
Guanajuato,2020,Noviembre,11,Hombre,332
Guanajuato,2020,Noviembre,11,Mujer,55
Guanajuato,2020,Diciembre,12,Hombre,379
Guanajuato,2020,Diciembre,12,Mujer,60
Guanajuato,2021,Enero,1,Hombre,300
Guanajuato,2021,Enero,1,Mujer,41
Guanajuato,2021,Febrero,2,Hombre,225
Guanajuato,2021,Febrero,2,Mujer,33
Guanajuato,2021,Marzo,3,Hombre,311
Guanajuato,2021,Marzo,3,Mujer,36
Guanajuato,2021,Abril,4,Hombre,293
Guanajuato,2021,Abril,4,Mujer,47
Guanajuato,2021,Mayo,5,Hombre,279
Guanajuato,2021,Mayo,5,Mujer,53
Guanajuato,2021,Junio,6,Hombre,241
Guanajuato,2021,Junio,6,Mujer,30
Guanajuato,2021,Julio,7,Hombre,308
Guanajuato,2021,Julio,7,Mujer,54
Guanajuato,2021,Agosto,8,Hombre,281
Guanajuato,2021,Agosto,8,Mujer,56
Guanajuato,2021,Septiembre,9,Hombre,308
Guanajuato,2021,Septiembre,9,Mujer,35
Guanajuato,2021,Octubre,10,Hombre,294
Guanajuato,2021,Octubre,10,Mujer,50
Guanajuato,2021,Noviembre,11,Hombre,336
Guanajuato,2021,Noviembre,11,Mujer,57
Guanajuato,2021,Diciembre,12,Hombre,332
Guanajuato,2021,Diciembre,12,Mujer,45
Guanajuato,2022,Enero,1,Hombre,203
Guanajuato,2022,Enero,1,Mujer,35
Guanajuato,2022,Febrero,2,Hombre,227
Guanajuato,2022,Febrero,2,Mujer,38
Guanajuato,2022,Marzo,3,Hombre,286
Guanajuato,2022,Marzo,3,Mujer,35
Guanajuato,2022,Abril,4,Hombre,231
Guanajuato,2022,Abril,4,Mujer,35
Guanajuato,2022,Mayo,5,Hombre,297
Guanajuato,2022,Mayo,5,Mujer,50
Guanajuato,2022,Junio,6,Hombre,240
Guanajuato,2022,Junio,6,Mujer,51
Guanajuato,2022,Julio,7,Hombre,285
Guanajuato,2022,Julio,7,Mujer,39
Guanajuato,2022,Agosto,8,Hombre,243
Guanajuato,2022,Agosto,8,Mujer,47
Guanajuato,2022,Septiembre,9,Hombre,324
Guanajuato,2022,Septiembre,9,Mujer,46
Guanajuato,2022,Octubre,10,Hombre,296
Guanajuato,2022,Octubre,10,Mujer,51
Guanajuato,2022,Noviembre,11,Hombre,242
Guanajuato,2022,Noviembre,11,Mujer,45
Guanajuato,2022,Diciembre,12,Hombre,321
Guanajuato,2022,Diciembre,12,Mujer,57
Guanajuato,2023,Enero,1,Hombre,214
Guanajuato,2023,Enero,1,Mujer,37
Guanajuato,2023,Febrero,2,Hombre,257
Guanajuato,2023,Febrero,2,Mujer,44
Guanajuato,2023,Marzo,3,Hombre,273
Guanajuato,2023,Marzo,3,Mujer,53
Guanajuato,2023,Abril,4,Hombre,285
Guanajuato,2023,Abril,4,Mujer,44
Guanajuato,2023,Mayo,5,Hombre,301
Guanajuato,2023,Mayo,5,Mujer,48
Guanajuato,2023,Junio,6,Hombre,340
Guanajuato,2023,Junio,6,Mujer,53
Guanajuato,2023,Julio,7,Hombre,261
Guanajuato,2023,Julio,7,Mujer,43
Guanajuato,2023,Agosto,8,Hombre,228
Guanajuato,2023,Agosto,8,Mujer,60
Guanajuato,2023,Septiembre,9,Hombre,305
Guanajuato,2023,Septiembre,9,Mujer,43
Guanajuato,2023,Octubre,10,Hombre,264
Guanajuato,2023,Octubre,10,Mujer,50
Guanajuato,2023,Noviembre,11,Hombre,244
Guanajuato,2023,Noviembre,11,Mujer,39
Guanajuato,2023,Diciembre,12,Hombre,291
Guanajuato,2023,Diciembre,12,Mujer,36
Guanajuato,2024,Enero,1,Hombre,219
Guanajuato,2024,Enero,1,Mujer,28
Guanajuato,2024,Febrero,2,Hombre,240
Guanajuato,2024,Febrero,2,Mujer,40
Guanajuato,2024,Marzo,3,Hombre,274
Guanajuato,2024,Marzo,3,Mujer,49
Guanajuato,2024,Abril,4,Hombre,292
Guanajuato,2024,Abril,4,Mujer,58
Guanajuato,2024,Mayo,5,Hombre,287
Guanajuato,2024,Mayo,5,Mujer,33
Guanajuato,2024,Junio,6,Hombre,274
Guanajuato,2024,Junio,6,Mujer,37
Guanajuato,2024,Julio,7,Hombre,278
Guanajuato,2024,Julio,7,Mujer,39
Guanajuato,2024,Agosto,8,Hombre,311
Guanajuato,2024,Agosto,8,Mujer,44
Guanajuato,2024,Septiembre,9,Hombre,271
Guanajuato,2024,Septiembre,9,Mujer,50
Guanajuato,2024,Octubre,10,Hombre,322
Guanajuato,2024,Octubre,10,Mujer,54
Guanajuato,2024,Noviembre,11,Hombre,269
Guanajuato,2024,Noviembre,11,Mujer,42
Guanajuato,2024,Diciembre,12,Hombre,323
Guanajuato,2024,Diciembre,12,Mujer,51
Guerrero,1990,Enero,1,Hombre,66
Guerrero,1990,Enero,1,Mujer,2
Guerrero,1990,Febrero,2,Hombre,69
Guerrero,1990,Febrero,2,Mujer,4
Guerrero,1990,Marzo,3,Hombre,95
Guerrero,1990,Marzo,3,Mujer,6
Guerrero,1990,Abril,4,Hombre,64
Guerrero,1990,Abril,4,Mujer,5
Guerrero,1990,Mayo,5,Hombre,69
Guerrero,1990,Mayo,5,Mujer,9
Guerrero,1990,Junio,6,Hombre,51
Guerrero,1990,Junio,6,Mujer,3
Guerrero,1990,Julio,7,Hombre,64
Guerrero,1990,Julio,7,Mujer,1
Guerrero,1990,Agosto,8,Hombre,56
Guerrero,1990,Agosto,8,Mujer,3
Guerrero,1990,Septiembre,9,Hombre,24
Guerrero,1990,Septiembre,9,Mujer,1
Guerrero,1990,Octubre,10,Hombre,61
Guerrero,1990,Octubre,10,Mujer,2
Guerrero,1990,Noviembre,11,Hombre,52
Guerrero,1990,Noviembre,11,Mujer,4
Guerrero,1990,Diciembre,12,Hombre,51
Guerrero,1990,Diciembre,12,Mujer,5
Guerrero,1991,Enero,1,Hombre,60
Guerrero,1991,Enero,1,Mujer,9
Guerrero,1991,Febrero,2,Hombre,73
Guerrero,1991,Febrero,2,Mujer,6
Guerrero,1991,Marzo,3,Hombre,73
Guerrero,1991,Marzo,3,Mujer,7
Guerrero,1991,Abril,4,Hombre,95
Guerrero,1991,Abril,4,Mujer,4
Guerrero,1991,Mayo,5,Hombre,74
Guerrero,1991,Mayo,5,Mujer,4
Guerrero,1991,Junio,6,Hombre,71
Guerrero,1991,Junio,6,Mujer,2
Guerrero,1991,Julio,7,Hombre,97
Guerrero,1991,Julio,7,Mujer,5
Guerrero,1991,Agosto,8,Hombre,56
Guerrero,1991,Agosto,8,Mujer,6
Guerrero,1991,Septiembre,9,Hombre,126
Guerrero,1991,Septiembre,9,Mujer,11
Guerrero,1991,Octubre,10,Hombre,57
Guerrero,1991,Octubre,10,Mujer,6
Guerrero,1991,Noviembre,11,Hombre,65
Guerrero,1991,Noviembre,11,Mujer,7
Guerrero,1991,Diciembre,12,Hombre,71
Guerrero,1991,Diciembre,12,Mujer,4
Guerrero,1992,Enero,1,Hombre,105
Guerrero,1992,Enero,1,Mujer,10
Guerrero,1992,Febrero,2,Hombre,89
Guerrero,1992,Febrero,2,Mujer,4
Guerrero,1992,Marzo,3,Hombre,103
Guerrero,1992,Marzo,3,Mujer,7
Guerrero,1992,Abril,4,Hombre,99
Guerrero,1992,Abril,4,Mujer,7
Guerrero,1992,Mayo,5,Hombre,138
Guerrero,1992,Mayo,5,Mujer,13
Guerrero,1992,Junio,6,Hombre,103
Guerrero,1992,Junio,6,Mujer,8
Guerrero,1992,Julio,7,Hombre,84
Guerrero,1992,Julio,7,Mujer,10
Guerrero,1992,Agosto,8,Hombre,136
Guerrero,1992,Agosto,8,Mujer,14
Guerrero,1992,Septiembre,9,Hombre,155
Guerrero,1992,Septiembre,9,Mujer,13
Guerrero,1992,Octubre,10,Hombre,125
Guerrero,1992,Octubre,10,Mujer,11
Guerrero,1992,Noviembre,11,Hombre,121
Guerrero,1992,Noviembre,11,Mujer,10
Guerrero,1992,Diciembre,12,Hombre,184
Guerrero,1992,Diciembre,12,Mujer,9
Guerrero,1993,Enero,1,Hombre,114
Guerrero,1993,Enero,1,Mujer,4
Guerrero,1993,Febrero,2,Hombre,130
Guerrero,1993,Febrero,2,Mujer,4
Guerrero,1993,Marzo,3,Hombre,133
Guerrero,1993,Marzo,3,Mujer,6
Guerrero,1993,Abril,4,Hombre,103
Guerrero,1993,Abril,4,Mujer,12
Guerrero,1993,Mayo,5,Hombre,110
Guerrero,1993,Mayo,5,Mujer,6
Guerrero,1993,Junio,6,Hombre,82
Guerrero,1993,Junio,6,Mujer,7
Guerrero,1993,Julio,7,Hombre,90
Guerrero,1993,Julio,7,Mujer,4
Guerrero,1993,Agosto,8,Hombre,81
Guerrero,1993,Agosto,8,Mujer,8
Guerrero,1993,Septiembre,9,Hombre,73
Guerrero,1993,Septiembre,9,Mujer,6
Guerrero,1993,Octubre,10,Hombre,86
Guerrero,1993,Octubre,10,Mujer,4
Guerrero,1993,Noviembre,11,Hombre,95
Guerrero,1993,Noviembre,11,Mujer,4
Guerrero,1993,Diciembre,12,Hombre,121
Guerrero,1993,Diciembre,12,Mujer,5
Guerrero,1994,Enero,1,Hombre,105
Guerrero,1994,Enero,1,Mujer,7
Guerrero,1994,Febrero,2,Hombre,88
Guerrero,1994,Febrero,2,Mujer,9
Guerrero,1994,Marzo,3,Hombre,99
Guerrero,1994,Marzo,3,Mujer,8
Guerrero,1994,Abril,4,Hombre,77
Guerrero,1994,Abril,4,Mujer,10
Guerrero,1994,Mayo,5,Hombre,104
Guerrero,1994,Mayo,5,Mujer,5
Guerrero,1994,Junio,6,Hombre,78
Guerrero,1994,Junio,6,Mujer,4
Guerrero,1994,Julio,7,Hombre,79
Guerrero,1994,Julio,7,Mujer,9
Guerrero,1994,Agosto,8,Hombre,100
Guerrero,1994,Agosto,8,Mujer,3
Guerrero,1994,Septiembre,9,Hombre,93
Guerrero,1994,Septiembre,9,Mujer,10
Guerrero,1994,Octubre,10,Hombre,92
Guerrero,1994,Octubre,10,Mujer,10
Guerrero,1994,Noviembre,11,Hombre,90
Guerrero,1994,Noviembre,11,Mujer,13
Guerrero,1994,Diciembre,12,Hombre,97
Guerrero,1994,Diciembre,12,Mujer,13
Guerrero,1995,Enero,1,Hombre,99
Guerrero,1995,Enero,1,Mujer,13
Guerrero,1995,Febrero,2,Hombre,67
Guerrero,1995,Febrero,2,Mujer,8
Guerrero,1995,Marzo,3,Hombre,100
Guerrero,1995,Marzo,3,Mujer,8
Guerrero,1995,Abril,4,Hombre,78
Guerrero,1995,Abril,4,Mujer,7
Guerrero,1995,Mayo,5,Hombre,96
Guerrero,1995,Mayo,5,Mujer,5
Guerrero,1995,Junio,6,Hombre,104
Guerrero,1995,Junio,6,Mujer,6
Guerrero,1995,Julio,7,Hombre,107
Guerrero,1995,Julio,7,Mujer,12
Guerrero,1995,Agosto,8,Hombre,111
Guerrero,1995,Agosto,8,Mujer,6
Guerrero,1995,Septiembre,9,Hombre,93
Guerrero,1995,Septiembre,9,Mujer,4
Guerrero,1995,Octubre,10,Hombre,104
Guerrero,1995,Octubre,10,Mujer,4
Guerrero,1995,Noviembre,11,Hombre,94
Guerrero,1995,Noviembre,11,Mujer,5
Guerrero,1995,Diciembre,12,Hombre,113
Guerrero,1995,Diciembre,12,Mujer,6
Guerrero,1996,Enero,1,Hombre,93
Guerrero,1996,Enero,1,Mujer,7
Guerrero,1996,Febrero,2,Hombre,77
Guerrero,1996,Febrero,2,Mujer,9
Guerrero,1996,Marzo,3,Hombre,82
Guerrero,1996,Marzo,3,Mujer,6
Guerrero,1996,Abril,4,Hombre,68
Guerrero,1996,Abril,4,Mujer,4
Guerrero,1996,Mayo,5,Hombre,77
Guerrero,1996,Mayo,5,Mujer,8
Guerrero,1996,Junio,6,Hombre,79
Guerrero,1996,Junio,6,Mujer,4
Guerrero,1996,Julio,7,Hombre,68
Guerrero,1996,Julio,7,Mujer,6
Guerrero,1996,Agosto,8,Hombre,76
Guerrero,1996,Agosto,8,Mujer,8
Guerrero,1996,Septiembre,9,Hombre,74
Guerrero,1996,Septiembre,9,Mujer,5
Guerrero,1996,Octubre,10,Hombre,92
Guerrero,1996,Octubre,10,Mujer,9
Guerrero,1996,Noviembre,11,Hombre,74
Guerrero,1996,Noviembre,11,Mujer,8
Guerrero,1996,Diciembre,12,Hombre,83
Guerrero,1996,Diciembre,12,Mujer,6
Guerrero,1997,Enero,1,Hombre,87
Guerrero,1997,Enero,1,Mujer,9
Guerrero,1997,Febrero,2,Hombre,64
Guerrero,1997,Febrero,2,Mujer,6
Guerrero,1997,Marzo,3,Hombre,58
Guerrero,1997,Marzo,3,Mujer,6
Guerrero,1997,Abril,4,Hombre,84
Guerrero,1997,Abril,4,Mujer,7
Guerrero,1997,Mayo,5,Hombre,88
Guerrero,1997,Mayo,5,Mujer,3
Guerrero,1997,Junio,6,Hombre,91
Guerrero,1997,Junio,6,Mujer,5
Guerrero,1997,Julio,7,Hombre,85
Guerrero,1997,Julio,7,Mujer,6
Guerrero,1997,Agosto,8,Hombre,72
Guerrero,1997,Agosto,8,Mujer,11
Guerrero,1997,Septiembre,9,Hombre,64
Guerrero,1997,Septiembre,9,Mujer,7
Guerrero,1997,Octubre,10,Hombre,90
Guerrero,1997,Octubre,10,Mujer,8
Guerrero,1997,Noviembre,11,Hombre,96
Guerrero,1997,Noviembre,11,Mujer,5
Guerrero,1997,Diciembre,12,Hombre,97
Guerrero,1997,Diciembre,12,Mujer,9
Guerrero,1998,Enero,1,Hombre,78
Guerrero,1998,Enero,1,Mujer,4
Guerrero,1998,Febrero,2,Hombre,77
Guerrero,1998,Febrero,2,Mujer,7
Guerrero,1998,Marzo,3,Hombre,98
Guerrero,1998,Marzo,3,Mujer,6
Guerrero,1998,Abril,4,Hombre,78
Guerrero,1998,Abril,4,Mujer,7
Guerrero,1998,Mayo,5,Hombre,77
Guerrero,1998,Mayo,5,Mujer,12
Guerrero,1998,Junio,6,Hombre,101
Guerrero,1998,Junio,6,Mujer,10
Guerrero,1998,Julio,7,Hombre,83
Guerrero,1998,Julio,7,Mujer,11
Guerrero,1998,Agosto,8,Hombre,79
Guerrero,1998,Agosto,8,Mujer,11
Guerrero,1998,Septiembre,9,Hombre,95
Guerrero,1998,Septiembre,9,Mujer,11
Guerrero,1998,Octubre,10,Hombre,101
Guerrero,1998,Octubre,10,Mujer,9
Guerrero,1998,Noviembre,11,Hombre,69
Guerrero,1998,Noviembre,11,Mujer,8
Guerrero,1998,Diciembre,12,Hombre,76
Guerrero,1998,Diciembre,12,Mujer,8
Guerrero,1999,Enero,1,Hombre,55
Guerrero,1999,Enero,1,Mujer,3
Guerrero,1999,Febrero,2,Hombre,79
Guerrero,1999,Febrero,2,Mujer,5
Guerrero,1999,Marzo,3,Hombre,89
Guerrero,1999,Marzo,3,Mujer,11
Guerrero,1999,Abril,4,Hombre,61
Guerrero,1999,Abril,4,Mujer,9
Guerrero,1999,Mayo,5,Hombre,67
Guerrero,1999,Mayo,5,Mujer,6
Guerrero,1999,Junio,6,Hombre,58
Guerrero,1999,Junio,6,Mujer,9
Guerrero,1999,Julio,7,Hombre,63
Guerrero,1999,Julio,7,Mujer,10
Guerrero,1999,Agosto,8,Hombre,84
Guerrero,1999,Agosto,8,Mujer,11
Guerrero,1999,Septiembre,9,Hombre,70
Guerrero,1999,Septiembre,9,Mujer,5
Guerrero,1999,Octubre,10,Hombre,71
Guerrero,1999,Octubre,10,Mujer,6
Guerrero,1999,Noviembre,11,Hombre,72
Guerrero,1999,Noviembre,11,Mujer,3
Guerrero,1999,Diciembre,12,Hombre,86
Guerrero,1999,Diciembre,12,Mujer,8
Guerrero,2000,Enero,1,Hombre,71
Guerrero,2000,Enero,1,Mujer,6
Guerrero,2000,Febrero,2,Hombre,55
Guerrero,2000,Febrero,2,Mujer,5
Guerrero,2000,Marzo,3,Hombre,64
Guerrero,2000,Marzo,3,Mujer,9
Guerrero,2000,Abril,4,Hombre,40
Guerrero,2000,Abril,4,Mujer,8
Guerrero,2000,Mayo,5,Hombre,82
Guerrero,2000,Mayo,5,Mujer,10
Guerrero,2000,Junio,6,Hombre,60
Guerrero,2000,Junio,6,Mujer,11
Guerrero,2000,Julio,7,Hombre,63
Guerrero,2000,Julio,7,Mujer,7
Guerrero,2000,Agosto,8,Hombre,53
Guerrero,2000,Agosto,8,Mujer,9
Guerrero,2000,Septiembre,9,Hombre,53
Guerrero,2000,Septiembre,9,Mujer,1
Guerrero,2000,Octubre,10,Hombre,50
Guerrero,2000,Octubre,10,Mujer,7
Guerrero,2000,Noviembre,11,Hombre,62
Guerrero,2000,Noviembre,11,Mujer,2
Guerrero,2000,Diciembre,12,Hombre,64
Guerrero,2000,Diciembre,12,Mujer,1
Guerrero,2001,Enero,1,Hombre,45
Guerrero,2001,Enero,1,Mujer,5
Guerrero,2001,Febrero,2,Hombre,41
Guerrero,2001,Febrero,2,Mujer,5
Guerrero,2001,Marzo,3,Hombre,55
Guerrero,2001,Marzo,3,Mujer,6
Guerrero,2001,Abril,4,Hombre,40
Guerrero,2001,Abril,4,Mujer,5
Guerrero,2001,Mayo,5,Hombre,43
Guerrero,2001,Mayo,5,Mujer,6
Guerrero,2001,Junio,6,Hombre,44
Guerrero,2001,Junio,6,Mujer,4
Guerrero,2001,Julio,7,Hombre,46
Guerrero,2001,Julio,7,Mujer,5
Guerrero,2001,Agosto,8,Hombre,40
Guerrero,2001,Agosto,8,Mujer,5
Guerrero,2001,Septiembre,9,Hombre,32
Guerrero,2001,Septiembre,9,Mujer,3
Guerrero,2001,Octubre,10,Hombre,61
Guerrero,2001,Octubre,10,Mujer,5
Guerrero,2001,Noviembre,11,Hombre,60
Guerrero,2001,Noviembre,11,Mujer,5
Guerrero,2001,Diciembre,12,Hombre,68
Guerrero,2001,Diciembre,12,Mujer,6
Guerrero,2002,Enero,1,Hombre,39
Guerrero,2002,Enero,1,Mujer,4
Guerrero,2002,Febrero,2,Hombre,51
Guerrero,2002,Febrero,2,Mujer,3
Guerrero,2002,Marzo,3,Hombre,43
Guerrero,2002,Marzo,3,Mujer,6
Guerrero,2002,Abril,4,Hombre,54
Guerrero,2002,Abril,4,Mujer,7
Guerrero,2002,Mayo,5,Hombre,47
Guerrero,2002,Mayo,5,Mujer,4
Guerrero,2002,Junio,6,Hombre,43
Guerrero,2002,Junio,6,Mujer,8
Guerrero,2002,Julio,7,Hombre,58
Guerrero,2002,Julio,7,Mujer,5
Guerrero,2002,Agosto,8,Hombre,42
Guerrero,2002,Agosto,8,Mujer,4
Guerrero,2002,Septiembre,9,Hombre,53
Guerrero,2002,Septiembre,9,Mujer,3
Guerrero,2002,Octubre,10,Hombre,47
Guerrero,2002,Octubre,10,Mujer,3
Guerrero,2002,Noviembre,11,Hombre,38
Guerrero,2002,Noviembre,11,Mujer,2
Guerrero,2002,Diciembre,12,Hombre,42
Guerrero,2002,Diciembre,12,Mujer,8
Guerrero,2003,Enero,1,Hombre,40
Guerrero,2003,Enero,1,Mujer,3
Guerrero,2003,Febrero,2,Hombre,39
Guerrero,2003,Febrero,2,Mujer,6
Guerrero,2003,Marzo,3,Hombre,45
Guerrero,2003,Marzo,3,Mujer,3
Guerrero,2003,Abril,4,Hombre,40
Guerrero,2003,Abril,4,Mujer,8
Guerrero,2003,Mayo,5,Hombre,44
Guerrero,2003,Mayo,5,Mujer,3
Guerrero,2003,Junio,6,Hombre,55
Guerrero,2003,Junio,6,Mujer,3
Guerrero,2003,Julio,7,Hombre,60
Guerrero,2003,Julio,7,Mujer,12
Guerrero,2003,Agosto,8,Hombre,38
Guerrero,2003,Agosto,8,Mujer,13
Guerrero,2003,Septiembre,9,Hombre,37
Guerrero,2003,Septiembre,9,Mujer,4
Guerrero,2003,Octubre,10,Hombre,40
Guerrero,2003,Octubre,10,Mujer,4
Guerrero,2003,Noviembre,11,Hombre,40
Guerrero,2003,Noviembre,11,Mujer,4
Guerrero,2003,Diciembre,12,Hombre,47
Guerrero,2003,Diciembre,12,Mujer,6
Guerrero,2004,Enero,1,Hombre,32
Guerrero,2004,Enero,1,Mujer,4
Guerrero,2004,Febrero,2,Hombre,46
Guerrero,2004,Febrero,2,Mujer,4
Guerrero,2004,Marzo,3,Hombre,45
Guerrero,2004,Marzo,3,Mujer,4
Guerrero,2004,Abril,4,Hombre,44
Guerrero,2004,Abril,4,Mujer,2
Guerrero,2004,Mayo,5,Hombre,37
Guerrero,2004,Mayo,5,Mujer,8
Guerrero,2004,Junio,6,Hombre,42
Guerrero,2004,Junio,6,Mujer,1
Guerrero,2004,Julio,7,Hombre,44
Guerrero,2004,Julio,7,Mujer,7
Guerrero,2004,Agosto,8,Hombre,34
Guerrero,2004,Agosto,8,Mujer,7
Guerrero,2004,Septiembre,9,Hombre,40
Guerrero,2004,Septiembre,9,Mujer,3
Guerrero,2004,Octubre,10,Hombre,59
Guerrero,2004,Octubre,10,Mujer,8
Guerrero,2004,Noviembre,11,Hombre,57
Guerrero,2004,Noviembre,11,Mujer,7
Guerrero,2004,Diciembre,12,Hombre,48
Guerrero,2004,Diciembre,12,Mujer,3
Guerrero,2005,Enero,1,Hombre,33
Guerrero,2005,Enero,1,Mujer,2
Guerrero,2005,Febrero,2,Hombre,49
Guerrero,2005,Febrero,2,Mujer,4
Guerrero,2005,Marzo,3,Hombre,22
Guerrero,2005,Marzo,3,Mujer,3
Guerrero,2005,Abril,4,Hombre,45
Guerrero,2005,Abril,4,Mujer,3
Guerrero,2005,Mayo,5,Hombre,45
Guerrero,2005,Mayo,5,Mujer,5
Guerrero,2005,Junio,6,Hombre,49
Guerrero,2005,Junio,6,Mujer,4
Guerrero,2005,Julio,7,Hombre,53
Guerrero,2005,Julio,7,Mujer,5
Guerrero,2005,Agosto,8,Hombre,55
Guerrero,2005,Agosto,8,Mujer,8
Guerrero,2005,Septiembre,9,Hombre,41
Guerrero,2005,Septiembre,9,Mujer,4
Guerrero,2005,Octubre,10,Hombre,31
Guerrero,2005,Octubre,10,Mujer,6
Guerrero,2005,Noviembre,11,Hombre,48
Guerrero,2005,Noviembre,11,Mujer,9
Guerrero,2005,Diciembre,12,Hombre,56
Guerrero,2005,Diciembre,12,Mujer,4
Guerrero,2006,Enero,1,Hombre,48
Guerrero,2006,Enero,1,Mujer,4
Guerrero,2006,Febrero,2,Hombre,41
Guerrero,2006,Febrero,2,Mujer,6
Guerrero,2006,Marzo,3,Hombre,37
Guerrero,2006,Marzo,3,Mujer,5
Guerrero,2006,Abril,4,Hombre,47
Guerrero,2006,Abril,4,Mujer,4
Guerrero,2006,Mayo,5,Hombre,62
Guerrero,2006,Mayo,5,Mujer,15
Guerrero,2006,Junio,6,Hombre,62
Guerrero,2006,Junio,6,Mujer,3
Guerrero,2006,Julio,7,Hombre,74
Guerrero,2006,Julio,7,Mujer,5
Guerrero,2006,Agosto,8,Hombre,54
Guerrero,2006,Agosto,8,Mujer,10
Guerrero,2006,Septiembre,9,Hombre,66
Guerrero,2006,Septiembre,9,Mujer,7
Guerrero,2006,Octubre,10,Hombre,50
Guerrero,2006,Octubre,10,Mujer,9
Guerrero,2006,Noviembre,11,Hombre,62
Guerrero,2006,Noviembre,11,Mujer,13
Guerrero,2006,Diciembre,12,Hombre,77
Guerrero,2006,Diciembre,12,Mujer,8
Guerrero,2007,Enero,1,Hombre,68
Guerrero,2007,Enero,1,Mujer,7
Guerrero,2007,Febrero,2,Hombre,38
Guerrero,2007,Febrero,2,Mujer,4
Guerrero,2007,Marzo,3,Hombre,59
Guerrero,2007,Marzo,3,Mujer,10
Guerrero,2007,Abril,4,Hombre,70
Guerrero,2007,Abril,4,Mujer,4
Guerrero,2007,Mayo,5,Hombre,94
Guerrero,2007,Mayo,5,Mujer,8
Guerrero,2007,Junio,6,Hombre,61
Guerrero,2007,Junio,6,Mujer,7
Guerrero,2007,Julio,7,Hombre,73
Guerrero,2007,Julio,7,Mujer,16
Guerrero,2007,Agosto,8,Hombre,69
Guerrero,2007,Agosto,8,Mujer,5
Guerrero,2007,Septiembre,9,Hombre,30
Guerrero,2007,Septiembre,9,Mujer,7
Guerrero,2007,Octubre,10,Hombre,50
Guerrero,2007,Octubre,10,Mujer,6
Guerrero,2007,Noviembre,11,Hombre,27
Guerrero,2007,Noviembre,11,Mujer,1
Guerrero,2007,Diciembre,12,Hombre,37
Guerrero,2007,Diciembre,12,Mujer,4
Guerrero,2008,Enero,1,Hombre,53
Guerrero,2008,Enero,1,Mujer,3
Guerrero,2008,Febrero,2,Hombre,55
Guerrero,2008,Febrero,2,Mujer,1
Guerrero,2008,Marzo,3,Hombre,50
Guerrero,2008,Marzo,3,Mujer,4
Guerrero,2008,Abril,4,Hombre,63
Guerrero,2008,Abril,4,Mujer,7
Guerrero,2008,Mayo,5,Hombre,74
Guerrero,2008,Mayo,5,Mujer,6
Guerrero,2008,Junio,6,Hombre,81
Guerrero,2008,Junio,6,Mujer,7
Guerrero,2008,Julio,7,Hombre,53
Guerrero,2008,Julio,7,Mujer,6
Guerrero,2008,Agosto,8,Hombre,56
Guerrero,2008,Agosto,8,Mujer,6
Guerrero,2008,Septiembre,9,Hombre,79
Guerrero,2008,Septiembre,9,Mujer,7
Guerrero,2008,Octubre,10,Hombre,89
Guerrero,2008,Octubre,10,Mujer,9
Guerrero,2008,Noviembre,11,Hombre,88
Guerrero,2008,Noviembre,11,Mujer,6
Guerrero,2008,Diciembre,12,Hombre,148
Guerrero,2008,Diciembre,12,Mujer,11
Guerrero,2009,Enero,1,Hombre,85
Guerrero,2009,Enero,1,Mujer,15
Guerrero,2009,Febrero,2,Hombre,124
Guerrero,2009,Febrero,2,Mujer,13
Guerrero,2009,Marzo,3,Hombre,111
Guerrero,2009,Marzo,3,Mujer,5
Guerrero,2009,Abril,4,Hombre,140
Guerrero,2009,Abril,4,Mujer,12
Guerrero,2009,Mayo,5,Hombre,111
Guerrero,2009,Mayo,5,Mujer,11
Guerrero,2009,Junio,6,Hombre,163
Guerrero,2009,Junio,6,Mujer,16
Guerrero,2009,Julio,7,Hombre,126
Guerrero,2009,Julio,7,Mujer,15
Guerrero,2009,Agosto,8,Hombre,153
Guerrero,2009,Agosto,8,Mujer,12
Guerrero,2009,Septiembre,9,Hombre,144
Guerrero,2009,Septiembre,9,Mujer,17
Guerrero,2009,Octubre,10,Hombre,163
Guerrero,2009,Octubre,10,Mujer,18
Guerrero,2009,Noviembre,11,Hombre,134
Guerrero,2009,Noviembre,11,Mujer,13
Guerrero,2009,Diciembre,12,Hombre,172
Guerrero,2009,Diciembre,12,Mujer,6
Guerrero,2010,Enero,1,Hombre,88
Guerrero,2010,Enero,1,Mujer,6
Guerrero,2010,Febrero,2,Hombre,87
Guerrero,2010,Febrero,2,Mujer,12
Guerrero,2010,Marzo,3,Hombre,136
Guerrero,2010,Marzo,3,Mujer,17
Guerrero,2010,Abril,4,Hombre,79
Guerrero,2010,Abril,4,Mujer,8
Guerrero,2010,Mayo,5,Hombre,110
Guerrero,2010,Mayo,5,Mujer,6
Guerrero,2010,Junio,6,Hombre,117
Guerrero,2010,Junio,6,Mujer,5
Guerrero,2010,Julio,7,Hombre,70
Guerrero,2010,Julio,7,Mujer,6
Guerrero,2010,Agosto,8,Hombre,110
Guerrero,2010,Agosto,8,Mujer,14
Guerrero,2010,Septiembre,9,Hombre,109
Guerrero,2010,Septiembre,9,Mujer,11
Guerrero,2010,Octubre,10,Hombre,158
Guerrero,2010,Octubre,10,Mujer,13
Guerrero,2010,Noviembre,11,Hombre,140
Guerrero,2010,Noviembre,11,Mujer,10
Guerrero,2010,Diciembre,12,Hombre,153
Guerrero,2010,Diciembre,12,Mujer,10
Guerrero,2011,Enero,1,Hombre,142
Guerrero,2011,Enero,1,Mujer,15
Guerrero,2011,Febrero,2,Hombre,146
Guerrero,2011,Febrero,2,Mujer,13
Guerrero,2011,Marzo,3,Hombre,196
Guerrero,2011,Marzo,3,Mujer,16
Guerrero,2011,Abril,4,Hombre,132
Guerrero,2011,Abril,4,Mujer,7
Guerrero,2011,Mayo,5,Hombre,191
Guerrero,2011,Mayo,5,Mujer,18
Guerrero,2011,Junio,6,Hombre,179
Guerrero,2011,Junio,6,Mujer,17
Guerrero,2011,Julio,7,Hombre,205
Guerrero,2011,Julio,7,Mujer,19
Guerrero,2011,Agosto,8,Hombre,235
Guerrero,2011,Agosto,8,Mujer,21
Guerrero,2011,Septiembre,9,Hombre,187
Guerrero,2011,Septiembre,9,Mujer,15
Guerrero,2011,Octubre,10,Hombre,193
Guerrero,2011,Octubre,10,Mujer,18
Guerrero,2011,Noviembre,11,Hombre,153
Guerrero,2011,Noviembre,11,Mujer,10
Guerrero,2011,Diciembre,12,Hombre,112
Guerrero,2011,Diciembre,12,Mujer,14
Guerrero,2012,Enero,1,Hombre,163
Guerrero,2012,Enero,1,Mujer,11
Guerrero,2012,Febrero,2,Hombre,129
Guerrero,2012,Febrero,2,Mujer,11
Guerrero,2012,Marzo,3,Hombre,174
Guerrero,2012,Marzo,3,Mujer,15
Guerrero,2012,Abril,4,Hombre,182
Guerrero,2012,Abril,4,Mujer,23
Guerrero,2012,Mayo,5,Hombre,216
Guerrero,2012,Mayo,5,Mujer,20
Guerrero,2012,Junio,6,Hombre,189
Guerrero,2012,Junio,6,Mujer,22
Guerrero,2012,Julio,7,Hombre,221
Guerrero,2012,Julio,7,Mujer,22
Guerrero,2012,Agosto,8,Hombre,214
Guerrero,2012,Agosto,8,Mujer,30
Guerrero,2012,Septiembre,9,Hombre,210
Guerrero,2012,Septiembre,9,Mujer,13
Guerrero,2012,Octubre,10,Hombre,196
Guerrero,2012,Octubre,10,Mujer,27
Guerrero,2012,Noviembre,11,Hombre,194
Guerrero,2012,Noviembre,11,Mujer,16
Guerrero,2012,Diciembre,12,Hombre,169
Guerrero,2012,Diciembre,12,Mujer,14
Guerrero,2013,Enero,1,Hombre,151
Guerrero,2013,Enero,1,Mujer,11
Guerrero,2013,Febrero,2,Hombre,147
Guerrero,2013,Febrero,2,Mujer,22
Guerrero,2013,Marzo,3,Hombre,146
Guerrero,2013,Marzo,3,Mujer,13
Guerrero,2013,Abril,4,Hombre,153
Guerrero,2013,Abril,4,Mujer,29
Guerrero,2013,Mayo,5,Hombre,168
Guerrero,2013,Mayo,5,Mujer,24
Guerrero,2013,Junio,6,Hombre,139
Guerrero,2013,Junio,6,Mujer,18
Guerrero,2013,Julio,7,Hombre,142
Guerrero,2013,Julio,7,Mujer,23
Guerrero,2013,Agosto,8,Hombre,157
Guerrero,2013,Agosto,8,Mujer,16
Guerrero,2013,Septiembre,9,Hombre,162
Guerrero,2013,Septiembre,9,Mujer,16
Guerrero,2013,Octubre,10,Hombre,169
Guerrero,2013,Octubre,10,Mujer,12
Guerrero,2013,Noviembre,11,Hombre,176
Guerrero,2013,Noviembre,11,Mujer,18
Guerrero,2013,Diciembre,12,Hombre,186
Guerrero,2013,Diciembre,12,Mujer,18
Guerrero,2014,Enero,1,Hombre,113
Guerrero,2014,Enero,1,Mujer,13
Guerrero,2014,Febrero,2,Hombre,103
Guerrero,2014,Febrero,2,Mujer,7
Guerrero,2014,Marzo,3,Hombre,139
Guerrero,2014,Marzo,3,Mujer,12
Guerrero,2014,Abril,4,Hombre,88
Guerrero,2014,Abril,4,Mujer,12
Guerrero,2014,Mayo,5,Hombre,115
Guerrero,2014,Mayo,5,Mujer,16
Guerrero,2014,Junio,6,Hombre,96
Guerrero,2014,Junio,6,Mujer,15
Guerrero,2014,Julio,7,Hombre,108
Guerrero,2014,Julio,7,Mujer,19
Guerrero,2014,Agosto,8,Hombre,135
Guerrero,2014,Agosto,8,Mujer,18
Guerrero,2014,Septiembre,9,Hombre,134
Guerrero,2014,Septiembre,9,Mujer,14
Guerrero,2014,Octubre,10,Hombre,120
Guerrero,2014,Octubre,10,Mujer,22
Guerrero,2014,Noviembre,11,Hombre,117
Guerrero,2014,Noviembre,11,Mujer,15
Guerrero,2014,Diciembre,12,Hombre,131
Guerrero,2014,Diciembre,12,Mujer,16
Guerrero,2015,Enero,1,Hombre,116
Guerrero,2015,Enero,1,Mujer,9
Guerrero,2015,Febrero,2,Hombre,126
Guerrero,2015,Febrero,2,Mujer,16
Guerrero,2015,Marzo,3,Hombre,156
Guerrero,2015,Marzo,3,Mujer,19
Guerrero,2015,Abril,4,Hombre,178
Guerrero,2015,Abril,4,Mujer,23
Guerrero,2015,Mayo,5,Hombre,175
Guerrero,2015,Mayo,5,Mujer,8
Guerrero,2015,Junio,6,Hombre,190
Guerrero,2015,Junio,6,Mujer,12
Guerrero,2015,Julio,7,Hombre,181
Guerrero,2015,Julio,7,Mujer,32
Guerrero,2015,Agosto,8,Hombre,183
Guerrero,2015,Agosto,8,Mujer,18
Guerrero,2015,Septiembre,9,Hombre,150
Guerrero,2015,Septiembre,9,Mujer,18
Guerrero,2015,Octubre,10,Hombre,196
Guerrero,2015,Octubre,10,Mujer,13
Guerrero,2015,Noviembre,11,Hombre,193
Guerrero,2015,Noviembre,11,Mujer,17
Guerrero,2015,Diciembre,12,Hombre,242
Guerrero,2015,Diciembre,12,Mujer,28
Guerrero,2016,Enero,1,Hombre,161
Guerrero,2016,Enero,1,Mujer,8
Guerrero,2016,Febrero,2,Hombre,156
Guerrero,2016,Febrero,2,Mujer,18
Guerrero,2016,Marzo,3,Hombre,172
Guerrero,2016,Marzo,3,Mujer,27
Guerrero,2016,Abril,4,Hombre,170
Guerrero,2016,Abril,4,Mujer,19
Guerrero,2016,Mayo,5,Hombre,165
Guerrero,2016,Mayo,5,Mujer,18
Guerrero,2016,Junio,6,Hombre,228
Guerrero,2016,Junio,6,Mujer,32
Guerrero,2016,Julio,7,Hombre,213
Guerrero,2016,Julio,7,Mujer,22
Guerrero,2016,Agosto,8,Hombre,206
Guerrero,2016,Agosto,8,Mujer,22
Guerrero,2016,Septiembre,9,Hombre,179
Guerrero,2016,Septiembre,9,Mujer,16
Guerrero,2016,Octubre,10,Hombre,163
Guerrero,2016,Octubre,10,Mujer,21
Guerrero,2016,Noviembre,11,Hombre,193
Guerrero,2016,Noviembre,11,Mujer,15
Guerrero,2016,Diciembre,12,Hombre,171
Guerrero,2016,Diciembre,12,Mujer,17
Guerrero,2017,Enero,1,Hombre,190
Guerrero,2017,Enero,1,Mujer,23
Guerrero,2017,Febrero,2,Hombre,155
Guerrero,2017,Febrero,2,Mujer,8
Guerrero,2017,Marzo,3,Hombre,176
Guerrero,2017,Marzo,3,Mujer,16
Guerrero,2017,Abril,4,Hombre,190
Guerrero,2017,Abril,4,Mujer,16
Guerrero,2017,Mayo,5,Hombre,187
Guerrero,2017,Mayo,5,Mujer,20
Guerrero,2017,Junio,6,Hombre,205
Guerrero,2017,Junio,6,Mujer,20
Guerrero,2017,Julio,7,Hombre,206
Guerrero,2017,Julio,7,Mujer,15
Guerrero,2017,Agosto,8,Hombre,188
Guerrero,2017,Agosto,8,Mujer,19
Guerrero,2017,Septiembre,9,Hombre,173
Guerrero,2017,Septiembre,9,Mujer,14
Guerrero,2017,Octubre,10,Hombre,181
Guerrero,2017,Octubre,10,Mujer,11
Guerrero,2017,Noviembre,11,Hombre,185
Guerrero,2017,Noviembre,11,Mujer,18
Guerrero,2017,Diciembre,12,Hombre,184
Guerrero,2017,Diciembre,12,Mujer,18
Guerrero,2018,Enero,1,Hombre,181
Guerrero,2018,Enero,1,Mujer,27
Guerrero,2018,Febrero,2,Hombre,153
Guerrero,2018,Febrero,2,Mujer,23
Guerrero,2018,Marzo,3,Hombre,180
Guerrero,2018,Marzo,3,Mujer,13
Guerrero,2018,Abril,4,Hombre,183
Guerrero,2018,Abril,4,Mujer,26
Guerrero,2018,Mayo,5,Hombre,198
Guerrero,2018,Mayo,5,Mujer,21
Guerrero,2018,Junio,6,Hombre,153
Guerrero,2018,Junio,6,Mujer,15
Guerrero,2018,Julio,7,Hombre,155
Guerrero,2018,Julio,7,Mujer,16
Guerrero,2018,Agosto,8,Hombre,137
Guerrero,2018,Agosto,8,Mujer,22
Guerrero,2018,Septiembre,9,Hombre,168
Guerrero,2018,Septiembre,9,Mujer,14
Guerrero,2018,Octubre,10,Hombre,152
Guerrero,2018,Octubre,10,Mujer,21
Guerrero,2018,Noviembre,11,Hombre,164
Guerrero,2018,Noviembre,11,Mujer,12
Guerrero,2018,Diciembre,12,Hombre,151
Guerrero,2018,Diciembre,12,Mujer,14
Guerrero,2019,Enero,1,Hombre,140
Guerrero,2019,Enero,1,Mujer,16
Guerrero,2019,Febrero,2,Hombre,130
Guerrero,2019,Febrero,2,Mujer,15
Guerrero,2019,Marzo,3,Hombre,124
Guerrero,2019,Marzo,3,Mujer,13
Guerrero,2019,Abril,4,Hombre,107
Guerrero,2019,Abril,4,Mujer,8
Guerrero,2019,Mayo,5,Hombre,156
Guerrero,2019,Mayo,5,Mujer,18
Guerrero,2019,Junio,6,Hombre,159
Guerrero,2019,Junio,6,Mujer,21
Guerrero,2019,Julio,7,Hombre,148
Guerrero,2019,Julio,7,Mujer,17
Guerrero,2019,Agosto,8,Hombre,134
Guerrero,2019,Agosto,8,Mujer,19
Guerrero,2019,Septiembre,9,Hombre,110
Guerrero,2019,Septiembre,9,Mujer,9
Guerrero,2019,Octubre,10,Hombre,157
Guerrero,2019,Octubre,10,Mujer,10
Guerrero,2019,Noviembre,11,Hombre,145
Guerrero,2019,Noviembre,11,Mujer,9
Guerrero,2019,Diciembre,12,Hombre,142
Guerrero,2019,Diciembre,12,Mujer,25
Guerrero,2020,Enero,1,Hombre,100
Guerrero,2020,Enero,1,Mujer,9
Guerrero,2020,Febrero,2,Hombre,91
Guerrero,2020,Febrero,2,Mujer,14
Guerrero,2020,Marzo,3,Hombre,125
Guerrero,2020,Marzo,3,Mujer,15
Guerrero,2020,Abril,4,Hombre,124
Guerrero,2020,Abril,4,Mujer,12
Guerrero,2020,Mayo,5,Hombre,122
Guerrero,2020,Mayo,5,Mujer,9
Guerrero,2020,Junio,6,Hombre,102
Guerrero,2020,Junio,6,Mujer,14
Guerrero,2020,Julio,7,Hombre,104
Guerrero,2020,Julio,7,Mujer,11
Guerrero,2020,Agosto,8,Hombre,109
Guerrero,2020,Agosto,8,Mujer,9
Guerrero,2020,Septiembre,9,Hombre,98
Guerrero,2020,Septiembre,9,Mujer,18
Guerrero,2020,Octubre,10,Hombre,143
Guerrero,2020,Octubre,10,Mujer,13
Guerrero,2020,Noviembre,11,Hombre,115
Guerrero,2020,Noviembre,11,Mujer,12
Guerrero,2020,Diciembre,12,Hombre,110
Guerrero,2020,Diciembre,12,Mujer,17
Guerrero,2021,Enero,1,Hombre,89
Guerrero,2021,Enero,1,Mujer,8
Guerrero,2021,Febrero,2,Hombre,87
Guerrero,2021,Febrero,2,Mujer,12
Guerrero,2021,Marzo,3,Hombre,107
Guerrero,2021,Marzo,3,Mujer,12
Guerrero,2021,Abril,4,Hombre,93
Guerrero,2021,Abril,4,Mujer,13
Guerrero,2021,Mayo,5,Hombre,115
Guerrero,2021,Mayo,5,Mujer,21
Guerrero,2021,Junio,6,Hombre,118
Guerrero,2021,Junio,6,Mujer,12
Guerrero,2021,Julio,7,Hombre,98
Guerrero,2021,Julio,7,Mujer,10
Guerrero,2021,Agosto,8,Hombre,96
Guerrero,2021,Agosto,8,Mujer,9
Guerrero,2021,Septiembre,9,Hombre,111
Guerrero,2021,Septiembre,9,Mujer,9
Guerrero,2021,Octubre,10,Hombre,102
Guerrero,2021,Octubre,10,Mujer,16
Guerrero,2021,Noviembre,11,Hombre,119
Guerrero,2021,Noviembre,11,Mujer,17
Guerrero,2021,Diciembre,12,Hombre,94
Guerrero,2021,Diciembre,12,Mujer,8
Guerrero,2022,Enero,1,Hombre,58
Guerrero,2022,Enero,1,Mujer,11
Guerrero,2022,Febrero,2,Hombre,79
Guerrero,2022,Febrero,2,Mujer,9
Guerrero,2022,Marzo,3,Hombre,90
Guerrero,2022,Marzo,3,Mujer,8
Guerrero,2022,Abril,4,Hombre,103
Guerrero,2022,Abril,4,Mujer,9
Guerrero,2022,Mayo,5,Hombre,91
Guerrero,2022,Mayo,5,Mujer,14
Guerrero,2022,Junio,6,Hombre,117
Guerrero,2022,Junio,6,Mujer,13
Guerrero,2022,Julio,7,Hombre,119
Guerrero,2022,Julio,7,Mujer,11
Guerrero,2022,Agosto,8,Hombre,87
Guerrero,2022,Agosto,8,Mujer,9
Guerrero,2022,Septiembre,9,Hombre,107
Guerrero,2022,Septiembre,9,Mujer,11
Guerrero,2022,Octubre,10,Hombre,106
Guerrero,2022,Octubre,10,Mujer,16
Guerrero,2022,Noviembre,11,Hombre,101
Guerrero,2022,Noviembre,11,Mujer,12
Guerrero,2022,Diciembre,12,Hombre,97
Guerrero,2022,Diciembre,12,Mujer,8
Guerrero,2023,Enero,1,Hombre,130
Guerrero,2023,Enero,1,Mujer,11
Guerrero,2023,Febrero,2,Hombre,100
Guerrero,2023,Febrero,2,Mujer,12
Guerrero,2023,Marzo,3,Hombre,133
Guerrero,2023,Marzo,3,Mujer,7
Guerrero,2023,Abril,4,Hombre,104
Guerrero,2023,Abril,4,Mujer,14
Guerrero,2023,Mayo,5,Hombre,131
Guerrero,2023,Mayo,5,Mujer,6
Guerrero,2023,Junio,6,Hombre,107
Guerrero,2023,Junio,6,Mujer,8
Guerrero,2023,Julio,7,Hombre,128
Guerrero,2023,Julio,7,Mujer,10
Guerrero,2023,Agosto,8,Hombre,153
Guerrero,2023,Agosto,8,Mujer,10
Guerrero,2023,Septiembre,9,Hombre,129
Guerrero,2023,Septiembre,9,Mujer,18
Guerrero,2023,Octubre,10,Hombre,122
Guerrero,2023,Octubre,10,Mujer,16
Guerrero,2023,Noviembre,11,Hombre,130
Guerrero,2023,Noviembre,11,Mujer,15
Guerrero,2023,Diciembre,12,Hombre,113
Guerrero,2023,Diciembre,12,Mujer,24
Guerrero,2024,Enero,1,Hombre,126
Guerrero,2024,Enero,1,Mujer,18
Guerrero,2024,Febrero,2,Hombre,121
Guerrero,2024,Febrero,2,Mujer,13
Guerrero,2024,Marzo,3,Hombre,75
Guerrero,2024,Marzo,3,Mujer,20
Guerrero,2024,Abril,4,Hombre,106
Guerrero,2024,Abril,4,Mujer,11
Guerrero,2024,Mayo,5,Hombre,103
Guerrero,2024,Mayo,5,Mujer,17
Guerrero,2024,Junio,6,Hombre,120
Guerrero,2024,Junio,6,Mujer,15
Guerrero,2024,Julio,7,Hombre,117
Guerrero,2024,Julio,7,Mujer,18
Guerrero,2024,Agosto,8,Hombre,156
Guerrero,2024,Agosto,8,Mujer,17
Guerrero,2024,Septiembre,9,Hombre,90
Guerrero,2024,Septiembre,9,Mujer,20
Guerrero,2024,Octubre,10,Hombre,143
Guerrero,2024,Octubre,10,Mujer,21
Guerrero,2024,Noviembre,11,Hombre,111
Guerrero,2024,Noviembre,11,Mujer,14
Guerrero,2024,Diciembre,12,Hombre,65
Guerrero,2024,Diciembre,12,Mujer,9
Hidalgo,1990,Enero,1,Hombre,15
Hidalgo,1990,Enero,1,Mujer,5
Hidalgo,1990,Febrero,2,Hombre,7
Hidalgo,1990,Febrero,2,Mujer,2
Hidalgo,1990,Marzo,3,Hombre,16
Hidalgo,1990,Marzo,3,Mujer,6
Hidalgo,1990,Abril,4,Hombre,16
Hidalgo,1990,Abril,4,Mujer,4
Hidalgo,1990,Mayo,5,Hombre,9
Hidalgo,1990,Mayo,5,Mujer,1
Hidalgo,1990,Junio,6,Hombre,11
Hidalgo,1990,Julio,7,Hombre,14
Hidalgo,1990,Julio,7,Mujer,2
Hidalgo,1990,Agosto,8,Hombre,16
Hidalgo,1990,Agosto,8,Mujer,4
Hidalgo,1990,Septiembre,9,Hombre,18
Hidalgo,1990,Septiembre,9,Mujer,2
Hidalgo,1990,Octubre,10,Hombre,20
Hidalgo,1990,Octubre,10,Mujer,1
Hidalgo,1990,Noviembre,11,Hombre,8
Hidalgo,1990,Noviembre,11,Mujer,2
Hidalgo,1990,Diciembre,12,Hombre,18
Hidalgo,1990,Diciembre,12,Mujer,5
Hidalgo,1991,Enero,1,Hombre,6
Hidalgo,1991,Enero,1,Mujer,2
Hidalgo,1991,Febrero,2,Hombre,11
Hidalgo,1991,Febrero,2,Mujer,2
Hidalgo,1991,Marzo,3,Hombre,14
Hidalgo,1991,Marzo,3,Mujer,2
Hidalgo,1991,Abril,4,Hombre,17
Hidalgo,1991,Abril,4,Mujer,1
Hidalgo,1991,Mayo,5,Hombre,9
Hidalgo,1991,Mayo,5,Mujer,3
Hidalgo,1991,Junio,6,Hombre,6
Hidalgo,1991,Julio,7,Hombre,6
Hidalgo,1991,Agosto,8,Hombre,11
Hidalgo,1991,Agosto,8,Mujer,1
Hidalgo,1991,Septiembre,9,Hombre,19
Hidalgo,1991,Octubre,10,Hombre,12
Hidalgo,1991,Octubre,10,Mujer,2
Hidalgo,1991,Noviembre,11,Hombre,13
Hidalgo,1991,Noviembre,11,Mujer,1
Hidalgo,1991,Diciembre,12,Hombre,11
Hidalgo,1991,Diciembre,12,Mujer,1
Hidalgo,1992,Enero,1,Hombre,6
Hidalgo,1992,Febrero,2,Hombre,8
Hidalgo,1992,Febrero,2,Mujer,1
Hidalgo,1992,Marzo,3,Hombre,14
Hidalgo,1992,Marzo,3,Mujer,1
Hidalgo,1992,Abril,4,Hombre,8
Hidalgo,1992,Mayo,5,Hombre,7
Hidalgo,1992,Mayo,5,Mujer,1
Hidalgo,1992,Junio,6,Hombre,15
Hidalgo,1992,Junio,6,Mujer,4
Hidalgo,1992,Julio,7,Hombre,8
Hidalgo,1992,Julio,7,Mujer,2
Hidalgo,1992,Agosto,8,Hombre,6
Hidalgo,1992,Agosto,8,Mujer,1
Hidalgo,1992,Septiembre,9,Hombre,9
Hidalgo,1992,Septiembre,9,Mujer,1
Hidalgo,1992,Octubre,10,Hombre,9
Hidalgo,1992,Octubre,10,Mujer,2
Hidalgo,1992,Noviembre,11,Hombre,8
Hidalgo,1992,Noviembre,11,Mujer,3
Hidalgo,1992,Diciembre,12,Hombre,14
Hidalgo,1992,Diciembre,12,Mujer,1
Hidalgo,1993,Enero,1,Hombre,5
Hidalgo,1993,Enero,1,Mujer,2
Hidalgo,1993,Febrero,2,Hombre,1
Hidalgo,1993,Marzo,3,Hombre,13
Hidalgo,1993,Abril,4,Hombre,13
Hidalgo,1993,Mayo,5,Hombre,18
Hidalgo,1993,Mayo,5,Mujer,1
Hidalgo,1993,Junio,6,Hombre,18
Hidalgo,1993,Junio,6,Mujer,2
Hidalgo,1993,Julio,7,Hombre,9
Hidalgo,1993,Agosto,8,Hombre,12
Hidalgo,1993,Agosto,8,Mujer,1
Hidalgo,1993,Septiembre,9,Hombre,8
Hidalgo,1993,Octubre,10,Hombre,7
Hidalgo,1993,Octubre,10,Mujer,2
Hidalgo,1993,Noviembre,11,Hombre,5
Hidalgo,1993,Noviembre,11,Mujer,1
Hidalgo,1993,Diciembre,12,Hombre,13
Hidalgo,1994,Enero,1,Hombre,6
Hidalgo,1994,Febrero,2,Hombre,14
Hidalgo,1994,Febrero,2,Mujer,1
Hidalgo,1994,Marzo,3,Hombre,15
Hidalgo,1994,Marzo,3,Mujer,1
Hidalgo,1994,Abril,4,Hombre,14
Hidalgo,1994,Mayo,5,Hombre,9
Hidalgo,1994,Mayo,5,Mujer,1
Hidalgo,1994,Junio,6,Hombre,5
Hidalgo,1994,Junio,6,Mujer,4
Hidalgo,1994,Julio,7,Hombre,14
Hidalgo,1994,Agosto,8,Hombre,13
Hidalgo,1994,Agosto,8,Mujer,3
Hidalgo,1994,Septiembre,9,Hombre,12
Hidalgo,1994,Septiembre,9,Mujer,1
Hidalgo,1994,Octubre,10,Hombre,20
Hidalgo,1994,Octubre,10,Mujer,1
Hidalgo,1994,Noviembre,11,Hombre,16
Hidalgo,1994,Noviembre,11,Mujer,2
Hidalgo,1994,Diciembre,12,Hombre,12
Hidalgo,1994,Diciembre,12,Mujer,1
Hidalgo,1995,Enero,1,Hombre,9
Hidalgo,1995,Enero,1,Mujer,2
Hidalgo,1995,Febrero,2,Hombre,8
Hidalgo,1995,Febrero,2,Mujer,4
Hidalgo,1995,Marzo,3,Hombre,7
Hidalgo,1995,Marzo,3,Mujer,1
Hidalgo,1995,Abril,4,Hombre,14
Hidalgo,1995,Mayo,5,Hombre,11
Hidalgo,1995,Mayo,5,Mujer,5
Hidalgo,1995,Junio,6,Hombre,13
Hidalgo,1995,Julio,7,Hombre,20
Hidalgo,1995,Julio,7,Mujer,7
Hidalgo,1995,Agosto,8,Hombre,15
Hidalgo,1995,Septiembre,9,Hombre,7
Hidalgo,1995,Septiembre,9,Mujer,1
Hidalgo,1995,Octubre,10,Hombre,15
Hidalgo,1995,Noviembre,11,Hombre,7
Hidalgo,1995,Noviembre,11,Mujer,1
Hidalgo,1995,Diciembre,12,Hombre,14
Hidalgo,1995,Diciembre,12,Mujer,2
Hidalgo,1996,Enero,1,Hombre,13
Hidalgo,1996,Enero,1,Mujer,2
Hidalgo,1996,Febrero,2,Hombre,8
Hidalgo,1996,Marzo,3,Hombre,11
Hidalgo,1996,Abril,4,Hombre,8
Hidalgo,1996,Abril,4,Mujer,1
Hidalgo,1996,Mayo,5,Hombre,12
Hidalgo,1996,Mayo,5,Mujer,2
Hidalgo,1996,Junio,6,Hombre,3
Hidalgo,1996,Junio,6,Mujer,1
Hidalgo,1996,Julio,7,Hombre,11
Hidalgo,1996,Julio,7,Mujer,1
Hidalgo,1996,Agosto,8,Hombre,9
Hidalgo,1996,Septiembre,9,Hombre,6
Hidalgo,1996,Septiembre,9,Mujer,1
Hidalgo,1996,Octubre,10,Hombre,13
Hidalgo,1996,Octubre,10,Mujer,1
Hidalgo,1996,Noviembre,11,Hombre,7
Hidalgo,1996,Noviembre,11,Mujer,1
Hidalgo,1996,Diciembre,12,Hombre,13
Hidalgo,1997,Enero,1,Hombre,12
Hidalgo,1997,Enero,1,Mujer,3
Hidalgo,1997,Febrero,2,Hombre,12
Hidalgo,1997,Febrero,2,Mujer,1
Hidalgo,1997,Marzo,3,Hombre,16
Hidalgo,1997,Marzo,3,Mujer,5
Hidalgo,1997,Abril,4,Hombre,8
Hidalgo,1997,Abril,4,Mujer,1
Hidalgo,1997,Mayo,5,Hombre,7
Hidalgo,1997,Junio,6,Hombre,5
Hidalgo,1997,Junio,6,Mujer,2
Hidalgo,1997,Julio,7,Hombre,9
Hidalgo,1997,Julio,7,Mujer,1
Hidalgo,1997,Agosto,8,Hombre,8
Hidalgo,1997,Agosto,8,Mujer,1
Hidalgo,1997,Septiembre,9,Hombre,8
Hidalgo,1997,Octubre,10,Hombre,15
Hidalgo,1997,Octubre,10,Mujer,1
Hidalgo,1997,Noviembre,11,Hombre,6
Hidalgo,1997,Noviembre,11,Mujer,4
Hidalgo,1997,Diciembre,12,Hombre,15
Hidalgo,1997,Diciembre,12,Mujer,1
Hidalgo,1998,Enero,1,Hombre,13
Hidalgo,1998,Enero,1,Mujer,2
Hidalgo,1998,Febrero,2,Hombre,12
Hidalgo,1998,Febrero,2,Mujer,1
Hidalgo,1998,Marzo,3,Hombre,14
Hidalgo,1998,Marzo,3,Mujer,4
Hidalgo,1998,Abril,4,Hombre,10
Hidalgo,1998,Abril,4,Mujer,2
Hidalgo,1998,Mayo,5,Hombre,12
Hidalgo,1998,Mayo,5,Mujer,4
Hidalgo,1998,Junio,6,Hombre,17
Hidalgo,1998,Junio,6,Mujer,1
Hidalgo,1998,Julio,7,Hombre,12
Hidalgo,1998,Julio,7,Mujer,3
Hidalgo,1998,Agosto,8,Hombre,7
Hidalgo,1998,Agosto,8,Mujer,1
Hidalgo,1998,Septiembre,9,Hombre,11
Hidalgo,1998,Septiembre,9,Mujer,4
Hidalgo,1998,Octubre,10,Hombre,9
Hidalgo,1998,Octubre,10,Mujer,1
Hidalgo,1998,Noviembre,11,Hombre,8
Hidalgo,1998,Noviembre,11,Mujer,1
Hidalgo,1998,Diciembre,12,Hombre,15
Hidalgo,1998,Diciembre,12,Mujer,1
Hidalgo,1999,Enero,1,Hombre,13
Hidalgo,1999,Enero,1,Mujer,4
Hidalgo,1999,Febrero,2,Hombre,6
Hidalgo,1999,Febrero,2,Mujer,1
Hidalgo,1999,Marzo,3,Hombre,11
Hidalgo,1999,Marzo,3,Mujer,2
Hidalgo,1999,Abril,4,Hombre,10
Hidalgo,1999,Abril,4,Mujer,1
Hidalgo,1999,Mayo,5,Hombre,5
Hidalgo,1999,Mayo,5,Mujer,1
Hidalgo,1999,Junio,6,Hombre,8
Hidalgo,1999,Junio,6,Mujer,1
Hidalgo,1999,Julio,7,Hombre,9
Hidalgo,1999,Julio,7,Mujer,2
Hidalgo,1999,Agosto,8,Hombre,5
Hidalgo,1999,Agosto,8,Mujer,1
Hidalgo,1999,Septiembre,9,Hombre,8
Hidalgo,1999,Septiembre,9,Mujer,1
Hidalgo,1999,Octubre,10,Hombre,12
Hidalgo,1999,Octubre,10,Mujer,1
Hidalgo,1999,Noviembre,11,Hombre,5
Hidalgo,1999,Noviembre,11,Mujer,3
Hidalgo,1999,Diciembre,12,Hombre,7
Hidalgo,1999,Diciembre,12,Mujer,4
Hidalgo,2000,Enero,1,Hombre,7
Hidalgo,2000,Enero,1,Mujer,1
Hidalgo,2000,Febrero,2,Hombre,8
Hidalgo,2000,Febrero,2,Mujer,2
Hidalgo,2000,Marzo,3,Hombre,10
Hidalgo,2000,Marzo,3,Mujer,4
Hidalgo,2000,Mayo,5,Hombre,11
Hidalgo,2000,Mayo,5,Mujer,5
Hidalgo,2000,Junio,6,Hombre,7
Hidalgo,2000,Junio,6,Mujer,1
Hidalgo,2000,Julio,7,Hombre,6
Hidalgo,2000,Julio,7,Mujer,1
Hidalgo,2000,Agosto,8,Hombre,6
Hidalgo,2000,Agosto,8,Mujer,2
Hidalgo,2000,Septiembre,9,Hombre,4
Hidalgo,2000,Octubre,10,Hombre,6
Hidalgo,2000,Octubre,10,Mujer,1
Hidalgo,2000,Noviembre,11,Hombre,4
Hidalgo,2000,Noviembre,11,Mujer,2
Hidalgo,2000,Diciembre,12,Hombre,6
Hidalgo,2000,Diciembre,12,Mujer,1
Hidalgo,2001,Enero,1,Hombre,13
Hidalgo,2001,Enero,1,Mujer,2
Hidalgo,2001,Febrero,2,Hombre,17
Hidalgo,2001,Febrero,2,Mujer,3
Hidalgo,2001,Marzo,3,Hombre,5
Hidalgo,2001,Marzo,3,Mujer,4
Hidalgo,2001,Abril,4,Hombre,10
Hidalgo,2001,Abril,4,Mujer,3
Hidalgo,2001,Mayo,5,Hombre,9
Hidalgo,2001,Junio,6,Hombre,9
Hidalgo,2001,Junio,6,Mujer,2
Hidalgo,2001,Julio,7,Hombre,8
Hidalgo,2001,Julio,7,Mujer,3
Hidalgo,2001,Agosto,8,Hombre,3
Hidalgo,2001,Agosto,8,Mujer,2
Hidalgo,2001,Septiembre,9,Hombre,9
Hidalgo,2001,Septiembre,9,Mujer,3
Hidalgo,2001,Octubre,10,Hombre,7
Hidalgo,2001,Noviembre,11,Hombre,7
Hidalgo,2001,Diciembre,12,Hombre,9
Hidalgo,2002,Enero,1,Hombre,3
Hidalgo,2002,Febrero,2,Hombre,1
Hidalgo,2002,Febrero,2,Mujer,1
Hidalgo,2002,Marzo,3,Hombre,4
Hidalgo,2002,Marzo,3,Mujer,1
Hidalgo,2002,Abril,4,Hombre,4
Hidalgo,2002,Mayo,5,Hombre,4
Hidalgo,2002,Junio,6,Hombre,5
Hidalgo,2002,Julio,7,Hombre,5
Hidalgo,2002,Agosto,8,Hombre,8
Hidalgo,2002,Agosto,8,Mujer,2
Hidalgo,2002,Septiembre,9,Hombre,2
Hidalgo,2002,Septiembre,9,Mujer,2
Hidalgo,2002,Octubre,10,Hombre,8
Hidalgo,2002,Octubre,10,Mujer,1
Hidalgo,2002,Noviembre,11,Hombre,3
Hidalgo,2002,Diciembre,12,Hombre,4
Hidalgo,2002,Diciembre,12,Mujer,1
Hidalgo,2003,Enero,1,Hombre,5
Hidalgo,2003,Enero,1,Mujer,1
Hidalgo,2003,Febrero,2,Hombre,8
Hidalgo,2003,Febrero,2,Mujer,1
Hidalgo,2003,Marzo,3,Hombre,1
Hidalgo,2003,Marzo,3,Mujer,1
Hidalgo,2003,Abril,4,Hombre,9
Hidalgo,2003,Abril,4,Mujer,1
Hidalgo,2003,Mayo,5,Hombre,3
Hidalgo,2003,Junio,6,Hombre,6
Hidalgo,2003,Julio,7,Hombre,6
Hidalgo,2003,Agosto,8,Hombre,3
Hidalgo,2003,Agosto,8,Mujer,1
Hidalgo,2003,Septiembre,9,Hombre,4
Hidalgo,2003,Octubre,10,Hombre,6
Hidalgo,2003,Octubre,10,Mujer,3
Hidalgo,2003,Noviembre,11,Hombre,4
Hidalgo,2003,Diciembre,12,Hombre,9
Hidalgo,2004,Enero,1,Hombre,11
Hidalgo,2004,Enero,1,Mujer,1
Hidalgo,2004,Febrero,2,Hombre,9
Hidalgo,2004,Febrero,2,Mujer,1
Hidalgo,2004,Marzo,3,Hombre,9
Hidalgo,2004,Abril,4,Hombre,4
Hidalgo,2004,Mayo,5,Hombre,9
Hidalgo,2004,Junio,6,Hombre,4
Hidalgo,2004,Junio,6,Mujer,2
Hidalgo,2004,Julio,7,Hombre,5
Hidalgo,2004,Agosto,8,Hombre,5
Hidalgo,2004,Septiembre,9,Hombre,8
Hidalgo,2004,Septiembre,9,Mujer,1
Hidalgo,2004,Octubre,10,Hombre,6
Hidalgo,2004,Octubre,10,Mujer,1
Hidalgo,2004,Noviembre,11,Hombre,6
Hidalgo,2004,Noviembre,11,Mujer,1
Hidalgo,2004,Diciembre,12,Hombre,3
Hidalgo,2004,Diciembre,12,Mujer,1
Hidalgo,2005,Enero,1,Hombre,5
Hidalgo,2005,Enero,1,Mujer,2
Hidalgo,2005,Febrero,2,Hombre,8
Hidalgo,2005,Marzo,3,Hombre,5
Hidalgo,2005,Abril,4,Hombre,7
Hidalgo,2005,Mayo,5,Hombre,7
Hidalgo,2005,Junio,6,Hombre,3
Hidalgo,2005,Julio,7,Hombre,4
Hidalgo,2005,Julio,7,Mujer,1
Hidalgo,2005,Agosto,8,Hombre,4
Hidalgo,2005,Septiembre,9,Hombre,8
Hidalgo,2005,Septiembre,9,Mujer,2
Hidalgo,2005,Octubre,10,Hombre,6
Hidalgo,2005,Noviembre,11,Hombre,3
Hidalgo,2005,Noviembre,11,Mujer,2
Hidalgo,2005,Diciembre,12,Hombre,5
Hidalgo,2005,Diciembre,12,Mujer,1
Hidalgo,2006,Enero,1,Hombre,3
Hidalgo,2006,Febrero,2,Hombre,4
Hidalgo,2006,Marzo,3,Hombre,4
Hidalgo,2006,Marzo,3,Mujer,2
Hidalgo,2006,Abril,4,Hombre,4
Hidalgo,2006,Abril,4,Mujer,2
Hidalgo,2006,Mayo,5,Hombre,4
Hidalgo,2006,Junio,6,Hombre,2
Hidalgo,2006,Junio,6,Mujer,1
Hidalgo,2006,Julio,7,Hombre,4
Hidalgo,2006,Agosto,8,Hombre,3
Hidalgo,2006,Agosto,8,Mujer,2
Hidalgo,2006,Septiembre,9,Hombre,2
Hidalgo,2006,Septiembre,9,Mujer,1
Hidalgo,2006,Octubre,10,Hombre,3
Hidalgo,2006,Noviembre,11,Mujer,1
Hidalgo,2006,Diciembre,12,Hombre,3
Hidalgo,2006,Diciembre,12,Mujer,2
Hidalgo,2007,Enero,1,Hombre,8
Hidalgo,2007,Enero,1,Mujer,2
Hidalgo,2007,Febrero,2,Hombre,3
Hidalgo,2007,Marzo,3,Hombre,3
Hidalgo,2007,Abril,4,Hombre,4
Hidalgo,2007,Abril,4,Mujer,1
Hidalgo,2007,Mayo,5,Hombre,10
Hidalgo,2007,Mayo,5,Mujer,2
Hidalgo,2007,Junio,6,Hombre,7
Hidalgo,2007,Junio,6,Mujer,1
Hidalgo,2007,Julio,7,Hombre,4
Hidalgo,2007,Agosto,8,Hombre,1
Hidalgo,2007,Agosto,8,Mujer,2
Hidalgo,2007,Septiembre,9,Hombre,6
Hidalgo,2007,Septiembre,9,Mujer,2
Hidalgo,2007,Octubre,10,Hombre,4
Hidalgo,2007,Noviembre,11,Hombre,6
Hidalgo,2007,Diciembre,12,Hombre,5
Hidalgo,2007,Diciembre,12,Mujer,2
Hidalgo,2008,Enero,1,Hombre,6
Hidalgo,2008,Enero,1,Mujer,1
Hidalgo,2008,Febrero,2,Hombre,4
Hidalgo,2008,Marzo,3,Hombre,4
Hidalgo,2008,Marzo,3,Mujer,2
Hidalgo,2008,Abril,4,Hombre,3
Hidalgo,2008,Mayo,5,Hombre,8
Hidalgo,2008,Mayo,5,Mujer,2
Hidalgo,2008,Junio,6,Hombre,2
Hidalgo,2008,Junio,6,Mujer,1
Hidalgo,2008,Julio,7,Hombre,1
Hidalgo,2008,Julio,7,Mujer,1
Hidalgo,2008,Agosto,8,Hombre,8
Hidalgo,2008,Agosto,8,Mujer,1
Hidalgo,2008,Septiembre,9,Hombre,6
Hidalgo,2008,Septiembre,9,Mujer,3
Hidalgo,2008,Octubre,10,Hombre,5
Hidalgo,2008,Octubre,10,Mujer,1
Hidalgo,2008,Noviembre,11,Hombre,6
Hidalgo,2008,Noviembre,11,Mujer,1
Hidalgo,2008,Diciembre,12,Hombre,6
Hidalgo,2009,Enero,1,Hombre,13
Hidalgo,2009,Enero,1,Mujer,1
Hidalgo,2009,Febrero,2,Hombre,8
Hidalgo,2009,Febrero,2,Mujer,4
Hidalgo,2009,Marzo,3,Hombre,4
Hidalgo,2009,Marzo,3,Mujer,2
Hidalgo,2009,Abril,4,Hombre,15
Hidalgo,2009,Abril,4,Mujer,2
Hidalgo,2009,Mayo,5,Hombre,12
Hidalgo,2009,Junio,6,Hombre,10
Hidalgo,2009,Junio,6,Mujer,2
Hidalgo,2009,Julio,7,Hombre,7
Hidalgo,2009,Agosto,8,Hombre,18
Hidalgo,2009,Agosto,8,Mujer,1
Hidalgo,2009,Septiembre,9,Hombre,10
Hidalgo,2009,Septiembre,9,Mujer,1
Hidalgo,2009,Octubre,10,Hombre,10
Hidalgo,2009,Octubre,10,Mujer,1
Hidalgo,2009,Noviembre,11,Hombre,7
Hidalgo,2009,Diciembre,12,Hombre,9
Hidalgo,2009,Diciembre,12,Mujer,3
Hidalgo,2010,Enero,1,Hombre,4
Hidalgo,2010,Enero,1,Mujer,3
Hidalgo,2010,Febrero,2,Hombre,8
Hidalgo,2010,Febrero,2,Mujer,1
Hidalgo,2010,Marzo,3,Hombre,4
Hidalgo,2010,Abril,4,Hombre,10
Hidalgo,2010,Mayo,5,Hombre,11
Hidalgo,2010,Mayo,5,Mujer,1
Hidalgo,2010,Junio,6,Hombre,10
Hidalgo,2010,Julio,7,Hombre,4
Hidalgo,2010,Julio,7,Mujer,3
Hidalgo,2010,Agosto,8,Hombre,9
Hidalgo,2010,Agosto,8,Mujer,4
Hidalgo,2010,Septiembre,9,Hombre,10
Hidalgo,2010,Septiembre,9,Mujer,2
Hidalgo,2010,Octubre,10,Hombre,9
Hidalgo,2010,Octubre,10,Mujer,1
Hidalgo,2010,Noviembre,11,Hombre,7
Hidalgo,2010,Noviembre,11,Mujer,3
Hidalgo,2010,Diciembre,12,Hombre,2
Hidalgo,2010,Diciembre,12,Mujer,3
Hidalgo,2011,Enero,1,Hombre,13
Hidalgo,2011,Enero,1,Mujer,2
Hidalgo,2011,Febrero,2,Hombre,14
Hidalgo,2011,Marzo,3,Hombre,25
Hidalgo,2011,Marzo,3,Mujer,3
Hidalgo,2011,Abril,4,Hombre,12
Hidalgo,2011,Abril,4,Mujer,3
Hidalgo,2011,Mayo,5,Hombre,15
Hidalgo,2011,Mayo,5,Mujer,1
Hidalgo,2011,Junio,6,Hombre,12
Hidalgo,2011,Junio,6,Mujer,4
Hidalgo,2011,Julio,7,Hombre,20
Hidalgo,2011,Julio,7,Mujer,3
Hidalgo,2011,Agosto,8,Hombre,16
Hidalgo,2011,Agosto,8,Mujer,2
Hidalgo,2011,Septiembre,9,Hombre,17
Hidalgo,2011,Septiembre,9,Mujer,4
Hidalgo,2011,Octubre,10,Hombre,8
Hidalgo,2011,Octubre,10,Mujer,1
Hidalgo,2011,Noviembre,11,Hombre,12
Hidalgo,2011,Noviembre,11,Mujer,2
Hidalgo,2011,Diciembre,12,Hombre,6
Hidalgo,2011,Diciembre,12,Mujer,2
Hidalgo,2012,Enero,1,Hombre,9
Hidalgo,2012,Enero,1,Mujer,2
Hidalgo,2012,Febrero,2,Hombre,10
Hidalgo,2012,Febrero,2,Mujer,3
Hidalgo,2012,Marzo,3,Hombre,13
Hidalgo,2012,Marzo,3,Mujer,4
Hidalgo,2012,Abril,4,Hombre,7
Hidalgo,2012,Abril,4,Mujer,1
Hidalgo,2012,Mayo,5,Hombre,8
Hidalgo,2012,Mayo,5,Mujer,3
Hidalgo,2012,Junio,6,Hombre,17
Hidalgo,2012,Julio,7,Hombre,5
Hidalgo,2012,Julio,7,Mujer,1
Hidalgo,2012,Agosto,8,Hombre,15
Hidalgo,2012,Agosto,8,Mujer,4
Hidalgo,2012,Septiembre,9,Hombre,10
Hidalgo,2012,Octubre,10,Hombre,7
Hidalgo,2012,Octubre,10,Mujer,5
Hidalgo,2012,Noviembre,11,Hombre,7
Hidalgo,2012,Noviembre,11,Mujer,2
Hidalgo,2012,Diciembre,12,Hombre,13
Hidalgo,2012,Diciembre,12,Mujer,5
Hidalgo,2013,Enero,1,Hombre,15
Hidalgo,2013,Enero,1,Mujer,5
Hidalgo,2013,Febrero,2,Hombre,9
Hidalgo,2013,Febrero,2,Mujer,1
Hidalgo,2013,Marzo,3,Hombre,7
Hidalgo,2013,Abril,4,Hombre,17
Hidalgo,2013,Abril,4,Mujer,3
Hidalgo,2013,Mayo,5,Hombre,11
Hidalgo,2013,Mayo,5,Mujer,2
Hidalgo,2013,Junio,6,Hombre,12
Hidalgo,2013,Junio,6,Mujer,2
Hidalgo,2013,Julio,7,Hombre,6
Hidalgo,2013,Julio,7,Mujer,1
Hidalgo,2013,Agosto,8,Hombre,16
Hidalgo,2013,Agosto,8,Mujer,4
Hidalgo,2013,Septiembre,9,Hombre,10
Hidalgo,2013,Septiembre,9,Mujer,2
Hidalgo,2013,Octubre,10,Hombre,7
Hidalgo,2013,Octubre,10,Mujer,5
Hidalgo,2013,Noviembre,11,Hombre,10
Hidalgo,2013,Noviembre,11,Mujer,3
Hidalgo,2013,Diciembre,12,Hombre,17
Hidalgo,2013,Diciembre,12,Mujer,2
Hidalgo,2014,Enero,1,Hombre,16
Hidalgo,2014,Enero,1,Mujer,2
Hidalgo,2014,Febrero,2,Hombre,12
Hidalgo,2014,Febrero,2,Mujer,2
Hidalgo,2014,Marzo,3,Hombre,13
Hidalgo,2014,Marzo,3,Mujer,5
Hidalgo,2014,Abril,4,Hombre,16
Hidalgo,2014,Abril,4,Mujer,3
Hidalgo,2014,Mayo,5,Hombre,10
Hidalgo,2014,Mayo,5,Mujer,5
Hidalgo,2014,Junio,6,Hombre,12
Hidalgo,2014,Junio,6,Mujer,2
Hidalgo,2014,Julio,7,Hombre,15
Hidalgo,2014,Julio,7,Mujer,2
Hidalgo,2014,Agosto,8,Hombre,12
Hidalgo,2014,Agosto,8,Mujer,5
Hidalgo,2014,Septiembre,9,Hombre,15
Hidalgo,2014,Septiembre,9,Mujer,6
Hidalgo,2014,Octubre,10,Hombre,12
Hidalgo,2014,Octubre,10,Mujer,2
Hidalgo,2014,Noviembre,11,Hombre,15
Hidalgo,2014,Noviembre,11,Mujer,1
Hidalgo,2014,Diciembre,12,Hombre,14
Hidalgo,2014,Diciembre,12,Mujer,4
Hidalgo,2015,Enero,1,Hombre,16
Hidalgo,2015,Enero,1,Mujer,1
Hidalgo,2015,Febrero,2,Hombre,14
Hidalgo,2015,Febrero,2,Mujer,5
Hidalgo,2015,Marzo,3,Hombre,21
Hidalgo,2015,Marzo,3,Mujer,5
Hidalgo,2015,Abril,4,Hombre,13
Hidalgo,2015,Abril,4,Mujer,6
Hidalgo,2015,Mayo,5,Hombre,17
Hidalgo,2015,Mayo,5,Mujer,5
Hidalgo,2015,Junio,6,Hombre,11
Hidalgo,2015,Junio,6,Mujer,1
Hidalgo,2015,Julio,7,Hombre,11
Hidalgo,2015,Julio,7,Mujer,3
Hidalgo,2015,Agosto,8,Hombre,12
Hidalgo,2015,Agosto,8,Mujer,5
Hidalgo,2015,Septiembre,9,Hombre,17
Hidalgo,2015,Septiembre,9,Mujer,7
Hidalgo,2015,Octubre,10,Hombre,15
Hidalgo,2015,Octubre,10,Mujer,2
Hidalgo,2015,Noviembre,11,Hombre,14
Hidalgo,2015,Noviembre,11,Mujer,3
Hidalgo,2015,Diciembre,12,Hombre,14
Hidalgo,2015,Diciembre,12,Mujer,6
Hidalgo,2016,Enero,1,Hombre,10
Hidalgo,2016,Enero,1,Mujer,3
Hidalgo,2016,Febrero,2,Hombre,11
Hidalgo,2016,Febrero,2,Mujer,4
Hidalgo,2016,Marzo,3,Hombre,9
Hidalgo,2016,Marzo,3,Mujer,2
Hidalgo,2016,Abril,4,Hombre,9
Hidalgo,2016,Abril,4,Mujer,4
Hidalgo,2016,Mayo,5,Hombre,17
Hidalgo,2016,Mayo,5,Mujer,4
Hidalgo,2016,Junio,6,Hombre,11
Hidalgo,2016,Junio,6,Mujer,3
Hidalgo,2016,Julio,7,Hombre,19
Hidalgo,2016,Julio,7,Mujer,2
Hidalgo,2016,Agosto,8,Hombre,14
Hidalgo,2016,Agosto,8,Mujer,3
Hidalgo,2016,Septiembre,9,Hombre,13
Hidalgo,2016,Septiembre,9,Mujer,3
Hidalgo,2016,Octubre,10,Hombre,13
Hidalgo,2016,Noviembre,11,Hombre,20
Hidalgo,2016,Noviembre,11,Mujer,5
Hidalgo,2016,Diciembre,12,Hombre,17
Hidalgo,2016,Diciembre,12,Mujer,7
Hidalgo,2017,Enero,1,Hombre,24
Hidalgo,2017,Enero,1,Mujer,2
Hidalgo,2017,Febrero,2,Hombre,19
Hidalgo,2017,Febrero,2,Mujer,3
Hidalgo,2017,Marzo,3,Hombre,21
Hidalgo,2017,Marzo,3,Mujer,2
Hidalgo,2017,Abril,4,Hombre,23
Hidalgo,2017,Abril,4,Mujer,5
Hidalgo,2017,Mayo,5,Hombre,23
Hidalgo,2017,Mayo,5,Mujer,4
Hidalgo,2017,Junio,6,Hombre,17
Hidalgo,2017,Junio,6,Mujer,2
Hidalgo,2017,Julio,7,Hombre,12
Hidalgo,2017,Julio,7,Mujer,11
Hidalgo,2017,Agosto,8,Hombre,28
Hidalgo,2017,Agosto,8,Mujer,1
Hidalgo,2017,Septiembre,9,Hombre,22
Hidalgo,2017,Septiembre,9,Mujer,3
Hidalgo,2017,Octubre,10,Hombre,16
Hidalgo,2017,Octubre,10,Mujer,4
Hidalgo,2017,Noviembre,11,Hombre,15
Hidalgo,2017,Noviembre,11,Mujer,6
Hidalgo,2017,Diciembre,12,Hombre,22
Hidalgo,2017,Diciembre,12,Mujer,7
Hidalgo,2018,Enero,1,Hombre,21
Hidalgo,2018,Enero,1,Mujer,6
Hidalgo,2018,Febrero,2,Hombre,14
Hidalgo,2018,Febrero,2,Mujer,5
Hidalgo,2018,Marzo,3,Hombre,28
Hidalgo,2018,Marzo,3,Mujer,2
Hidalgo,2018,Abril,4,Hombre,19
Hidalgo,2018,Abril,4,Mujer,6
Hidalgo,2018,Mayo,5,Hombre,24
Hidalgo,2018,Mayo,5,Mujer,5
Hidalgo,2018,Junio,6,Hombre,18
Hidalgo,2018,Junio,6,Mujer,5
Hidalgo,2018,Julio,7,Hombre,36
Hidalgo,2018,Julio,7,Mujer,5
Hidalgo,2018,Agosto,8,Hombre,29
Hidalgo,2018,Agosto,8,Mujer,3
Hidalgo,2018,Septiembre,9,Hombre,25
Hidalgo,2018,Septiembre,9,Mujer,9
Hidalgo,2018,Octubre,10,Hombre,17
Hidalgo,2018,Noviembre,11,Hombre,25
Hidalgo,2018,Noviembre,11,Mujer,1
Hidalgo,2018,Diciembre,12,Hombre,18
Hidalgo,2018,Diciembre,12,Mujer,5
Hidalgo,2019,Enero,1,Hombre,34
Hidalgo,2019,Enero,1,Mujer,7
Hidalgo,2019,Febrero,2,Hombre,30
Hidalgo,2019,Febrero,2,Mujer,3
Hidalgo,2019,Marzo,3,Hombre,38
Hidalgo,2019,Marzo,3,Mujer,1
Hidalgo,2019,Abril,4,Hombre,26
Hidalgo,2019,Abril,4,Mujer,7
Hidalgo,2019,Mayo,5,Hombre,30
Hidalgo,2019,Mayo,5,Mujer,4
Hidalgo,2019,Junio,6,Hombre,40
Hidalgo,2019,Junio,6,Mujer,7
Hidalgo,2019,Julio,7,Hombre,37
Hidalgo,2019,Julio,7,Mujer,3
Hidalgo,2019,Agosto,8,Hombre,25
Hidalgo,2019,Agosto,8,Mujer,7
Hidalgo,2019,Septiembre,9,Hombre,37
Hidalgo,2019,Septiembre,9,Mujer,4
Hidalgo,2019,Octubre,10,Hombre,32
Hidalgo,2019,Octubre,10,Mujer,6
Hidalgo,2019,Noviembre,11,Hombre,22
Hidalgo,2019,Noviembre,11,Mujer,9
Hidalgo,2019,Diciembre,12,Hombre,47
Hidalgo,2019,Diciembre,12,Mujer,5
Hidalgo,2020,Enero,1,Hombre,27
Hidalgo,2020,Enero,1,Mujer,3
Hidalgo,2020,Febrero,2,Hombre,25
Hidalgo,2020,Febrero,2,Mujer,4
Hidalgo,2020,Marzo,3,Hombre,33
Hidalgo,2020,Marzo,3,Mujer,4
Hidalgo,2020,Abril,4,Hombre,24
Hidalgo,2020,Mayo,5,Hombre,33
Hidalgo,2020,Mayo,5,Mujer,4
Hidalgo,2020,Junio,6,Hombre,27
Hidalgo,2020,Junio,6,Mujer,5
Hidalgo,2020,Julio,7,Hombre,37
Hidalgo,2020,Julio,7,Mujer,7
Hidalgo,2020,Agosto,8,Hombre,36
Hidalgo,2020,Agosto,8,Mujer,5
Hidalgo,2020,Septiembre,9,Hombre,14
Hidalgo,2020,Septiembre,9,Mujer,1
Hidalgo,2020,Octubre,10,Hombre,21
Hidalgo,2020,Octubre,10,Mujer,5
Hidalgo,2020,Noviembre,11,Hombre,20
Hidalgo,2020,Noviembre,11,Mujer,1
Hidalgo,2020,Diciembre,12,Hombre,25
Hidalgo,2020,Diciembre,12,Mujer,3
Hidalgo,2021,Enero,1,Hombre,17
Hidalgo,2021,Enero,1,Mujer,2
Hidalgo,2021,Febrero,2,Hombre,18
Hidalgo,2021,Febrero,2,Mujer,5
Hidalgo,2021,Marzo,3,Hombre,17
Hidalgo,2021,Marzo,3,Mujer,8
Hidalgo,2021,Abril,4,Hombre,20
Hidalgo,2021,Abril,4,Mujer,2
Hidalgo,2021,Mayo,5,Hombre,19
Hidalgo,2021,Mayo,5,Mujer,1
Hidalgo,2021,Junio,6,Hombre,16
Hidalgo,2021,Junio,6,Mujer,2
Hidalgo,2021,Julio,7,Hombre,24
Hidalgo,2021,Julio,7,Mujer,2
Hidalgo,2021,Agosto,8,Hombre,19
Hidalgo,2021,Agosto,8,Mujer,5
Hidalgo,2021,Septiembre,9,Hombre,33
Hidalgo,2021,Septiembre,9,Mujer,8
Hidalgo,2021,Octubre,10,Hombre,24
Hidalgo,2021,Octubre,10,Mujer,3
Hidalgo,2021,Noviembre,11,Hombre,10
Hidalgo,2021,Noviembre,11,Mujer,3
Hidalgo,2021,Diciembre,12,Hombre,26
Hidalgo,2021,Diciembre,12,Mujer,3
Hidalgo,2022,Enero,1,Hombre,33
Hidalgo,2022,Enero,1,Mujer,6
Hidalgo,2022,Febrero,2,Hombre,23
Hidalgo,2022,Febrero,2,Mujer,3
Hidalgo,2022,Marzo,3,Hombre,22
Hidalgo,2022,Marzo,3,Mujer,6
Hidalgo,2022,Abril,4,Hombre,25
Hidalgo,2022,Abril,4,Mujer,4
Hidalgo,2022,Mayo,5,Hombre,35
Hidalgo,2022,Mayo,5,Mujer,3
Hidalgo,2022,Junio,6,Hombre,26
Hidalgo,2022,Junio,6,Mujer,5
Hidalgo,2022,Julio,7,Hombre,20
Hidalgo,2022,Julio,7,Mujer,4
Hidalgo,2022,Agosto,8,Hombre,17
Hidalgo,2022,Agosto,8,Mujer,4
Hidalgo,2022,Septiembre,9,Hombre,28
Hidalgo,2022,Septiembre,9,Mujer,1
Hidalgo,2022,Octubre,10,Hombre,19
Hidalgo,2022,Octubre,10,Mujer,4
Hidalgo,2022,Noviembre,11,Hombre,28
Hidalgo,2022,Noviembre,11,Mujer,8
Hidalgo,2022,Diciembre,12,Hombre,26
Hidalgo,2022,Diciembre,12,Mujer,4
Hidalgo,2023,Enero,1,Hombre,26
Hidalgo,2023,Enero,1,Mujer,10
Hidalgo,2023,Febrero,2,Hombre,26
Hidalgo,2023,Febrero,2,Mujer,2
Hidalgo,2023,Marzo,3,Hombre,33
Hidalgo,2023,Marzo,3,Mujer,3
Hidalgo,2023,Abril,4,Hombre,33
Hidalgo,2023,Abril,4,Mujer,3
Hidalgo,2023,Mayo,5,Hombre,25
Hidalgo,2023,Mayo,5,Mujer,3
Hidalgo,2023,Junio,6,Hombre,32
Hidalgo,2023,Junio,6,Mujer,3
Hidalgo,2023,Julio,7,Hombre,32
Hidalgo,2023,Julio,7,Mujer,6
Hidalgo,2023,Agosto,8,Hombre,20
Hidalgo,2023,Agosto,8,Mujer,5
Hidalgo,2023,Septiembre,9,Hombre,20
Hidalgo,2023,Septiembre,9,Mujer,6
Hidalgo,2023,Octubre,10,Hombre,24
Hidalgo,2023,Octubre,10,Mujer,2
Hidalgo,2023,Noviembre,11,Hombre,26
Hidalgo,2023,Noviembre,11,Mujer,1
Hidalgo,2023,Diciembre,12,Hombre,29
Hidalgo,2023,Diciembre,12,Mujer,7
Hidalgo,2024,Enero,1,Hombre,19
Hidalgo,2024,Enero,1,Mujer,4
Hidalgo,2024,Febrero,2,Hombre,22
Hidalgo,2024,Febrero,2,Mujer,3
Hidalgo,2024,Marzo,3,Hombre,27
Hidalgo,2024,Marzo,3,Mujer,4
Hidalgo,2024,Abril,4,Hombre,34
Hidalgo,2024,Abril,4,Mujer,7
Hidalgo,2024,Mayo,5,Hombre,43
Hidalgo,2024,Mayo,5,Mujer,2
Hidalgo,2024,Junio,6,Hombre,37
Hidalgo,2024,Junio,6,Mujer,5
Hidalgo,2024,Julio,7,Hombre,34
Hidalgo,2024,Julio,7,Mujer,3
Hidalgo,2024,Agosto,8,Hombre,20
Hidalgo,2024,Agosto,8,Mujer,6
Hidalgo,2024,Septiembre,9,Hombre,29
Hidalgo,2024,Septiembre,9,Mujer,4
Hidalgo,2024,Octubre,10,Hombre,27
Hidalgo,2024,Octubre,10,Mujer,8
Hidalgo,2024,Noviembre,11,Hombre,19
Hidalgo,2024,Noviembre,11,Mujer,4
Hidalgo,2024,Diciembre,12,Hombre,10
Hidalgo,2024,Diciembre,12,Mujer,2
Jalisco,1990,Enero,1,Hombre,67
Jalisco,1990,Enero,1,Mujer,7
Jalisco,1990,Febrero,2,Hombre,52
Jalisco,1990,Febrero,2,Mujer,6
Jalisco,1990,Marzo,3,Hombre,78
Jalisco,1990,Marzo,3,Mujer,5
Jalisco,1990,Abril,4,Hombre,59
Jalisco,1990,Abril,4,Mujer,3
Jalisco,1990,Mayo,5,Hombre,66
Jalisco,1990,Mayo,5,Mujer,9
Jalisco,1990,Junio,6,Hombre,54
Jalisco,1990,Junio,6,Mujer,8
Jalisco,1990,Julio,7,Hombre,72
Jalisco,1990,Julio,7,Mujer,6
Jalisco,1990,Agosto,8,Hombre,74
Jalisco,1990,Agosto,8,Mujer,7
Jalisco,1990,Septiembre,9,Hombre,51
Jalisco,1990,Septiembre,9,Mujer,2
Jalisco,1990,Octubre,10,Hombre,67
Jalisco,1990,Octubre,10,Mujer,4
Jalisco,1990,Noviembre,11,Hombre,41
Jalisco,1990,Noviembre,11,Mujer,5
Jalisco,1990,Diciembre,12,Hombre,77
Jalisco,1990,Diciembre,12,Mujer,5
Jalisco,1991,Enero,1,Hombre,37
Jalisco,1991,Enero,1,Mujer,5
Jalisco,1991,Febrero,2,Hombre,37
Jalisco,1991,Febrero,2,Mujer,5
Jalisco,1991,Marzo,3,Hombre,51
Jalisco,1991,Marzo,3,Mujer,12
Jalisco,1991,Abril,4,Hombre,73
Jalisco,1991,Abril,4,Mujer,6
Jalisco,1991,Mayo,5,Hombre,74
Jalisco,1991,Mayo,5,Mujer,6
Jalisco,1991,Junio,6,Hombre,48
Jalisco,1991,Junio,6,Mujer,9
Jalisco,1991,Julio,7,Hombre,57
Jalisco,1991,Julio,7,Mujer,1
Jalisco,1991,Agosto,8,Hombre,56
Jalisco,1991,Agosto,8,Mujer,4
Jalisco,1991,Septiembre,9,Hombre,54
Jalisco,1991,Septiembre,9,Mujer,9
Jalisco,1991,Octubre,10,Hombre,59
Jalisco,1991,Octubre,10,Mujer,11
Jalisco,1991,Noviembre,11,Hombre,60
Jalisco,1991,Noviembre,11,Mujer,7
Jalisco,1991,Diciembre,12,Hombre,71
Jalisco,1991,Diciembre,12,Mujer,4
Jalisco,1992,Enero,1,Hombre,50
Jalisco,1992,Enero,1,Mujer,6
Jalisco,1992,Febrero,2,Hombre,43
Jalisco,1992,Febrero,2,Mujer,9
Jalisco,1992,Marzo,3,Hombre,78
Jalisco,1992,Marzo,3,Mujer,3
Jalisco,1992,Abril,4,Hombre,53
Jalisco,1992,Abril,4,Mujer,6
Jalisco,1992,Mayo,5,Hombre,57
Jalisco,1992,Mayo,5,Mujer,9
Jalisco,1992,Junio,6,Hombre,57
Jalisco,1992,Junio,6,Mujer,1
Jalisco,1992,Julio,7,Hombre,56
Jalisco,1992,Julio,7,Mujer,3
Jalisco,1992,Agosto,8,Hombre,52
Jalisco,1992,Agosto,8,Mujer,8
Jalisco,1992,Septiembre,9,Hombre,59
Jalisco,1992,Septiembre,9,Mujer,5
Jalisco,1992,Octubre,10,Hombre,53
Jalisco,1992,Octubre,10,Mujer,11
Jalisco,1992,Noviembre,11,Hombre,60
Jalisco,1992,Noviembre,11,Mujer,9
Jalisco,1992,Diciembre,12,Hombre,80
Jalisco,1992,Diciembre,12,Mujer,9
Jalisco,1993,Enero,1,Hombre,62
Jalisco,1993,Enero,1,Mujer,7
Jalisco,1993,Febrero,2,Hombre,62
Jalisco,1993,Febrero,2,Mujer,4
Jalisco,1993,Marzo,3,Hombre,78
Jalisco,1993,Marzo,3,Mujer,7
Jalisco,1993,Abril,4,Hombre,64
Jalisco,1993,Abril,4,Mujer,5
Jalisco,1993,Mayo,5,Hombre,75
Jalisco,1993,Mayo,5,Mujer,10
Jalisco,1993,Junio,6,Hombre,65
Jalisco,1993,Junio,6,Mujer,7
Jalisco,1993,Julio,7,Hombre,49
Jalisco,1993,Julio,7,Mujer,10
Jalisco,1993,Agosto,8,Hombre,66
Jalisco,1993,Agosto,8,Mujer,5
Jalisco,1993,Septiembre,9,Hombre,42
Jalisco,1993,Septiembre,9,Mujer,4
Jalisco,1993,Octubre,10,Hombre,55
Jalisco,1993,Octubre,10,Mujer,4
Jalisco,1993,Noviembre,11,Hombre,41
Jalisco,1993,Noviembre,11,Mujer,1
Jalisco,1993,Diciembre,12,Hombre,57
Jalisco,1993,Diciembre,12,Mujer,1
Jalisco,1994,Enero,1,Hombre,59
Jalisco,1994,Enero,1,Mujer,5
Jalisco,1994,Febrero,2,Hombre,49
Jalisco,1994,Febrero,2,Mujer,4
Jalisco,1994,Marzo,3,Hombre,60
Jalisco,1994,Marzo,3,Mujer,3
Jalisco,1994,Abril,4,Hombre,53
Jalisco,1994,Abril,4,Mujer,3
Jalisco,1994,Mayo,5,Hombre,54
Jalisco,1994,Mayo,5,Mujer,6
Jalisco,1994,Junio,6,Hombre,56
Jalisco,1994,Junio,6,Mujer,4
Jalisco,1994,Julio,7,Hombre,53
Jalisco,1994,Julio,7,Mujer,4
Jalisco,1994,Agosto,8,Hombre,56
Jalisco,1994,Agosto,8,Mujer,4
Jalisco,1994,Septiembre,9,Hombre,56
Jalisco,1994,Septiembre,9,Mujer,6
Jalisco,1994,Octubre,10,Hombre,43
Jalisco,1994,Octubre,10,Mujer,9
Jalisco,1994,Noviembre,11,Hombre,62
Jalisco,1994,Noviembre,11,Mujer,3
Jalisco,1994,Diciembre,12,Hombre,38
Jalisco,1994,Diciembre,12,Mujer,5
Jalisco,1995,Enero,1,Hombre,54
Jalisco,1995,Enero,1,Mujer,5
Jalisco,1995,Febrero,2,Hombre,57
Jalisco,1995,Febrero,2,Mujer,6
Jalisco,1995,Marzo,3,Hombre,46
Jalisco,1995,Marzo,3,Mujer,12
Jalisco,1995,Abril,4,Hombre,52
Jalisco,1995,Abril,4,Mujer,2
Jalisco,1995,Mayo,5,Hombre,78
Jalisco,1995,Mayo,5,Mujer,5
Jalisco,1995,Junio,6,Hombre,60
Jalisco,1995,Junio,6,Mujer,5
Jalisco,1995,Julio,7,Hombre,77
Jalisco,1995,Julio,7,Mujer,8
Jalisco,1995,Agosto,8,Hombre,67
Jalisco,1995,Agosto,8,Mujer,8
Jalisco,1995,Septiembre,9,Hombre,47
Jalisco,1995,Septiembre,9,Mujer,6
Jalisco,1995,Octubre,10,Hombre,53
Jalisco,1995,Octubre,10,Mujer,5
Jalisco,1995,Noviembre,11,Hombre,55
Jalisco,1995,Noviembre,11,Mujer,5
Jalisco,1995,Diciembre,12,Hombre,62
Jalisco,1995,Diciembre,12,Mujer,5
Jalisco,1996,Enero,1,Hombre,51
Jalisco,1996,Enero,1,Mujer,7
Jalisco,1996,Febrero,2,Hombre,67
Jalisco,1996,Febrero,2,Mujer,4
Jalisco,1996,Marzo,3,Hombre,59
Jalisco,1996,Marzo,3,Mujer,9
Jalisco,1996,Abril,4,Hombre,47
Jalisco,1996,Abril,4,Mujer,5
Jalisco,1996,Mayo,5,Hombre,60
Jalisco,1996,Mayo,5,Mujer,9
Jalisco,1996,Junio,6,Hombre,52
Jalisco,1996,Junio,6,Mujer,4
Jalisco,1996,Julio,7,Hombre,73
Jalisco,1996,Julio,7,Mujer,3
Jalisco,1996,Agosto,8,Hombre,60
Jalisco,1996,Agosto,8,Mujer,3
Jalisco,1996,Septiembre,9,Hombre,50
Jalisco,1996,Septiembre,9,Mujer,6
Jalisco,1996,Octubre,10,Hombre,40
Jalisco,1996,Octubre,10,Mujer,6
Jalisco,1996,Noviembre,11,Hombre,53
Jalisco,1996,Noviembre,11,Mujer,8
Jalisco,1996,Diciembre,12,Hombre,53
Jalisco,1996,Diciembre,12,Mujer,6
Jalisco,1997,Enero,1,Hombre,54
Jalisco,1997,Enero,1,Mujer,1
Jalisco,1997,Febrero,2,Hombre,39
Jalisco,1997,Febrero,2,Mujer,5
Jalisco,1997,Marzo,3,Hombre,43
Jalisco,1997,Marzo,3,Mujer,1
Jalisco,1997,Abril,4,Hombre,42
Jalisco,1997,Abril,4,Mujer,4
Jalisco,1997,Mayo,5,Hombre,51
Jalisco,1997,Mayo,5,Mujer,8
Jalisco,1997,Junio,6,Hombre,40
Jalisco,1997,Junio,6,Mujer,3
Jalisco,1997,Julio,7,Hombre,57
Jalisco,1997,Julio,7,Mujer,5
Jalisco,1997,Agosto,8,Hombre,40
Jalisco,1997,Agosto,8,Mujer,3
Jalisco,1997,Septiembre,9,Hombre,46
Jalisco,1997,Septiembre,9,Mujer,10
Jalisco,1997,Octubre,10,Hombre,42
Jalisco,1997,Octubre,10,Mujer,6
Jalisco,1997,Noviembre,11,Hombre,52
Jalisco,1997,Noviembre,11,Mujer,5
Jalisco,1997,Diciembre,12,Hombre,55
Jalisco,1997,Diciembre,12,Mujer,3
Jalisco,1998,Enero,1,Hombre,41
Jalisco,1998,Enero,1,Mujer,2
Jalisco,1998,Febrero,2,Hombre,44
Jalisco,1998,Febrero,2,Mujer,8
Jalisco,1998,Marzo,3,Hombre,50
Jalisco,1998,Marzo,3,Mujer,6
Jalisco,1998,Abril,4,Hombre,47
Jalisco,1998,Abril,4,Mujer,5
Jalisco,1998,Mayo,5,Hombre,42
Jalisco,1998,Mayo,5,Mujer,4
Jalisco,1998,Junio,6,Hombre,45
Jalisco,1998,Junio,6,Mujer,4
Jalisco,1998,Julio,7,Hombre,33
Jalisco,1998,Julio,7,Mujer,8
Jalisco,1998,Agosto,8,Hombre,42
Jalisco,1998,Agosto,8,Mujer,5
Jalisco,1998,Septiembre,9,Hombre,33
Jalisco,1998,Septiembre,9,Mujer,4
Jalisco,1998,Octubre,10,Hombre,34
Jalisco,1998,Octubre,10,Mujer,3
Jalisco,1998,Noviembre,11,Hombre,43
Jalisco,1998,Noviembre,11,Mujer,4
Jalisco,1998,Diciembre,12,Hombre,32
Jalisco,1998,Diciembre,12,Mujer,8
Jalisco,1999,Enero,1,Hombre,51
Jalisco,1999,Enero,1,Mujer,5
Jalisco,1999,Febrero,2,Hombre,34
Jalisco,1999,Febrero,2,Mujer,2
Jalisco,1999,Marzo,3,Hombre,40
Jalisco,1999,Marzo,3,Mujer,6
Jalisco,1999,Abril,4,Hombre,33
Jalisco,1999,Abril,4,Mujer,2
Jalisco,1999,Mayo,5,Hombre,44
Jalisco,1999,Mayo,5,Mujer,5
Jalisco,1999,Junio,6,Hombre,45
Jalisco,1999,Junio,6,Mujer,6
Jalisco,1999,Julio,7,Hombre,39
Jalisco,1999,Julio,7,Mujer,8
Jalisco,1999,Agosto,8,Hombre,34
Jalisco,1999,Agosto,8,Mujer,2
Jalisco,1999,Septiembre,9,Hombre,33
Jalisco,1999,Septiembre,9,Mujer,9
Jalisco,1999,Octubre,10,Hombre,36
Jalisco,1999,Octubre,10,Mujer,8
Jalisco,1999,Noviembre,11,Hombre,45
Jalisco,1999,Noviembre,11,Mujer,6
Jalisco,1999,Diciembre,12,Hombre,41
Jalisco,1999,Diciembre,12,Mujer,3
Jalisco,2000,Enero,1,Hombre,32
Jalisco,2000,Enero,1,Mujer,4
Jalisco,2000,Febrero,2,Hombre,39
Jalisco,2000,Febrero,2,Mujer,5
Jalisco,2000,Marzo,3,Hombre,36
Jalisco,2000,Marzo,3,Mujer,2
Jalisco,2000,Abril,4,Hombre,41
Jalisco,2000,Abril,4,Mujer,11
Jalisco,2000,Mayo,5,Hombre,32
Jalisco,2000,Mayo,5,Mujer,2
Jalisco,2000,Junio,6,Hombre,33
Jalisco,2000,Junio,6,Mujer,8
Jalisco,2000,Julio,7,Hombre,23
Jalisco,2000,Julio,7,Mujer,6
Jalisco,2000,Agosto,8,Hombre,34
Jalisco,2000,Agosto,8,Mujer,4
Jalisco,2000,Septiembre,9,Hombre,31
Jalisco,2000,Septiembre,9,Mujer,4
Jalisco,2000,Octubre,10,Hombre,42
Jalisco,2000,Octubre,10,Mujer,4
Jalisco,2000,Noviembre,11,Hombre,28
Jalisco,2000,Noviembre,11,Mujer,4
Jalisco,2000,Diciembre,12,Hombre,42
Jalisco,2001,Enero,1,Hombre,39
Jalisco,2001,Enero,1,Mujer,3
Jalisco,2001,Febrero,2,Hombre,27
Jalisco,2001,Febrero,2,Mujer,1
Jalisco,2001,Marzo,3,Hombre,27
Jalisco,2001,Marzo,3,Mujer,10
Jalisco,2001,Abril,4,Hombre,34
Jalisco,2001,Abril,4,Mujer,3
Jalisco,2001,Mayo,5,Hombre,38
Jalisco,2001,Mayo,5,Mujer,5
Jalisco,2001,Junio,6,Hombre,37
Jalisco,2001,Junio,6,Mujer,5
Jalisco,2001,Julio,7,Hombre,43
Jalisco,2001,Julio,7,Mujer,3
Jalisco,2001,Agosto,8,Hombre,43
Jalisco,2001,Agosto,8,Mujer,6
Jalisco,2001,Septiembre,9,Hombre,40
Jalisco,2001,Septiembre,9,Mujer,3
Jalisco,2001,Octubre,10,Hombre,46
Jalisco,2001,Octubre,10,Mujer,6
Jalisco,2001,Noviembre,11,Hombre,28
Jalisco,2001,Noviembre,11,Mujer,4
Jalisco,2001,Diciembre,12,Hombre,30
Jalisco,2001,Diciembre,12,Mujer,3
Jalisco,2002,Enero,1,Hombre,24
Jalisco,2002,Enero,1,Mujer,6
Jalisco,2002,Febrero,2,Hombre,42
Jalisco,2002,Febrero,2,Mujer,3
Jalisco,2002,Marzo,3,Hombre,42
Jalisco,2002,Marzo,3,Mujer,6
Jalisco,2002,Abril,4,Hombre,39
Jalisco,2002,Abril,4,Mujer,7
Jalisco,2002,Mayo,5,Hombre,34
Jalisco,2002,Mayo,5,Mujer,7
Jalisco,2002,Junio,6,Hombre,36
Jalisco,2002,Junio,6,Mujer,3
Jalisco,2002,Julio,7,Hombre,27
Jalisco,2002,Julio,7,Mujer,3
Jalisco,2002,Agosto,8,Hombre,35
Jalisco,2002,Agosto,8,Mujer,4
Jalisco,2002,Septiembre,9,Hombre,29
Jalisco,2002,Septiembre,9,Mujer,8
Jalisco,2002,Octubre,10,Hombre,32
Jalisco,2002,Octubre,10,Mujer,4
Jalisco,2002,Noviembre,11,Hombre,28
Jalisco,2002,Noviembre,11,Mujer,8
Jalisco,2002,Diciembre,12,Hombre,39
Jalisco,2002,Diciembre,12,Mujer,7
Jalisco,2003,Enero,1,Hombre,35
Jalisco,2003,Enero,1,Mujer,4
Jalisco,2003,Febrero,2,Hombre,35
Jalisco,2003,Febrero,2,Mujer,2
Jalisco,2003,Marzo,3,Hombre,30
Jalisco,2003,Marzo,3,Mujer,4
Jalisco,2003,Abril,4,Hombre,36
Jalisco,2003,Abril,4,Mujer,4
Jalisco,2003,Mayo,5,Hombre,29
Jalisco,2003,Mayo,5,Mujer,4
Jalisco,2003,Junio,6,Hombre,31
Jalisco,2003,Junio,6,Mujer,6
Jalisco,2003,Julio,7,Hombre,40
Jalisco,2003,Julio,7,Mujer,10
Jalisco,2003,Agosto,8,Hombre,37
Jalisco,2003,Agosto,8,Mujer,1
Jalisco,2003,Septiembre,9,Hombre,28
Jalisco,2003,Septiembre,9,Mujer,5
Jalisco,2003,Octubre,10,Hombre,39
Jalisco,2003,Octubre,10,Mujer,5
Jalisco,2003,Noviembre,11,Hombre,35
Jalisco,2003,Noviembre,11,Mujer,5
Jalisco,2003,Diciembre,12,Hombre,41
Jalisco,2003,Diciembre,12,Mujer,2
Jalisco,2004,Enero,1,Hombre,38
Jalisco,2004,Enero,1,Mujer,5
Jalisco,2004,Febrero,2,Hombre,27
Jalisco,2004,Febrero,2,Mujer,3
Jalisco,2004,Marzo,3,Hombre,30
Jalisco,2004,Marzo,3,Mujer,7
Jalisco,2004,Abril,4,Hombre,29
Jalisco,2004,Abril,4,Mujer,5
Jalisco,2004,Mayo,5,Hombre,24
Jalisco,2004,Mayo,5,Mujer,4
Jalisco,2004,Junio,6,Hombre,37
Jalisco,2004,Junio,6,Mujer,5
Jalisco,2004,Julio,7,Hombre,16
Jalisco,2004,Julio,7,Mujer,4
Jalisco,2004,Agosto,8,Hombre,34
Jalisco,2004,Agosto,8,Mujer,4
Jalisco,2004,Septiembre,9,Hombre,24
Jalisco,2004,Septiembre,9,Mujer,3
Jalisco,2004,Octubre,10,Hombre,42
Jalisco,2004,Octubre,10,Mujer,8
Jalisco,2004,Noviembre,11,Hombre,33
Jalisco,2004,Noviembre,11,Mujer,2
Jalisco,2004,Diciembre,12,Hombre,21
Jalisco,2004,Diciembre,12,Mujer,2
Jalisco,2005,Enero,1,Hombre,27
Jalisco,2005,Enero,1,Mujer,2
Jalisco,2005,Febrero,2,Hombre,34
Jalisco,2005,Febrero,2,Mujer,4
Jalisco,2005,Marzo,3,Hombre,25
Jalisco,2005,Marzo,3,Mujer,4
Jalisco,2005,Abril,4,Hombre,33
Jalisco,2005,Abril,4,Mujer,3
Jalisco,2005,Mayo,5,Hombre,40
Jalisco,2005,Mayo,5,Mujer,4
Jalisco,2005,Junio,6,Hombre,36
Jalisco,2005,Junio,6,Mujer,3
Jalisco,2005,Julio,7,Hombre,20
Jalisco,2005,Julio,7,Mujer,2
Jalisco,2005,Agosto,8,Hombre,31
Jalisco,2005,Agosto,8,Mujer,4
Jalisco,2005,Septiembre,9,Hombre,37
Jalisco,2005,Septiembre,9,Mujer,3
Jalisco,2005,Octubre,10,Hombre,39
Jalisco,2005,Octubre,10,Mujer,4
Jalisco,2005,Noviembre,11,Hombre,40
Jalisco,2005,Noviembre,11,Mujer,1
Jalisco,2005,Diciembre,12,Hombre,39
Jalisco,2005,Diciembre,12,Mujer,3
Jalisco,2006,Enero,1,Hombre,48
Jalisco,2006,Enero,1,Mujer,8
Jalisco,2006,Febrero,2,Hombre,24
Jalisco,2006,Febrero,2,Mujer,7
Jalisco,2006,Marzo,3,Hombre,32
Jalisco,2006,Marzo,3,Mujer,9
Jalisco,2006,Abril,4,Hombre,43
Jalisco,2006,Mayo,5,Hombre,38
Jalisco,2006,Mayo,5,Mujer,9
Jalisco,2006,Junio,6,Hombre,28
Jalisco,2006,Junio,6,Mujer,8
Jalisco,2006,Julio,7,Hombre,28
Jalisco,2006,Julio,7,Mujer,3
Jalisco,2006,Agosto,8,Hombre,27
Jalisco,2006,Agosto,8,Mujer,3
Jalisco,2006,Septiembre,9,Hombre,34
Jalisco,2006,Septiembre,9,Mujer,2
Jalisco,2006,Octubre,10,Hombre,26
Jalisco,2006,Octubre,10,Mujer,3
Jalisco,2006,Noviembre,11,Hombre,41
Jalisco,2006,Noviembre,11,Mujer,7
Jalisco,2006,Diciembre,12,Hombre,36
Jalisco,2006,Diciembre,12,Mujer,2
Jalisco,2007,Enero,1,Hombre,33
Jalisco,2007,Enero,1,Mujer,3
Jalisco,2007,Febrero,2,Hombre,30
Jalisco,2007,Febrero,2,Mujer,1
Jalisco,2007,Marzo,3,Hombre,24
Jalisco,2007,Marzo,3,Mujer,2
Jalisco,2007,Abril,4,Hombre,25
Jalisco,2007,Abril,4,Mujer,7
Jalisco,2007,Mayo,5,Hombre,36
Jalisco,2007,Mayo,5,Mujer,3
Jalisco,2007,Junio,6,Hombre,31
Jalisco,2007,Junio,6,Mujer,7
Jalisco,2007,Julio,7,Hombre,30
Jalisco,2007,Julio,7,Mujer,2
Jalisco,2007,Agosto,8,Hombre,40
Jalisco,2007,Agosto,8,Mujer,5
Jalisco,2007,Septiembre,9,Hombre,29
Jalisco,2007,Septiembre,9,Mujer,12
Jalisco,2007,Octubre,10,Hombre,37
Jalisco,2007,Octubre,10,Mujer,4
Jalisco,2007,Noviembre,11,Hombre,29
Jalisco,2007,Noviembre,11,Mujer,3
Jalisco,2007,Diciembre,12,Hombre,38
Jalisco,2007,Diciembre,12,Mujer,5
Jalisco,2008,Enero,1,Hombre,39
Jalisco,2008,Enero,1,Mujer,2
Jalisco,2008,Febrero,2,Hombre,29
Jalisco,2008,Febrero,2,Mujer,1
Jalisco,2008,Marzo,3,Hombre,36
Jalisco,2008,Marzo,3,Mujer,6
Jalisco,2008,Abril,4,Hombre,33
Jalisco,2008,Abril,4,Mujer,3
Jalisco,2008,Mayo,5,Hombre,50
Jalisco,2008,Mayo,5,Mujer,3
Jalisco,2008,Junio,6,Hombre,50
Jalisco,2008,Junio,6,Mujer,8
Jalisco,2008,Julio,7,Hombre,40
Jalisco,2008,Julio,7,Mujer,9
Jalisco,2008,Agosto,8,Hombre,42
Jalisco,2008,Agosto,8,Mujer,1
Jalisco,2008,Septiembre,9,Hombre,33
Jalisco,2008,Septiembre,9,Mujer,5
Jalisco,2008,Octubre,10,Hombre,46
Jalisco,2008,Octubre,10,Mujer,3
Jalisco,2008,Noviembre,11,Hombre,37
Jalisco,2008,Noviembre,11,Mujer,4
Jalisco,2008,Diciembre,12,Hombre,47
Jalisco,2008,Diciembre,12,Mujer,11
Jalisco,2009,Enero,1,Hombre,57
Jalisco,2009,Enero,1,Mujer,7
Jalisco,2009,Febrero,2,Hombre,40
Jalisco,2009,Febrero,2,Mujer,3
Jalisco,2009,Marzo,3,Hombre,46
Jalisco,2009,Marzo,3,Mujer,7
Jalisco,2009,Abril,4,Hombre,34
Jalisco,2009,Abril,4,Mujer,4
Jalisco,2009,Mayo,5,Hombre,49
Jalisco,2009,Mayo,5,Mujer,2
Jalisco,2009,Junio,6,Hombre,52
Jalisco,2009,Junio,6,Mujer,5
Jalisco,2009,Julio,7,Hombre,47
Jalisco,2009,Julio,7,Mujer,3
Jalisco,2009,Agosto,8,Hombre,63
Jalisco,2009,Agosto,8,Mujer,6
Jalisco,2009,Septiembre,9,Hombre,47
Jalisco,2009,Septiembre,9,Mujer,5
Jalisco,2009,Octubre,10,Hombre,58
Jalisco,2009,Octubre,10,Mujer,6
Jalisco,2009,Noviembre,11,Hombre,60
Jalisco,2009,Noviembre,11,Mujer,5
Jalisco,2009,Diciembre,12,Hombre,54
Jalisco,2009,Diciembre,12,Mujer,8
Jalisco,2010,Enero,1,Hombre,36
Jalisco,2010,Enero,1,Mujer,6
Jalisco,2010,Febrero,2,Hombre,45
Jalisco,2010,Febrero,2,Mujer,5
Jalisco,2010,Marzo,3,Hombre,68
Jalisco,2010,Marzo,3,Mujer,2
Jalisco,2010,Abril,4,Hombre,76
Jalisco,2010,Abril,4,Mujer,4
Jalisco,2010,Mayo,5,Hombre,75
Jalisco,2010,Mayo,5,Mujer,6
Jalisco,2010,Junio,6,Hombre,77
Jalisco,2010,Junio,6,Mujer,4
Jalisco,2010,Julio,7,Hombre,91
Jalisco,2010,Julio,7,Mujer,8
Jalisco,2010,Agosto,8,Hombre,88
Jalisco,2010,Agosto,8,Mujer,9
Jalisco,2010,Septiembre,9,Hombre,100
Jalisco,2010,Septiembre,9,Mujer,4
Jalisco,2010,Octubre,10,Hombre,114
Jalisco,2010,Octubre,10,Mujer,10
Jalisco,2010,Noviembre,11,Hombre,114
Jalisco,2010,Noviembre,11,Mujer,9
Jalisco,2010,Diciembre,12,Hombre,90
Jalisco,2010,Diciembre,12,Mujer,9
Jalisco,2011,Enero,1,Hombre,100
Jalisco,2011,Enero,1,Mujer,17
Jalisco,2011,Febrero,2,Hombre,110
Jalisco,2011,Febrero,2,Mujer,9
Jalisco,2011,Marzo,3,Hombre,124
Jalisco,2011,Marzo,3,Mujer,12
Jalisco,2011,Abril,4,Hombre,83
Jalisco,2011,Abril,4,Mujer,12
Jalisco,2011,Mayo,5,Hombre,93
Jalisco,2011,Mayo,5,Mujer,5
Jalisco,2011,Junio,6,Hombre,126
Jalisco,2011,Junio,6,Mujer,6
Jalisco,2011,Julio,7,Hombre,160
Jalisco,2011,Julio,7,Mujer,9
Jalisco,2011,Agosto,8,Hombre,111
Jalisco,2011,Agosto,8,Mujer,5
Jalisco,2011,Septiembre,9,Hombre,117
Jalisco,2011,Septiembre,9,Mujer,7
Jalisco,2011,Octubre,10,Hombre,88
Jalisco,2011,Octubre,10,Mujer,6
Jalisco,2011,Noviembre,11,Hombre,137
Jalisco,2011,Noviembre,11,Mujer,8
Jalisco,2011,Diciembre,12,Hombre,114
Jalisco,2011,Diciembre,12,Mujer,9
Jalisco,2012,Enero,1,Hombre,104
Jalisco,2012,Enero,1,Mujer,11
Jalisco,2012,Febrero,2,Hombre,115
Jalisco,2012,Febrero,2,Mujer,7
Jalisco,2012,Marzo,3,Hombre,102
Jalisco,2012,Marzo,3,Mujer,17
Jalisco,2012,Abril,4,Hombre,128
Jalisco,2012,Abril,4,Mujer,20
Jalisco,2012,Mayo,5,Hombre,136
Jalisco,2012,Mayo,5,Mujer,11
Jalisco,2012,Junio,6,Hombre,105
Jalisco,2012,Junio,6,Mujer,13
Jalisco,2012,Julio,7,Hombre,103
Jalisco,2012,Julio,7,Mujer,9
Jalisco,2012,Agosto,8,Hombre,104
Jalisco,2012,Agosto,8,Mujer,15
Jalisco,2012,Septiembre,9,Hombre,127
Jalisco,2012,Septiembre,9,Mujer,7
Jalisco,2012,Octubre,10,Hombre,119
Jalisco,2012,Octubre,10,Mujer,9
Jalisco,2012,Noviembre,11,Hombre,119
Jalisco,2012,Noviembre,11,Mujer,13
Jalisco,2012,Diciembre,12,Hombre,118
Jalisco,2012,Diciembre,12,Mujer,12
Jalisco,2013,Enero,1,Hombre,134
Jalisco,2013,Enero,1,Mujer,15
Jalisco,2013,Febrero,2,Hombre,119
Jalisco,2013,Febrero,2,Mujer,9
Jalisco,2013,Marzo,3,Hombre,138
Jalisco,2013,Marzo,3,Mujer,17
Jalisco,2013,Abril,4,Hombre,118
Jalisco,2013,Abril,4,Mujer,14
Jalisco,2013,Mayo,5,Hombre,143
Jalisco,2013,Mayo,5,Mujer,5
Jalisco,2013,Junio,6,Hombre,111
Jalisco,2013,Junio,6,Mujer,13
Jalisco,2013,Julio,7,Hombre,89
Jalisco,2013,Julio,7,Mujer,6
Jalisco,2013,Agosto,8,Hombre,102
Jalisco,2013,Agosto,8,Mujer,9
Jalisco,2013,Septiembre,9,Hombre,82
Jalisco,2013,Septiembre,9,Mujer,8
Jalisco,2013,Octubre,10,Hombre,95
Jalisco,2013,Octubre,10,Mujer,10
Jalisco,2013,Noviembre,11,Hombre,71
Jalisco,2013,Noviembre,11,Mujer,12
Jalisco,2013,Diciembre,12,Hombre,75
Jalisco,2013,Diciembre,12,Mujer,11
Jalisco,2014,Enero,1,Hombre,60
Jalisco,2014,Enero,1,Mujer,7
Jalisco,2014,Febrero,2,Hombre,67
Jalisco,2014,Febrero,2,Mujer,9
Jalisco,2014,Marzo,3,Hombre,90
Jalisco,2014,Marzo,3,Mujer,7
Jalisco,2014,Abril,4,Hombre,70
Jalisco,2014,Abril,4,Mujer,9
Jalisco,2014,Mayo,5,Hombre,87
Jalisco,2014,Mayo,5,Mujer,7
Jalisco,2014,Junio,6,Hombre,85
Jalisco,2014,Junio,6,Mujer,16
Jalisco,2014,Julio,7,Hombre,51
Jalisco,2014,Julio,7,Mujer,11
Jalisco,2014,Agosto,8,Hombre,83
Jalisco,2014,Agosto,8,Mujer,6
Jalisco,2014,Septiembre,9,Hombre,62
Jalisco,2014,Septiembre,9,Mujer,5
Jalisco,2014,Octubre,10,Hombre,61
Jalisco,2014,Octubre,10,Mujer,9
Jalisco,2014,Noviembre,11,Hombre,68
Jalisco,2014,Noviembre,11,Mujer,8
Jalisco,2014,Diciembre,12,Hombre,64
Jalisco,2014,Diciembre,12,Mujer,8
Jalisco,2015,Enero,1,Hombre,73
Jalisco,2015,Enero,1,Mujer,13
Jalisco,2015,Febrero,2,Hombre,68
Jalisco,2015,Febrero,2,Mujer,13
Jalisco,2015,Marzo,3,Hombre,59
Jalisco,2015,Marzo,3,Mujer,16
Jalisco,2015,Abril,4,Hombre,86
Jalisco,2015,Abril,4,Mujer,10
Jalisco,2015,Mayo,5,Hombre,81
Jalisco,2015,Mayo,5,Mujer,7
Jalisco,2015,Junio,6,Hombre,75
Jalisco,2015,Junio,6,Mujer,5
Jalisco,2015,Julio,7,Hombre,75
Jalisco,2015,Julio,7,Mujer,9
Jalisco,2015,Agosto,8,Hombre,80
Jalisco,2015,Agosto,8,Mujer,11
Jalisco,2015,Septiembre,9,Hombre,83
Jalisco,2015,Septiembre,9,Mujer,10
Jalisco,2015,Octubre,10,Hombre,91
Jalisco,2015,Octubre,10,Mujer,18
Jalisco,2015,Noviembre,11,Hombre,85
Jalisco,2015,Noviembre,11,Mujer,13
Jalisco,2015,Diciembre,12,Hombre,101
Jalisco,2015,Diciembre,12,Mujer,12
Jalisco,2016,Enero,1,Hombre,82
Jalisco,2016,Enero,1,Mujer,7
Jalisco,2016,Febrero,2,Hombre,77
Jalisco,2016,Febrero,2,Mujer,12
Jalisco,2016,Marzo,3,Hombre,75
Jalisco,2016,Marzo,3,Mujer,11
Jalisco,2016,Abril,4,Hombre,69
Jalisco,2016,Abril,4,Mujer,10
Jalisco,2016,Mayo,5,Hombre,118
Jalisco,2016,Mayo,5,Mujer,7
Jalisco,2016,Junio,6,Hombre,67
Jalisco,2016,Junio,6,Mujer,9
Jalisco,2016,Julio,7,Hombre,86
Jalisco,2016,Julio,7,Mujer,10
Jalisco,2016,Agosto,8,Hombre,85
Jalisco,2016,Agosto,8,Mujer,9
Jalisco,2016,Septiembre,9,Hombre,108
Jalisco,2016,Septiembre,9,Mujer,15
Jalisco,2016,Octubre,10,Hombre,75
Jalisco,2016,Octubre,10,Mujer,7
Jalisco,2016,Noviembre,11,Hombre,84
Jalisco,2016,Noviembre,11,Mujer,10
Jalisco,2016,Diciembre,12,Hombre,116
Jalisco,2016,Diciembre,12,Mujer,10
Jalisco,2017,Enero,1,Hombre,88
Jalisco,2017,Enero,1,Mujer,9
Jalisco,2017,Febrero,2,Hombre,78
Jalisco,2017,Febrero,2,Mujer,11
Jalisco,2017,Marzo,3,Hombre,128
Jalisco,2017,Marzo,3,Mujer,10
Jalisco,2017,Abril,4,Hombre,84
Jalisco,2017,Abril,4,Mujer,14
Jalisco,2017,Mayo,5,Hombre,101
Jalisco,2017,Mayo,5,Mujer,8
Jalisco,2017,Junio,6,Hombre,107
Jalisco,2017,Junio,6,Mujer,13
Jalisco,2017,Julio,7,Hombre,97
Jalisco,2017,Julio,7,Mujer,7
Jalisco,2017,Agosto,8,Hombre,149
Jalisco,2017,Agosto,8,Mujer,15
Jalisco,2017,Septiembre,9,Hombre,89
Jalisco,2017,Septiembre,9,Mujer,11
Jalisco,2017,Octubre,10,Hombre,126
Jalisco,2017,Octubre,10,Mujer,13
Jalisco,2017,Noviembre,11,Hombre,122
Jalisco,2017,Noviembre,11,Mujer,6
Jalisco,2017,Diciembre,12,Hombre,123
Jalisco,2017,Diciembre,12,Mujer,12
Jalisco,2018,Enero,1,Hombre,110
Jalisco,2018,Enero,1,Mujer,11
Jalisco,2018,Febrero,2,Hombre,141
Jalisco,2018,Febrero,2,Mujer,9
Jalisco,2018,Marzo,3,Hombre,162
Jalisco,2018,Marzo,3,Mujer,19
Jalisco,2018,Abril,4,Hombre,172
Jalisco,2018,Abril,4,Mujer,20
Jalisco,2018,Mayo,5,Hombre,189
Jalisco,2018,Mayo,5,Mujer,13
Jalisco,2018,Junio,6,Hombre,174
Jalisco,2018,Junio,6,Mujer,13
Jalisco,2018,Julio,7,Hombre,159
Jalisco,2018,Julio,7,Mujer,25
Jalisco,2018,Agosto,8,Hombre,181
Jalisco,2018,Agosto,8,Mujer,25
Jalisco,2018,Septiembre,9,Hombre,197
Jalisco,2018,Septiembre,9,Mujer,24
Jalisco,2018,Octubre,10,Hombre,202
Jalisco,2018,Octubre,10,Mujer,21
Jalisco,2018,Noviembre,11,Hombre,209
Jalisco,2018,Noviembre,11,Mujer,26
Jalisco,2018,Diciembre,12,Hombre,211
Jalisco,2018,Diciembre,12,Mujer,27
Jalisco,2019,Enero,1,Hombre,160
Jalisco,2019,Enero,1,Mujer,25
Jalisco,2019,Febrero,2,Hombre,240
Jalisco,2019,Febrero,2,Mujer,18
Jalisco,2019,Marzo,3,Hombre,177
Jalisco,2019,Marzo,3,Mujer,21
Jalisco,2019,Abril,4,Hombre,184
Jalisco,2019,Abril,4,Mujer,18
Jalisco,2019,Mayo,5,Hombre,176
Jalisco,2019,Mayo,5,Mujer,16
Jalisco,2019,Junio,6,Hombre,165
Jalisco,2019,Junio,6,Mujer,22
Jalisco,2019,Julio,7,Hombre,167
Jalisco,2019,Julio,7,Mujer,19
Jalisco,2019,Agosto,8,Hombre,170
Jalisco,2019,Agosto,8,Mujer,31
Jalisco,2019,Septiembre,9,Hombre,165
Jalisco,2019,Septiembre,9,Mujer,27
Jalisco,2019,Octubre,10,Hombre,181
Jalisco,2019,Octubre,10,Mujer,18
Jalisco,2019,Noviembre,11,Hombre,171
Jalisco,2019,Noviembre,11,Mujer,17
Jalisco,2019,Diciembre,12,Hombre,171
Jalisco,2019,Diciembre,12,Mujer,17
Jalisco,2020,Enero,1,Hombre,127
Jalisco,2020,Enero,1,Mujer,14
Jalisco,2020,Febrero,2,Hombre,135
Jalisco,2020,Febrero,2,Mujer,18
Jalisco,2020,Marzo,3,Hombre,168
Jalisco,2020,Marzo,3,Mujer,13
Jalisco,2020,Abril,4,Hombre,154
Jalisco,2020,Abril,4,Mujer,19
Jalisco,2020,Mayo,5,Hombre,153
Jalisco,2020,Mayo,5,Mujer,16
Jalisco,2020,Junio,6,Hombre,180
Jalisco,2020,Junio,6,Mujer,14
Jalisco,2020,Julio,7,Hombre,151
Jalisco,2020,Julio,7,Mujer,23
Jalisco,2020,Agosto,8,Hombre,146
Jalisco,2020,Agosto,8,Mujer,15
Jalisco,2020,Septiembre,9,Hombre,153
Jalisco,2020,Septiembre,9,Mujer,22
Jalisco,2020,Octubre,10,Hombre,165
Jalisco,2020,Octubre,10,Mujer,32
Jalisco,2020,Noviembre,11,Hombre,144
Jalisco,2020,Noviembre,11,Mujer,22
Jalisco,2020,Diciembre,12,Hombre,196
Jalisco,2020,Diciembre,12,Mujer,20
Jalisco,2021,Enero,1,Hombre,131
Jalisco,2021,Enero,1,Mujer,10
Jalisco,2021,Febrero,2,Hombre,201
Jalisco,2021,Febrero,2,Mujer,21
Jalisco,2021,Marzo,3,Hombre,196
Jalisco,2021,Marzo,3,Mujer,21
Jalisco,2021,Abril,4,Hombre,166
Jalisco,2021,Abril,4,Mujer,23
Jalisco,2021,Mayo,5,Hombre,171
Jalisco,2021,Mayo,5,Mujer,31
Jalisco,2021,Junio,6,Hombre,165
Jalisco,2021,Junio,6,Mujer,25
Jalisco,2021,Julio,7,Hombre,137
Jalisco,2021,Julio,7,Mujer,15
Jalisco,2021,Agosto,8,Hombre,153
Jalisco,2021,Agosto,8,Mujer,22
Jalisco,2021,Septiembre,9,Hombre,140
Jalisco,2021,Septiembre,9,Mujer,16
Jalisco,2021,Octubre,10,Hombre,179
Jalisco,2021,Octubre,10,Mujer,19
Jalisco,2021,Noviembre,11,Hombre,113
Jalisco,2021,Noviembre,11,Mujer,16
Jalisco,2021,Diciembre,12,Hombre,151
Jalisco,2021,Diciembre,12,Mujer,22
Jalisco,2022,Enero,1,Hombre,115
Jalisco,2022,Enero,1,Mujer,16
Jalisco,2022,Febrero,2,Hombre,105
Jalisco,2022,Febrero,2,Mujer,15
Jalisco,2022,Marzo,3,Hombre,131
Jalisco,2022,Marzo,3,Mujer,13
Jalisco,2022,Abril,4,Hombre,117
Jalisco,2022,Abril,4,Mujer,17
Jalisco,2022,Mayo,5,Hombre,147
Jalisco,2022,Mayo,5,Mujer,10
Jalisco,2022,Junio,6,Hombre,144
Jalisco,2022,Junio,6,Mujer,24
Jalisco,2022,Julio,7,Hombre,141
Jalisco,2022,Julio,7,Mujer,17
Jalisco,2022,Agosto,8,Hombre,120
Jalisco,2022,Agosto,8,Mujer,17
Jalisco,2022,Septiembre,9,Hombre,111
Jalisco,2022,Septiembre,9,Mujer,19
Jalisco,2022,Octubre,10,Hombre,153
Jalisco,2022,Octubre,10,Mujer,18
Jalisco,2022,Noviembre,11,Hombre,144
Jalisco,2022,Noviembre,11,Mujer,16
Jalisco,2022,Diciembre,12,Hombre,137
Jalisco,2022,Diciembre,12,Mujer,17
Jalisco,2023,Enero,1,Hombre,148
Jalisco,2023,Enero,1,Mujer,22
Jalisco,2023,Febrero,2,Hombre,112
Jalisco,2023,Febrero,2,Mujer,10
Jalisco,2023,Marzo,3,Hombre,132
Jalisco,2023,Marzo,3,Mujer,6
Jalisco,2023,Abril,4,Hombre,118
Jalisco,2023,Abril,4,Mujer,19
Jalisco,2023,Mayo,5,Hombre,155
Jalisco,2023,Mayo,5,Mujer,13
Jalisco,2023,Junio,6,Hombre,152
Jalisco,2023,Junio,6,Mujer,27
Jalisco,2023,Julio,7,Hombre,129
Jalisco,2023,Julio,7,Mujer,11
Jalisco,2023,Agosto,8,Hombre,109
Jalisco,2023,Agosto,8,Mujer,10
Jalisco,2023,Septiembre,9,Hombre,126
Jalisco,2023,Septiembre,9,Mujer,13
Jalisco,2023,Octubre,10,Hombre,97
Jalisco,2023,Octubre,10,Mujer,10
Jalisco,2023,Noviembre,11,Hombre,88
Jalisco,2023,Noviembre,11,Mujer,11
Jalisco,2023,Diciembre,12,Hombre,120
Jalisco,2023,Diciembre,12,Mujer,10
Jalisco,2024,Enero,1,Hombre,121
Jalisco,2024,Enero,1,Mujer,9
Jalisco,2024,Febrero,2,Hombre,123
Jalisco,2024,Febrero,2,Mujer,17
Jalisco,2024,Marzo,3,Hombre,126
Jalisco,2024,Marzo,3,Mujer,11
Jalisco,2024,Abril,4,Hombre,108
Jalisco,2024,Abril,4,Mujer,14
Jalisco,2024,Mayo,5,Hombre,123
Jalisco,2024,Mayo,5,Mujer,27
Jalisco,2024,Junio,6,Hombre,143
Jalisco,2024,Junio,6,Mujer,16
Jalisco,2024,Julio,7,Hombre,173
Jalisco,2024,Julio,7,Mujer,12
Jalisco,2024,Agosto,8,Hombre,143
Jalisco,2024,Agosto,8,Mujer,14
Jalisco,2024,Septiembre,9,Hombre,118
Jalisco,2024,Septiembre,9,Mujer,24
Jalisco,2024,Octubre,10,Hombre,110
Jalisco,2024,Octubre,10,Mujer,7
Jalisco,2024,Noviembre,11,Hombre,110
Jalisco,2024,Noviembre,11,Mujer,11
Jalisco,2024,Diciembre,12,Hombre,114
Jalisco,2024,Diciembre,12,Mujer,17
Michoac�n de Ocampo,1990,Enero,1,Hombre,108
Michoac�n de Ocampo,1990,Enero,1,Mujer,5
Michoac�n de Ocampo,1990,Febrero,2,Hombre,106
Michoac�n de Ocampo,1990,Febrero,2,Mujer,9
Michoac�n de Ocampo,1990,Marzo,3,Hombre,101
Michoac�n de Ocampo,1990,Marzo,3,Mujer,8
Michoac�n de Ocampo,1990,Abril,4,Hombre,119
Michoac�n de Ocampo,1990,Abril,4,Mujer,5
Michoac�n de Ocampo,1990,Mayo,5,Hombre,87
Michoac�n de Ocampo,1990,Mayo,5,Mujer,4
Michoac�n de Ocampo,1990,Junio,6,Hombre,85
Michoac�n de Ocampo,1990,Junio,6,Mujer,1
Michoac�n de Ocampo,1990,Julio,7,Hombre,103
Michoac�n de Ocampo,1990,Julio,7,Mujer,4
Michoac�n de Ocampo,1990,Agosto,8,Hombre,85
Michoac�n de Ocampo,1990,Agosto,8,Mujer,5
Michoac�n de Ocampo,1990,Septiembre,9,Hombre,67
Michoac�n de Ocampo,1990,Septiembre,9,Mujer,2
Michoac�n de Ocampo,1990,Octubre,10,Hombre,72
Michoac�n de Ocampo,1990,Octubre,10,Mujer,8
Michoac�n de Ocampo,1990,Noviembre,11,Hombre,89
Michoac�n de Ocampo,1990,Noviembre,11,Mujer,1
Michoac�n de Ocampo,1990,Diciembre,12,Hombre,70
Michoac�n de Ocampo,1990,Diciembre,12,Mujer,2
Michoac�n de Ocampo,1991,Enero,1,Hombre,110
Michoac�n de Ocampo,1991,Enero,1,Mujer,5
Michoac�n de Ocampo,1991,Febrero,2,Hombre,78
Michoac�n de Ocampo,1991,Febrero,2,Mujer,9
Michoac�n de Ocampo,1991,Marzo,3,Hombre,100
Michoac�n de Ocampo,1991,Marzo,3,Mujer,10
Michoac�n de Ocampo,1991,Abril,4,Hombre,104
Michoac�n de Ocampo,1991,Abril,4,Mujer,6
Michoac�n de Ocampo,1991,Mayo,5,Hombre,93
Michoac�n de Ocampo,1991,Mayo,5,Mujer,6
Michoac�n de Ocampo,1991,Junio,6,Hombre,64
Michoac�n de Ocampo,1991,Junio,6,Mujer,2
Michoac�n de Ocampo,1991,Julio,7,Hombre,94
Michoac�n de Ocampo,1991,Julio,7,Mujer,4
Michoac�n de Ocampo,1991,Agosto,8,Hombre,90
Michoac�n de Ocampo,1991,Agosto,8,Mujer,9
Michoac�n de Ocampo,1991,Septiembre,9,Hombre,56
Michoac�n de Ocampo,1991,Septiembre,9,Mujer,5
Michoac�n de Ocampo,1991,Octubre,10,Hombre,88
Michoac�n de Ocampo,1991,Octubre,10,Mujer,4
Michoac�n de Ocampo,1991,Noviembre,11,Hombre,81
Michoac�n de Ocampo,1991,Noviembre,11,Mujer,13
Michoac�n de Ocampo,1991,Diciembre,12,Hombre,116
Michoac�n de Ocampo,1991,Diciembre,12,Mujer,8
Michoac�n de Ocampo,1992,Enero,1,Hombre,100
Michoac�n de Ocampo,1992,Enero,1,Mujer,11
Michoac�n de Ocampo,1992,Febrero,2,Hombre,110
Michoac�n de Ocampo,1992,Febrero,2,Mujer,9
Michoac�n de Ocampo,1992,Marzo,3,Hombre,132
Michoac�n de Ocampo,1992,Marzo,3,Mujer,3
Michoac�n de Ocampo,1992,Abril,4,Hombre,117
Michoac�n de Ocampo,1992,Abril,4,Mujer,15
Michoac�n de Ocampo,1992,Mayo,5,Hombre,109
Michoac�n de Ocampo,1992,Mayo,5,Mujer,6
Michoac�n de Ocampo,1992,Junio,6,Hombre,112
Michoac�n de Ocampo,1992,Junio,6,Mujer,3
Michoac�n de Ocampo,1992,Julio,7,Hombre,99
Michoac�n de Ocampo,1992,Julio,7,Mujer,4
Michoac�n de Ocampo,1992,Agosto,8,Hombre,136
Michoac�n de Ocampo,1992,Agosto,8,Mujer,4
Michoac�n de Ocampo,1992,Septiembre,9,Hombre,96
Michoac�n de Ocampo,1992,Septiembre,9,Mujer,1
Michoac�n de Ocampo,1992,Octubre,10,Hombre,72
Michoac�n de Ocampo,1992,Octubre,10,Mujer,5
Michoac�n de Ocampo,1992,Noviembre,11,Hombre,111
Michoac�n de Ocampo,1992,Noviembre,11,Mujer,7
Michoac�n de Ocampo,1992,Diciembre,12,Hombre,131
Michoac�n de Ocampo,1992,Diciembre,12,Mujer,3
Michoac�n de Ocampo,1993,Enero,1,Hombre,118
Michoac�n de Ocampo,1993,Enero,1,Mujer,7
Michoac�n de Ocampo,1993,Febrero,2,Hombre,124
Michoac�n de Ocampo,1993,Febrero,2,Mujer,11
Michoac�n de Ocampo,1993,Marzo,3,Hombre,136
Michoac�n de Ocampo,1993,Marzo,3,Mujer,12
Michoac�n de Ocampo,1993,Abril,4,Hombre,115
Michoac�n de Ocampo,1993,Abril,4,Mujer,4
Michoac�n de Ocampo,1993,Mayo,5,Hombre,83
Michoac�n de Ocampo,1993,Mayo,5,Mujer,5
Michoac�n de Ocampo,1993,Junio,6,Hombre,99
Michoac�n de Ocampo,1993,Junio,6,Mujer,10
Michoac�n de Ocampo,1993,Julio,7,Hombre,79
Michoac�n de Ocampo,1993,Julio,7,Mujer,9
Michoac�n de Ocampo,1993,Agosto,8,Hombre,123
Michoac�n de Ocampo,1993,Agosto,8,Mujer,19
Michoac�n de Ocampo,1993,Septiembre,9,Hombre,83
Michoac�n de Ocampo,1993,Septiembre,9,Mujer,5
Michoac�n de Ocampo,1993,Octubre,10,Hombre,106
Michoac�n de Ocampo,1993,Octubre,10,Mujer,7
Michoac�n de Ocampo,1993,Noviembre,11,Hombre,97
Michoac�n de Ocampo,1993,Noviembre,11,Mujer,6
Michoac�n de Ocampo,1993,Diciembre,12,Hombre,93
Michoac�n de Ocampo,1993,Diciembre,12,Mujer,3
Michoac�n de Ocampo,1994,Enero,1,Hombre,104
Michoac�n de Ocampo,1994,Enero,1,Mujer,6
Michoac�n de Ocampo,1994,Febrero,2,Hombre,120
Michoac�n de Ocampo,1994,Febrero,2,Mujer,5
Michoac�n de Ocampo,1994,Marzo,3,Hombre,96
Michoac�n de Ocampo,1994,Marzo,3,Mujer,4
Michoac�n de Ocampo,1994,Abril,4,Hombre,86
Michoac�n de Ocampo,1994,Abril,4,Mujer,4
Michoac�n de Ocampo,1994,Mayo,5,Hombre,121
Michoac�n de Ocampo,1994,Mayo,5,Mujer,8
Michoac�n de Ocampo,1994,Junio,6,Hombre,86
Michoac�n de Ocampo,1994,Junio,6,Mujer,9
Michoac�n de Ocampo,1994,Julio,7,Hombre,90
Michoac�n de Ocampo,1994,Julio,7,Mujer,11
Michoac�n de Ocampo,1994,Agosto,8,Hombre,79
Michoac�n de Ocampo,1994,Agosto,8,Mujer,11
Michoac�n de Ocampo,1994,Septiembre,9,Hombre,110
Michoac�n de Ocampo,1994,Septiembre,9,Mujer,8
Michoac�n de Ocampo,1994,Octubre,10,Hombre,95
Michoac�n de Ocampo,1994,Octubre,10,Mujer,7
Michoac�n de Ocampo,1994,Noviembre,11,Hombre,92
Michoac�n de Ocampo,1994,Noviembre,11,Mujer,2
Michoac�n de Ocampo,1994,Diciembre,12,Hombre,122
Michoac�n de Ocampo,1994,Diciembre,12,Mujer,1
Michoac�n de Ocampo,1995,Enero,1,Hombre,108
Michoac�n de Ocampo,1995,Enero,1,Mujer,6
Michoac�n de Ocampo,1995,Febrero,2,Hombre,86
Michoac�n de Ocampo,1995,Febrero,2,Mujer,9
Michoac�n de Ocampo,1995,Marzo,3,Hombre,90
Michoac�n de Ocampo,1995,Marzo,3,Mujer,7
Michoac�n de Ocampo,1995,Abril,4,Hombre,100
Michoac�n de Ocampo,1995,Abril,4,Mujer,2
Michoac�n de Ocampo,1995,Mayo,5,Hombre,117
Michoac�n de Ocampo,1995,Mayo,5,Mujer,11
Michoac�n de Ocampo,1995,Junio,6,Hombre,70
Michoac�n de Ocampo,1995,Junio,6,Mujer,10
Michoac�n de Ocampo,1995,Julio,7,Hombre,71
Michoac�n de Ocampo,1995,Julio,7,Mujer,4
Michoac�n de Ocampo,1995,Agosto,8,Hombre,89
Michoac�n de Ocampo,1995,Agosto,8,Mujer,5
Michoac�n de Ocampo,1995,Septiembre,9,Hombre,71
Michoac�n de Ocampo,1995,Septiembre,9,Mujer,3
Michoac�n de Ocampo,1995,Octubre,10,Hombre,104
Michoac�n de Ocampo,1995,Octubre,10,Mujer,5
Michoac�n de Ocampo,1995,Noviembre,11,Hombre,56
Michoac�n de Ocampo,1995,Noviembre,11,Mujer,10
Michoac�n de Ocampo,1995,Diciembre,12,Hombre,92
Michoac�n de Ocampo,1995,Diciembre,12,Mujer,9
Michoac�n de Ocampo,1996,Enero,1,Hombre,83
Michoac�n de Ocampo,1996,Enero,1,Mujer,7
Michoac�n de Ocampo,1996,Febrero,2,Hombre,91
Michoac�n de Ocampo,1996,Febrero,2,Mujer,7
Michoac�n de Ocampo,1996,Marzo,3,Hombre,92
Michoac�n de Ocampo,1996,Marzo,3,Mujer,6
Michoac�n de Ocampo,1996,Abril,4,Hombre,98
Michoac�n de Ocampo,1996,Abril,4,Mujer,9
Michoac�n de Ocampo,1996,Mayo,5,Hombre,85
Michoac�n de Ocampo,1996,Mayo,5,Mujer,5
Michoac�n de Ocampo,1996,Junio,6,Hombre,86
Michoac�n de Ocampo,1996,Junio,6,Mujer,8
Michoac�n de Ocampo,1996,Julio,7,Hombre,91
Michoac�n de Ocampo,1996,Julio,7,Mujer,13
Michoac�n de Ocampo,1996,Agosto,8,Hombre,80
Michoac�n de Ocampo,1996,Agosto,8,Mujer,12
Michoac�n de Ocampo,1996,Septiembre,9,Hombre,62
Michoac�n de Ocampo,1996,Septiembre,9,Mujer,7
Michoac�n de Ocampo,1996,Octubre,10,Hombre,88
Michoac�n de Ocampo,1996,Octubre,10,Mujer,14
Michoac�n de Ocampo,1996,Noviembre,11,Hombre,67
Michoac�n de Ocampo,1996,Noviembre,11,Mujer,11
Michoac�n de Ocampo,1996,Diciembre,12,Hombre,84
Michoac�n de Ocampo,1996,Diciembre,12,Mujer,8
Michoac�n de Ocampo,1997,Enero,1,Hombre,78
Michoac�n de Ocampo,1997,Enero,1,Mujer,11
Michoac�n de Ocampo,1997,Febrero,2,Hombre,79
Michoac�n de Ocampo,1997,Febrero,2,Mujer,3
Michoac�n de Ocampo,1997,Marzo,3,Hombre,67
Michoac�n de Ocampo,1997,Marzo,3,Mujer,4
Michoac�n de Ocampo,1997,Abril,4,Hombre,65
Michoac�n de Ocampo,1997,Abril,4,Mujer,1
Michoac�n de Ocampo,1997,Mayo,5,Hombre,64
Michoac�n de Ocampo,1997,Mayo,5,Mujer,7
Michoac�n de Ocampo,1997,Junio,6,Hombre,61
Michoac�n de Ocampo,1997,Junio,6,Mujer,4
Michoac�n de Ocampo,1997,Julio,7,Hombre,67
Michoac�n de Ocampo,1997,Julio,7,Mujer,6
Michoac�n de Ocampo,1997,Agosto,8,Hombre,47
Michoac�n de Ocampo,1997,Agosto,8,Mujer,3
Michoac�n de Ocampo,1997,Septiembre,9,Hombre,50
Michoac�n de Ocampo,1997,Septiembre,9,Mujer,4
Michoac�n de Ocampo,1997,Octubre,10,Hombre,64
Michoac�n de Ocampo,1997,Octubre,10,Mujer,4
Michoac�n de Ocampo,1997,Noviembre,11,Hombre,63
Michoac�n de Ocampo,1997,Noviembre,11,Mujer,11
Michoac�n de Ocampo,1997,Diciembre,12,Hombre,78
Michoac�n de Ocampo,1997,Diciembre,12,Mujer,5
Michoac�n de Ocampo,1998,Enero,1,Hombre,57
Michoac�n de Ocampo,1998,Enero,1,Mujer,5
Michoac�n de Ocampo,1998,Febrero,2,Hombre,44
Michoac�n de Ocampo,1998,Febrero,2,Mujer,6
Michoac�n de Ocampo,1998,Marzo,3,Hombre,60
Michoac�n de Ocampo,1998,Marzo,3,Mujer,3
Michoac�n de Ocampo,1998,Abril,4,Hombre,62
Michoac�n de Ocampo,1998,Abril,4,Mujer,2
Michoac�n de Ocampo,1998,Mayo,5,Hombre,46
Michoac�n de Ocampo,1998,Mayo,5,Mujer,5
Michoac�n de Ocampo,1998,Junio,6,Hombre,39
Michoac�n de Ocampo,1998,Junio,6,Mujer,3
Michoac�n de Ocampo,1998,Julio,7,Hombre,51
Michoac�n de Ocampo,1998,Julio,7,Mujer,5
Michoac�n de Ocampo,1998,Agosto,8,Hombre,31
Michoac�n de Ocampo,1998,Agosto,8,Mujer,3
Michoac�n de Ocampo,1998,Septiembre,9,Hombre,53
Michoac�n de Ocampo,1998,Septiembre,9,Mujer,2
Michoac�n de Ocampo,1998,Octubre,10,Hombre,48
Michoac�n de Ocampo,1998,Octubre,10,Mujer,6
Michoac�n de Ocampo,1998,Noviembre,11,Hombre,52
Michoac�n de Ocampo,1998,Noviembre,11,Mujer,10
Michoac�n de Ocampo,1998,Diciembre,12,Hombre,55
Michoac�n de Ocampo,1998,Diciembre,12,Mujer,9
Michoac�n de Ocampo,1999,Enero,1,Hombre,64
Michoac�n de Ocampo,1999,Enero,1,Mujer,4
Michoac�n de Ocampo,1999,Febrero,2,Hombre,38
Michoac�n de Ocampo,1999,Marzo,3,Hombre,65
Michoac�n de Ocampo,1999,Marzo,3,Mujer,1
Michoac�n de Ocampo,1999,Abril,4,Hombre,37
Michoac�n de Ocampo,1999,Mayo,5,Hombre,67
Michoac�n de Ocampo,1999,Mayo,5,Mujer,2
Michoac�n de Ocampo,1999,Junio,6,Hombre,41
Michoac�n de Ocampo,1999,Junio,6,Mujer,3
Michoac�n de Ocampo,1999,Julio,7,Hombre,55
Michoac�n de Ocampo,1999,Julio,7,Mujer,12
Michoac�n de Ocampo,1999,Agosto,8,Hombre,44
Michoac�n de Ocampo,1999,Agosto,8,Mujer,6
Michoac�n de Ocampo,1999,Septiembre,9,Hombre,46
Michoac�n de Ocampo,1999,Septiembre,9,Mujer,4
Michoac�n de Ocampo,1999,Octubre,10,Hombre,44
Michoac�n de Ocampo,1999,Octubre,10,Mujer,1
Michoac�n de Ocampo,1999,Noviembre,11,Hombre,52
Michoac�n de Ocampo,1999,Noviembre,11,Mujer,4
Michoac�n de Ocampo,1999,Diciembre,12,Hombre,64
Michoac�n de Ocampo,1999,Diciembre,12,Mujer,3
Michoac�n de Ocampo,2000,Enero,1,Hombre,66
Michoac�n de Ocampo,2000,Enero,1,Mujer,8
Michoac�n de Ocampo,2000,Febrero,2,Hombre,48
Michoac�n de Ocampo,2000,Febrero,2,Mujer,4
Michoac�n de Ocampo,2000,Marzo,3,Hombre,57
Michoac�n de Ocampo,2000,Marzo,3,Mujer,7
Michoac�n de Ocampo,2000,Abril,4,Hombre,36
Michoac�n de Ocampo,2000,Abril,4,Mujer,4
Michoac�n de Ocampo,2000,Mayo,5,Hombre,50
Michoac�n de Ocampo,2000,Mayo,5,Mujer,3
Michoac�n de Ocampo,2000,Junio,6,Hombre,31
Michoac�n de Ocampo,2000,Junio,6,Mujer,2
Michoac�n de Ocampo,2000,Julio,7,Hombre,33
Michoac�n de Ocampo,2000,Julio,7,Mujer,2
Michoac�n de Ocampo,2000,Agosto,8,Hombre,37
Michoac�n de Ocampo,2000,Septiembre,9,Hombre,52
Michoac�n de Ocampo,2000,Septiembre,9,Mujer,5
Michoac�n de Ocampo,2000,Octubre,10,Hombre,48
Michoac�n de Ocampo,2000,Octubre,10,Mujer,3
Michoac�n de Ocampo,2000,Noviembre,11,Hombre,43
Michoac�n de Ocampo,2000,Noviembre,11,Mujer,5
Michoac�n de Ocampo,2000,Diciembre,12,Hombre,62
Michoac�n de Ocampo,2000,Diciembre,12,Mujer,8
Michoac�n de Ocampo,2001,Enero,1,Hombre,59
Michoac�n de Ocampo,2001,Enero,1,Mujer,6
Michoac�n de Ocampo,2001,Febrero,2,Hombre,65
Michoac�n de Ocampo,2001,Febrero,2,Mujer,7
Michoac�n de Ocampo,2001,Marzo,3,Hombre,49
Michoac�n de Ocampo,2001,Marzo,3,Mujer,10
Michoac�n de Ocampo,2001,Abril,4,Hombre,38
Michoac�n de Ocampo,2001,Abril,4,Mujer,2
Michoac�n de Ocampo,2001,Mayo,5,Hombre,52
Michoac�n de Ocampo,2001,Mayo,5,Mujer,6
Michoac�n de Ocampo,2001,Junio,6,Hombre,40
Michoac�n de Ocampo,2001,Junio,6,Mujer,8
Michoac�n de Ocampo,2001,Julio,7,Hombre,29
Michoac�n de Ocampo,2001,Julio,7,Mujer,4
Michoac�n de Ocampo,2001,Agosto,8,Hombre,36
Michoac�n de Ocampo,2001,Agosto,8,Mujer,7
Michoac�n de Ocampo,2001,Septiembre,9,Hombre,41
Michoac�n de Ocampo,2001,Septiembre,9,Mujer,7
Michoac�n de Ocampo,2001,Octubre,10,Hombre,59
Michoac�n de Ocampo,2001,Octubre,10,Mujer,4
Michoac�n de Ocampo,2001,Noviembre,11,Hombre,45
Michoac�n de Ocampo,2001,Noviembre,11,Mujer,4
Michoac�n de Ocampo,2001,Diciembre,12,Hombre,58
Michoac�n de Ocampo,2001,Diciembre,12,Mujer,6
Michoac�n de Ocampo,2002,Enero,1,Hombre,41
Michoac�n de Ocampo,2002,Enero,1,Mujer,7
Michoac�n de Ocampo,2002,Febrero,2,Hombre,39
Michoac�n de Ocampo,2002,Febrero,2,Mujer,4
Michoac�n de Ocampo,2002,Marzo,3,Hombre,47
Michoac�n de Ocampo,2002,Marzo,3,Mujer,4
Michoac�n de Ocampo,2002,Abril,4,Hombre,43
Michoac�n de Ocampo,2002,Abril,4,Mujer,8
Michoac�n de Ocampo,2002,Mayo,5,Hombre,34
Michoac�n de Ocampo,2002,Mayo,5,Mujer,4
Michoac�n de Ocampo,2002,Junio,6,Hombre,44
Michoac�n de Ocampo,2002,Junio,6,Mujer,5
Michoac�n de Ocampo,2002,Julio,7,Hombre,37
Michoac�n de Ocampo,2002,Julio,7,Mujer,6
Michoac�n de Ocampo,2002,Agosto,8,Hombre,34
Michoac�n de Ocampo,2002,Agosto,8,Mujer,3
Michoac�n de Ocampo,2002,Septiembre,9,Hombre,23
Michoac�n de Ocampo,2002,Septiembre,9,Mujer,5
Michoac�n de Ocampo,2002,Octubre,10,Hombre,42
Michoac�n de Ocampo,2002,Octubre,10,Mujer,8
Michoac�n de Ocampo,2002,Noviembre,11,Hombre,38
Michoac�n de Ocampo,2002,Noviembre,11,Mujer,6
Michoac�n de Ocampo,2002,Diciembre,12,Hombre,49
Michoac�n de Ocampo,2002,Diciembre,12,Mujer,6
Michoac�n de Ocampo,2003,Enero,1,Hombre,58
Michoac�n de Ocampo,2003,Enero,1,Mujer,5
Michoac�n de Ocampo,2003,Febrero,2,Hombre,33
Michoac�n de Ocampo,2003,Febrero,2,Mujer,1
Michoac�n de Ocampo,2003,Marzo,3,Hombre,48
Michoac�n de Ocampo,2003,Marzo,3,Mujer,11
Michoac�n de Ocampo,2003,Abril,4,Hombre,43
Michoac�n de Ocampo,2003,Abril,4,Mujer,4
Michoac�n de Ocampo,2003,Mayo,5,Hombre,42
Michoac�n de Ocampo,2003,Mayo,5,Mujer,8
Michoac�n de Ocampo,2003,Junio,6,Hombre,38
Michoac�n de Ocampo,2003,Junio,6,Mujer,5
Michoac�n de Ocampo,2003,Julio,7,Hombre,47
Michoac�n de Ocampo,2003,Julio,7,Mujer,3
Michoac�n de Ocampo,2003,Agosto,8,Hombre,26
Michoac�n de Ocampo,2003,Septiembre,9,Hombre,49
Michoac�n de Ocampo,2003,Septiembre,9,Mujer,7
Michoac�n de Ocampo,2003,Octubre,10,Hombre,41
Michoac�n de Ocampo,2003,Octubre,10,Mujer,9
Michoac�n de Ocampo,2003,Noviembre,11,Hombre,35
Michoac�n de Ocampo,2003,Noviembre,11,Mujer,7
Michoac�n de Ocampo,2003,Diciembre,12,Hombre,33
Michoac�n de Ocampo,2003,Diciembre,12,Mujer,2
Michoac�n de Ocampo,2004,Enero,1,Hombre,44
Michoac�n de Ocampo,2004,Enero,1,Mujer,3
Michoac�n de Ocampo,2004,Febrero,2,Hombre,29
Michoac�n de Ocampo,2004,Febrero,2,Mujer,2
Michoac�n de Ocampo,2004,Marzo,3,Hombre,46
Michoac�n de Ocampo,2004,Marzo,3,Mujer,10
Michoac�n de Ocampo,2004,Abril,4,Hombre,38
Michoac�n de Ocampo,2004,Abril,4,Mujer,4
Michoac�n de Ocampo,2004,Mayo,5,Hombre,48
Michoac�n de Ocampo,2004,Mayo,5,Mujer,4
Michoac�n de Ocampo,2004,Junio,6,Hombre,34
Michoac�n de Ocampo,2004,Junio,6,Mujer,4
Michoac�n de Ocampo,2004,Julio,7,Hombre,53
Michoac�n de Ocampo,2004,Julio,7,Mujer,4
Michoac�n de Ocampo,2004,Agosto,8,Hombre,41
Michoac�n de Ocampo,2004,Agosto,8,Mujer,2
Michoac�n de Ocampo,2004,Septiembre,9,Hombre,29
Michoac�n de Ocampo,2004,Septiembre,9,Mujer,4
Michoac�n de Ocampo,2004,Octubre,10,Hombre,40
Michoac�n de Ocampo,2004,Octubre,10,Mujer,6
Michoac�n de Ocampo,2004,Noviembre,11,Hombre,48
Michoac�n de Ocampo,2004,Noviembre,11,Mujer,8
Michoac�n de Ocampo,2004,Diciembre,12,Hombre,36
Michoac�n de Ocampo,2004,Diciembre,12,Mujer,5
Michoac�n de Ocampo,2005,Enero,1,Hombre,44
Michoac�n de Ocampo,2005,Enero,1,Mujer,4
Michoac�n de Ocampo,2005,Febrero,2,Hombre,59
Michoac�n de Ocampo,2005,Febrero,2,Mujer,6
Michoac�n de Ocampo,2005,Marzo,3,Hombre,55
Michoac�n de Ocampo,2005,Marzo,3,Mujer,6
Michoac�n de Ocampo,2005,Abril,4,Hombre,52
Michoac�n de Ocampo,2005,Abril,4,Mujer,6
Michoac�n de Ocampo,2005,Mayo,5,Hombre,52
Michoac�n de Ocampo,2005,Mayo,5,Mujer,2
Michoac�n de Ocampo,2005,Junio,6,Hombre,46
Michoac�n de Ocampo,2005,Junio,6,Mujer,5
Michoac�n de Ocampo,2005,Julio,7,Hombre,49
Michoac�n de Ocampo,2005,Julio,7,Mujer,3
Michoac�n de Ocampo,2005,Agosto,8,Hombre,31
Michoac�n de Ocampo,2005,Agosto,8,Mujer,3
Michoac�n de Ocampo,2005,Septiembre,9,Hombre,55
Michoac�n de Ocampo,2005,Septiembre,9,Mujer,1
Michoac�n de Ocampo,2005,Octubre,10,Hombre,54
Michoac�n de Ocampo,2005,Octubre,10,Mujer,6
Michoac�n de Ocampo,2005,Noviembre,11,Hombre,58
Michoac�n de Ocampo,2005,Noviembre,11,Mujer,7
Michoac�n de Ocampo,2005,Diciembre,12,Hombre,57
Michoac�n de Ocampo,2005,Diciembre,12,Mujer,4
Michoac�n de Ocampo,2006,Enero,1,Hombre,61
Michoac�n de Ocampo,2006,Enero,1,Mujer,6
Michoac�n de Ocampo,2006,Febrero,2,Hombre,39
Michoac�n de Ocampo,2006,Febrero,2,Mujer,12
Michoac�n de Ocampo,2006,Marzo,3,Hombre,51
Michoac�n de Ocampo,2006,Marzo,3,Mujer,3
Michoac�n de Ocampo,2006,Abril,4,Hombre,70
Michoac�n de Ocampo,2006,Abril,4,Mujer,1
Michoac�n de Ocampo,2006,Mayo,5,Hombre,67
Michoac�n de Ocampo,2006,Mayo,5,Mujer,8
Michoac�n de Ocampo,2006,Junio,6,Hombre,65
Michoac�n de Ocampo,2006,Junio,6,Mujer,4
Michoac�n de Ocampo,2006,Julio,7,Hombre,71
Michoac�n de Ocampo,2006,Julio,7,Mujer,2
Michoac�n de Ocampo,2006,Agosto,8,Hombre,118
Michoac�n de Ocampo,2006,Agosto,8,Mujer,9
Michoac�n de Ocampo,2006,Septiembre,9,Hombre,84
Michoac�n de Ocampo,2006,Septiembre,9,Mujer,8
Michoac�n de Ocampo,2006,Octubre,10,Hombre,82
Michoac�n de Ocampo,2006,Octubre,10,Mujer,5
Michoac�n de Ocampo,2006,Noviembre,11,Hombre,83
Michoac�n de Ocampo,2006,Noviembre,11,Mujer,9
Michoac�n de Ocampo,2006,Diciembre,12,Hombre,93
Michoac�n de Ocampo,2006,Diciembre,12,Mujer,9
Michoac�n de Ocampo,2007,Enero,1,Hombre,50
Michoac�n de Ocampo,2007,Enero,1,Mujer,7
Michoac�n de Ocampo,2007,Febrero,2,Hombre,16
Michoac�n de Ocampo,2007,Febrero,2,Mujer,4
Michoac�n de Ocampo,2007,Marzo,3,Hombre,56
Michoac�n de Ocampo,2007,Marzo,3,Mujer,3
Michoac�n de Ocampo,2007,Abril,4,Hombre,44
Michoac�n de Ocampo,2007,Abril,4,Mujer,2
Michoac�n de Ocampo,2007,Mayo,5,Hombre,55
Michoac�n de Ocampo,2007,Mayo,5,Mujer,8
Michoac�n de Ocampo,2007,Junio,6,Hombre,28
Michoac�n de Ocampo,2007,Junio,6,Mujer,2
Michoac�n de Ocampo,2007,Julio,7,Hombre,33
Michoac�n de Ocampo,2007,Julio,7,Mujer,4
Michoac�n de Ocampo,2007,Agosto,8,Hombre,56
Michoac�n de Ocampo,2007,Agosto,8,Mujer,2
Michoac�n de Ocampo,2007,Septiembre,9,Hombre,31
Michoac�n de Ocampo,2007,Septiembre,9,Mujer,2
Michoac�n de Ocampo,2007,Octubre,10,Hombre,60
Michoac�n de Ocampo,2007,Octubre,10,Mujer,5
Michoac�n de Ocampo,2007,Noviembre,11,Hombre,38
Michoac�n de Ocampo,2007,Noviembre,11,Mujer,7
Michoac�n de Ocampo,2007,Diciembre,12,Hombre,33
Michoac�n de Ocampo,2007,Diciembre,12,Mujer,3
Michoac�n de Ocampo,2008,Enero,1,Hombre,53
Michoac�n de Ocampo,2008,Enero,1,Mujer,4
Michoac�n de Ocampo,2008,Febrero,2,Hombre,47
Michoac�n de Ocampo,2008,Febrero,2,Mujer,3
Michoac�n de Ocampo,2008,Marzo,3,Hombre,39
Michoac�n de Ocampo,2008,Marzo,3,Mujer,6
Michoac�n de Ocampo,2008,Abril,4,Hombre,42
Michoac�n de Ocampo,2008,Abril,4,Mujer,8
Michoac�n de Ocampo,2008,Mayo,5,Hombre,56
Michoac�n de Ocampo,2008,Mayo,5,Mujer,5
Michoac�n de Ocampo,2008,Junio,6,Hombre,36
Michoac�n de Ocampo,2008,Junio,6,Mujer,4
Michoac�n de Ocampo,2008,Julio,7,Hombre,58
Michoac�n de Ocampo,2008,Julio,7,Mujer,5
Michoac�n de Ocampo,2008,Agosto,8,Hombre,42
Michoac�n de Ocampo,2008,Agosto,8,Mujer,6
Michoac�n de Ocampo,2008,Septiembre,9,Hombre,46
Michoac�n de Ocampo,2008,Septiembre,9,Mujer,10
Michoac�n de Ocampo,2008,Octubre,10,Hombre,46
Michoac�n de Ocampo,2008,Noviembre,11,Hombre,51
Michoac�n de Ocampo,2008,Noviembre,11,Mujer,5
Michoac�n de Ocampo,2008,Diciembre,12,Hombre,58
Michoac�n de Ocampo,2008,Diciembre,12,Mujer,7
Michoac�n de Ocampo,2009,Enero,1,Hombre,48
Michoac�n de Ocampo,2009,Enero,1,Mujer,8
Michoac�n de Ocampo,2009,Febrero,2,Hombre,33
Michoac�n de Ocampo,2009,Febrero,2,Mujer,3
Michoac�n de Ocampo,2009,Marzo,3,Hombre,68
Michoac�n de Ocampo,2009,Marzo,3,Mujer,3
Michoac�n de Ocampo,2009,Abril,4,Hombre,96
Michoac�n de Ocampo,2009,Abril,4,Mujer,6
Michoac�n de Ocampo,2009,Mayo,5,Hombre,74
Michoac�n de Ocampo,2009,Mayo,5,Mujer,9
Michoac�n de Ocampo,2009,Junio,6,Hombre,89
Michoac�n de Ocampo,2009,Junio,6,Mujer,7
Michoac�n de Ocampo,2009,Julio,7,Hombre,116
Michoac�n de Ocampo,2009,Julio,7,Mujer,10
Michoac�n de Ocampo,2009,Agosto,8,Hombre,48
Michoac�n de Ocampo,2009,Agosto,8,Mujer,7
Michoac�n de Ocampo,2009,Septiembre,9,Hombre,68
Michoac�n de Ocampo,2009,Septiembre,9,Mujer,7
Michoac�n de Ocampo,2009,Octubre,10,Hombre,60
Michoac�n de Ocampo,2009,Octubre,10,Mujer,4
Michoac�n de Ocampo,2009,Noviembre,11,Hombre,62
Michoac�n de Ocampo,2009,Noviembre,11,Mujer,5
Michoac�n de Ocampo,2009,Diciembre,12,Hombre,70
Michoac�n de Ocampo,2009,Diciembre,12,Mujer,4
Michoac�n de Ocampo,2010,Enero,1,Hombre,64
Michoac�n de Ocampo,2010,Enero,1,Mujer,5
Michoac�n de Ocampo,2010,Febrero,2,Hombre,68
Michoac�n de Ocampo,2010,Febrero,2,Mujer,8
Michoac�n de Ocampo,2010,Marzo,3,Hombre,43
Michoac�n de Ocampo,2010,Marzo,3,Mujer,8
Michoac�n de Ocampo,2010,Abril,4,Hombre,38
Michoac�n de Ocampo,2010,Abril,4,Mujer,3
Michoac�n de Ocampo,2010,Mayo,5,Hombre,41
Michoac�n de Ocampo,2010,Mayo,5,Mujer,6
Michoac�n de Ocampo,2010,Junio,6,Hombre,51
Michoac�n de Ocampo,2010,Junio,6,Mujer,3
Michoac�n de Ocampo,2010,Julio,7,Hombre,33
Michoac�n de Ocampo,2010,Julio,7,Mujer,3
Michoac�n de Ocampo,2010,Agosto,8,Hombre,56
Michoac�n de Ocampo,2010,Agosto,8,Mujer,5
Michoac�n de Ocampo,2010,Septiembre,9,Hombre,57
Michoac�n de Ocampo,2010,Septiembre,9,Mujer,3
Michoac�n de Ocampo,2010,Octubre,10,Hombre,72
Michoac�n de Ocampo,2010,Octubre,10,Mujer,5
Michoac�n de Ocampo,2010,Noviembre,11,Hombre,48
Michoac�n de Ocampo,2010,Noviembre,11,Mujer,9
Michoac�n de Ocampo,2010,Diciembre,12,Hombre,74
Michoac�n de Ocampo,2010,Diciembre,12,Mujer,4
Michoac�n de Ocampo,2011,Enero,1,Hombre,49
Michoac�n de Ocampo,2011,Enero,1,Mujer,6
Michoac�n de Ocampo,2011,Febrero,2,Hombre,51
Michoac�n de Ocampo,2011,Febrero,2,Mujer,8
Michoac�n de Ocampo,2011,Marzo,3,Hombre,68
Michoac�n de Ocampo,2011,Marzo,3,Mujer,6
Michoac�n de Ocampo,2011,Abril,4,Hombre,54
Michoac�n de Ocampo,2011,Abril,4,Mujer,6
Michoac�n de Ocampo,2011,Mayo,5,Hombre,64
Michoac�n de Ocampo,2011,Mayo,5,Mujer,7
Michoac�n de Ocampo,2011,Junio,6,Hombre,84
Michoac�n de Ocampo,2011,Junio,6,Mujer,6
Michoac�n de Ocampo,2011,Julio,7,Hombre,73
Michoac�n de Ocampo,2011,Julio,7,Mujer,4
Michoac�n de Ocampo,2011,Agosto,8,Hombre,79
Michoac�n de Ocampo,2011,Agosto,8,Mujer,8
Michoac�n de Ocampo,2011,Septiembre,9,Hombre,51
Michoac�n de Ocampo,2011,Septiembre,9,Mujer,7
Michoac�n de Ocampo,2011,Octubre,10,Hombre,57
Michoac�n de Ocampo,2011,Octubre,10,Mujer,6
Michoac�n de Ocampo,2011,Noviembre,11,Hombre,54
Michoac�n de Ocampo,2011,Noviembre,11,Mujer,9
Michoac�n de Ocampo,2011,Diciembre,12,Hombre,46
Michoac�n de Ocampo,2011,Diciembre,12,Mujer,6
Michoac�n de Ocampo,2012,Enero,1,Hombre,71
Michoac�n de Ocampo,2012,Enero,1,Mujer,4
Michoac�n de Ocampo,2012,Febrero,2,Hombre,44
Michoac�n de Ocampo,2012,Febrero,2,Mujer,8
Michoac�n de Ocampo,2012,Marzo,3,Hombre,57
Michoac�n de Ocampo,2012,Marzo,3,Mujer,6
Michoac�n de Ocampo,2012,Abril,4,Hombre,75
Michoac�n de Ocampo,2012,Abril,4,Mujer,10
Michoac�n de Ocampo,2012,Mayo,5,Hombre,52
Michoac�n de Ocampo,2012,Mayo,5,Mujer,7
Michoac�n de Ocampo,2012,Junio,6,Hombre,57
Michoac�n de Ocampo,2012,Junio,6,Mujer,5
Michoac�n de Ocampo,2012,Julio,7,Hombre,49
Michoac�n de Ocampo,2012,Julio,7,Mujer,9
Michoac�n de Ocampo,2012,Agosto,8,Hombre,60
Michoac�n de Ocampo,2012,Agosto,8,Mujer,7
Michoac�n de Ocampo,2012,Septiembre,9,Hombre,59
Michoac�n de Ocampo,2012,Septiembre,9,Mujer,5
Michoac�n de Ocampo,2012,Octubre,10,Hombre,60
Michoac�n de Ocampo,2012,Octubre,10,Mujer,5
Michoac�n de Ocampo,2012,Noviembre,11,Hombre,62
Michoac�n de Ocampo,2012,Noviembre,11,Mujer,9
Michoac�n de Ocampo,2012,Diciembre,12,Hombre,58
Michoac�n de Ocampo,2012,Diciembre,12,Mujer,8
Michoac�n de Ocampo,2013,Enero,1,Hombre,42
Michoac�n de Ocampo,2013,Enero,1,Mujer,4
Michoac�n de Ocampo,2013,Febrero,2,Hombre,36
Michoac�n de Ocampo,2013,Febrero,2,Mujer,4
Michoac�n de Ocampo,2013,Marzo,3,Hombre,52
Michoac�n de Ocampo,2013,Marzo,3,Mujer,7
Michoac�n de Ocampo,2013,Abril,4,Hombre,83
Michoac�n de Ocampo,2013,Abril,4,Mujer,5
Michoac�n de Ocampo,2013,Mayo,5,Hombre,79
Michoac�n de Ocampo,2013,Mayo,5,Mujer,6
Michoac�n de Ocampo,2013,Junio,6,Hombre,50
Michoac�n de Ocampo,2013,Junio,6,Mujer,7
Michoac�n de Ocampo,2013,Julio,7,Hombre,60
Michoac�n de Ocampo,2013,Julio,7,Mujer,5
Michoac�n de Ocampo,2013,Agosto,8,Hombre,62
Michoac�n de Ocampo,2013,Agosto,8,Mujer,3
Michoac�n de Ocampo,2013,Septiembre,9,Hombre,63
Michoac�n de Ocampo,2013,Septiembre,9,Mujer,13
Michoac�n de Ocampo,2013,Octubre,10,Hombre,101
Michoac�n de Ocampo,2013,Octubre,10,Mujer,11
Michoac�n de Ocampo,2013,Noviembre,11,Hombre,80
Michoac�n de Ocampo,2013,Noviembre,11,Mujer,10
Michoac�n de Ocampo,2013,Diciembre,12,Hombre,96
Michoac�n de Ocampo,2013,Diciembre,12,Mujer,5
Michoac�n de Ocampo,2014,Enero,1,Hombre,83
Michoac�n de Ocampo,2014,Enero,1,Mujer,9
Michoac�n de Ocampo,2014,Febrero,2,Hombre,63
Michoac�n de Ocampo,2014,Febrero,2,Mujer,10
Michoac�n de Ocampo,2014,Marzo,3,Hombre,74
Michoac�n de Ocampo,2014,Marzo,3,Mujer,10
Michoac�n de Ocampo,2014,Abril,4,Hombre,41
Michoac�n de Ocampo,2014,Abril,4,Mujer,5
Michoac�n de Ocampo,2014,Mayo,5,Hombre,101
Michoac�n de Ocampo,2014,Mayo,5,Mujer,11
Michoac�n de Ocampo,2014,Junio,6,Hombre,78
Michoac�n de Ocampo,2014,Junio,6,Mujer,5
Michoac�n de Ocampo,2014,Julio,7,Hombre,72
Michoac�n de Ocampo,2014,Julio,7,Mujer,6
Michoac�n de Ocampo,2014,Agosto,8,Hombre,64
Michoac�n de Ocampo,2014,Agosto,8,Mujer,8
Michoac�n de Ocampo,2014,Septiembre,9,Hombre,61
Michoac�n de Ocampo,2014,Septiembre,9,Mujer,9
Michoac�n de Ocampo,2014,Octubre,10,Hombre,60
Michoac�n de Ocampo,2014,Octubre,10,Mujer,7
Michoac�n de Ocampo,2014,Noviembre,11,Hombre,62
Michoac�n de Ocampo,2014,Noviembre,11,Mujer,4
Michoac�n de Ocampo,2014,Diciembre,12,Hombre,55
Michoac�n de Ocampo,2014,Diciembre,12,Mujer,4
Michoac�n de Ocampo,2015,Enero,1,Hombre,47
Michoac�n de Ocampo,2015,Enero,1,Mujer,8
Michoac�n de Ocampo,2015,Febrero,2,Hombre,35
Michoac�n de Ocampo,2015,Febrero,2,Mujer,10
Michoac�n de Ocampo,2015,Marzo,3,Hombre,40
Michoac�n de Ocampo,2015,Marzo,3,Mujer,3
Michoac�n de Ocampo,2015,Abril,4,Hombre,58
Michoac�n de Ocampo,2015,Abril,4,Mujer,3
Michoac�n de Ocampo,2015,Mayo,5,Hombre,84
Michoac�n de Ocampo,2015,Mayo,5,Mujer,4
Michoac�n de Ocampo,2015,Junio,6,Hombre,80
Michoac�n de Ocampo,2015,Junio,6,Mujer,6
Michoac�n de Ocampo,2015,Julio,7,Hombre,60
Michoac�n de Ocampo,2015,Julio,7,Mujer,10
Michoac�n de Ocampo,2015,Agosto,8,Hombre,96
Michoac�n de Ocampo,2015,Agosto,8,Mujer,9
Michoac�n de Ocampo,2015,Septiembre,9,Hombre,61
Michoac�n de Ocampo,2015,Septiembre,9,Mujer,9
Michoac�n de Ocampo,2015,Octubre,10,Hombre,53
Michoac�n de Ocampo,2015,Octubre,10,Mujer,6
Michoac�n de Ocampo,2015,Noviembre,11,Hombre,68
Michoac�n de Ocampo,2015,Noviembre,11,Mujer,7
Michoac�n de Ocampo,2015,Diciembre,12,Hombre,76
Michoac�n de Ocampo,2015,Diciembre,12,Mujer,11
Michoac�n de Ocampo,2016,Enero,1,Hombre,54
Michoac�n de Ocampo,2016,Enero,1,Mujer,7
Michoac�n de Ocampo,2016,Febrero,2,Hombre,65
Michoac�n de Ocampo,2016,Febrero,2,Mujer,5
Michoac�n de Ocampo,2016,Marzo,3,Hombre,65
Michoac�n de Ocampo,2016,Marzo,3,Mujer,9
Michoac�n de Ocampo,2016,Abril,4,Hombre,102
Michoac�n de Ocampo,2016,Abril,4,Mujer,10
Michoac�n de Ocampo,2016,Mayo,5,Hombre,99
Michoac�n de Ocampo,2016,Mayo,5,Mujer,10
Michoac�n de Ocampo,2016,Junio,6,Hombre,112
Michoac�n de Ocampo,2016,Junio,6,Mujer,7
Michoac�n de Ocampo,2016,Julio,7,Hombre,138
Michoac�n de Ocampo,2016,Julio,7,Mujer,13
Michoac�n de Ocampo,2016,Agosto,8,Hombre,155
Michoac�n de Ocampo,2016,Agosto,8,Mujer,12
Michoac�n de Ocampo,2016,Septiembre,9,Hombre,133
Michoac�n de Ocampo,2016,Septiembre,9,Mujer,18
Michoac�n de Ocampo,2016,Octubre,10,Hombre,117
Michoac�n de Ocampo,2016,Octubre,10,Mujer,15
Michoac�n de Ocampo,2016,Noviembre,11,Hombre,117
Michoac�n de Ocampo,2016,Noviembre,11,Mujer,14
Michoac�n de Ocampo,2016,Diciembre,12,Hombre,105
Michoac�n de Ocampo,2016,Diciembre,12,Mujer,10
Michoac�n de Ocampo,2017,Enero,1,Hombre,107
Michoac�n de Ocampo,2017,Enero,1,Mujer,16
Michoac�n de Ocampo,2017,Febrero,2,Hombre,112
Michoac�n de Ocampo,2017,Febrero,2,Mujer,8
Michoac�n de Ocampo,2017,Marzo,3,Hombre,156
Michoac�n de Ocampo,2017,Marzo,3,Mujer,8
Michoac�n de Ocampo,2017,Abril,4,Hombre,112
Michoac�n de Ocampo,2017,Abril,4,Mujer,12
Michoac�n de Ocampo,2017,Mayo,5,Hombre,126
Michoac�n de Ocampo,2017,Mayo,5,Mujer,13
Michoac�n de Ocampo,2017,Junio,6,Hombre,92
Michoac�n de Ocampo,2017,Junio,6,Mujer,11
Michoac�n de Ocampo,2017,Julio,7,Hombre,96
Michoac�n de Ocampo,2017,Julio,7,Mujer,11
Michoac�n de Ocampo,2017,Agosto,8,Hombre,110
Michoac�n de Ocampo,2017,Agosto,8,Mujer,16
Michoac�n de Ocampo,2017,Septiembre,9,Hombre,111
Michoac�n de Ocampo,2017,Septiembre,9,Mujer,12
Michoac�n de Ocampo,2017,Octubre,10,Hombre,159
Michoac�n de Ocampo,2017,Octubre,10,Mujer,10
Michoac�n de Ocampo,2017,Noviembre,11,Hombre,162
Michoac�n de Ocampo,2017,Noviembre,11,Mujer,12
Michoac�n de Ocampo,2017,Diciembre,12,Hombre,184
Michoac�n de Ocampo,2017,Diciembre,12,Mujer,12
Michoac�n de Ocampo,2018,Enero,1,Hombre,108
Michoac�n de Ocampo,2018,Enero,1,Mujer,12
Michoac�n de Ocampo,2018,Febrero,2,Hombre,136
Michoac�n de Ocampo,2018,Febrero,2,Mujer,12
Michoac�n de Ocampo,2018,Marzo,3,Hombre,170
Michoac�n de Ocampo,2018,Marzo,3,Mujer,16
Michoac�n de Ocampo,2018,Abril,4,Hombre,148
Michoac�n de Ocampo,2018,Abril,4,Mujer,14
Michoac�n de Ocampo,2018,Mayo,5,Hombre,138
Michoac�n de Ocampo,2018,Mayo,5,Mujer,15
Michoac�n de Ocampo,2018,Junio,6,Hombre,127
Michoac�n de Ocampo,2018,Junio,6,Mujer,17
Michoac�n de Ocampo,2018,Julio,7,Hombre,151
Michoac�n de Ocampo,2018,Julio,7,Mujer,11
Michoac�n de Ocampo,2018,Agosto,8,Hombre,149
Michoac�n de Ocampo,2018,Agosto,8,Mujer,15
Michoac�n de Ocampo,2018,Septiembre,9,Hombre,139
Michoac�n de Ocampo,2018,Septiembre,9,Mujer,15
Michoac�n de Ocampo,2018,Octubre,10,Hombre,189
Michoac�n de Ocampo,2018,Octubre,10,Mujer,19
Michoac�n de Ocampo,2018,Noviembre,11,Hombre,166
Michoac�n de Ocampo,2018,Noviembre,11,Mujer,12
Michoac�n de Ocampo,2018,Diciembre,12,Hombre,159
Michoac�n de Ocampo,2018,Diciembre,12,Mujer,15
Michoac�n de Ocampo,2019,Enero,1,Hombre,147
Michoac�n de Ocampo,2019,Enero,1,Mujer,16
Michoac�n de Ocampo,2019,Febrero,2,Hombre,187
Michoac�n de Ocampo,2019,Febrero,2,Mujer,10
Michoac�n de Ocampo,2019,Marzo,3,Hombre,162
Michoac�n de Ocampo,2019,Marzo,3,Mujer,11
Michoac�n de Ocampo,2019,Abril,4,Hombre,124
Michoac�n de Ocampo,2019,Abril,4,Mujer,11
Michoac�n de Ocampo,2019,Mayo,5,Hombre,180
Michoac�n de Ocampo,2019,Mayo,5,Mujer,16
Michoac�n de Ocampo,2019,Junio,6,Hombre,202
Michoac�n de Ocampo,2019,Junio,6,Mujer,9
Michoac�n de Ocampo,2019,Julio,7,Hombre,174
Michoac�n de Ocampo,2019,Julio,7,Mujer,19
Michoac�n de Ocampo,2019,Agosto,8,Hombre,204
Michoac�n de Ocampo,2019,Agosto,8,Mujer,21
Michoac�n de Ocampo,2019,Septiembre,9,Hombre,192
Michoac�n de Ocampo,2019,Septiembre,9,Mujer,18
Michoac�n de Ocampo,2019,Octubre,10,Hombre,225
Michoac�n de Ocampo,2019,Octubre,10,Mujer,16
Michoac�n de Ocampo,2019,Noviembre,11,Hombre,158
Michoac�n de Ocampo,2019,Noviembre,11,Mujer,22
Michoac�n de Ocampo,2019,Diciembre,12,Hombre,195
Michoac�n de Ocampo,2019,Diciembre,12,Mujer,18
Michoac�n de Ocampo,2020,Enero,1,Hombre,147
Michoac�n de Ocampo,2020,Enero,1,Mujer,22
Michoac�n de Ocampo,2020,Febrero,2,Hombre,180
Michoac�n de Ocampo,2020,Febrero,2,Mujer,8
Michoac�n de Ocampo,2020,Marzo,3,Hombre,185
Michoac�n de Ocampo,2020,Marzo,3,Mujer,30
Michoac�n de Ocampo,2020,Abril,4,Hombre,171
Michoac�n de Ocampo,2020,Abril,4,Mujer,21
Michoac�n de Ocampo,2020,Mayo,5,Hombre,155
Michoac�n de Ocampo,2020,Mayo,5,Mujer,19
Michoac�n de Ocampo,2020,Junio,6,Hombre,159
Michoac�n de Ocampo,2020,Junio,6,Mujer,19
Michoac�n de Ocampo,2020,Julio,7,Hombre,145
Michoac�n de Ocampo,2020,Julio,7,Mujer,18
Michoac�n de Ocampo,2020,Agosto,8,Hombre,169
Michoac�n de Ocampo,2020,Agosto,8,Mujer,22
Michoac�n de Ocampo,2020,Septiembre,9,Hombre,129
Michoac�n de Ocampo,2020,Septiembre,9,Mujer,14
Michoac�n de Ocampo,2020,Octubre,10,Hombre,204
Michoac�n de Ocampo,2020,Octubre,10,Mujer,18
Michoac�n de Ocampo,2020,Noviembre,11,Hombre,194
Michoac�n de Ocampo,2020,Noviembre,11,Mujer,26
Michoac�n de Ocampo,2020,Diciembre,12,Hombre,181
Michoac�n de Ocampo,2020,Diciembre,12,Mujer,22
Michoac�n de Ocampo,2021,Enero,1,Hombre,165
Michoac�n de Ocampo,2021,Enero,1,Mujer,15
Michoac�n de Ocampo,2021,Febrero,2,Hombre,160
Michoac�n de Ocampo,2021,Febrero,2,Mujer,19
Michoac�n de Ocampo,2021,Marzo,3,Hombre,171
Michoac�n de Ocampo,2021,Marzo,3,Mujer,29
Michoac�n de Ocampo,2021,Abril,4,Hombre,199
Michoac�n de Ocampo,2021,Abril,4,Mujer,27
Michoac�n de Ocampo,2021,Mayo,5,Hombre,191
Michoac�n de Ocampo,2021,Mayo,5,Mujer,18
Michoac�n de Ocampo,2021,Junio,6,Hombre,165
Michoac�n de Ocampo,2021,Junio,6,Mujer,20
Michoac�n de Ocampo,2021,Julio,7,Hombre,188
Michoac�n de Ocampo,2021,Julio,7,Mujer,29
Michoac�n de Ocampo,2021,Agosto,8,Hombre,200
Michoac�n de Ocampo,2021,Agosto,8,Mujer,20
Michoac�n de Ocampo,2021,Septiembre,9,Hombre,200
Michoac�n de Ocampo,2021,Septiembre,9,Mujer,22
Michoac�n de Ocampo,2021,Octubre,10,Hombre,210
Michoac�n de Ocampo,2021,Octubre,10,Mujer,23
Michoac�n de Ocampo,2021,Noviembre,11,Hombre,208
Michoac�n de Ocampo,2021,Noviembre,11,Mujer,18
Michoac�n de Ocampo,2021,Diciembre,12,Hombre,208
Michoac�n de Ocampo,2021,Diciembre,12,Mujer,23
Michoac�n de Ocampo,2022,Enero,1,Hombre,179
Michoac�n de Ocampo,2022,Enero,1,Mujer,27
Michoac�n de Ocampo,2022,Febrero,2,Hombre,197
Michoac�n de Ocampo,2022,Febrero,2,Mujer,19
Michoac�n de Ocampo,2022,Marzo,3,Hombre,197
Michoac�n de Ocampo,2022,Marzo,3,Mujer,25
Michoac�n de Ocampo,2022,Abril,4,Hombre,213
Michoac�n de Ocampo,2022,Abril,4,Mujer,26
Michoac�n de Ocampo,2022,Mayo,5,Hombre,171
Michoac�n de Ocampo,2022,Mayo,5,Mujer,17
Michoac�n de Ocampo,2022,Junio,6,Hombre,149
Michoac�n de Ocampo,2022,Junio,6,Mujer,25
Michoac�n de Ocampo,2022,Julio,7,Hombre,130
Michoac�n de Ocampo,2022,Julio,7,Mujer,23
Michoac�n de Ocampo,2022,Agosto,8,Hombre,119
Michoac�n de Ocampo,2022,Agosto,8,Mujer,19
Michoac�n de Ocampo,2022,Septiembre,9,Hombre,115
Michoac�n de Ocampo,2022,Septiembre,9,Mujer,22
Michoac�n de Ocampo,2022,Octubre,10,Hombre,144
Michoac�n de Ocampo,2022,Octubre,10,Mujer,10
Michoac�n de Ocampo,2022,Noviembre,11,Hombre,139
Michoac�n de Ocampo,2022,Noviembre,11,Mujer,13
Michoac�n de Ocampo,2022,Diciembre,12,Hombre,138
Michoac�n de Ocampo,2022,Diciembre,12,Mujer,16
Michoac�n de Ocampo,2023,Enero,1,Hombre,117
Michoac�n de Ocampo,2023,Enero,1,Mujer,14
Michoac�n de Ocampo,2023,Febrero,2,Hombre,133
Michoac�n de Ocampo,2023,Febrero,2,Mujer,11
Michoac�n de Ocampo,2023,Marzo,3,Hombre,125
Michoac�n de Ocampo,2023,Marzo,3,Mujer,12
Michoac�n de Ocampo,2023,Abril,4,Hombre,137
Michoac�n de Ocampo,2023,Abril,4,Mujer,14
Michoac�n de Ocampo,2023,Mayo,5,Hombre,144
Michoac�n de Ocampo,2023,Mayo,5,Mujer,22
Michoac�n de Ocampo,2023,Junio,6,Hombre,111
Michoac�n de Ocampo,2023,Junio,6,Mujer,15
Michoac�n de Ocampo,2023,Julio,7,Hombre,150
Michoac�n de Ocampo,2023,Julio,7,Mujer,11
Michoac�n de Ocampo,2023,Agosto,8,Hombre,140
Michoac�n de Ocampo,2023,Agosto,8,Mujer,11
Michoac�n de Ocampo,2023,Septiembre,9,Hombre,114
Michoac�n de Ocampo,2023,Septiembre,9,Mujer,19
Michoac�n de Ocampo,2023,Octubre,10,Hombre,132
Michoac�n de Ocampo,2023,Octubre,10,Mujer,13
Michoac�n de Ocampo,2023,Noviembre,11,Hombre,109
Michoac�n de Ocampo,2023,Noviembre,11,Mujer,12
Michoac�n de Ocampo,2023,Diciembre,12,Hombre,127
Michoac�n de Ocampo,2023,Diciembre,12,Mujer,24
Michoac�n de Ocampo,2024,Enero,1,Hombre,140
Michoac�n de Ocampo,2024,Enero,1,Mujer,13
Michoac�n de Ocampo,2024,Febrero,2,Hombre,119
Michoac�n de Ocampo,2024,Febrero,2,Mujer,9
Michoac�n de Ocampo,2024,Marzo,3,Hombre,131
Michoac�n de Ocampo,2024,Marzo,3,Mujer,18
Michoac�n de Ocampo,2024,Abril,4,Hombre,136
Michoac�n de Ocampo,2024,Abril,4,Mujer,12
Michoac�n de Ocampo,2024,Mayo,5,Hombre,138
Michoac�n de Ocampo,2024,Mayo,5,Mujer,13
Michoac�n de Ocampo,2024,Junio,6,Hombre,113
Michoac�n de Ocampo,2024,Junio,6,Mujer,18
Michoac�n de Ocampo,2024,Julio,7,Hombre,109
Michoac�n de Ocampo,2024,Julio,7,Mujer,10
Michoac�n de Ocampo,2024,Agosto,8,Hombre,101
Michoac�n de Ocampo,2024,Agosto,8,Mujer,18
Michoac�n de Ocampo,2024,Septiembre,9,Hombre,93
Michoac�n de Ocampo,2024,Septiembre,9,Mujer,11
Michoac�n de Ocampo,2024,Octubre,10,Hombre,90
Michoac�n de Ocampo,2024,Octubre,10,Mujer,18
Michoac�n de Ocampo,2024,Noviembre,11,Hombre,101
Michoac�n de Ocampo,2024,Noviembre,11,Mujer,11
Michoac�n de Ocampo,2024,Diciembre,12,Hombre,98
Michoac�n de Ocampo,2024,Diciembre,12,Mujer,15
Morelos,1990,Enero,1,Hombre,26
Morelos,1990,Enero,1,Mujer,4
Morelos,1990,Febrero,2,Hombre,22
Morelos,1990,Febrero,2,Mujer,4
Morelos,1990,Marzo,3,Hombre,38
Morelos,1990,Marzo,3,Mujer,2
Morelos,1990,Abril,4,Hombre,15
Morelos,1990,Abril,4,Mujer,3
Morelos,1990,Mayo,5,Hombre,25
Morelos,1990,Mayo,5,Mujer,2
Morelos,1990,Junio,6,Hombre,61
Morelos,1990,Junio,6,Mujer,9
Morelos,1990,Julio,7,Hombre,20
Morelos,1990,Julio,7,Mujer,1
Morelos,1990,Agosto,8,Hombre,30
Morelos,1990,Septiembre,9,Hombre,20
Morelos,1990,Septiembre,9,Mujer,1
Morelos,1990,Octubre,10,Hombre,27
Morelos,1990,Octubre,10,Mujer,3
Morelos,1990,Noviembre,11,Hombre,25
Morelos,1990,Diciembre,12,Hombre,30
Morelos,1991,Enero,1,Hombre,17
Morelos,1991,Enero,1,Mujer,2
Morelos,1991,Febrero,2,Hombre,22
Morelos,1991,Febrero,2,Mujer,4
Morelos,1991,Marzo,3,Hombre,17
Morelos,1991,Marzo,3,Mujer,4
Morelos,1991,Abril,4,Hombre,39
Morelos,1991,Abril,4,Mujer,1
Morelos,1991,Mayo,5,Hombre,35
Morelos,1991,Mayo,5,Mujer,2
Morelos,1991,Junio,6,Hombre,24
Morelos,1991,Junio,6,Mujer,1
Morelos,1991,Julio,7,Hombre,26
Morelos,1991,Julio,7,Mujer,4
Morelos,1991,Agosto,8,Hombre,26
Morelos,1991,Agosto,8,Mujer,2
Morelos,1991,Septiembre,9,Hombre,29
Morelos,1991,Septiembre,9,Mujer,2
Morelos,1991,Octubre,10,Hombre,21
Morelos,1991,Noviembre,11,Hombre,24
Morelos,1991,Noviembre,11,Mujer,1
Morelos,1991,Diciembre,12,Hombre,31
Morelos,1992,Enero,1,Hombre,24
Morelos,1992,Enero,1,Mujer,3
Morelos,1992,Febrero,2,Hombre,28
Morelos,1992,Febrero,2,Mujer,1
Morelos,1992,Marzo,3,Hombre,25
Morelos,1992,Marzo,3,Mujer,5
Morelos,1992,Abril,4,Hombre,31
Morelos,1992,Abril,4,Mujer,1
Morelos,1992,Mayo,5,Hombre,36
Morelos,1992,Mayo,5,Mujer,1
Morelos,1992,Junio,6,Hombre,25
Morelos,1992,Junio,6,Mujer,1
Morelos,1992,Julio,7,Hombre,25
Morelos,1992,Julio,7,Mujer,3
Morelos,1992,Agosto,8,Hombre,39
Morelos,1992,Agosto,8,Mujer,5
Morelos,1992,Septiembre,9,Hombre,25
Morelos,1992,Septiembre,9,Mujer,3
Morelos,1992,Octubre,10,Hombre,22
Morelos,1992,Noviembre,11,Hombre,21
Morelos,1992,Diciembre,12,Hombre,36
Morelos,1992,Diciembre,12,Mujer,4
Morelos,1993,Enero,1,Hombre,28
Morelos,1993,Enero,1,Mujer,2
Morelos,1993,Febrero,2,Hombre,34
Morelos,1993,Febrero,2,Mujer,2
Morelos,1993,Marzo,3,Hombre,19
Morelos,1993,Marzo,3,Mujer,3
Morelos,1993,Abril,4,Hombre,22
Morelos,1993,Abril,4,Mujer,4
Morelos,1993,Mayo,5,Hombre,28
Morelos,1993,Mayo,5,Mujer,1
Morelos,1993,Junio,6,Hombre,45
Morelos,1993,Junio,6,Mujer,4
Morelos,1993,Julio,7,Hombre,29
Morelos,1993,Julio,7,Mujer,1
Morelos,1993,Agosto,8,Hombre,41
Morelos,1993,Agosto,8,Mujer,6
Morelos,1993,Septiembre,9,Hombre,34
Morelos,1993,Septiembre,9,Mujer,1
Morelos,1993,Octubre,10,Hombre,31
Morelos,1993,Octubre,10,Mujer,3
Morelos,1993,Noviembre,11,Hombre,50
Morelos,1993,Noviembre,11,Mujer,7
Morelos,1993,Diciembre,12,Hombre,69
Morelos,1993,Diciembre,12,Mujer,8
Morelos,1994,Enero,1,Hombre,33
Morelos,1994,Enero,1,Mujer,3
Morelos,1994,Febrero,2,Hombre,40
Morelos,1994,Marzo,3,Hombre,59
Morelos,1994,Marzo,3,Mujer,4
Morelos,1994,Abril,4,Hombre,28
Morelos,1994,Abril,4,Mujer,1
Morelos,1994,Mayo,5,Hombre,46
Morelos,1994,Mayo,5,Mujer,2
Morelos,1994,Junio,6,Hombre,32
Morelos,1994,Julio,7,Hombre,32
Morelos,1994,Julio,7,Mujer,3
Morelos,1994,Agosto,8,Hombre,22
Morelos,1994,Agosto,8,Mujer,2
Morelos,1994,Septiembre,9,Hombre,39
Morelos,1994,Septiembre,9,Mujer,4
Morelos,1994,Octubre,10,Hombre,18
Morelos,1994,Octubre,10,Mujer,2
Morelos,1994,Noviembre,11,Hombre,30
Morelos,1994,Noviembre,11,Mujer,2
Morelos,1994,Diciembre,12,Hombre,40
Morelos,1994,Diciembre,12,Mujer,4
Morelos,1995,Enero,1,Hombre,18
Morelos,1995,Enero,1,Mujer,3
Morelos,1995,Febrero,2,Hombre,28
Morelos,1995,Febrero,2,Mujer,3
Morelos,1995,Marzo,3,Hombre,30
Morelos,1995,Marzo,3,Mujer,2
Morelos,1995,Abril,4,Hombre,31
Morelos,1995,Abril,4,Mujer,1
Morelos,1995,Mayo,5,Hombre,27
Morelos,1995,Mayo,5,Mujer,1
Morelos,1995,Junio,6,Hombre,26
Morelos,1995,Junio,6,Mujer,5
Morelos,1995,Julio,7,Hombre,23
Morelos,1995,Julio,7,Mujer,2
Morelos,1995,Agosto,8,Hombre,22
Morelos,1995,Agosto,8,Mujer,3
Morelos,1995,Septiembre,9,Hombre,32
Morelos,1995,Septiembre,9,Mujer,4
Morelos,1995,Octubre,10,Hombre,25
Morelos,1995,Octubre,10,Mujer,5
Morelos,1995,Noviembre,11,Hombre,21
Morelos,1995,Noviembre,11,Mujer,1
Morelos,1995,Diciembre,12,Hombre,27
Morelos,1995,Diciembre,12,Mujer,1
Morelos,1996,Enero,1,Hombre,28
Morelos,1996,Enero,1,Mujer,3
Morelos,1996,Febrero,2,Hombre,24
Morelos,1996,Febrero,2,Mujer,2
Morelos,1996,Marzo,3,Hombre,31
Morelos,1996,Marzo,3,Mujer,2
Morelos,1996,Abril,4,Hombre,33
Morelos,1996,Abril,4,Mujer,2
Morelos,1996,Mayo,5,Hombre,26
Morelos,1996,Mayo,5,Mujer,2
Morelos,1996,Junio,6,Hombre,14
Morelos,1996,Junio,6,Mujer,8
Morelos,1996,Julio,7,Hombre,29
Morelos,1996,Julio,7,Mujer,4
Morelos,1996,Agosto,8,Hombre,26
Morelos,1996,Agosto,8,Mujer,3
Morelos,1996,Septiembre,9,Hombre,29
Morelos,1996,Septiembre,9,Mujer,2
Morelos,1996,Octubre,10,Hombre,25
Morelos,1996,Octubre,10,Mujer,3
Morelos,1996,Noviembre,11,Hombre,16
Morelos,1996,Noviembre,11,Mujer,1
Morelos,1996,Diciembre,12,Hombre,21
Morelos,1996,Diciembre,12,Mujer,3
Morelos,1997,Enero,1,Hombre,20
Morelos,1997,Enero,1,Mujer,1
Morelos,1997,Febrero,2,Hombre,24
Morelos,1997,Febrero,2,Mujer,1
Morelos,1997,Marzo,3,Hombre,22
Morelos,1997,Marzo,3,Mujer,1
Morelos,1997,Abril,4,Hombre,20
Morelos,1997,Abril,4,Mujer,2
Morelos,1997,Mayo,5,Hombre,24
Morelos,1997,Mayo,5,Mujer,2
Morelos,1997,Junio,6,Hombre,24
Morelos,1997,Junio,6,Mujer,1
Morelos,1997,Julio,7,Hombre,22
Morelos,1997,Julio,7,Mujer,1
Morelos,1997,Agosto,8,Hombre,23
Morelos,1997,Agosto,8,Mujer,1
Morelos,1997,Septiembre,9,Hombre,20
Morelos,1997,Septiembre,9,Mujer,3
Morelos,1997,Octubre,10,Hombre,15
Morelos,1997,Octubre,10,Mujer,2
Morelos,1997,Noviembre,11,Hombre,23
Morelos,1997,Noviembre,11,Mujer,2
Morelos,1997,Diciembre,12,Hombre,24
Morelos,1997,Diciembre,12,Mujer,3
Morelos,1998,Enero,1,Hombre,20
Morelos,1998,Febrero,2,Hombre,13
Morelos,1998,Febrero,2,Mujer,2
Morelos,1998,Marzo,3,Hombre,24
Morelos,1998,Abril,4,Hombre,21
Morelos,1998,Abril,4,Mujer,4
Morelos,1998,Mayo,5,Hombre,34
Morelos,1998,Mayo,5,Mujer,1
Morelos,1998,Junio,6,Hombre,21
Morelos,1998,Junio,6,Mujer,4
Morelos,1998,Julio,7,Hombre,22
Morelos,1998,Julio,7,Mujer,3
Morelos,1998,Agosto,8,Hombre,31
Morelos,1998,Agosto,8,Mujer,2
Morelos,1998,Septiembre,9,Hombre,24
Morelos,1998,Octubre,10,Hombre,29
Morelos,1998,Octubre,10,Mujer,2
Morelos,1998,Noviembre,11,Hombre,18
Morelos,1998,Noviembre,11,Mujer,1
Morelos,1998,Diciembre,12,Hombre,23
Morelos,1998,Diciembre,12,Mujer,2
Morelos,1999,Enero,1,Hombre,26
Morelos,1999,Enero,1,Mujer,3
Morelos,1999,Febrero,2,Hombre,16
Morelos,1999,Febrero,2,Mujer,5
Morelos,1999,Marzo,3,Hombre,30
Morelos,1999,Marzo,3,Mujer,4
Morelos,1999,Abril,4,Hombre,28
Morelos,1999,Abril,4,Mujer,4
Morelos,1999,Mayo,5,Hombre,24
Morelos,1999,Mayo,5,Mujer,3
Morelos,1999,Junio,6,Hombre,24
Morelos,1999,Junio,6,Mujer,2
Morelos,1999,Julio,7,Hombre,13
Morelos,1999,Julio,7,Mujer,5
Morelos,1999,Agosto,8,Hombre,24
Morelos,1999,Agosto,8,Mujer,3
Morelos,1999,Septiembre,9,Hombre,11
Morelos,1999,Septiembre,9,Mujer,2
Morelos,1999,Octubre,10,Hombre,21
Morelos,1999,Octubre,10,Mujer,2
Morelos,1999,Noviembre,11,Hombre,14
Morelos,1999,Noviembre,11,Mujer,4
Morelos,1999,Diciembre,12,Hombre,16
Morelos,1999,Diciembre,12,Mujer,4
Morelos,2000,Enero,1,Hombre,14
Morelos,2000,Enero,1,Mujer,2
Morelos,2000,Febrero,2,Hombre,24
Morelos,2000,Febrero,2,Mujer,1
Morelos,2000,Marzo,3,Hombre,21
Morelos,2000,Abril,4,Hombre,14
Morelos,2000,Abril,4,Mujer,1
Morelos,2000,Mayo,5,Hombre,16
Morelos,2000,Mayo,5,Mujer,4
Morelos,2000,Junio,6,Hombre,15
Morelos,2000,Junio,6,Mujer,3
Morelos,2000,Julio,7,Hombre,21
Morelos,2000,Julio,7,Mujer,4
Morelos,2000,Agosto,8,Hombre,13
Morelos,2000,Agosto,8,Mujer,1
Morelos,2000,Septiembre,9,Hombre,15
Morelos,2000,Septiembre,9,Mujer,1
Morelos,2000,Octubre,10,Hombre,24
Morelos,2000,Octubre,10,Mujer,3
Morelos,2000,Noviembre,11,Hombre,11
Morelos,2000,Diciembre,12,Hombre,22
Morelos,2000,Diciembre,12,Mujer,2
Morelos,2001,Enero,1,Hombre,12
Morelos,2001,Enero,1,Mujer,2
Morelos,2001,Febrero,2,Hombre,22
Morelos,2001,Marzo,3,Hombre,12
Morelos,2001,Marzo,3,Mujer,3
Morelos,2001,Abril,4,Hombre,11
Morelos,2001,Abril,4,Mujer,4
Morelos,2001,Mayo,5,Hombre,19
Morelos,2001,Mayo,5,Mujer,2
Morelos,2001,Junio,6,Hombre,11
Morelos,2001,Junio,6,Mujer,2
Morelos,2001,Julio,7,Hombre,14
Morelos,2001,Julio,7,Mujer,3
Morelos,2001,Agosto,8,Hombre,14
Morelos,2001,Agosto,8,Mujer,2
Morelos,2001,Septiembre,9,Hombre,20
Morelos,2001,Septiembre,9,Mujer,3
Morelos,2001,Octubre,10,Hombre,14
Morelos,2001,Octubre,10,Mujer,4
Morelos,2001,Noviembre,11,Hombre,13
Morelos,2001,Noviembre,11,Mujer,4
Morelos,2001,Diciembre,12,Hombre,16
Morelos,2002,Enero,1,Hombre,12
Morelos,2002,Enero,1,Mujer,1
Morelos,2002,Febrero,2,Hombre,13
Morelos,2002,Febrero,2,Mujer,1
Morelos,2002,Marzo,3,Hombre,17
Morelos,2002,Marzo,3,Mujer,1
Morelos,2002,Abril,4,Hombre,20
Morelos,2002,Mayo,5,Hombre,9
Morelos,2002,Mayo,5,Mujer,2
Morelos,2002,Junio,6,Hombre,14
Morelos,2002,Julio,7,Hombre,15
Morelos,2002,Agosto,8,Hombre,16
Morelos,2002,Septiembre,9,Hombre,9
Morelos,2002,Octubre,10,Hombre,12
Morelos,2002,Octubre,10,Mujer,2
Morelos,2002,Noviembre,11,Hombre,15
Morelos,2002,Noviembre,11,Mujer,2
Morelos,2002,Diciembre,12,Hombre,9
Morelos,2002,Diciembre,12,Mujer,3
Morelos,2003,Enero,1,Hombre,15
Morelos,2003,Enero,1,Mujer,1
Morelos,2003,Febrero,2,Hombre,4
Morelos,2003,Marzo,3,Hombre,22
Morelos,2003,Marzo,3,Mujer,4
Morelos,2003,Abril,4,Hombre,15
Morelos,2003,Mayo,5,Hombre,17
Morelos,2003,Mayo,5,Mujer,2
Morelos,2003,Junio,6,Hombre,11
Morelos,2003,Junio,6,Mujer,1
Morelos,2003,Julio,7,Hombre,13
Morelos,2003,Julio,7,Mujer,1
Morelos,2003,Agosto,8,Hombre,12
Morelos,2003,Agosto,8,Mujer,1
Morelos,2003,Septiembre,9,Hombre,14
Morelos,2003,Octubre,10,Hombre,8
Morelos,2003,Octubre,10,Mujer,1
Morelos,2003,Noviembre,11,Hombre,12
Morelos,2003,Diciembre,12,Hombre,9
Morelos,2003,Diciembre,12,Mujer,1
Morelos,2004,Enero,1,Hombre,17
Morelos,2004,Febrero,2,Hombre,8
Morelos,2004,Febrero,2,Mujer,2
Morelos,2004,Marzo,3,Hombre,15
Morelos,2004,Marzo,3,Mujer,2
Morelos,2004,Abril,4,Hombre,9
Morelos,2004,Abril,4,Mujer,1
Morelos,2004,Mayo,5,Hombre,19
Morelos,2004,Mayo,5,Mujer,1
Morelos,2004,Junio,6,Hombre,13
Morelos,2004,Julio,7,Hombre,10
Morelos,2004,Julio,7,Mujer,2
Morelos,2004,Agosto,8,Hombre,15
Morelos,2004,Septiembre,9,Hombre,11
Morelos,2004,Octubre,10,Hombre,9
Morelos,2004,Octubre,10,Mujer,2
Morelos,2004,Noviembre,11,Hombre,6
Morelos,2004,Noviembre,11,Mujer,1
Morelos,2004,Diciembre,12,Hombre,8
Morelos,2004,Diciembre,12,Mujer,4
Morelos,2005,Enero,1,Hombre,10
Morelos,2005,Enero,1,Mujer,1
Morelos,2005,Febrero,2,Hombre,13
Morelos,2005,Febrero,2,Mujer,2
Morelos,2005,Marzo,3,Hombre,10
Morelos,2005,Marzo,3,Mujer,1
Morelos,2005,Abril,4,Hombre,7
Morelos,2005,Abril,4,Mujer,1
Morelos,2005,Mayo,5,Hombre,11
Morelos,2005,Mayo,5,Mujer,2
Morelos,2005,Junio,6,Hombre,14
Morelos,2005,Junio,6,Mujer,3
Morelos,2005,Julio,7,Hombre,5
Morelos,2005,Julio,7,Mujer,1
Morelos,2005,Agosto,8,Hombre,7
Morelos,2005,Septiembre,9,Hombre,7
Morelos,2005,Septiembre,9,Mujer,1
Morelos,2005,Octubre,10,Hombre,10
Morelos,2005,Octubre,10,Mujer,2
Morelos,2005,Noviembre,11,Hombre,9
Morelos,2005,Noviembre,11,Mujer,3
Morelos,2005,Diciembre,12,Hombre,6
Morelos,2005,Diciembre,12,Mujer,1
Morelos,2006,Enero,1,Hombre,16
Morelos,2006,Enero,1,Mujer,4
Morelos,2006,Febrero,2,Hombre,3
Morelos,2006,Marzo,3,Hombre,12
Morelos,2006,Marzo,3,Mujer,3
Morelos,2006,Abril,4,Hombre,11
Morelos,2006,Abril,4,Mujer,2
Morelos,2006,Mayo,5,Hombre,15
Morelos,2006,Mayo,5,Mujer,1
Morelos,2006,Junio,6,Hombre,12
Morelos,2006,Junio,6,Mujer,1
Morelos,2006,Julio,7,Hombre,11
Morelos,2006,Julio,7,Mujer,2
Morelos,2006,Agosto,8,Hombre,10
Morelos,2006,Agosto,8,Mujer,1
Morelos,2006,Septiembre,9,Hombre,9
Morelos,2006,Octubre,10,Hombre,4
Morelos,2006,Octubre,10,Mujer,1
Morelos,2006,Noviembre,11,Hombre,9
Morelos,2006,Diciembre,12,Hombre,5
Morelos,2006,Diciembre,12,Mujer,3
Morelos,2007,Enero,1,Hombre,3
Morelos,2007,Febrero,2,Hombre,2
Morelos,2007,Febrero,2,Mujer,5
Morelos,2007,Marzo,3,Hombre,1
Morelos,2007,Abril,4,Hombre,11
Morelos,2007,Abril,4,Mujer,2
Morelos,2007,Mayo,5,Hombre,9
Morelos,2007,Junio,6,Hombre,17
Morelos,2007,Junio,6,Mujer,2
Morelos,2007,Julio,7,Hombre,9
Morelos,2007,Julio,7,Mujer,2
Morelos,2007,Agosto,8,Hombre,10
Morelos,2007,Agosto,8,Mujer,1
Morelos,2007,Septiembre,9,Hombre,7
Morelos,2007,Septiembre,9,Mujer,4
Morelos,2007,Octubre,10,Hombre,12
Morelos,2007,Octubre,10,Mujer,2
Morelos,2007,Noviembre,11,Hombre,13
Morelos,2007,Diciembre,12,Hombre,12
Morelos,2008,Enero,1,Hombre,12
Morelos,2008,Enero,1,Mujer,3
Morelos,2008,Febrero,2,Hombre,6
Morelos,2008,Marzo,3,Hombre,20
Morelos,2008,Marzo,3,Mujer,5
Morelos,2008,Abril,4,Hombre,13
Morelos,2008,Abril,4,Mujer,1
Morelos,2008,Mayo,5,Hombre,19
Morelos,2008,Mayo,5,Mujer,2
Morelos,2008,Junio,6,Hombre,23
Morelos,2008,Junio,6,Mujer,3
Morelos,2008,Julio,7,Hombre,12
Morelos,2008,Julio,7,Mujer,3
Morelos,2008,Agosto,8,Hombre,15
Morelos,2008,Agosto,8,Mujer,2
Morelos,2008,Septiembre,9,Hombre,22
Morelos,2008,Septiembre,9,Mujer,1
Morelos,2008,Octubre,10,Hombre,15
Morelos,2008,Noviembre,11,Hombre,13
Morelos,2008,Noviembre,11,Mujer,2
Morelos,2008,Diciembre,12,Hombre,16
Morelos,2008,Diciembre,12,Mujer,2
Morelos,2009,Enero,1,Hombre,15
Morelos,2009,Enero,1,Mujer,3
Morelos,2009,Febrero,2,Hombre,17
Morelos,2009,Marzo,3,Hombre,16
Morelos,2009,Marzo,3,Mujer,2
Morelos,2009,Abril,4,Hombre,10
Morelos,2009,Mayo,5,Hombre,18
Morelos,2009,Mayo,5,Mujer,1
Morelos,2009,Junio,6,Hombre,16
Morelos,2009,Junio,6,Mujer,1
Morelos,2009,Julio,7,Hombre,24
Morelos,2009,Agosto,8,Hombre,24
Morelos,2009,Agosto,8,Mujer,1
Morelos,2009,Septiembre,9,Hombre,30
Morelos,2009,Septiembre,9,Mujer,6
Morelos,2009,Octubre,10,Hombre,27
Morelos,2009,Octubre,10,Mujer,3
Morelos,2009,Noviembre,11,Hombre,14
Morelos,2009,Noviembre,11,Mujer,1
Morelos,2009,Diciembre,12,Hombre,23
Morelos,2009,Diciembre,12,Mujer,5
Morelos,2010,Enero,1,Hombre,10
Morelos,2010,Enero,1,Mujer,3
Morelos,2010,Febrero,2,Hombre,23
Morelos,2010,Febrero,2,Mujer,2
Morelos,2010,Marzo,3,Hombre,23
Morelos,2010,Marzo,3,Mujer,4
Morelos,2010,Abril,4,Hombre,48
Morelos,2010,Abril,4,Mujer,4
Morelos,2010,Mayo,5,Hombre,24
Morelos,2010,Mayo,5,Mujer,1
Morelos,2010,Junio,6,Hombre,45
Morelos,2010,Junio,6,Mujer,3
Morelos,2010,Julio,7,Hombre,43
Morelos,2010,Julio,7,Mujer,2
Morelos,2010,Agosto,8,Hombre,66
Morelos,2010,Agosto,8,Mujer,6
Morelos,2010,Septiembre,9,Hombre,60
Morelos,2010,Septiembre,9,Mujer,3
Morelos,2010,Octubre,10,Hombre,40
Morelos,2010,Octubre,10,Mujer,4
Morelos,2010,Noviembre,11,Hombre,38
Morelos,2010,Noviembre,11,Mujer,2
Morelos,2010,Diciembre,12,Hombre,23
Morelos,2010,Diciembre,12,Mujer,6
Morelos,2011,Enero,1,Hombre,28
Morelos,2011,Enero,1,Mujer,4
Morelos,2011,Febrero,2,Hombre,34
Morelos,2011,Febrero,2,Mujer,1
Morelos,2011,Marzo,3,Hombre,43
Morelos,2011,Marzo,3,Mujer,3
Morelos,2011,Abril,4,Hombre,34
Morelos,2011,Abril,4,Mujer,1
Morelos,2011,Mayo,5,Hombre,26
Morelos,2011,Mayo,5,Mujer,3
Morelos,2011,Junio,6,Hombre,28
Morelos,2011,Junio,6,Mujer,4
Morelos,2011,Julio,7,Hombre,21
Morelos,2011,Julio,7,Mujer,3
Morelos,2011,Agosto,8,Hombre,33
Morelos,2011,Agosto,8,Mujer,4
Morelos,2011,Septiembre,9,Hombre,35
Morelos,2011,Septiembre,9,Mujer,6
Morelos,2011,Octubre,10,Hombre,29
Morelos,2011,Octubre,10,Mujer,7
Morelos,2011,Noviembre,11,Hombre,34
Morelos,2011,Noviembre,11,Mujer,8
Morelos,2011,Diciembre,12,Hombre,55
Morelos,2011,Diciembre,12,Mujer,2
Morelos,2012,Enero,1,Hombre,34
Morelos,2012,Enero,1,Mujer,1
Morelos,2012,Febrero,2,Hombre,40
Morelos,2012,Febrero,2,Mujer,6
Morelos,2012,Marzo,3,Hombre,45
Morelos,2012,Marzo,3,Mujer,3
Morelos,2012,Abril,4,Hombre,49
Morelos,2012,Abril,4,Mujer,8
Morelos,2012,Mayo,5,Hombre,52
Morelos,2012,Mayo,5,Mujer,3
Morelos,2012,Junio,6,Hombre,55
Morelos,2012,Junio,6,Mujer,7
Morelos,2012,Julio,7,Hombre,75
Morelos,2012,Julio,7,Mujer,7
Morelos,2012,Agosto,8,Hombre,55
Morelos,2012,Agosto,8,Mujer,11
Morelos,2012,Septiembre,9,Hombre,73
Morelos,2012,Septiembre,9,Mujer,2
Morelos,2012,Octubre,10,Hombre,49
Morelos,2012,Octubre,10,Mujer,6
Morelos,2012,Noviembre,11,Hombre,35
Morelos,2012,Noviembre,11,Mujer,6
Morelos,2012,Diciembre,12,Hombre,44
Morelos,2012,Diciembre,12,Mujer,3
Morelos,2013,Enero,1,Hombre,39
Morelos,2013,Enero,1,Mujer,3
Morelos,2013,Febrero,2,Hombre,51
Morelos,2013,Febrero,2,Mujer,4
Morelos,2013,Marzo,3,Hombre,48
Morelos,2013,Marzo,3,Mujer,6
Morelos,2013,Abril,4,Hombre,48
Morelos,2013,Abril,4,Mujer,6
Morelos,2013,Mayo,5,Hombre,49
Morelos,2013,Mayo,5,Mujer,6
Morelos,2013,Junio,6,Hombre,52
Morelos,2013,Junio,6,Mujer,7
Morelos,2013,Julio,7,Hombre,53
Morelos,2013,Julio,7,Mujer,5
Morelos,2013,Agosto,8,Hombre,36
Morelos,2013,Agosto,8,Mujer,2
Morelos,2013,Septiembre,9,Hombre,48
Morelos,2013,Septiembre,9,Mujer,6
Morelos,2013,Octubre,10,Hombre,42
Morelos,2013,Octubre,10,Mujer,6
Morelos,2013,Noviembre,11,Hombre,41
Morelos,2013,Noviembre,11,Mujer,6
Morelos,2013,Diciembre,12,Hombre,50
Morelos,2013,Diciembre,12,Mujer,3
Morelos,2014,Enero,1,Hombre,39
Morelos,2014,Enero,1,Mujer,7
Morelos,2014,Febrero,2,Hombre,39
Morelos,2014,Febrero,2,Mujer,3
Morelos,2014,Marzo,3,Hombre,43
Morelos,2014,Marzo,3,Mujer,3
Morelos,2014,Abril,4,Hombre,36
Morelos,2014,Abril,4,Mujer,3
Morelos,2014,Mayo,5,Hombre,22
Morelos,2014,Mayo,5,Mujer,6
Morelos,2014,Junio,6,Hombre,24
Morelos,2014,Junio,6,Mujer,4
Morelos,2014,Julio,7,Hombre,30
Morelos,2014,Julio,7,Mujer,4
Morelos,2014,Agosto,8,Hombre,26
Morelos,2014,Agosto,8,Mujer,2
Morelos,2014,Septiembre,9,Hombre,31
Morelos,2014,Septiembre,9,Mujer,3
Morelos,2014,Octubre,10,Hombre,18
Morelos,2014,Octubre,10,Mujer,11
Morelos,2014,Noviembre,11,Hombre,25
Morelos,2014,Noviembre,11,Mujer,3
Morelos,2014,Diciembre,12,Hombre,28
Morelos,2014,Diciembre,12,Mujer,5
Morelos,2015,Enero,1,Hombre,24
Morelos,2015,Enero,1,Mujer,5
Morelos,2015,Febrero,2,Hombre,28
Morelos,2015,Febrero,2,Mujer,7
Morelos,2015,Marzo,3,Hombre,41
Morelos,2015,Marzo,3,Mujer,6
Morelos,2015,Abril,4,Hombre,33
Morelos,2015,Abril,4,Mujer,2
Morelos,2015,Mayo,5,Hombre,31
Morelos,2015,Mayo,5,Mujer,4
Morelos,2015,Junio,6,Hombre,23
Morelos,2015,Julio,7,Hombre,37
Morelos,2015,Julio,7,Mujer,4
Morelos,2015,Agosto,8,Hombre,33
Morelos,2015,Agosto,8,Mujer,4
Morelos,2015,Septiembre,9,Hombre,38
Morelos,2015,Septiembre,9,Mujer,4
Morelos,2015,Octubre,10,Hombre,32
Morelos,2015,Octubre,10,Mujer,3
Morelos,2015,Noviembre,11,Hombre,42
Morelos,2015,Noviembre,11,Mujer,4
Morelos,2015,Diciembre,12,Hombre,43
Morelos,2015,Diciembre,12,Mujer,3
Morelos,2016,Enero,1,Hombre,36
Morelos,2016,Enero,1,Mujer,8
Morelos,2016,Febrero,2,Hombre,34
Morelos,2016,Febrero,2,Mujer,6
Morelos,2016,Marzo,3,Hombre,39
Morelos,2016,Marzo,3,Mujer,6
Morelos,2016,Abril,4,Hombre,34
Morelos,2016,Abril,4,Mujer,6
Morelos,2016,Mayo,5,Hombre,53
Morelos,2016,Mayo,5,Mujer,5
Morelos,2016,Junio,6,Hombre,46
Morelos,2016,Junio,6,Mujer,12
Morelos,2016,Julio,7,Hombre,48
Morelos,2016,Julio,7,Mujer,8
Morelos,2016,Agosto,8,Hombre,55
Morelos,2016,Agosto,8,Mujer,6
Morelos,2016,Septiembre,9,Hombre,47
Morelos,2016,Septiembre,9,Mujer,7
Morelos,2016,Octubre,10,Hombre,58
Morelos,2016,Octubre,10,Mujer,4
Morelos,2016,Noviembre,11,Hombre,55
Morelos,2016,Noviembre,11,Mujer,5
Morelos,2016,Diciembre,12,Hombre,58
Morelos,2016,Diciembre,12,Mujer,9
Morelos,2017,Enero,1,Hombre,50
Morelos,2017,Enero,1,Mujer,7
Morelos,2017,Febrero,2,Hombre,57
Morelos,2017,Febrero,2,Mujer,11
Morelos,2017,Marzo,3,Hombre,51
Morelos,2017,Marzo,3,Mujer,4
Morelos,2017,Abril,4,Hombre,55
Morelos,2017,Abril,4,Mujer,5
Morelos,2017,Mayo,5,Hombre,51
Morelos,2017,Mayo,5,Mujer,9
Morelos,2017,Junio,6,Hombre,40
Morelos,2017,Junio,6,Mujer,5
Morelos,2017,Julio,7,Hombre,40
Morelos,2017,Julio,7,Mujer,7
Morelos,2017,Agosto,8,Hombre,51
Morelos,2017,Agosto,8,Mujer,6
Morelos,2017,Septiembre,9,Hombre,56
Morelos,2017,Septiembre,9,Mujer,4
Morelos,2017,Octubre,10,Hombre,34
Morelos,2017,Octubre,10,Mujer,2
Morelos,2017,Noviembre,11,Hombre,37
Morelos,2017,Noviembre,11,Mujer,3
Morelos,2017,Diciembre,12,Hombre,42
Morelos,2017,Diciembre,12,Mujer,13
Morelos,2018,Enero,1,Hombre,64
Morelos,2018,Enero,1,Mujer,3
Morelos,2018,Febrero,2,Hombre,62
Morelos,2018,Febrero,2,Mujer,8
Morelos,2018,Marzo,3,Hombre,55
Morelos,2018,Marzo,3,Mujer,5
Morelos,2018,Abril,4,Hombre,52
Morelos,2018,Abril,4,Mujer,9
Morelos,2018,Mayo,5,Hombre,60
Morelos,2018,Mayo,5,Mujer,9
Morelos,2018,Junio,6,Hombre,46
Morelos,2018,Junio,6,Mujer,6
Morelos,2018,Julio,7,Hombre,77
Morelos,2018,Julio,7,Mujer,5
Morelos,2018,Agosto,8,Hombre,52
Morelos,2018,Agosto,8,Mujer,4
Morelos,2018,Septiembre,9,Hombre,64
Morelos,2018,Septiembre,9,Mujer,10
Morelos,2018,Octubre,10,Hombre,71
Morelos,2018,Octubre,10,Mujer,4
Morelos,2018,Noviembre,11,Hombre,67
Morelos,2018,Noviembre,11,Mujer,9
Morelos,2018,Diciembre,12,Hombre,65
Morelos,2018,Diciembre,12,Mujer,12
Morelos,2019,Enero,1,Hombre,75
Morelos,2019,Enero,1,Mujer,10
Morelos,2019,Febrero,2,Hombre,82
Morelos,2019,Febrero,2,Mujer,9
Morelos,2019,Marzo,3,Hombre,87
Morelos,2019,Marzo,3,Mujer,11
Morelos,2019,Abril,4,Hombre,76
Morelos,2019,Abril,4,Mujer,9
Morelos,2019,Mayo,5,Hombre,71
Morelos,2019,Mayo,5,Mujer,6
Morelos,2019,Junio,6,Hombre,74
Morelos,2019,Junio,6,Mujer,12
Morelos,2019,Julio,7,Hombre,60
Morelos,2019,Julio,7,Mujer,7
Morelos,2019,Agosto,8,Hombre,87
Morelos,2019,Agosto,8,Mujer,8
Morelos,2019,Septiembre,9,Hombre,88
Morelos,2019,Septiembre,9,Mujer,8
Morelos,2019,Octubre,10,Hombre,85
Morelos,2019,Octubre,10,Mujer,10
Morelos,2019,Noviembre,11,Hombre,93
Morelos,2019,Noviembre,11,Mujer,5
Morelos,2019,Diciembre,12,Hombre,65
Morelos,2019,Diciembre,12,Mujer,6
Morelos,2020,Enero,1,Hombre,60
Morelos,2020,Enero,1,Mujer,5
Morelos,2020,Febrero,2,Hombre,77
Morelos,2020,Febrero,2,Mujer,5
Morelos,2020,Marzo,3,Hombre,90
Morelos,2020,Marzo,3,Mujer,9
Morelos,2020,Abril,4,Hombre,86
Morelos,2020,Abril,4,Mujer,5
Morelos,2020,Mayo,5,Hombre,74
Morelos,2020,Mayo,5,Mujer,7
Morelos,2020,Junio,6,Hombre,70
Morelos,2020,Junio,6,Mujer,6
Morelos,2020,Julio,7,Hombre,77
Morelos,2020,Julio,7,Mujer,8
Morelos,2020,Agosto,8,Hombre,72
Morelos,2020,Agosto,8,Mujer,4
Morelos,2020,Septiembre,9,Hombre,73
Morelos,2020,Septiembre,9,Mujer,14
Morelos,2020,Octubre,10,Hombre,81
Morelos,2020,Octubre,10,Mujer,5
Morelos,2020,Noviembre,11,Hombre,64
Morelos,2020,Noviembre,11,Mujer,6
Morelos,2020,Diciembre,12,Hombre,78
Morelos,2020,Diciembre,12,Mujer,7
Morelos,2021,Enero,1,Hombre,74
Morelos,2021,Enero,1,Mujer,8
Morelos,2021,Febrero,2,Hombre,56
Morelos,2021,Febrero,2,Mujer,3
Morelos,2021,Marzo,3,Hombre,85
Morelos,2021,Marzo,3,Mujer,12
Morelos,2021,Abril,4,Hombre,99
Morelos,2021,Abril,4,Mujer,8
Morelos,2021,Mayo,5,Hombre,101
Morelos,2021,Mayo,5,Mujer,10
Morelos,2021,Junio,6,Hombre,92
Morelos,2021,Junio,6,Mujer,11
Morelos,2021,Julio,7,Hombre,86
Morelos,2021,Julio,7,Mujer,7
Morelos,2021,Agosto,8,Hombre,68
Morelos,2021,Agosto,8,Mujer,10
Morelos,2021,Septiembre,9,Hombre,90
Morelos,2021,Septiembre,9,Mujer,11
Morelos,2021,Octubre,10,Hombre,107
Morelos,2021,Octubre,10,Mujer,5
Morelos,2021,Noviembre,11,Hombre,100
Morelos,2021,Noviembre,11,Mujer,8
Morelos,2021,Diciembre,12,Hombre,89
Morelos,2021,Diciembre,12,Mujer,5
Morelos,2022,Enero,1,Hombre,69
Morelos,2022,Enero,1,Mujer,8
Morelos,2022,Febrero,2,Hombre,60
Morelos,2022,Febrero,2,Mujer,3
Morelos,2022,Marzo,3,Hombre,97
Morelos,2022,Marzo,3,Mujer,6
Morelos,2022,Abril,4,Hombre,111
Morelos,2022,Abril,4,Mujer,18
Morelos,2022,Mayo,5,Hombre,96
Morelos,2022,Mayo,5,Mujer,12
Morelos,2022,Junio,6,Hombre,75
Morelos,2022,Junio,6,Mujer,4
Morelos,2022,Julio,7,Hombre,92
Morelos,2022,Julio,7,Mujer,7
Morelos,2022,Agosto,8,Hombre,77
Morelos,2022,Agosto,8,Mujer,7
Morelos,2022,Septiembre,9,Hombre,94
Morelos,2022,Septiembre,9,Mujer,14
Morelos,2022,Octubre,10,Hombre,102
Morelos,2022,Octubre,10,Mujer,11
Morelos,2022,Noviembre,11,Hombre,95
Morelos,2022,Noviembre,11,Mujer,13
Morelos,2022,Diciembre,12,Hombre,92
Morelos,2022,Diciembre,12,Mujer,11
Morelos,2023,Enero,1,Hombre,104
Morelos,2023,Enero,1,Mujer,3
Morelos,2023,Febrero,2,Hombre,98
Morelos,2023,Febrero,2,Mujer,11
Morelos,2023,Marzo,3,Hombre,117
Morelos,2023,Marzo,3,Mujer,13
Morelos,2023,Abril,4,Hombre,93
Morelos,2023,Abril,4,Mujer,19
Morelos,2023,Mayo,5,Hombre,106
Morelos,2023,Mayo,5,Mujer,9
Morelos,2023,Junio,6,Hombre,102
Morelos,2023,Junio,6,Mujer,8
Morelos,2023,Julio,7,Hombre,102
Morelos,2023,Julio,7,Mujer,12
Morelos,2023,Agosto,8,Hombre,140
Morelos,2023,Agosto,8,Mujer,19
Morelos,2023,Septiembre,9,Hombre,123
Morelos,2023,Septiembre,9,Mujer,15
Morelos,2023,Octubre,10,Hombre,137
Morelos,2023,Octubre,10,Mujer,14
Morelos,2023,Noviembre,11,Hombre,130
Morelos,2023,Noviembre,11,Mujer,23
Morelos,2023,Diciembre,12,Hombre,134
Morelos,2023,Diciembre,12,Mujer,13
Morelos,2024,Enero,1,Hombre,123
Morelos,2024,Enero,1,Mujer,6
Morelos,2024,Febrero,2,Hombre,126
Morelos,2024,Febrero,2,Mujer,15
Morelos,2024,Marzo,3,Hombre,133
Morelos,2024,Marzo,3,Mujer,11
Morelos,2024,Abril,4,Hombre,160
Morelos,2024,Abril,4,Mujer,10
Morelos,2024,Mayo,5,Hombre,132
Morelos,2024,Mayo,5,Mujer,19
Morelos,2024,Junio,6,Hombre,133
Morelos,2024,Junio,6,Mujer,11
Morelos,2024,Julio,7,Hombre,95
Morelos,2024,Julio,7,Mujer,14
Morelos,2024,Agosto,8,Hombre,90
Morelos,2024,Agosto,8,Mujer,8
Morelos,2024,Septiembre,9,Hombre,94
Morelos,2024,Septiembre,9,Mujer,13
Morelos,2024,Octubre,10,Hombre,102
Morelos,2024,Octubre,10,Mujer,7
Morelos,2024,Noviembre,11,Hombre,115
Morelos,2024,Noviembre,11,Mujer,8
Morelos,2024,Diciembre,12,Hombre,97
Morelos,2024,Diciembre,12,Mujer,8
M�xico,1990,Enero,1,Hombre,234
M�xico,1990,Enero,1,Mujer,54
M�xico,1990,Febrero,2,Hombre,206
M�xico,1990,Febrero,2,Mujer,34
M�xico,1990,Marzo,3,Hombre,231
M�xico,1990,Marzo,3,Mujer,33
M�xico,1990,Abril,4,Hombre,147
M�xico,1990,Abril,4,Mujer,30
M�xico,1990,Mayo,5,Hombre,219
M�xico,1990,Mayo,5,Mujer,32
M�xico,1990,Junio,6,Hombre,221
M�xico,1990,Junio,6,Mujer,37
M�xico,1990,Julio,7,Hombre,270
M�xico,1990,Julio,7,Mujer,48
M�xico,1990,Agosto,8,Hombre,253
M�xico,1990,Agosto,8,Mujer,47
M�xico,1990,Septiembre,9,Hombre,263
M�xico,1990,Septiembre,9,Mujer,61
M�xico,1990,Octubre,10,Hombre,249
M�xico,1990,Octubre,10,Mujer,61
M�xico,1990,Noviembre,11,Hombre,261
M�xico,1990,Noviembre,11,Mujer,61
M�xico,1990,Diciembre,12,Hombre,266
M�xico,1990,Diciembre,12,Mujer,70
M�xico,1991,Enero,1,Hombre,217
M�xico,1991,Enero,1,Mujer,43
M�xico,1991,Febrero,2,Hombre,228
M�xico,1991,Febrero,2,Mujer,46
M�xico,1991,Marzo,3,Hombre,202
M�xico,1991,Marzo,3,Mujer,41
M�xico,1991,Abril,4,Hombre,276
M�xico,1991,Abril,4,Mujer,56
M�xico,1991,Mayo,5,Hombre,265
M�xico,1991,Mayo,5,Mujer,46
M�xico,1991,Junio,6,Hombre,243
M�xico,1991,Junio,6,Mujer,40
M�xico,1991,Julio,7,Hombre,259
M�xico,1991,Julio,7,Mujer,49
M�xico,1991,Agosto,8,Hombre,219
M�xico,1991,Agosto,8,Mujer,37
M�xico,1991,Septiembre,9,Hombre,260
M�xico,1991,Septiembre,9,Mujer,46
M�xico,1991,Octubre,10,Hombre,211
M�xico,1991,Octubre,10,Mujer,52
M�xico,1991,Noviembre,11,Hombre,186
M�xico,1991,Noviembre,11,Mujer,58
M�xico,1991,Diciembre,12,Hombre,291
M�xico,1991,Diciembre,12,Mujer,43
M�xico,1992,Enero,1,Hombre,194
M�xico,1992,Enero,1,Mujer,42
M�xico,1992,Febrero,2,Hombre,228
M�xico,1992,Febrero,2,Mujer,51
M�xico,1992,Marzo,3,Hombre,274
M�xico,1992,Marzo,3,Mujer,40
M�xico,1992,Abril,4,Hombre,228
M�xico,1992,Abril,4,Mujer,52
M�xico,1992,Mayo,5,Hombre,210
M�xico,1992,Mayo,5,Mujer,51
M�xico,1992,Junio,6,Hombre,245
M�xico,1992,Junio,6,Mujer,42
M�xico,1992,Julio,7,Hombre,222
M�xico,1992,Julio,7,Mujer,33
M�xico,1992,Agosto,8,Hombre,201
M�xico,1992,Agosto,8,Mujer,38
M�xico,1992,Septiembre,9,Hombre,255
M�xico,1992,Septiembre,9,Mujer,36
M�xico,1992,Octubre,10,Hombre,235
M�xico,1992,Octubre,10,Mujer,45
M�xico,1992,Noviembre,11,Hombre,218
M�xico,1992,Noviembre,11,Mujer,61
M�xico,1992,Diciembre,12,Hombre,270
M�xico,1992,Diciembre,12,Mujer,58
M�xico,1993,Enero,1,Hombre,217
M�xico,1993,Enero,1,Mujer,52
M�xico,1993,Febrero,2,Hombre,233
M�xico,1993,Febrero,2,Mujer,44
M�xico,1993,Marzo,3,Hombre,238
M�xico,1993,Marzo,3,Mujer,38
M�xico,1993,Abril,4,Hombre,218
M�xico,1993,Abril,4,Mujer,48
M�xico,1993,Mayo,5,Hombre,278
M�xico,1993,Mayo,5,Mujer,62
M�xico,1993,Junio,6,Hombre,229
M�xico,1993,Junio,6,Mujer,48
M�xico,1993,Julio,7,Hombre,203
M�xico,1993,Julio,7,Mujer,48
M�xico,1993,Agosto,8,Hombre,205
M�xico,1993,Agosto,8,Mujer,42
M�xico,1993,Septiembre,9,Hombre,219
M�xico,1993,Septiembre,9,Mujer,47
M�xico,1993,Octubre,10,Hombre,244
M�xico,1993,Octubre,10,Mujer,37
M�xico,1993,Noviembre,11,Hombre,230
M�xico,1993,Noviembre,11,Mujer,42
M�xico,1993,Diciembre,12,Hombre,276
M�xico,1993,Diciembre,12,Mujer,48
M�xico,1994,Enero,1,Hombre,272
M�xico,1994,Enero,1,Mujer,44
M�xico,1994,Febrero,2,Hombre,226
M�xico,1994,Febrero,2,Mujer,43
M�xico,1994,Marzo,3,Hombre,231
M�xico,1994,Marzo,3,Mujer,33
M�xico,1994,Abril,4,Hombre,190
M�xico,1994,Abril,4,Mujer,42
M�xico,1994,Mayo,5,Hombre,226
M�xico,1994,Mayo,5,Mujer,29
M�xico,1994,Junio,6,Hombre,180
M�xico,1994,Junio,6,Mujer,31
M�xico,1994,Julio,7,Hombre,221
M�xico,1994,Julio,7,Mujer,28
M�xico,1994,Agosto,8,Hombre,209
M�xico,1994,Agosto,8,Mujer,50
M�xico,1994,Septiembre,9,Hombre,212
M�xico,1994,Septiembre,9,Mujer,41
M�xico,1994,Octubre,10,Hombre,227
M�xico,1994,Octubre,10,Mujer,42
M�xico,1994,Noviembre,11,Hombre,223
M�xico,1994,Noviembre,11,Mujer,41
M�xico,1994,Diciembre,12,Hombre,247
M�xico,1994,Diciembre,12,Mujer,44
M�xico,1995,Enero,1,Hombre,203
M�xico,1995,Enero,1,Mujer,36
M�xico,1995,Febrero,2,Hombre,164
M�xico,1995,Febrero,2,Mujer,26
M�xico,1995,Marzo,3,Hombre,166
M�xico,1995,Marzo,3,Mujer,46
M�xico,1995,Abril,4,Hombre,187
M�xico,1995,Abril,4,Mujer,27
M�xico,1995,Mayo,5,Hombre,206
M�xico,1995,Mayo,5,Mujer,41
M�xico,1995,Junio,6,Hombre,211
M�xico,1995,Junio,6,Mujer,42
M�xico,1995,Julio,7,Hombre,171
M�xico,1995,Julio,7,Mujer,34
M�xico,1995,Agosto,8,Hombre,201
M�xico,1995,Agosto,8,Mujer,23
M�xico,1995,Septiembre,9,Hombre,206
M�xico,1995,Septiembre,9,Mujer,22
M�xico,1995,Octubre,10,Hombre,198
M�xico,1995,Octubre,10,Mujer,34
M�xico,1995,Noviembre,11,Hombre,173
M�xico,1995,Noviembre,11,Mujer,40
M�xico,1995,Diciembre,12,Hombre,204
M�xico,1995,Diciembre,12,Mujer,37
M�xico,1996,Enero,1,Hombre,208
M�xico,1996,Enero,1,Mujer,38
M�xico,1996,Febrero,2,Hombre,190
M�xico,1996,Febrero,2,Mujer,33
M�xico,1996,Marzo,3,Hombre,193
M�xico,1996,Marzo,3,Mujer,42
M�xico,1996,Abril,4,Hombre,209
M�xico,1996,Abril,4,Mujer,33
M�xico,1996,Mayo,5,Hombre,235
M�xico,1996,Mayo,5,Mujer,33
M�xico,1996,Junio,6,Hombre,184
M�xico,1996,Junio,6,Mujer,28
M�xico,1996,Julio,7,Hombre,200
M�xico,1996,Julio,7,Mujer,29
M�xico,1996,Agosto,8,Hombre,178
M�xico,1996,Agosto,8,Mujer,31
M�xico,1996,Septiembre,9,Hombre,179
M�xico,1996,Septiembre,9,Mujer,42
M�xico,1996,Octubre,10,Hombre,173
M�xico,1996,Octubre,10,Mujer,29
M�xico,1996,Noviembre,11,Hombre,141
M�xico,1996,Noviembre,11,Mujer,26
M�xico,1996,Diciembre,12,Hombre,234
M�xico,1996,Diciembre,12,Mujer,40
M�xico,1997,Enero,1,Hombre,171
M�xico,1997,Enero,1,Mujer,34
M�xico,1997,Febrero,2,Hombre,157
M�xico,1997,Febrero,2,Mujer,32
M�xico,1997,Marzo,3,Hombre,214
M�xico,1997,Marzo,3,Mujer,27
M�xico,1997,Abril,4,Hombre,151
M�xico,1997,Abril,4,Mujer,27
M�xico,1997,Mayo,5,Hombre,179
M�xico,1997,Mayo,5,Mujer,33
M�xico,1997,Junio,6,Hombre,167
M�xico,1997,Junio,6,Mujer,35
M�xico,1997,Julio,7,Hombre,148
M�xico,1997,Julio,7,Mujer,21
M�xico,1997,Agosto,8,Hombre,166
M�xico,1997,Agosto,8,Mujer,24
M�xico,1997,Septiembre,9,Hombre,151
M�xico,1997,Septiembre,9,Mujer,29
M�xico,1997,Octubre,10,Hombre,183
M�xico,1997,Octubre,10,Mujer,41
M�xico,1997,Noviembre,11,Hombre,133
M�xico,1997,Noviembre,11,Mujer,34
M�xico,1997,Diciembre,12,Hombre,244
M�xico,1997,Diciembre,12,Mujer,36
M�xico,1998,Enero,1,Hombre,158
M�xico,1998,Enero,1,Mujer,31
M�xico,1998,Febrero,2,Hombre,159
M�xico,1998,Febrero,2,Mujer,33
M�xico,1998,Marzo,3,Hombre,170
M�xico,1998,Marzo,3,Mujer,29
M�xico,1998,Abril,4,Hombre,182
M�xico,1998,Abril,4,Mujer,25
M�xico,1998,Mayo,5,Hombre,175
M�xico,1998,Mayo,5,Mujer,29
M�xico,1998,Junio,6,Hombre,146
M�xico,1998,Junio,6,Mujer,31
M�xico,1998,Julio,7,Hombre,157
M�xico,1998,Julio,7,Mujer,32
M�xico,1998,Agosto,8,Hombre,165
M�xico,1998,Agosto,8,Mujer,29
M�xico,1998,Septiembre,9,Hombre,153
M�xico,1998,Septiembre,9,Mujer,23
M�xico,1998,Octubre,10,Hombre,170
M�xico,1998,Octubre,10,Mujer,26
M�xico,1998,Noviembre,11,Hombre,160
M�xico,1998,Noviembre,11,Mujer,23
M�xico,1998,Diciembre,12,Hombre,200
M�xico,1998,Diciembre,12,Mujer,27
M�xico,1999,Enero,1,Hombre,150
M�xico,1999,Enero,1,Mujer,22
M�xico,1999,Febrero,2,Hombre,158
M�xico,1999,Febrero,2,Mujer,24
M�xico,1999,Marzo,3,Hombre,179
M�xico,1999,Marzo,3,Mujer,25
M�xico,1999,Abril,4,Hombre,150
M�xico,1999,Abril,4,Mujer,38
M�xico,1999,Mayo,5,Hombre,153
M�xico,1999,Mayo,5,Mujer,20
M�xico,1999,Junio,6,Hombre,130
M�xico,1999,Junio,6,Mujer,25
M�xico,1999,Julio,7,Hombre,141
M�xico,1999,Julio,7,Mujer,34
M�xico,1999,Agosto,8,Hombre,133
M�xico,1999,Agosto,8,Mujer,25
M�xico,1999,Septiembre,9,Hombre,135
M�xico,1999,Septiembre,9,Mujer,24
M�xico,1999,Octubre,10,Hombre,136
M�xico,1999,Octubre,10,Mujer,25
M�xico,1999,Noviembre,11,Hombre,144
M�xico,1999,Noviembre,11,Mujer,15
M�xico,1999,Diciembre,12,Hombre,190
M�xico,1999,Diciembre,12,Mujer,30
M�xico,2000,Enero,1,Hombre,149
M�xico,2000,Enero,1,Mujer,20
M�xico,2000,Febrero,2,Hombre,130
M�xico,2000,Febrero,2,Mujer,33
M�xico,2000,Marzo,3,Hombre,157
M�xico,2000,Marzo,3,Mujer,26
M�xico,2000,Abril,4,Hombre,143
M�xico,2000,Abril,4,Mujer,29
M�xico,2000,Mayo,5,Hombre,145
M�xico,2000,Mayo,5,Mujer,26
M�xico,2000,Junio,6,Hombre,110
M�xico,2000,Junio,6,Mujer,19
M�xico,2000,Julio,7,Hombre,159
M�xico,2000,Julio,7,Mujer,23
M�xico,2000,Agosto,8,Hombre,137
M�xico,2000,Agosto,8,Mujer,24
M�xico,2000,Septiembre,9,Hombre,172
M�xico,2000,Septiembre,9,Mujer,23
M�xico,2000,Octubre,10,Hombre,107
M�xico,2000,Octubre,10,Mujer,28
M�xico,2000,Noviembre,11,Hombre,122
M�xico,2000,Noviembre,11,Mujer,31
M�xico,2000,Diciembre,12,Hombre,168
M�xico,2000,Diciembre,12,Mujer,38
M�xico,2001,Enero,1,Hombre,150
M�xico,2001,Enero,1,Mujer,23
M�xico,2001,Febrero,2,Hombre,122
M�xico,2001,Febrero,2,Mujer,24
M�xico,2001,Marzo,3,Hombre,118
M�xico,2001,Marzo,3,Mujer,34
M�xico,2001,Abril,4,Hombre,120
M�xico,2001,Abril,4,Mujer,29
M�xico,2001,Mayo,5,Hombre,150
M�xico,2001,Mayo,5,Mujer,29
M�xico,2001,Junio,6,Hombre,125
M�xico,2001,Junio,6,Mujer,23
M�xico,2001,Julio,7,Hombre,144
M�xico,2001,Julio,7,Mujer,24
M�xico,2001,Agosto,8,Hombre,138
M�xico,2001,Agosto,8,Mujer,36
M�xico,2001,Septiembre,9,Hombre,129
M�xico,2001,Septiembre,9,Mujer,25
M�xico,2001,Octubre,10,Hombre,138
M�xico,2001,Octubre,10,Mujer,19
M�xico,2001,Noviembre,11,Hombre,124
M�xico,2001,Noviembre,11,Mujer,30
M�xico,2001,Diciembre,12,Hombre,137
M�xico,2001,Diciembre,12,Mujer,29
M�xico,2002,Enero,1,Hombre,140
M�xico,2002,Enero,1,Mujer,35
M�xico,2002,Febrero,2,Hombre,147
M�xico,2002,Febrero,2,Mujer,12
M�xico,2002,Marzo,3,Hombre,150
M�xico,2002,Marzo,3,Mujer,25
M�xico,2002,Abril,4,Hombre,122
M�xico,2002,Abril,4,Mujer,21
M�xico,2002,Mayo,5,Hombre,127
M�xico,2002,Mayo,5,Mujer,26
M�xico,2002,Junio,6,Hombre,121
M�xico,2002,Junio,6,Mujer,21
M�xico,2002,Julio,7,Hombre,147
M�xico,2002,Julio,7,Mujer,37
M�xico,2002,Agosto,8,Hombre,151
M�xico,2002,Agosto,8,Mujer,31
M�xico,2002,Septiembre,9,Hombre,124
M�xico,2002,Septiembre,9,Mujer,27
M�xico,2002,Octubre,10,Hombre,120
M�xico,2002,Octubre,10,Mujer,17
M�xico,2002,Noviembre,11,Hombre,142
M�xico,2002,Noviembre,11,Mujer,25
M�xico,2002,Diciembre,12,Hombre,149
M�xico,2002,Diciembre,12,Mujer,27
M�xico,2003,Enero,1,Hombre,129
M�xico,2003,Enero,1,Mujer,38
M�xico,2003,Febrero,2,Hombre,116
M�xico,2003,Febrero,2,Mujer,17
M�xico,2003,Marzo,3,Hombre,133
M�xico,2003,Marzo,3,Mujer,30
M�xico,2003,Abril,4,Hombre,154
M�xico,2003,Abril,4,Mujer,26
M�xico,2003,Mayo,5,Hombre,144
M�xico,2003,Mayo,5,Mujer,21
M�xico,2003,Junio,6,Hombre,113
M�xico,2003,Junio,6,Mujer,28
M�xico,2003,Julio,7,Hombre,132
M�xico,2003,Julio,7,Mujer,22
M�xico,2003,Agosto,8,Hombre,101
M�xico,2003,Agosto,8,Mujer,29
M�xico,2003,Septiembre,9,Hombre,133
M�xico,2003,Septiembre,9,Mujer,24
M�xico,2003,Octubre,10,Hombre,121
M�xico,2003,Octubre,10,Mujer,32
M�xico,2003,Noviembre,11,Hombre,170
M�xico,2003,Noviembre,11,Mujer,23
M�xico,2003,Diciembre,12,Hombre,150
M�xico,2003,Diciembre,12,Mujer,22
M�xico,2004,Enero,1,Hombre,123
M�xico,2004,Enero,1,Mujer,26
M�xico,2004,Febrero,2,Hombre,135
M�xico,2004,Febrero,2,Mujer,19
M�xico,2004,Marzo,3,Hombre,126
M�xico,2004,Marzo,3,Mujer,26
M�xico,2004,Abril,4,Hombre,104
M�xico,2004,Abril,4,Mujer,18
M�xico,2004,Mayo,5,Hombre,138
M�xico,2004,Mayo,5,Mujer,31
M�xico,2004,Junio,6,Hombre,110
M�xico,2004,Junio,6,Mujer,25
M�xico,2004,Julio,7,Hombre,130
M�xico,2004,Julio,7,Mujer,21
M�xico,2004,Agosto,8,Hombre,127
M�xico,2004,Agosto,8,Mujer,19
M�xico,2004,Septiembre,9,Hombre,113
M�xico,2004,Septiembre,9,Mujer,31
M�xico,2004,Octubre,10,Hombre,114
M�xico,2004,Octubre,10,Mujer,21
M�xico,2004,Noviembre,11,Hombre,108
M�xico,2004,Noviembre,11,Mujer,30
M�xico,2004,Diciembre,12,Hombre,105
M�xico,2004,Diciembre,12,Mujer,20
M�xico,2005,Enero,1,Hombre,160
M�xico,2005,Enero,1,Mujer,26
M�xico,2005,Febrero,2,Hombre,125
M�xico,2005,Febrero,2,Mujer,36
M�xico,2005,Marzo,3,Hombre,129
M�xico,2005,Marzo,3,Mujer,33
M�xico,2005,Abril,4,Hombre,138
M�xico,2005,Abril,4,Mujer,21
M�xico,2005,Mayo,5,Hombre,133
M�xico,2005,Mayo,5,Mujer,35
M�xico,2005,Junio,6,Hombre,123
M�xico,2005,Junio,6,Mujer,36
M�xico,2005,Julio,7,Hombre,131
M�xico,2005,Julio,7,Mujer,29
M�xico,2005,Agosto,8,Hombre,142
M�xico,2005,Agosto,8,Mujer,39
M�xico,2005,Septiembre,9,Hombre,135
M�xico,2005,Septiembre,9,Mujer,34
M�xico,2005,Octubre,10,Hombre,123
M�xico,2005,Octubre,10,Mujer,27
M�xico,2005,Noviembre,11,Hombre,132
M�xico,2005,Noviembre,11,Mujer,24
M�xico,2005,Diciembre,12,Hombre,148
M�xico,2005,Diciembre,12,Mujer,37
M�xico,2006,Enero,1,Hombre,143
M�xico,2006,Enero,1,Mujer,26
M�xico,2006,Febrero,2,Hombre,138
M�xico,2006,Febrero,2,Mujer,28
M�xico,2006,Marzo,3,Hombre,127
M�xico,2006,Marzo,3,Mujer,26
M�xico,2006,Abril,4,Hombre,140
M�xico,2006,Abril,4,Mujer,26
M�xico,2006,Mayo,5,Hombre,145
M�xico,2006,Mayo,5,Mujer,27
M�xico,2006,Junio,6,Hombre,129
M�xico,2006,Junio,6,Mujer,16
M�xico,2006,Julio,7,Hombre,111
M�xico,2006,Julio,7,Mujer,26
M�xico,2006,Agosto,8,Hombre,129
M�xico,2006,Agosto,8,Mujer,33
M�xico,2006,Septiembre,9,Hombre,120
M�xico,2006,Septiembre,9,Mujer,18
M�xico,2006,Octubre,10,Hombre,85
M�xico,2006,Octubre,10,Mujer,17
M�xico,2006,Noviembre,11,Hombre,95
M�xico,2006,Noviembre,11,Mujer,15
M�xico,2006,Diciembre,12,Hombre,99
M�xico,2006,Diciembre,12,Mujer,21
M�xico,2007,Enero,1,Hombre,92
M�xico,2007,Enero,1,Mujer,20
M�xico,2007,Febrero,2,Hombre,72
M�xico,2007,Febrero,2,Mujer,8
M�xico,2007,Marzo,3,Hombre,94
M�xico,2007,Marzo,3,Mujer,21
M�xico,2007,Abril,4,Hombre,85
M�xico,2007,Abril,4,Mujer,17
M�xico,2007,Mayo,5,Hombre,95
M�xico,2007,Mayo,5,Mujer,18
M�xico,2007,Junio,6,Hombre,77
M�xico,2007,Junio,6,Mujer,13
M�xico,2007,Julio,7,Hombre,79
M�xico,2007,Julio,7,Mujer,18
M�xico,2007,Agosto,8,Hombre,79
M�xico,2007,Agosto,8,Mujer,14
M�xico,2007,Septiembre,9,Hombre,101
M�xico,2007,Septiembre,9,Mujer,16
M�xico,2007,Octubre,10,Hombre,95
M�xico,2007,Octubre,10,Mujer,15
M�xico,2007,Noviembre,11,Hombre,77
M�xico,2007,Noviembre,11,Mujer,12
M�xico,2007,Diciembre,12,Hombre,102
M�xico,2007,Diciembre,12,Mujer,14
M�xico,2008,Enero,1,Hombre,101
M�xico,2008,Enero,1,Mujer,20
M�xico,2008,Febrero,2,Hombre,100
M�xico,2008,Febrero,2,Mujer,17
M�xico,2008,Marzo,3,Hombre,103
M�xico,2008,Marzo,3,Mujer,21
M�xico,2008,Abril,4,Hombre,118
M�xico,2008,Abril,4,Mujer,25
M�xico,2008,Mayo,5,Hombre,96
M�xico,2008,Mayo,5,Mujer,13
M�xico,2008,Junio,6,Hombre,92
M�xico,2008,Junio,6,Mujer,13
M�xico,2008,Julio,7,Hombre,120
M�xico,2008,Julio,7,Mujer,20
M�xico,2008,Agosto,8,Hombre,124
M�xico,2008,Agosto,8,Mujer,13
M�xico,2008,Septiembre,9,Hombre,132
M�xico,2008,Septiembre,9,Mujer,20
M�xico,2008,Octubre,10,Hombre,123
M�xico,2008,Octubre,10,Mujer,24
M�xico,2008,Noviembre,11,Hombre,118
M�xico,2008,Noviembre,11,Mujer,14
M�xico,2008,Diciembre,12,Hombre,122
M�xico,2008,Diciembre,12,Mujer,22
M�xico,2009,Enero,1,Hombre,127
M�xico,2009,Enero,1,Mujer,16
M�xico,2009,Febrero,2,Hombre,126
M�xico,2009,Febrero,2,Mujer,20
M�xico,2009,Marzo,3,Hombre,141
M�xico,2009,Marzo,3,Mujer,17
M�xico,2009,Abril,4,Hombre,125
M�xico,2009,Abril,4,Mujer,25
M�xico,2009,Mayo,5,Hombre,136
M�xico,2009,Mayo,5,Mujer,26
M�xico,2009,Junio,6,Hombre,117
M�xico,2009,Junio,6,Mujer,21
M�xico,2009,Julio,7,Hombre,131
M�xico,2009,Julio,7,Mujer,24
M�xico,2009,Agosto,8,Hombre,114
M�xico,2009,Agosto,8,Mujer,28
M�xico,2009,Septiembre,9,Hombre,120
M�xico,2009,Septiembre,9,Mujer,24
M�xico,2009,Octubre,10,Hombre,130
M�xico,2009,Octubre,10,Mujer,19
M�xico,2009,Noviembre,11,Hombre,127
M�xico,2009,Noviembre,11,Mujer,14
M�xico,2009,Diciembre,12,Hombre,146
M�xico,2009,Diciembre,12,Mujer,36
M�xico,2010,Enero,1,Hombre,142
M�xico,2010,Enero,1,Mujer,18
M�xico,2010,Febrero,2,Hombre,117
M�xico,2010,Febrero,2,Mujer,22
M�xico,2010,Marzo,3,Hombre,138
M�xico,2010,Marzo,3,Mujer,20
M�xico,2010,Abril,4,Hombre,166
M�xico,2010,Abril,4,Mujer,29
M�xico,2010,Mayo,5,Hombre,168
M�xico,2010,Mayo,5,Mujer,17
M�xico,2010,Junio,6,Hombre,141
M�xico,2010,Junio,6,Mujer,22
M�xico,2010,Julio,7,Hombre,117
M�xico,2010,Julio,7,Mujer,18
M�xico,2010,Agosto,8,Hombre,163
M�xico,2010,Agosto,8,Mujer,23
M�xico,2010,Septiembre,9,Hombre,147
M�xico,2010,Septiembre,9,Mujer,31
M�xico,2010,Octubre,10,Hombre,152
M�xico,2010,Octubre,10,Mujer,21
M�xico,2010,Noviembre,11,Hombre,164
M�xico,2010,Noviembre,11,Mujer,17
M�xico,2010,Diciembre,12,Hombre,165
M�xico,2010,Diciembre,12,Mujer,32
M�xico,2011,Enero,1,Hombre,178
M�xico,2011,Enero,1,Mujer,35
M�xico,2011,Febrero,2,Hombre,174
M�xico,2011,Febrero,2,Mujer,33
M�xico,2011,Marzo,3,Hombre,187
M�xico,2011,Marzo,3,Mujer,32
M�xico,2011,Abril,4,Hombre,171
M�xico,2011,Abril,4,Mujer,27
M�xico,2011,Mayo,5,Hombre,179
M�xico,2011,Mayo,5,Mujer,22
M�xico,2011,Junio,6,Hombre,167
M�xico,2011,Junio,6,Mujer,30
M�xico,2011,Julio,7,Hombre,179
M�xico,2011,Julio,7,Mujer,22
M�xico,2011,Agosto,8,Hombre,181
M�xico,2011,Agosto,8,Mujer,23
M�xico,2011,Septiembre,9,Hombre,189
M�xico,2011,Septiembre,9,Mujer,28
M�xico,2011,Octubre,10,Hombre,185
M�xico,2011,Octubre,10,Mujer,35
M�xico,2011,Noviembre,11,Hombre,177
M�xico,2011,Noviembre,11,Mujer,25
M�xico,2011,Diciembre,12,Hombre,209
M�xico,2011,Diciembre,12,Mujer,20
M�xico,2012,Enero,1,Hombre,195
M�xico,2012,Enero,1,Mujer,33
M�xico,2012,Febrero,2,Hombre,171
M�xico,2012,Febrero,2,Mujer,31
M�xico,2012,Marzo,3,Hombre,197
M�xico,2012,Marzo,3,Mujer,29
M�xico,2012,Abril,4,Hombre,186
M�xico,2012,Abril,4,Mujer,20
M�xico,2012,Mayo,5,Hombre,201
M�xico,2012,Mayo,5,Mujer,28
M�xico,2012,Junio,6,Hombre,199
M�xico,2012,Junio,6,Mujer,32
M�xico,2012,Julio,7,Hombre,204
M�xico,2012,Julio,7,Mujer,22
M�xico,2012,Agosto,8,Hombre,220
M�xico,2012,Agosto,8,Mujer,37
M�xico,2012,Septiembre,9,Hombre,210
M�xico,2012,Septiembre,9,Mujer,31
M�xico,2012,Octubre,10,Hombre,211
M�xico,2012,Octubre,10,Mujer,28
M�xico,2012,Noviembre,11,Hombre,207
M�xico,2012,Noviembre,11,Mujer,39
M�xico,2012,Diciembre,12,Hombre,234
M�xico,2012,Diciembre,12,Mujer,32
M�xico,2013,Enero,1,Hombre,276
M�xico,2013,Enero,1,Mujer,49
M�xico,2013,Febrero,2,Hombre,213
M�xico,2013,Febrero,2,Mujer,39
M�xico,2013,Marzo,3,Hombre,237
M�xico,2013,Marzo,3,Mujer,41
M�xico,2013,Abril,4,Hombre,219
M�xico,2013,Abril,4,Mujer,42
M�xico,2013,Mayo,5,Hombre,229
M�xico,2013,Mayo,5,Mujer,26
M�xico,2013,Junio,6,Hombre,206
M�xico,2013,Junio,6,Mujer,32
M�xico,2013,Julio,7,Hombre,225
M�xico,2013,Julio,7,Mujer,24
M�xico,2013,Agosto,8,Hombre,217
M�xico,2013,Agosto,8,Mujer,34
M�xico,2013,Septiembre,9,Hombre,244
M�xico,2013,Septiembre,9,Mujer,34
M�xico,2013,Octubre,10,Hombre,228
M�xico,2013,Octubre,10,Mujer,39
M�xico,2013,Noviembre,11,Hombre,209
M�xico,2013,Noviembre,11,Mujer,38
M�xico,2013,Diciembre,12,Hombre,234
M�xico,2013,Diciembre,12,Mujer,38
M�xico,2014,Enero,1,Hombre,212
M�xico,2014,Enero,1,Mujer,24
M�xico,2014,Febrero,2,Hombre,208
M�xico,2014,Febrero,2,Mujer,20
M�xico,2014,Marzo,3,Hombre,236
M�xico,2014,Marzo,3,Mujer,27
M�xico,2014,Abril,4,Hombre,198
M�xico,2014,Abril,4,Mujer,29
M�xico,2014,Mayo,5,Hombre,200
M�xico,2014,Mayo,5,Mujer,35
M�xico,2014,Junio,6,Hombre,153
M�xico,2014,Junio,6,Mujer,23
M�xico,2014,Julio,7,Hombre,222
M�xico,2014,Julio,7,Mujer,39
M�xico,2014,Agosto,8,Hombre,224
M�xico,2014,Agosto,8,Mujer,37
M�xico,2014,Septiembre,9,Hombre,208
M�xico,2014,Septiembre,9,Mujer,25
M�xico,2014,Octubre,10,Hombre,192
M�xico,2014,Octubre,10,Mujer,22
M�xico,2014,Noviembre,11,Hombre,157
M�xico,2014,Noviembre,11,Mujer,21
M�xico,2014,Diciembre,12,Hombre,249
M�xico,2014,Diciembre,12,Mujer,43
M�xico,2015,Enero,1,Hombre,176
M�xico,2015,Enero,1,Mujer,31
M�xico,2015,Febrero,2,Hombre,163
M�xico,2015,Febrero,2,Mujer,38
M�xico,2015,Marzo,3,Hombre,198
M�xico,2015,Marzo,3,Mujer,27
M�xico,2015,Abril,4,Hombre,206
M�xico,2015,Abril,4,Mujer,35
M�xico,2015,Mayo,5,Hombre,192
M�xico,2015,Mayo,5,Mujer,26
M�xico,2015,Junio,6,Hombre,185
M�xico,2015,Junio,6,Mujer,31
M�xico,2015,Julio,7,Hombre,164
M�xico,2015,Julio,7,Mujer,30
M�xico,2015,Agosto,8,Hombre,184
M�xico,2015,Agosto,8,Mujer,35
M�xico,2015,Septiembre,9,Hombre,202
M�xico,2015,Septiembre,9,Mujer,34
M�xico,2015,Octubre,10,Hombre,161
M�xico,2015,Octubre,10,Mujer,42
M�xico,2015,Noviembre,11,Hombre,164
M�xico,2015,Noviembre,11,Mujer,34
M�xico,2015,Diciembre,12,Hombre,219
M�xico,2015,Diciembre,12,Mujer,38
M�xico,2016,Enero,1,Hombre,167
M�xico,2016,Enero,1,Mujer,32
M�xico,2016,Febrero,2,Hombre,157
M�xico,2016,Febrero,2,Mujer,23
M�xico,2016,Marzo,3,Hombre,199
M�xico,2016,Marzo,3,Mujer,32
M�xico,2016,Abril,4,Hombre,197
M�xico,2016,Abril,4,Mujer,33
M�xico,2016,Mayo,5,Hombre,213
M�xico,2016,Mayo,5,Mujer,46
M�xico,2016,Junio,6,Hombre,174
M�xico,2016,Junio,6,Mujer,30
M�xico,2016,Julio,7,Hombre,198
M�xico,2016,Julio,7,Mujer,35
M�xico,2016,Agosto,8,Hombre,190
M�xico,2016,Agosto,8,Mujer,34
M�xico,2016,Septiembre,9,Hombre,187
M�xico,2016,Septiembre,9,Mujer,34
M�xico,2016,Octubre,10,Hombre,180
M�xico,2016,Octubre,10,Mujer,43
M�xico,2016,Noviembre,11,Hombre,203
M�xico,2016,Noviembre,11,Mujer,26
M�xico,2016,Diciembre,12,Hombre,219
M�xico,2016,Diciembre,12,Mujer,42
M�xico,2017,Enero,1,Hombre,201
M�xico,2017,Enero,1,Mujer,32
M�xico,2017,Febrero,2,Hombre,167
M�xico,2017,Febrero,2,Mujer,40
M�xico,2017,Marzo,3,Hombre,217
M�xico,2017,Marzo,3,Mujer,44
M�xico,2017,Abril,4,Hombre,195
M�xico,2017,Abril,4,Mujer,44
M�xico,2017,Mayo,5,Hombre,252
M�xico,2017,Mayo,5,Mujer,35
M�xico,2017,Junio,6,Hombre,209
M�xico,2017,Junio,6,Mujer,33
M�xico,2017,Julio,7,Hombre,209
M�xico,2017,Julio,7,Mujer,40
M�xico,2017,Agosto,8,Hombre,197
M�xico,2017,Agosto,8,Mujer,37
M�xico,2017,Septiembre,9,Hombre,233
M�xico,2017,Septiembre,9,Mujer,33
M�xico,2017,Octubre,10,Hombre,225
M�xico,2017,Octubre,10,Mujer,30
M�xico,2017,Noviembre,11,Hombre,196
M�xico,2017,Noviembre,11,Mujer,46
M�xico,2017,Diciembre,12,Hombre,230
M�xico,2017,Diciembre,12,Mujer,43
M�xico,2018,Enero,1,Hombre,222
M�xico,2018,Enero,1,Mujer,39
M�xico,2018,Febrero,2,Hombre,184
M�xico,2018,Febrero,2,Mujer,32
M�xico,2018,Marzo,3,Hombre,228
M�xico,2018,Marzo,3,Mujer,34
M�xico,2018,Abril,4,Hombre,206
M�xico,2018,Abril,4,Mujer,34
M�xico,2018,Mayo,5,Hombre,220
M�xico,2018,Mayo,5,Mujer,34
M�xico,2018,Junio,6,Hombre,201
M�xico,2018,Junio,6,Mujer,36
M�xico,2018,Julio,7,Hombre,240
M�xico,2018,Julio,7,Mujer,35
M�xico,2018,Agosto,8,Hombre,213
M�xico,2018,Agosto,8,Mujer,39
M�xico,2018,Septiembre,9,Hombre,189
M�xico,2018,Septiembre,9,Mujer,28
M�xico,2018,Octubre,10,Hombre,251
M�xico,2018,Octubre,10,Mujer,53
M�xico,2018,Noviembre,11,Hombre,233
M�xico,2018,Noviembre,11,Mujer,44
M�xico,2018,Diciembre,12,Hombre,256
M�xico,2018,Diciembre,12,Mujer,38
M�xico,2019,Enero,1,Hombre,240
M�xico,2019,Enero,1,Mujer,45
M�xico,2019,Febrero,2,Hombre,212
M�xico,2019,Febrero,2,Mujer,33
M�xico,2019,Marzo,3,Hombre,208
M�xico,2019,Marzo,3,Mujer,46
M�xico,2019,Abril,4,Hombre,248
M�xico,2019,Abril,4,Mujer,37
M�xico,2019,Mayo,5,Hombre,211
M�xico,2019,Mayo,5,Mujer,41
M�xico,2019,Junio,6,Hombre,200
M�xico,2019,Junio,6,Mujer,29
M�xico,2019,Julio,7,Hombre,240
M�xico,2019,Julio,7,Mujer,42
M�xico,2019,Agosto,8,Hombre,228
M�xico,2019,Agosto,8,Mujer,36
M�xico,2019,Septiembre,9,Hombre,208
M�xico,2019,Septiembre,9,Mujer,34
M�xico,2019,Octubre,10,Hombre,200
M�xico,2019,Octubre,10,Mujer,36
M�xico,2019,Noviembre,11,Hombre,242
M�xico,2019,Noviembre,11,Mujer,37
M�xico,2019,Diciembre,12,Hombre,258
M�xico,2019,Diciembre,12,Mujer,42
M�xico,2020,Enero,1,Hombre,188
M�xico,2020,Enero,1,Mujer,30
M�xico,2020,Febrero,2,Hombre,215
M�xico,2020,Febrero,2,Mujer,41
M�xico,2020,Marzo,3,Hombre,263
M�xico,2020,Marzo,3,Mujer,41
M�xico,2020,Abril,4,Hombre,239
M�xico,2020,Abril,4,Mujer,36
M�xico,2020,Mayo,5,Hombre,199
M�xico,2020,Mayo,5,Mujer,30
M�xico,2020,Junio,6,Hombre,205
M�xico,2020,Junio,6,Mujer,30
M�xico,2020,Julio,7,Hombre,200
M�xico,2020,Julio,7,Mujer,40
M�xico,2020,Agosto,8,Hombre,188
M�xico,2020,Agosto,8,Mujer,30
M�xico,2020,Septiembre,9,Hombre,208
M�xico,2020,Septiembre,9,Mujer,33
M�xico,2020,Octubre,10,Hombre,226
M�xico,2020,Octubre,10,Mujer,32
M�xico,2020,Noviembre,11,Hombre,196
M�xico,2020,Noviembre,11,Mujer,30
M�xico,2020,Diciembre,12,Hombre,195
M�xico,2020,Diciembre,12,Mujer,35
M�xico,2021,Enero,1,Hombre,158
M�xico,2021,Enero,1,Mujer,24
M�xico,2021,Febrero,2,Hombre,193
M�xico,2021,Febrero,2,Mujer,26
M�xico,2021,Marzo,3,Hombre,212
M�xico,2021,Marzo,3,Mujer,50
M�xico,2021,Abril,4,Hombre,190
M�xico,2021,Abril,4,Mujer,31
M�xico,2021,Mayo,5,Hombre,231
M�xico,2021,Mayo,5,Mujer,38
M�xico,2021,Junio,6,Hombre,184
M�xico,2021,Junio,6,Mujer,22
M�xico,2021,Julio,7,Hombre,197
M�xico,2021,Julio,7,Mujer,27
M�xico,2021,Agosto,8,Hombre,239
M�xico,2021,Agosto,8,Mujer,30
M�xico,2021,Septiembre,9,Hombre,244
M�xico,2021,Septiembre,9,Mujer,35
M�xico,2021,Octubre,10,Hombre,227
M�xico,2021,Octubre,10,Mujer,37
M�xico,2021,Noviembre,11,Hombre,221
M�xico,2021,Noviembre,11,Mujer,49
M�xico,2021,Diciembre,12,Hombre,237
M�xico,2021,Diciembre,12,Mujer,49
M�xico,2022,Enero,1,Hombre,220
M�xico,2022,Enero,1,Mujer,37
M�xico,2022,Febrero,2,Hombre,161
M�xico,2022,Febrero,2,Mujer,38
M�xico,2022,Marzo,3,Hombre,261
M�xico,2022,Marzo,3,Mujer,42
M�xico,2022,Abril,4,Hombre,240
M�xico,2022,Abril,4,Mujer,43
M�xico,2022,Mayo,5,Hombre,239
M�xico,2022,Mayo,5,Mujer,32
M�xico,2022,Junio,6,Hombre,200
M�xico,2022,Junio,6,Mujer,51
M�xico,2022,Julio,7,Hombre,234
M�xico,2022,Julio,7,Mujer,39
M�xico,2022,Agosto,8,Hombre,214
M�xico,2022,Agosto,8,Mujer,46
M�xico,2022,Septiembre,9,Hombre,240
M�xico,2022,Septiembre,9,Mujer,30
M�xico,2022,Octubre,10,Hombre,219
M�xico,2022,Octubre,10,Mujer,44
M�xico,2022,Noviembre,11,Hombre,209
M�xico,2022,Noviembre,11,Mujer,29
M�xico,2022,Diciembre,12,Hombre,211
M�xico,2022,Diciembre,12,Mujer,45
M�xico,2023,Enero,1,Hombre,194
M�xico,2023,Enero,1,Mujer,36
M�xico,2023,Febrero,2,Hombre,195
M�xico,2023,Febrero,2,Mujer,24
M�xico,2023,Marzo,3,Hombre,182
M�xico,2023,Marzo,3,Mujer,41
M�xico,2023,Abril,4,Hombre,181
M�xico,2023,Abril,4,Mujer,38
M�xico,2023,Mayo,5,Hombre,197
M�xico,2023,Mayo,5,Mujer,26
M�xico,2023,Junio,6,Hombre,208
M�xico,2023,Junio,6,Mujer,33
M�xico,2023,Julio,7,Hombre,206
M�xico,2023,Julio,7,Mujer,47
M�xico,2023,Agosto,8,Hombre,184
M�xico,2023,Agosto,8,Mujer,29
M�xico,2023,Septiembre,9,Hombre,226
M�xico,2023,Septiembre,9,Mujer,32
M�xico,2023,Octubre,10,Hombre,192
M�xico,2023,Octubre,10,Mujer,26
M�xico,2023,Noviembre,11,Hombre,214
M�xico,2023,Noviembre,11,Mujer,29
M�xico,2023,Diciembre,12,Hombre,209
M�xico,2023,Diciembre,12,Mujer,30
M�xico,2024,Enero,1,Hombre,177
M�xico,2024,Enero,1,Mujer,30
M�xico,2024,Febrero,2,Hombre,212
M�xico,2024,Febrero,2,Mujer,26
M�xico,2024,Marzo,3,Hombre,215
M�xico,2024,Marzo,3,Mujer,33
M�xico,2024,Abril,4,Hombre,225
M�xico,2024,Abril,4,Mujer,32
M�xico,2024,Mayo,5,Hombre,242
M�xico,2024,Mayo,5,Mujer,35
M�xico,2024,Junio,6,Hombre,195
M�xico,2024,Junio,6,Mujer,31
M�xico,2024,Julio,7,Hombre,187
M�xico,2024,Julio,7,Mujer,29
M�xico,2024,Agosto,8,Hombre,240
M�xico,2024,Agosto,8,Mujer,28
M�xico,2024,Septiembre,9,Hombre,234
M�xico,2024,Septiembre,9,Mujer,42
M�xico,2024,Octubre,10,Hombre,225
M�xico,2024,Octubre,10,Mujer,29
M�xico,2024,Noviembre,11,Hombre,226
M�xico,2024,Noviembre,11,Mujer,29
M�xico,2024,Diciembre,12,Hombre,241
M�xico,2024,Diciembre,12,Mujer,30
Nayarit,1990,Enero,1,Hombre,14
Nayarit,1990,Enero,1,Mujer,1
Nayarit,1990,Febrero,2,Hombre,23
Nayarit,1990,Febrero,2,Mujer,2
Nayarit,1990,Marzo,3,Hombre,14
Nayarit,1990,Marzo,3,Mujer,1
Nayarit,1990,Abril,4,Hombre,19
Nayarit,1990,Abril,4,Mujer,2
Nayarit,1990,Mayo,5,Hombre,21
Nayarit,1990,Mayo,5,Mujer,4
Nayarit,1990,Junio,6,Hombre,19
Nayarit,1990,Junio,6,Mujer,1
Nayarit,1990,Julio,7,Hombre,11
Nayarit,1990,Julio,7,Mujer,3
Nayarit,1990,Agosto,8,Hombre,19
Nayarit,1990,Agosto,8,Mujer,1
Nayarit,1990,Septiembre,9,Hombre,19
Nayarit,1990,Octubre,10,Hombre,13
Nayarit,1990,Octubre,10,Mujer,3
Nayarit,1990,Noviembre,11,Hombre,29
Nayarit,1990,Noviembre,11,Mujer,2
Nayarit,1990,Diciembre,12,Hombre,18
Nayarit,1990,Diciembre,12,Mujer,1
Nayarit,1991,Enero,1,Hombre,16
Nayarit,1991,Enero,1,Mujer,1
Nayarit,1991,Febrero,2,Hombre,20
Nayarit,1991,Febrero,2,Mujer,1
Nayarit,1991,Marzo,3,Hombre,24
Nayarit,1991,Abril,4,Hombre,22
Nayarit,1991,Abril,4,Mujer,1
Nayarit,1991,Mayo,5,Hombre,11
Nayarit,1991,Mayo,5,Mujer,2
Nayarit,1991,Junio,6,Hombre,14
Nayarit,1991,Junio,6,Mujer,1
Nayarit,1991,Julio,7,Hombre,32
Nayarit,1991,Julio,7,Mujer,1
Nayarit,1991,Agosto,8,Hombre,6
Nayarit,1991,Septiembre,9,Hombre,13
Nayarit,1991,Octubre,10,Hombre,21
Nayarit,1991,Octubre,10,Mujer,3
Nayarit,1991,Noviembre,11,Hombre,18
Nayarit,1991,Noviembre,11,Mujer,1
Nayarit,1991,Diciembre,12,Hombre,19
Nayarit,1991,Diciembre,12,Mujer,3
Nayarit,1992,Enero,1,Hombre,26
Nayarit,1992,Enero,1,Mujer,1
Nayarit,1992,Febrero,2,Hombre,12
Nayarit,1992,Febrero,2,Mujer,3
Nayarit,1992,Marzo,3,Hombre,12
Nayarit,1992,Marzo,3,Mujer,1
Nayarit,1992,Abril,4,Hombre,23
Nayarit,1992,Abril,4,Mujer,4
Nayarit,1992,Mayo,5,Hombre,19
Nayarit,1992,Mayo,5,Mujer,3
Nayarit,1992,Junio,6,Hombre,22
Nayarit,1992,Junio,6,Mujer,1
Nayarit,1992,Julio,7,Hombre,17
Nayarit,1992,Agosto,8,Hombre,22
Nayarit,1992,Agosto,8,Mujer,2
Nayarit,1992,Septiembre,9,Hombre,14
Nayarit,1992,Septiembre,9,Mujer,1
Nayarit,1992,Octubre,10,Hombre,13
Nayarit,1992,Octubre,10,Mujer,3
Nayarit,1992,Noviembre,11,Hombre,24
Nayarit,1992,Diciembre,12,Hombre,23
Nayarit,1992,Diciembre,12,Mujer,2
Nayarit,1993,Enero,1,Hombre,19
Nayarit,1993,Enero,1,Mujer,1
Nayarit,1993,Febrero,2,Hombre,20
Nayarit,1993,Marzo,3,Hombre,13
Nayarit,1993,Marzo,3,Mujer,2
Nayarit,1993,Abril,4,Hombre,12
Nayarit,1993,Abril,4,Mujer,1
Nayarit,1993,Mayo,5,Hombre,11
Nayarit,1993,Junio,6,Hombre,7
Nayarit,1993,Junio,6,Mujer,1
Nayarit,1993,Julio,7,Hombre,20
Nayarit,1993,Agosto,8,Hombre,24
Nayarit,1993,Agosto,8,Mujer,2
Nayarit,1993,Septiembre,9,Hombre,15
Nayarit,1993,Septiembre,9,Mujer,3
Nayarit,1993,Octubre,10,Hombre,23
Nayarit,1993,Octubre,10,Mujer,3
Nayarit,1993,Noviembre,11,Hombre,25
Nayarit,1993,Noviembre,11,Mujer,3
Nayarit,1993,Diciembre,12,Hombre,41
Nayarit,1994,Enero,1,Hombre,22
Nayarit,1994,Enero,1,Mujer,3
Nayarit,1994,Febrero,2,Hombre,22
Nayarit,1994,Febrero,2,Mujer,1
Nayarit,1994,Marzo,3,Hombre,27
Nayarit,1994,Marzo,3,Mujer,2
Nayarit,1994,Abril,4,Hombre,20
Nayarit,1994,Abril,4,Mujer,1
Nayarit,1994,Mayo,5,Hombre,25
Nayarit,1994,Mayo,5,Mujer,2
Nayarit,1994,Junio,6,Hombre,26
Nayarit,1994,Junio,6,Mujer,4
Nayarit,1994,Julio,7,Hombre,18
Nayarit,1994,Julio,7,Mujer,1
Nayarit,1994,Agosto,8,Hombre,24
Nayarit,1994,Septiembre,9,Hombre,19
Nayarit,1994,Septiembre,9,Mujer,1
Nayarit,1994,Octubre,10,Hombre,12
Nayarit,1994,Noviembre,11,Hombre,18
Nayarit,1994,Noviembre,11,Mujer,1
Nayarit,1994,Diciembre,12,Hombre,21
Nayarit,1995,Enero,1,Hombre,26
Nayarit,1995,Febrero,2,Hombre,18
Nayarit,1995,Febrero,2,Mujer,4
Nayarit,1995,Marzo,3,Hombre,19
Nayarit,1995,Abril,4,Hombre,13
Nayarit,1995,Abril,4,Mujer,3
Nayarit,1995,Mayo,5,Hombre,13
Nayarit,1995,Mayo,5,Mujer,1
Nayarit,1995,Junio,6,Hombre,17
Nayarit,1995,Junio,6,Mujer,2
Nayarit,1995,Julio,7,Hombre,7
Nayarit,1995,Julio,7,Mujer,2
Nayarit,1995,Agosto,8,Hombre,13
Nayarit,1995,Agosto,8,Mujer,1
Nayarit,1995,Septiembre,9,Hombre,13
Nayarit,1995,Septiembre,9,Mujer,2
Nayarit,1995,Octubre,10,Hombre,14
Nayarit,1995,Octubre,10,Mujer,1
Nayarit,1995,Noviembre,11,Hombre,13
Nayarit,1995,Noviembre,11,Mujer,2
Nayarit,1995,Diciembre,12,Hombre,6
Nayarit,1995,Diciembre,12,Mujer,1
Nayarit,1996,Enero,1,Hombre,11
Nayarit,1996,Enero,1,Mujer,1
Nayarit,1996,Febrero,2,Hombre,10
Nayarit,1996,Febrero,2,Mujer,4
Nayarit,1996,Marzo,3,Hombre,11
Nayarit,1996,Abril,4,Hombre,14
Nayarit,1996,Mayo,5,Hombre,14
Nayarit,1996,Mayo,5,Mujer,1
Nayarit,1996,Junio,6,Hombre,9
Nayarit,1996,Junio,6,Mujer,2
Nayarit,1996,Julio,7,Hombre,9
Nayarit,1996,Agosto,8,Hombre,7
Nayarit,1996,Septiembre,9,Hombre,9
Nayarit,1996,Septiembre,9,Mujer,1
Nayarit,1996,Octubre,10,Hombre,8
Nayarit,1996,Octubre,10,Mujer,1
Nayarit,1996,Noviembre,11,Hombre,5
Nayarit,1996,Noviembre,11,Mujer,1
Nayarit,1996,Diciembre,12,Hombre,4
Nayarit,1996,Diciembre,12,Mujer,1
Nayarit,1997,Enero,1,Hombre,20
Nayarit,1997,Enero,1,Mujer,4
Nayarit,1997,Febrero,2,Hombre,13
Nayarit,1997,Marzo,3,Hombre,11
Nayarit,1997,Marzo,3,Mujer,4
Nayarit,1997,Abril,4,Hombre,11
Nayarit,1997,Mayo,5,Hombre,15
Nayarit,1997,Junio,6,Hombre,9
Nayarit,1997,Julio,7,Hombre,11
Nayarit,1997,Agosto,8,Hombre,12
Nayarit,1997,Septiembre,9,Hombre,11
Nayarit,1997,Septiembre,9,Mujer,1
Nayarit,1997,Octubre,10,Hombre,4
Nayarit,1997,Noviembre,11,Hombre,14
Nayarit,1997,Diciembre,12,Hombre,14
Nayarit,1998,Enero,1,Hombre,10
Nayarit,1998,Febrero,2,Hombre,7
Nayarit,1998,Febrero,2,Mujer,1
Nayarit,1998,Marzo,3,Hombre,10
Nayarit,1998,Abril,4,Hombre,10
Nayarit,1998,Mayo,5,Hombre,13
Nayarit,1998,Junio,6,Hombre,13
Nayarit,1998,Junio,6,Mujer,1
Nayarit,1998,Julio,7,Hombre,9
Nayarit,1998,Agosto,8,Hombre,5
Nayarit,1998,Agosto,8,Mujer,1
Nayarit,1998,Septiembre,9,Hombre,11
Nayarit,1998,Octubre,10,Hombre,11
Nayarit,1998,Noviembre,11,Hombre,12
Nayarit,1998,Noviembre,11,Mujer,2
Nayarit,1998,Diciembre,12,Hombre,11
Nayarit,1998,Diciembre,12,Mujer,1
Nayarit,1999,Enero,1,Hombre,9
Nayarit,1999,Febrero,2,Hombre,6
Nayarit,1999,Marzo,3,Hombre,10
Nayarit,1999,Marzo,3,Mujer,1
Nayarit,1999,Abril,4,Hombre,11
Nayarit,1999,Mayo,5,Hombre,16
Nayarit,1999,Junio,6,Hombre,13
Nayarit,1999,Junio,6,Mujer,4
Nayarit,1999,Julio,7,Hombre,5
Nayarit,1999,Julio,7,Mujer,1
Nayarit,1999,Agosto,8,Hombre,14
Nayarit,1999,Septiembre,9,Hombre,7
Nayarit,1999,Septiembre,9,Mujer,1
Nayarit,1999,Octubre,10,Hombre,8
Nayarit,1999,Octubre,10,Mujer,3
Nayarit,1999,Noviembre,11,Hombre,9
Nayarit,1999,Diciembre,12,Hombre,5
Nayarit,2000,Enero,1,Hombre,8
Nayarit,2000,Febrero,2,Hombre,11
Nayarit,2000,Febrero,2,Mujer,2
Nayarit,2000,Marzo,3,Hombre,6
Nayarit,2000,Abril,4,Hombre,10
Nayarit,2000,Abril,4,Mujer,1
Nayarit,2000,Mayo,5,Hombre,9
Nayarit,2000,Mayo,5,Mujer,1
Nayarit,2000,Junio,6,Hombre,10
Nayarit,2000,Julio,7,Hombre,9
Nayarit,2000,Agosto,8,Hombre,6
Nayarit,2000,Septiembre,9,Hombre,4
Nayarit,2000,Octubre,10,Hombre,6
Nayarit,2000,Noviembre,11,Hombre,15
Nayarit,2000,Noviembre,11,Mujer,1
Nayarit,2000,Diciembre,12,Hombre,10
Nayarit,2001,Enero,1,Hombre,6
Nayarit,2001,Enero,1,Mujer,1
Nayarit,2001,Febrero,2,Hombre,2
Nayarit,2001,Febrero,2,Mujer,1
Nayarit,2001,Marzo,3,Hombre,7
Nayarit,2001,Marzo,3,Mujer,1
Nayarit,2001,Abril,4,Hombre,9
Nayarit,2001,Abril,4,Mujer,1
Nayarit,2001,Mayo,5,Hombre,8
Nayarit,2001,Mayo,5,Mujer,1
Nayarit,2001,Junio,6,Hombre,13
Nayarit,2001,Junio,6,Mujer,2
Nayarit,2001,Julio,7,Hombre,10
Nayarit,2001,Julio,7,Mujer,2
Nayarit,2001,Agosto,8,Hombre,10
Nayarit,2001,Agosto,8,Mujer,1
Nayarit,2001,Septiembre,9,Hombre,4
Nayarit,2001,Septiembre,9,Mujer,2
Nayarit,2001,Octubre,10,Hombre,8
Nayarit,2001,Octubre,10,Mujer,1
Nayarit,2001,Noviembre,11,Hombre,7
Nayarit,2001,Noviembre,11,Mujer,1
Nayarit,2001,Diciembre,12,Hombre,11
Nayarit,2001,Diciembre,12,Mujer,3
Nayarit,2002,Enero,1,Hombre,6
Nayarit,2002,Enero,1,Mujer,1
Nayarit,2002,Febrero,2,Hombre,12
Nayarit,2002,Febrero,2,Mujer,1
Nayarit,2002,Marzo,3,Hombre,5
Nayarit,2002,Abril,4,Hombre,13
Nayarit,2002,Mayo,5,Hombre,17
Nayarit,2002,Mayo,5,Mujer,1
Nayarit,2002,Junio,6,Hombre,4
Nayarit,2002,Junio,6,Mujer,2
Nayarit,2002,Julio,7,Hombre,20
Nayarit,2002,Julio,7,Mujer,3
Nayarit,2002,Agosto,8,Hombre,17
Nayarit,2002,Agosto,8,Mujer,1
Nayarit,2002,Septiembre,9,Hombre,10
Nayarit,2002,Septiembre,9,Mujer,4
Nayarit,2002,Octubre,10,Hombre,10
Nayarit,2002,Noviembre,11,Hombre,12
Nayarit,2002,Noviembre,11,Mujer,1
Nayarit,2002,Diciembre,12,Hombre,7
Nayarit,2002,Diciembre,12,Mujer,4
Nayarit,2003,Enero,1,Hombre,13
Nayarit,2003,Enero,1,Mujer,1
Nayarit,2003,Febrero,2,Hombre,5
Nayarit,2003,Marzo,3,Hombre,7
Nayarit,2003,Abril,4,Hombre,9
Nayarit,2003,Abril,4,Mujer,3
Nayarit,2003,Mayo,5,Hombre,8
Nayarit,2003,Mayo,5,Mujer,1
Nayarit,2003,Junio,6,Hombre,6
Nayarit,2003,Julio,7,Hombre,9
Nayarit,2003,Agosto,8,Hombre,6
Nayarit,2003,Agosto,8,Mujer,1
Nayarit,2003,Septiembre,9,Hombre,11
Nayarit,2003,Septiembre,9,Mujer,2
Nayarit,2003,Octubre,10,Hombre,3
Nayarit,2003,Noviembre,11,Hombre,12
Nayarit,2003,Diciembre,12,Hombre,7
Nayarit,2004,Enero,1,Hombre,11
Nayarit,2004,Enero,1,Mujer,1
Nayarit,2004,Febrero,2,Hombre,5
Nayarit,2004,Febrero,2,Mujer,2
Nayarit,2004,Marzo,3,Hombre,6
Nayarit,2004,Abril,4,Hombre,7
Nayarit,2004,Abril,4,Mujer,2
Nayarit,2004,Mayo,5,Hombre,9
Nayarit,2004,Mayo,5,Mujer,2
Nayarit,2004,Junio,6,Hombre,18
Nayarit,2004,Junio,6,Mujer,1
Nayarit,2004,Julio,7,Hombre,9
Nayarit,2004,Agosto,8,Hombre,9
Nayarit,2004,Septiembre,9,Hombre,8
Nayarit,2004,Septiembre,9,Mujer,4
Nayarit,2004,Octubre,10,Hombre,9
Nayarit,2004,Octubre,10,Mujer,1
Nayarit,2004,Noviembre,11,Hombre,13
Nayarit,2004,Noviembre,11,Mujer,2
Nayarit,2004,Diciembre,12,Hombre,9
Nayarit,2004,Diciembre,12,Mujer,6
Nayarit,2005,Enero,1,Hombre,8
Nayarit,2005,Febrero,2,Hombre,10
Nayarit,2005,Febrero,2,Mujer,1
Nayarit,2005,Marzo,3,Hombre,7
Nayarit,2005,Abril,4,Hombre,9
Nayarit,2005,Mayo,5,Hombre,6
Nayarit,2005,Junio,6,Hombre,11
Nayarit,2005,Julio,7,Hombre,6
Nayarit,2005,Agosto,8,Hombre,16
Nayarit,2005,Agosto,8,Mujer,1
Nayarit,2005,Septiembre,9,Hombre,8
Nayarit,2005,Septiembre,9,Mujer,3
Nayarit,2005,Octubre,10,Hombre,15
Nayarit,2005,Octubre,10,Mujer,2
Nayarit,2005,Noviembre,11,Hombre,18
Nayarit,2005,Noviembre,11,Mujer,2
Nayarit,2005,Diciembre,12,Hombre,4
Nayarit,2005,Diciembre,12,Mujer,1
Nayarit,2006,Enero,1,Hombre,14
Nayarit,2006,Enero,1,Mujer,1
Nayarit,2006,Febrero,2,Hombre,2
Nayarit,2006,Marzo,3,Hombre,8
Nayarit,2006,Marzo,3,Mujer,1
Nayarit,2006,Abril,4,Hombre,5
Nayarit,2006,Abril,4,Mujer,2
Nayarit,2006,Mayo,5,Hombre,7
Nayarit,2006,Junio,6,Hombre,8
Nayarit,2006,Junio,6,Mujer,2
Nayarit,2006,Julio,7,Hombre,6
Nayarit,2006,Julio,7,Mujer,2
Nayarit,2006,Agosto,8,Hombre,8
Nayarit,2006,Agosto,8,Mujer,2
Nayarit,2006,Septiembre,9,Hombre,4
Nayarit,2006,Septiembre,9,Mujer,1
Nayarit,2006,Octubre,10,Hombre,8
Nayarit,2006,Octubre,10,Mujer,3
Nayarit,2006,Noviembre,11,Hombre,8
Nayarit,2006,Noviembre,11,Mujer,1
Nayarit,2006,Diciembre,12,Hombre,9
Nayarit,2006,Diciembre,12,Mujer,1
Nayarit,2007,Enero,1,Hombre,5
Nayarit,2007,Febrero,2,Hombre,7
Nayarit,2007,Febrero,2,Mujer,2
Nayarit,2007,Marzo,3,Hombre,3
Nayarit,2007,Abril,4,Hombre,10
Nayarit,2007,Mayo,5,Hombre,8
Nayarit,2007,Junio,6,Hombre,7
Nayarit,2007,Julio,7,Hombre,6
Nayarit,2007,Julio,7,Mujer,4
Nayarit,2007,Agosto,8,Hombre,9
Nayarit,2007,Septiembre,9,Hombre,8
Nayarit,2007,Septiembre,9,Mujer,1
Nayarit,2007,Octubre,10,Hombre,11
Nayarit,2007,Octubre,10,Mujer,3
Nayarit,2007,Noviembre,11,Hombre,12
Nayarit,2007,Diciembre,12,Hombre,8
Nayarit,2007,Diciembre,12,Mujer,1
Nayarit,2008,Enero,1,Hombre,7
Nayarit,2008,Enero,1,Mujer,3
Nayarit,2008,Febrero,2,Hombre,3
Nayarit,2008,Marzo,3,Hombre,9
Nayarit,2008,Marzo,3,Mujer,1
Nayarit,2008,Abril,4,Hombre,10
Nayarit,2008,Abril,4,Mujer,1
Nayarit,2008,Mayo,5,Hombre,19
Nayarit,2008,Mayo,5,Mujer,1
Nayarit,2008,Junio,6,Hombre,9
Nayarit,2008,Julio,7,Hombre,11
Nayarit,2008,Julio,7,Mujer,2
Nayarit,2008,Agosto,8,Hombre,14
Nayarit,2008,Agosto,8,Mujer,2
Nayarit,2008,Septiembre,9,Hombre,6
Nayarit,2008,Octubre,10,Hombre,12
Nayarit,2008,Octubre,10,Mujer,3
Nayarit,2008,Noviembre,11,Hombre,19
Nayarit,2008,Noviembre,11,Mujer,3
Nayarit,2008,Diciembre,12,Hombre,13
Nayarit,2009,Enero,1,Hombre,14
Nayarit,2009,Enero,1,Mujer,1
Nayarit,2009,Febrero,2,Hombre,16
Nayarit,2009,Febrero,2,Mujer,1
Nayarit,2009,Marzo,3,Hombre,15
Nayarit,2009,Marzo,3,Mujer,2
Nayarit,2009,Abril,4,Hombre,26
Nayarit,2009,Abril,4,Mujer,4
Nayarit,2009,Mayo,5,Hombre,8
Nayarit,2009,Junio,6,Hombre,13
Nayarit,2009,Junio,6,Mujer,4
Nayarit,2009,Julio,7,Hombre,7
Nayarit,2009,Julio,7,Mujer,2
Nayarit,2009,Agosto,8,Hombre,11
Nayarit,2009,Agosto,8,Mujer,1
Nayarit,2009,Septiembre,9,Hombre,14
Nayarit,2009,Octubre,10,Hombre,16
Nayarit,2009,Octubre,10,Mujer,1
Nayarit,2009,Noviembre,11,Hombre,20
Nayarit,2009,Diciembre,12,Hombre,12
Nayarit,2009,Diciembre,12,Mujer,2
Nayarit,2010,Enero,1,Hombre,13
Nayarit,2010,Enero,1,Mujer,1
Nayarit,2010,Febrero,2,Hombre,22
Nayarit,2010,Febrero,2,Mujer,3
Nayarit,2010,Marzo,3,Hombre,18
Nayarit,2010,Marzo,3,Mujer,2
Nayarit,2010,Abril,4,Hombre,35
Nayarit,2010,Abril,4,Mujer,1
Nayarit,2010,Mayo,5,Hombre,35
Nayarit,2010,Mayo,5,Mujer,3
Nayarit,2010,Junio,6,Hombre,64
Nayarit,2010,Junio,6,Mujer,7
Nayarit,2010,Julio,7,Hombre,56
Nayarit,2010,Julio,7,Mujer,1
Nayarit,2010,Agosto,8,Hombre,52
Nayarit,2010,Agosto,8,Mujer,4
Nayarit,2010,Septiembre,9,Hombre,32
Nayarit,2010,Septiembre,9,Mujer,7
Nayarit,2010,Octubre,10,Hombre,50
Nayarit,2010,Octubre,10,Mujer,5
Nayarit,2010,Noviembre,11,Hombre,52
Nayarit,2010,Noviembre,11,Mujer,9
Nayarit,2010,Diciembre,12,Hombre,46
Nayarit,2010,Diciembre,12,Mujer,5
Nayarit,2011,Enero,1,Hombre,41
Nayarit,2011,Enero,1,Mujer,9
Nayarit,2011,Febrero,2,Hombre,32
Nayarit,2011,Febrero,2,Mujer,1
Nayarit,2011,Marzo,3,Hombre,63
Nayarit,2011,Marzo,3,Mujer,2
Nayarit,2011,Abril,4,Hombre,43
Nayarit,2011,Abril,4,Mujer,7
Nayarit,2011,Mayo,5,Hombre,56
Nayarit,2011,Mayo,5,Mujer,5
Nayarit,2011,Junio,6,Hombre,46
Nayarit,2011,Junio,6,Mujer,6
Nayarit,2011,Julio,7,Hombre,43
Nayarit,2011,Julio,7,Mujer,4
Nayarit,2011,Agosto,8,Hombre,54
Nayarit,2011,Agosto,8,Mujer,5
Nayarit,2011,Septiembre,9,Hombre,42
Nayarit,2011,Septiembre,9,Mujer,3
Nayarit,2011,Octubre,10,Hombre,36
Nayarit,2011,Octubre,10,Mujer,2
Nayarit,2011,Noviembre,11,Hombre,38
Nayarit,2011,Noviembre,11,Mujer,4
Nayarit,2011,Diciembre,12,Hombre,28
Nayarit,2011,Diciembre,12,Mujer,6
Nayarit,2012,Enero,1,Hombre,27
Nayarit,2012,Enero,1,Mujer,2
Nayarit,2012,Febrero,2,Hombre,25
Nayarit,2012,Febrero,2,Mujer,2
Nayarit,2012,Marzo,3,Hombre,28
Nayarit,2012,Marzo,3,Mujer,3
Nayarit,2012,Abril,4,Hombre,17
Nayarit,2012,Abril,4,Mujer,2
Nayarit,2012,Mayo,5,Hombre,29
Nayarit,2012,Mayo,5,Mujer,2
Nayarit,2012,Junio,6,Hombre,25
Nayarit,2012,Julio,7,Hombre,17
Nayarit,2012,Julio,7,Mujer,3
Nayarit,2012,Agosto,8,Hombre,19
Nayarit,2012,Agosto,8,Mujer,2
Nayarit,2012,Septiembre,9,Hombre,25
Nayarit,2012,Octubre,10,Hombre,24
Nayarit,2012,Octubre,10,Mujer,1
Nayarit,2012,Noviembre,11,Hombre,12
Nayarit,2012,Noviembre,11,Mujer,2
Nayarit,2012,Diciembre,12,Hombre,17
Nayarit,2013,Enero,1,Hombre,22
Nayarit,2013,Enero,1,Mujer,2
Nayarit,2013,Febrero,2,Hombre,16
Nayarit,2013,Febrero,2,Mujer,2
Nayarit,2013,Marzo,3,Hombre,25
Nayarit,2013,Marzo,3,Mujer,3
Nayarit,2013,Abril,4,Hombre,15
Nayarit,2013,Abril,4,Mujer,1
Nayarit,2013,Mayo,5,Hombre,21
Nayarit,2013,Mayo,5,Mujer,2
Nayarit,2013,Junio,6,Hombre,12
Nayarit,2013,Junio,6,Mujer,2
Nayarit,2013,Julio,7,Hombre,20
Nayarit,2013,Agosto,8,Hombre,9
Nayarit,2013,Agosto,8,Mujer,2
Nayarit,2013,Septiembre,9,Hombre,19
Nayarit,2013,Octubre,10,Hombre,17
Nayarit,2013,Octubre,10,Mujer,3
Nayarit,2013,Noviembre,11,Hombre,9
Nayarit,2013,Noviembre,11,Mujer,3
Nayarit,2013,Diciembre,12,Hombre,15
Nayarit,2014,Enero,1,Hombre,7
Nayarit,2014,Enero,1,Mujer,3
Nayarit,2014,Febrero,2,Hombre,6
Nayarit,2014,Marzo,3,Hombre,11
Nayarit,2014,Marzo,3,Mujer,2
Nayarit,2014,Abril,4,Hombre,12
Nayarit,2014,Abril,4,Mujer,2
Nayarit,2014,Mayo,5,Hombre,17
Nayarit,2014,Mayo,5,Mujer,2
Nayarit,2014,Junio,6,Hombre,21
Nayarit,2014,Junio,6,Mujer,2
Nayarit,2014,Julio,7,Hombre,8
Nayarit,2014,Agosto,8,Hombre,17
Nayarit,2014,Agosto,8,Mujer,1
Nayarit,2014,Septiembre,9,Hombre,16
Nayarit,2014,Septiembre,9,Mujer,3
Nayarit,2014,Octubre,10,Hombre,13
Nayarit,2014,Noviembre,11,Hombre,10
Nayarit,2014,Noviembre,11,Mujer,4
Nayarit,2014,Diciembre,12,Hombre,4
Nayarit,2014,Diciembre,12,Mujer,2
Nayarit,2015,Enero,1,Hombre,13
Nayarit,2015,Enero,1,Mujer,1
Nayarit,2015,Febrero,2,Hombre,4
Nayarit,2015,Marzo,3,Hombre,7
Nayarit,2015,Abril,4,Hombre,10
Nayarit,2015,Abril,4,Mujer,1
Nayarit,2015,Mayo,5,Hombre,14
Nayarit,2015,Junio,6,Hombre,12
Nayarit,2015,Junio,6,Mujer,2
Nayarit,2015,Julio,7,Hombre,9
Nayarit,2015,Agosto,8,Hombre,22
Nayarit,2015,Agosto,8,Mujer,3
Nayarit,2015,Septiembre,9,Hombre,7
Nayarit,2015,Octubre,10,Hombre,11
Nayarit,2015,Octubre,10,Mujer,2
Nayarit,2015,Noviembre,11,Hombre,11
Nayarit,2015,Noviembre,11,Mujer,1
Nayarit,2015,Diciembre,12,Hombre,5
Nayarit,2015,Diciembre,12,Mujer,1
Nayarit,2016,Enero,1,Hombre,8
Nayarit,2016,Enero,1,Mujer,2
Nayarit,2016,Febrero,2,Hombre,5
Nayarit,2016,Febrero,2,Mujer,2
Nayarit,2016,Marzo,3,Hombre,5
Nayarit,2016,Marzo,3,Mujer,1
Nayarit,2016,Abril,4,Hombre,8
Nayarit,2016,Abril,4,Mujer,2
Nayarit,2016,Mayo,5,Hombre,9
Nayarit,2016,Mayo,5,Mujer,4
Nayarit,2016,Junio,6,Hombre,11
Nayarit,2016,Junio,6,Mujer,1
Nayarit,2016,Julio,7,Hombre,9
Nayarit,2016,Julio,7,Mujer,1
Nayarit,2016,Agosto,8,Hombre,15
Nayarit,2016,Agosto,8,Mujer,2
Nayarit,2016,Septiembre,9,Hombre,16
Nayarit,2016,Octubre,10,Hombre,16
Nayarit,2016,Octubre,10,Mujer,2
Nayarit,2016,Noviembre,11,Hombre,10
Nayarit,2016,Noviembre,11,Mujer,3
Nayarit,2016,Diciembre,12,Hombre,7
Nayarit,2016,Diciembre,12,Mujer,2
Nayarit,2017,Enero,1,Hombre,6
Nayarit,2017,Enero,1,Mujer,1
Nayarit,2017,Febrero,2,Hombre,29
Nayarit,2017,Febrero,2,Mujer,4
Nayarit,2017,Marzo,3,Hombre,13
Nayarit,2017,Marzo,3,Mujer,2
Nayarit,2017,Abril,4,Hombre,13
Nayarit,2017,Abril,4,Mujer,4
Nayarit,2017,Mayo,5,Hombre,16
Nayarit,2017,Mayo,5,Mujer,2
Nayarit,2017,Junio,6,Hombre,22
Nayarit,2017,Junio,6,Mujer,5
Nayarit,2017,Julio,7,Hombre,22
Nayarit,2017,Julio,7,Mujer,2
Nayarit,2017,Agosto,8,Hombre,39
Nayarit,2017,Agosto,8,Mujer,3
Nayarit,2017,Septiembre,9,Hombre,54
Nayarit,2017,Septiembre,9,Mujer,8
Nayarit,2017,Octubre,10,Hombre,50
Nayarit,2017,Octubre,10,Mujer,6
Nayarit,2017,Noviembre,11,Hombre,54
Nayarit,2017,Noviembre,11,Mujer,9
Nayarit,2017,Diciembre,12,Hombre,64
Nayarit,2017,Diciembre,12,Mujer,6
Nayarit,2018,Enero,1,Hombre,36
Nayarit,2018,Enero,1,Mujer,3
Nayarit,2018,Febrero,2,Hombre,25
Nayarit,2018,Febrero,2,Mujer,3
Nayarit,2018,Marzo,3,Hombre,49
Nayarit,2018,Marzo,3,Mujer,8
Nayarit,2018,Abril,4,Hombre,24
Nayarit,2018,Abril,4,Mujer,4
Nayarit,2018,Mayo,5,Hombre,23
Nayarit,2018,Mayo,5,Mujer,1
Nayarit,2018,Junio,6,Hombre,30
Nayarit,2018,Junio,6,Mujer,2
Nayarit,2018,Julio,7,Hombre,27
Nayarit,2018,Julio,7,Mujer,2
Nayarit,2018,Agosto,8,Hombre,29
Nayarit,2018,Agosto,8,Mujer,2
Nayarit,2018,Septiembre,9,Hombre,30
Nayarit,2018,Septiembre,9,Mujer,2
Nayarit,2018,Octubre,10,Hombre,25
Nayarit,2018,Octubre,10,Mujer,5
Nayarit,2018,Noviembre,11,Hombre,13
Nayarit,2018,Noviembre,11,Mujer,3
Nayarit,2018,Diciembre,12,Hombre,20
Nayarit,2018,Diciembre,12,Mujer,1
Nayarit,2019,Enero,1,Hombre,20
Nayarit,2019,Enero,1,Mujer,3
Nayarit,2019,Febrero,2,Hombre,13
Nayarit,2019,Marzo,3,Hombre,18
Nayarit,2019,Marzo,3,Mujer,2
Nayarit,2019,Abril,4,Hombre,13
Nayarit,2019,Abril,4,Mujer,2
Nayarit,2019,Mayo,5,Hombre,12
Nayarit,2019,Mayo,5,Mujer,2
Nayarit,2019,Junio,6,Hombre,16
Nayarit,2019,Junio,6,Mujer,1
Nayarit,2019,Julio,7,Hombre,17
Nayarit,2019,Julio,7,Mujer,2
Nayarit,2019,Agosto,8,Hombre,12
Nayarit,2019,Agosto,8,Mujer,4
Nayarit,2019,Septiembre,9,Hombre,15
Nayarit,2019,Septiembre,9,Mujer,3
Nayarit,2019,Octubre,10,Hombre,21
Nayarit,2019,Octubre,10,Mujer,1
Nayarit,2019,Noviembre,11,Hombre,12
Nayarit,2019,Noviembre,11,Mujer,2
Nayarit,2019,Diciembre,12,Hombre,17
Nayarit,2019,Diciembre,12,Mujer,2
Nayarit,2020,Enero,1,Hombre,13
Nayarit,2020,Enero,1,Mujer,2
Nayarit,2020,Febrero,2,Hombre,16
Nayarit,2020,Febrero,2,Mujer,2
Nayarit,2020,Marzo,3,Hombre,11
Nayarit,2020,Abril,4,Hombre,6
Nayarit,2020,Abril,4,Mujer,2
Nayarit,2020,Mayo,5,Hombre,13
Nayarit,2020,Mayo,5,Mujer,2
Nayarit,2020,Junio,6,Hombre,12
Nayarit,2020,Junio,6,Mujer,3
Nayarit,2020,Julio,7,Hombre,9
Nayarit,2020,Julio,7,Mujer,2
Nayarit,2020,Agosto,8,Hombre,10
Nayarit,2020,Agosto,8,Mujer,3
Nayarit,2020,Septiembre,9,Hombre,14
Nayarit,2020,Septiembre,9,Mujer,1
Nayarit,2020,Octubre,10,Hombre,28
Nayarit,2020,Octubre,10,Mujer,2
Nayarit,2020,Noviembre,11,Hombre,14
Nayarit,2020,Noviembre,11,Mujer,2
Nayarit,2020,Diciembre,12,Hombre,12
Nayarit,2021,Enero,1,Hombre,18
Nayarit,2021,Enero,1,Mujer,1
Nayarit,2021,Febrero,2,Hombre,15
Nayarit,2021,Febrero,2,Mujer,1
Nayarit,2021,Marzo,3,Hombre,16
Nayarit,2021,Marzo,3,Mujer,2
Nayarit,2021,Abril,4,Hombre,14
Nayarit,2021,Abril,4,Mujer,3
Nayarit,2021,Mayo,5,Hombre,11
Nayarit,2021,Mayo,5,Mujer,1
Nayarit,2021,Junio,6,Hombre,12
Nayarit,2021,Junio,6,Mujer,3
Nayarit,2021,Julio,7,Hombre,13
Nayarit,2021,Julio,7,Mujer,4
Nayarit,2021,Agosto,8,Hombre,10
Nayarit,2021,Agosto,8,Mujer,3
Nayarit,2021,Septiembre,9,Hombre,14
Nayarit,2021,Septiembre,9,Mujer,3
Nayarit,2021,Octubre,10,Hombre,18
Nayarit,2021,Octubre,10,Mujer,6
Nayarit,2021,Noviembre,11,Hombre,15
Nayarit,2021,Noviembre,11,Mujer,2
Nayarit,2021,Diciembre,12,Hombre,14
Nayarit,2021,Diciembre,12,Mujer,2
Nayarit,2022,Enero,1,Hombre,18
Nayarit,2022,Febrero,2,Hombre,17
Nayarit,2022,Febrero,2,Mujer,1
Nayarit,2022,Marzo,3,Hombre,18
Nayarit,2022,Marzo,3,Mujer,2
Nayarit,2022,Abril,4,Hombre,10
Nayarit,2022,Abril,4,Mujer,2
Nayarit,2022,Mayo,5,Hombre,24
Nayarit,2022,Mayo,5,Mujer,1
Nayarit,2022,Junio,6,Hombre,15
Nayarit,2022,Junio,6,Mujer,1
Nayarit,2022,Julio,7,Hombre,10
Nayarit,2022,Julio,7,Mujer,2
Nayarit,2022,Agosto,8,Hombre,14
Nayarit,2022,Agosto,8,Mujer,1
Nayarit,2022,Septiembre,9,Hombre,10
Nayarit,2022,Septiembre,9,Mujer,1
Nayarit,2022,Octubre,10,Hombre,10
Nayarit,2022,Octubre,10,Mujer,2
Nayarit,2022,Noviembre,11,Hombre,5
Nayarit,2022,Diciembre,12,Hombre,22
Nayarit,2022,Diciembre,12,Mujer,3
Nayarit,2023,Enero,1,Hombre,18
Nayarit,2023,Enero,1,Mujer,2
Nayarit,2023,Febrero,2,Hombre,9
Nayarit,2023,Febrero,2,Mujer,2
Nayarit,2023,Marzo,3,Hombre,13
Nayarit,2023,Marzo,3,Mujer,3
Nayarit,2023,Abril,4,Hombre,9
Nayarit,2023,Abril,4,Mujer,1
Nayarit,2023,Mayo,5,Hombre,13
Nayarit,2023,Mayo,5,Mujer,1
Nayarit,2023,Junio,6,Hombre,8
Nayarit,2023,Julio,7,Hombre,5
Nayarit,2023,Julio,7,Mujer,2
Nayarit,2023,Agosto,8,Hombre,13
Nayarit,2023,Septiembre,9,Hombre,4
Nayarit,2023,Septiembre,9,Mujer,2
Nayarit,2023,Octubre,10,Hombre,12
Nayarit,2023,Octubre,10,Mujer,2
Nayarit,2023,Noviembre,11,Hombre,11
Nayarit,2023,Noviembre,11,Mujer,2
Nayarit,2023,Diciembre,12,Hombre,7
Nayarit,2024,Enero,1,Hombre,9
Nayarit,2024,Enero,1,Mujer,1
Nayarit,2024,Febrero,2,Hombre,8
Nayarit,2024,Febrero,2,Mujer,1
Nayarit,2024,Marzo,3,Hombre,6
Nayarit,2024,Marzo,3,Mujer,3
Nayarit,2024,Abril,4,Hombre,13
Nayarit,2024,Mayo,5,Hombre,11
Nayarit,2024,Mayo,5,Mujer,1
Nayarit,2024,Junio,6,Hombre,6
Nayarit,2024,Junio,6,Mujer,1
Nayarit,2024,Julio,7,Hombre,7
Nayarit,2024,Agosto,8,Hombre,19
Nayarit,2024,Agosto,8,Mujer,3
Nayarit,2024,Septiembre,9,Hombre,16
Nayarit,2024,Octubre,10,Hombre,18
Nayarit,2024,Octubre,10,Mujer,3
Nayarit,2024,Noviembre,11,Hombre,16
Nayarit,2024,Noviembre,11,Mujer,1
Nayarit,2024,Diciembre,12,Hombre,29
Nayarit,2024,Diciembre,12,Mujer,2
Nuevo Le�n,1990,Enero,1,Hombre,8
Nuevo Le�n,1990,Enero,1,Mujer,1
Nuevo Le�n,1990,Febrero,2,Hombre,5
Nuevo Le�n,1990,Marzo,3,Hombre,6
Nuevo Le�n,1990,Marzo,3,Mujer,3
Nuevo Le�n,1990,Abril,4,Hombre,11
Nuevo Le�n,1990,Abril,4,Mujer,1
Nuevo Le�n,1990,Mayo,5,Hombre,4
Nuevo Le�n,1990,Mayo,5,Mujer,1
Nuevo Le�n,1990,Junio,6,Hombre,4
Nuevo Le�n,1990,Julio,7,Hombre,7
Nuevo Le�n,1990,Agosto,8,Hombre,4
Nuevo Le�n,1990,Septiembre,9,Hombre,7
Nuevo Le�n,1990,Septiembre,9,Mujer,1
Nuevo Le�n,1990,Octubre,10,Hombre,1
Nuevo Le�n,1990,Noviembre,11,Hombre,2
Nuevo Le�n,1990,Diciembre,12,Hombre,5
Nuevo Le�n,1990,Diciembre,12,Mujer,1
Nuevo Le�n,1991,Enero,1,Hombre,12
Nuevo Le�n,1991,Enero,1,Mujer,3
Nuevo Le�n,1991,Febrero,2,Hombre,4
Nuevo Le�n,1991,Marzo,3,Hombre,5
Nuevo Le�n,1991,Abril,4,Hombre,6
Nuevo Le�n,1991,Mayo,5,Hombre,3
Nuevo Le�n,1991,Mayo,5,Mujer,2
Nuevo Le�n,1991,Junio,6,Hombre,2
Nuevo Le�n,1991,Julio,7,Hombre,4
Nuevo Le�n,1991,Agosto,8,Hombre,8
Nuevo Le�n,1991,Agosto,8,Mujer,1
Nuevo Le�n,1991,Septiembre,9,Hombre,8
Nuevo Le�n,1991,Septiembre,9,Mujer,1
Nuevo Le�n,1991,Octubre,10,Hombre,11
Nuevo Le�n,1991,Octubre,10,Mujer,2
Nuevo Le�n,1991,Noviembre,11,Hombre,9
Nuevo Le�n,1991,Noviembre,11,Mujer,2
Nuevo Le�n,1991,Diciembre,12,Hombre,7
Nuevo Le�n,1992,Enero,1,Hombre,14
Nuevo Le�n,1992,Enero,1,Mujer,2
Nuevo Le�n,1992,Febrero,2,Hombre,10
Nuevo Le�n,1992,Febrero,2,Mujer,1
Nuevo Le�n,1992,Marzo,3,Hombre,11
Nuevo Le�n,1992,Marzo,3,Mujer,1
Nuevo Le�n,1992,Abril,4,Hombre,14
Nuevo Le�n,1992,Abril,4,Mujer,3
Nuevo Le�n,1992,Mayo,5,Hombre,12
Nuevo Le�n,1992,Mayo,5,Mujer,1
Nuevo Le�n,1992,Junio,6,Hombre,8
Nuevo Le�n,1992,Junio,6,Mujer,3
Nuevo Le�n,1992,Julio,7,Hombre,10
Nuevo Le�n,1992,Agosto,8,Hombre,9
Nuevo Le�n,1992,Agosto,8,Mujer,1
Nuevo Le�n,1992,Septiembre,9,Hombre,8
Nuevo Le�n,1992,Septiembre,9,Mujer,1
Nuevo Le�n,1992,Octubre,10,Hombre,5
Nuevo Le�n,1992,Noviembre,11,Hombre,8
Nuevo Le�n,1992,Noviembre,11,Mujer,2
Nuevo Le�n,1992,Diciembre,12,Hombre,5
Nuevo Le�n,1992,Diciembre,12,Mujer,2
Nuevo Le�n,1993,Enero,1,Hombre,13
Nuevo Le�n,1993,Enero,1,Mujer,1
Nuevo Le�n,1993,Febrero,2,Hombre,7
Nuevo Le�n,1993,Febrero,2,Mujer,2
Nuevo Le�n,1993,Marzo,3,Hombre,11
Nuevo Le�n,1993,Abril,4,Hombre,5
Nuevo Le�n,1993,Mayo,5,Hombre,7
Nuevo Le�n,1993,Mayo,5,Mujer,1
Nuevo Le�n,1993,Junio,6,Hombre,6
Nuevo Le�n,1993,Junio,6,Mujer,1
Nuevo Le�n,1993,Julio,7,Hombre,7
Nuevo Le�n,1993,Julio,7,Mujer,1
Nuevo Le�n,1993,Agosto,8,Hombre,14
Nuevo Le�n,1993,Agosto,8,Mujer,4
Nuevo Le�n,1993,Septiembre,9,Hombre,5
Nuevo Le�n,1993,Septiembre,9,Mujer,1
Nuevo Le�n,1993,Octubre,10,Hombre,6
Nuevo Le�n,1993,Octubre,10,Mujer,1
Nuevo Le�n,1993,Noviembre,11,Hombre,12
Nuevo Le�n,1993,Noviembre,11,Mujer,1
Nuevo Le�n,1993,Diciembre,12,Hombre,14
Nuevo Le�n,1994,Enero,1,Hombre,8
Nuevo Le�n,1994,Enero,1,Mujer,2
Nuevo Le�n,1994,Febrero,2,Hombre,11
Nuevo Le�n,1994,Marzo,3,Hombre,13
Nuevo Le�n,1994,Marzo,3,Mujer,1
Nuevo Le�n,1994,Abril,4,Hombre,6
Nuevo Le�n,1994,Abril,4,Mujer,2
Nuevo Le�n,1994,Mayo,5,Hombre,15
Nuevo Le�n,1994,Mayo,5,Mujer,1
Nuevo Le�n,1994,Junio,6,Hombre,14
Nuevo Le�n,1994,Junio,6,Mujer,2
Nuevo Le�n,1994,Julio,7,Hombre,17
Nuevo Le�n,1994,Julio,7,Mujer,2
Nuevo Le�n,1994,Agosto,8,Hombre,13
Nuevo Le�n,1994,Agosto,8,Mujer,1
Nuevo Le�n,1994,Septiembre,9,Hombre,17
Nuevo Le�n,1994,Septiembre,9,Mujer,2
Nuevo Le�n,1994,Octubre,10,Hombre,7
Nuevo Le�n,1994,Octubre,10,Mujer,1
Nuevo Le�n,1994,Noviembre,11,Hombre,7
Nuevo Le�n,1994,Diciembre,12,Hombre,11
Nuevo Le�n,1995,Enero,1,Hombre,5
Nuevo Le�n,1995,Febrero,2,Hombre,11
Nuevo Le�n,1995,Marzo,3,Hombre,9
Nuevo Le�n,1995,Marzo,3,Mujer,4
Nuevo Le�n,1995,Abril,4,Hombre,12
Nuevo Le�n,1995,Abril,4,Mujer,1
Nuevo Le�n,1995,Mayo,5,Hombre,10
Nuevo Le�n,1995,Mayo,5,Mujer,2
Nuevo Le�n,1995,Junio,6,Hombre,12
Nuevo Le�n,1995,Junio,6,Mujer,4
Nuevo Le�n,1995,Julio,7,Hombre,10
Nuevo Le�n,1995,Julio,7,Mujer,2
Nuevo Le�n,1995,Agosto,8,Hombre,6
Nuevo Le�n,1995,Septiembre,9,Hombre,11
Nuevo Le�n,1995,Septiembre,9,Mujer,1
Nuevo Le�n,1995,Octubre,10,Hombre,5
Nuevo Le�n,1995,Noviembre,11,Hombre,7
Nuevo Le�n,1995,Noviembre,11,Mujer,1
Nuevo Le�n,1995,Diciembre,12,Hombre,10
Nuevo Le�n,1995,Diciembre,12,Mujer,2
Nuevo Le�n,1996,Enero,1,Hombre,10
Nuevo Le�n,1996,Enero,1,Mujer,3
Nuevo Le�n,1996,Febrero,2,Hombre,5
Nuevo Le�n,1996,Marzo,3,Hombre,8
Nuevo Le�n,1996,Marzo,3,Mujer,1
Nuevo Le�n,1996,Abril,4,Hombre,6
Nuevo Le�n,1996,Abril,4,Mujer,3
Nuevo Le�n,1996,Mayo,5,Hombre,11
Nuevo Le�n,1996,Mayo,5,Mujer,1
Nuevo Le�n,1996,Junio,6,Hombre,10
Nuevo Le�n,1996,Julio,7,Hombre,4
Nuevo Le�n,1996,Agosto,8,Hombre,9
Nuevo Le�n,1996,Agosto,8,Mujer,1
Nuevo Le�n,1996,Septiembre,9,Hombre,6
Nuevo Le�n,1996,Septiembre,9,Mujer,1
Nuevo Le�n,1996,Octubre,10,Hombre,7
Nuevo Le�n,1996,Octubre,10,Mujer,1
Nuevo Le�n,1996,Noviembre,11,Hombre,5
Nuevo Le�n,1996,Noviembre,11,Mujer,1
Nuevo Le�n,1996,Diciembre,12,Hombre,14
Nuevo Le�n,1996,Diciembre,12,Mujer,1
Nuevo Le�n,1997,Enero,1,Hombre,3
Nuevo Le�n,1997,Enero,1,Mujer,1
Nuevo Le�n,1997,Febrero,2,Hombre,10
Nuevo Le�n,1997,Febrero,2,Mujer,4
Nuevo Le�n,1997,Marzo,3,Hombre,8
Nuevo Le�n,1997,Abril,4,Hombre,16
Nuevo Le�n,1997,Abril,4,Mujer,1
Nuevo Le�n,1997,Mayo,5,Hombre,8
Nuevo Le�n,1997,Mayo,5,Mujer,3
Nuevo Le�n,1997,Junio,6,Hombre,13
Nuevo Le�n,1997,Junio,6,Mujer,2
Nuevo Le�n,1997,Julio,7,Hombre,6
Nuevo Le�n,1997,Julio,7,Mujer,1
Nuevo Le�n,1997,Agosto,8,Hombre,11
Nuevo Le�n,1997,Septiembre,9,Hombre,7
Nuevo Le�n,1997,Septiembre,9,Mujer,1
Nuevo Le�n,1997,Octubre,10,Hombre,14
Nuevo Le�n,1997,Octubre,10,Mujer,4
Nuevo Le�n,1997,Noviembre,11,Hombre,2
Nuevo Le�n,1997,Diciembre,12,Hombre,10
Nuevo Le�n,1997,Diciembre,12,Mujer,2
Nuevo Le�n,1998,Enero,1,Hombre,5
Nuevo Le�n,1998,Febrero,2,Hombre,12
Nuevo Le�n,1998,Febrero,2,Mujer,1
Nuevo Le�n,1998,Marzo,3,Hombre,8
Nuevo Le�n,1998,Abril,4,Hombre,2
Nuevo Le�n,1998,Abril,4,Mujer,4
Nuevo Le�n,1998,Mayo,5,Hombre,7
Nuevo Le�n,1998,Mayo,5,Mujer,3
Nuevo Le�n,1998,Junio,6,Hombre,8
Nuevo Le�n,1998,Junio,6,Mujer,4
Nuevo Le�n,1998,Julio,7,Hombre,12
Nuevo Le�n,1998,Agosto,8,Hombre,6
Nuevo Le�n,1998,Agosto,8,Mujer,1
Nuevo Le�n,1998,Septiembre,9,Hombre,24
Nuevo Le�n,1998,Octubre,10,Hombre,15
Nuevo Le�n,1998,Octubre,10,Mujer,2
Nuevo Le�n,1998,Noviembre,11,Hombre,8
Nuevo Le�n,1998,Noviembre,11,Mujer,1
Nuevo Le�n,1998,Diciembre,12,Hombre,9
Nuevo Le�n,1999,Enero,1,Hombre,4
Nuevo Le�n,1999,Enero,1,Mujer,5
Nuevo Le�n,1999,Febrero,2,Hombre,1
Nuevo Le�n,1999,Febrero,2,Mujer,1
Nuevo Le�n,1999,Marzo,3,Hombre,10
Nuevo Le�n,1999,Abril,4,Hombre,3
Nuevo Le�n,1999,Mayo,5,Hombre,16
Nuevo Le�n,1999,Junio,6,Hombre,9
Nuevo Le�n,1999,Junio,6,Mujer,1
Nuevo Le�n,1999,Julio,7,Hombre,12
Nuevo Le�n,1999,Julio,7,Mujer,2
Nuevo Le�n,1999,Agosto,8,Hombre,14
Nuevo Le�n,1999,Agosto,8,Mujer,5
Nuevo Le�n,1999,Septiembre,9,Hombre,5
Nuevo Le�n,1999,Septiembre,9,Mujer,1
Nuevo Le�n,1999,Octubre,10,Hombre,15
Nuevo Le�n,1999,Noviembre,11,Hombre,10
Nuevo Le�n,1999,Noviembre,11,Mujer,1
Nuevo Le�n,1999,Diciembre,12,Hombre,4
Nuevo Le�n,1999,Diciembre,12,Mujer,1
Nuevo Le�n,2000,Enero,1,Hombre,7
Nuevo Le�n,2000,Enero,1,Mujer,4
Nuevo Le�n,2000,Febrero,2,Hombre,12
Nuevo Le�n,2000,Marzo,3,Hombre,8
Nuevo Le�n,2000,Marzo,3,Mujer,2
Nuevo Le�n,2000,Abril,4,Hombre,6
Nuevo Le�n,2000,Abril,4,Mujer,3
Nuevo Le�n,2000,Mayo,5,Hombre,9
Nuevo Le�n,2000,Mayo,5,Mujer,5
Nuevo Le�n,2000,Junio,6,Hombre,9
Nuevo Le�n,2000,Junio,6,Mujer,5
Nuevo Le�n,2000,Julio,7,Hombre,8
Nuevo Le�n,2000,Julio,7,Mujer,1
Nuevo Le�n,2000,Agosto,8,Hombre,4
Nuevo Le�n,2000,Agosto,8,Mujer,1
Nuevo Le�n,2000,Septiembre,9,Hombre,9
Nuevo Le�n,2000,Septiembre,9,Mujer,2
Nuevo Le�n,2000,Octubre,10,Hombre,5
Nuevo Le�n,2000,Noviembre,11,Hombre,4
Nuevo Le�n,2000,Diciembre,12,Hombre,4
Nuevo Le�n,2000,Diciembre,12,Mujer,4
Nuevo Le�n,2001,Enero,1,Hombre,6
Nuevo Le�n,2001,Enero,1,Mujer,2
Nuevo Le�n,2001,Febrero,2,Hombre,8
Nuevo Le�n,2001,Febrero,2,Mujer,1
Nuevo Le�n,2001,Marzo,3,Hombre,15
Nuevo Le�n,2001,Marzo,3,Mujer,4
Nuevo Le�n,2001,Abril,4,Hombre,6
Nuevo Le�n,2001,Abril,4,Mujer,1
Nuevo Le�n,2001,Mayo,5,Hombre,3
Nuevo Le�n,2001,Junio,6,Hombre,6
Nuevo Le�n,2001,Junio,6,Mujer,1
Nuevo Le�n,2001,Julio,7,Hombre,4
Nuevo Le�n,2001,Agosto,8,Hombre,3
Nuevo Le�n,2001,Agosto,8,Mujer,1
Nuevo Le�n,2001,Septiembre,9,Hombre,10
Nuevo Le�n,2001,Septiembre,9,Mujer,1
Nuevo Le�n,2001,Octubre,10,Hombre,8
Nuevo Le�n,2001,Octubre,10,Mujer,1
Nuevo Le�n,2001,Noviembre,11,Hombre,4
Nuevo Le�n,2001,Diciembre,12,Hombre,9
Nuevo Le�n,2001,Diciembre,12,Mujer,1
Nuevo Le�n,2002,Enero,1,Hombre,7
Nuevo Le�n,2002,Enero,1,Mujer,5
Nuevo Le�n,2002,Febrero,2,Hombre,2
Nuevo Le�n,2002,Febrero,2,Mujer,4
Nuevo Le�n,2002,Marzo,3,Hombre,4
Nuevo Le�n,2002,Marzo,3,Mujer,1
Nuevo Le�n,2002,Abril,4,Hombre,14
Nuevo Le�n,2002,Abril,4,Mujer,1
Nuevo Le�n,2002,Mayo,5,Hombre,7
Nuevo Le�n,2002,Junio,6,Hombre,4
Nuevo Le�n,2002,Junio,6,Mujer,4
Nuevo Le�n,2002,Julio,7,Hombre,3
Nuevo Le�n,2002,Agosto,8,Hombre,10
Nuevo Le�n,2002,Septiembre,9,Hombre,13
Nuevo Le�n,2002,Septiembre,9,Mujer,1
Nuevo Le�n,2002,Octubre,10,Hombre,11
Nuevo Le�n,2002,Octubre,10,Mujer,1
Nuevo Le�n,2002,Noviembre,11,Hombre,5
Nuevo Le�n,2002,Noviembre,11,Mujer,1
Nuevo Le�n,2002,Diciembre,12,Hombre,8
Nuevo Le�n,2003,Enero,1,Hombre,4
Nuevo Le�n,2003,Febrero,2,Hombre,12
Nuevo Le�n,2003,Febrero,2,Mujer,1
Nuevo Le�n,2003,Marzo,3,Hombre,13
Nuevo Le�n,2003,Marzo,3,Mujer,4
Nuevo Le�n,2003,Abril,4,Hombre,19
Nuevo Le�n,2003,Abril,4,Mujer,1
Nuevo Le�n,2003,Mayo,5,Hombre,11
Nuevo Le�n,2003,Mayo,5,Mujer,1
Nuevo Le�n,2003,Junio,6,Hombre,10
Nuevo Le�n,2003,Junio,6,Mujer,4
Nuevo Le�n,2003,Julio,7,Hombre,13
Nuevo Le�n,2003,Julio,7,Mujer,1
Nuevo Le�n,2003,Agosto,8,Hombre,7
Nuevo Le�n,2003,Agosto,8,Mujer,2
Nuevo Le�n,2003,Septiembre,9,Hombre,6
Nuevo Le�n,2003,Septiembre,9,Mujer,3
Nuevo Le�n,2003,Octubre,10,Hombre,9
Nuevo Le�n,2003,Octubre,10,Mujer,4
Nuevo Le�n,2003,Noviembre,11,Hombre,8
Nuevo Le�n,2003,Noviembre,11,Mujer,1
Nuevo Le�n,2003,Diciembre,12,Hombre,8
Nuevo Le�n,2004,Enero,1,Hombre,8
Nuevo Le�n,2004,Enero,1,Mujer,1
Nuevo Le�n,2004,Febrero,2,Hombre,6
Nuevo Le�n,2004,Febrero,2,Mujer,3
Nuevo Le�n,2004,Marzo,3,Hombre,5
Nuevo Le�n,2004,Marzo,3,Mujer,1
Nuevo Le�n,2004,Abril,4,Hombre,5
Nuevo Le�n,2004,Abril,4,Mujer,2
Nuevo Le�n,2004,Mayo,5,Hombre,8
Nuevo Le�n,2004,Mayo,5,Mujer,2
Nuevo Le�n,2004,Junio,6,Hombre,12
Nuevo Le�n,2004,Junio,6,Mujer,3
Nuevo Le�n,2004,Julio,7,Hombre,5
Nuevo Le�n,2004,Julio,7,Mujer,4
Nuevo Le�n,2004,Agosto,8,Hombre,9
Nuevo Le�n,2004,Agosto,8,Mujer,2
Nuevo Le�n,2004,Septiembre,9,Hombre,6
Nuevo Le�n,2004,Septiembre,9,Mujer,2
Nuevo Le�n,2004,Octubre,10,Hombre,6
Nuevo Le�n,2004,Octubre,10,Mujer,5
Nuevo Le�n,2004,Noviembre,11,Hombre,9
Nuevo Le�n,2004,Diciembre,12,Hombre,11
Nuevo Le�n,2004,Diciembre,12,Mujer,1
Nuevo Le�n,2005,Enero,1,Hombre,6
Nuevo Le�n,2005,Enero,1,Mujer,3
Nuevo Le�n,2005,Febrero,2,Hombre,5
Nuevo Le�n,2005,Marzo,3,Hombre,11
Nuevo Le�n,2005,Marzo,3,Mujer,2
Nuevo Le�n,2005,Abril,4,Hombre,10
Nuevo Le�n,2005,Abril,4,Mujer,1
Nuevo Le�n,2005,Mayo,5,Hombre,14
Nuevo Le�n,2005,Junio,6,Hombre,6
Nuevo Le�n,2005,Junio,6,Mujer,2
Nuevo Le�n,2005,Julio,7,Hombre,17
Nuevo Le�n,2005,Julio,7,Mujer,4
Nuevo Le�n,2005,Agosto,8,Hombre,7
Nuevo Le�n,2005,Septiembre,9,Hombre,16
Nuevo Le�n,2005,Octubre,10,Hombre,13
Nuevo Le�n,2005,Octubre,10,Mujer,2
Nuevo Le�n,2005,Noviembre,11,Hombre,7
Nuevo Le�n,2005,Noviembre,11,Mujer,2
Nuevo Le�n,2005,Diciembre,12,Hombre,9
Nuevo Le�n,2005,Diciembre,12,Mujer,4
Nuevo Le�n,2006,Enero,1,Hombre,7
Nuevo Le�n,2006,Enero,1,Mujer,1
Nuevo Le�n,2006,Febrero,2,Hombre,7
Nuevo Le�n,2006,Febrero,2,Mujer,5
Nuevo Le�n,2006,Marzo,3,Hombre,16
Nuevo Le�n,2006,Marzo,3,Mujer,4
Nuevo Le�n,2006,Abril,4,Hombre,7
Nuevo Le�n,2006,Mayo,5,Hombre,17
Nuevo Le�n,2006,Mayo,5,Mujer,1
Nuevo Le�n,2006,Junio,6,Hombre,9
Nuevo Le�n,2006,Junio,6,Mujer,2
Nuevo Le�n,2006,Julio,7,Hombre,13
Nuevo Le�n,2006,Julio,7,Mujer,1
Nuevo Le�n,2006,Agosto,8,Hombre,13
Nuevo Le�n,2006,Agosto,8,Mujer,2
Nuevo Le�n,2006,Septiembre,9,Hombre,12
Nuevo Le�n,2006,Septiembre,9,Mujer,1
Nuevo Le�n,2006,Octubre,10,Hombre,17
Nuevo Le�n,2006,Noviembre,11,Hombre,17
Nuevo Le�n,2006,Noviembre,11,Mujer,2
Nuevo Le�n,2006,Diciembre,12,Hombre,10
Nuevo Le�n,2006,Diciembre,12,Mujer,3
Nuevo Le�n,2007,Enero,1,Hombre,11
Nuevo Le�n,2007,Enero,1,Mujer,2
Nuevo Le�n,2007,Febrero,2,Hombre,17
Nuevo Le�n,2007,Marzo,3,Hombre,24
Nuevo Le�n,2007,Marzo,3,Mujer,3
Nuevo Le�n,2007,Abril,4,Hombre,35
Nuevo Le�n,2007,Mayo,5,Hombre,36
Nuevo Le�n,2007,Mayo,5,Mujer,3
Nuevo Le�n,2007,Junio,6,Hombre,25
Nuevo Le�n,2007,Junio,6,Mujer,3
Nuevo Le�n,2007,Julio,7,Hombre,20
Nuevo Le�n,2007,Julio,7,Mujer,3
Nuevo Le�n,2007,Agosto,8,Hombre,14
Nuevo Le�n,2007,Agosto,8,Mujer,2
Nuevo Le�n,2007,Septiembre,9,Hombre,23
Nuevo Le�n,2007,Septiembre,9,Mujer,1
Nuevo Le�n,2007,Octubre,10,Hombre,21
Nuevo Le�n,2007,Octubre,10,Mujer,1
Nuevo Le�n,2007,Noviembre,11,Hombre,14
Nuevo Le�n,2007,Noviembre,11,Mujer,1
Nuevo Le�n,2007,Diciembre,12,Hombre,14
Nuevo Le�n,2007,Diciembre,12,Mujer,4
Nuevo Le�n,2008,Enero,1,Hombre,16
Nuevo Le�n,2008,Febrero,2,Hombre,26
Nuevo Le�n,2008,Febrero,2,Mujer,2
Nuevo Le�n,2008,Marzo,3,Hombre,15
Nuevo Le�n,2008,Abril,4,Hombre,33
Nuevo Le�n,2008,Abril,4,Mujer,3
Nuevo Le�n,2008,Mayo,5,Hombre,16
Nuevo Le�n,2008,Junio,6,Hombre,15
Nuevo Le�n,2008,Junio,6,Mujer,2
Nuevo Le�n,2008,Julio,7,Hombre,15
Nuevo Le�n,2008,Julio,7,Mujer,2
Nuevo Le�n,2008,Agosto,8,Hombre,16
Nuevo Le�n,2008,Agosto,8,Mujer,4
Nuevo Le�n,2008,Septiembre,9,Hombre,10
Nuevo Le�n,2008,Octubre,10,Hombre,27
Nuevo Le�n,2008,Octubre,10,Mujer,2
Nuevo Le�n,2008,Noviembre,11,Hombre,12
Nuevo Le�n,2008,Noviembre,11,Mujer,3
Nuevo Le�n,2008,Diciembre,12,Hombre,17
Nuevo Le�n,2008,Diciembre,12,Mujer,4
Nuevo Le�n,2009,Enero,1,Hombre,23
Nuevo Le�n,2009,Enero,1,Mujer,8
Nuevo Le�n,2009,Febrero,2,Hombre,15
Nuevo Le�n,2009,Febrero,2,Mujer,4
Nuevo Le�n,2009,Marzo,3,Hombre,16
Nuevo Le�n,2009,Marzo,3,Mujer,3
Nuevo Le�n,2009,Abril,4,Hombre,22
Nuevo Le�n,2009,Abril,4,Mujer,2
Nuevo Le�n,2009,Mayo,5,Hombre,18
Nuevo Le�n,2009,Mayo,5,Mujer,4
Nuevo Le�n,2009,Junio,6,Hombre,14
Nuevo Le�n,2009,Junio,6,Mujer,1
Nuevo Le�n,2009,Julio,7,Hombre,22
Nuevo Le�n,2009,Julio,7,Mujer,1
Nuevo Le�n,2009,Agosto,8,Hombre,27
Nuevo Le�n,2009,Agosto,8,Mujer,4
Nuevo Le�n,2009,Septiembre,9,Hombre,29
Nuevo Le�n,2009,Septiembre,9,Mujer,6
Nuevo Le�n,2009,Octubre,10,Hombre,31
Nuevo Le�n,2009,Octubre,10,Mujer,6
Nuevo Le�n,2009,Noviembre,11,Hombre,22
Nuevo Le�n,2009,Noviembre,11,Mujer,2
Nuevo Le�n,2009,Diciembre,12,Hombre,49
Nuevo Le�n,2009,Diciembre,12,Mujer,10
Nuevo Le�n,2010,Enero,1,Hombre,23
Nuevo Le�n,2010,Enero,1,Mujer,2
Nuevo Le�n,2010,Febrero,2,Hombre,31
Nuevo Le�n,2010,Febrero,2,Mujer,1
Nuevo Le�n,2010,Marzo,3,Hombre,49
Nuevo Le�n,2010,Marzo,3,Mujer,6
Nuevo Le�n,2010,Abril,4,Hombre,82
Nuevo Le�n,2010,Abril,4,Mujer,3
Nuevo Le�n,2010,Mayo,5,Hombre,69
Nuevo Le�n,2010,Mayo,5,Mujer,6
Nuevo Le�n,2010,Junio,6,Hombre,85
Nuevo Le�n,2010,Junio,6,Mujer,9
Nuevo Le�n,2010,Julio,7,Hombre,77
Nuevo Le�n,2010,Julio,7,Mujer,4
Nuevo Le�n,2010,Agosto,8,Hombre,81
Nuevo Le�n,2010,Agosto,8,Mujer,6
Nuevo Le�n,2010,Septiembre,9,Hombre,76
Nuevo Le�n,2010,Septiembre,9,Mujer,10
Nuevo Le�n,2010,Octubre,10,Hombre,78
Nuevo Le�n,2010,Octubre,10,Mujer,13
Nuevo Le�n,2010,Noviembre,11,Hombre,87
Nuevo Le�n,2010,Noviembre,11,Mujer,8
Nuevo Le�n,2010,Diciembre,12,Hombre,59
Nuevo Le�n,2010,Diciembre,12,Mujer,14
Nuevo Le�n,2011,Enero,1,Hombre,90
Nuevo Le�n,2011,Enero,1,Mujer,10
Nuevo Le�n,2011,Febrero,2,Hombre,137
Nuevo Le�n,2011,Febrero,2,Mujer,10
Nuevo Le�n,2011,Marzo,3,Hombre,102
Nuevo Le�n,2011,Marzo,3,Mujer,8
Nuevo Le�n,2011,Abril,4,Hombre,114
Nuevo Le�n,2011,Abril,4,Mujer,11
Nuevo Le�n,2011,Mayo,5,Hombre,165
Nuevo Le�n,2011,Mayo,5,Mujer,18
Nuevo Le�n,2011,Junio,6,Hombre,190
Nuevo Le�n,2011,Junio,6,Mujer,9
Nuevo Le�n,2011,Julio,7,Hombre,199
Nuevo Le�n,2011,Julio,7,Mujer,19
Nuevo Le�n,2011,Agosto,8,Hombre,153
Nuevo Le�n,2011,Agosto,8,Mujer,17
Nuevo Le�n,2011,Septiembre,9,Hombre,185
Nuevo Le�n,2011,Septiembre,9,Mujer,60
Nuevo Le�n,2011,Octubre,10,Hombre,161
Nuevo Le�n,2011,Octubre,10,Mujer,26
Nuevo Le�n,2011,Noviembre,11,Hombre,127
Nuevo Le�n,2011,Noviembre,11,Mujer,15
Nuevo Le�n,2011,Diciembre,12,Hombre,121
Nuevo Le�n,2011,Diciembre,12,Mujer,18
Nuevo Le�n,2012,Enero,1,Hombre,114
Nuevo Le�n,2012,Enero,1,Mujer,12
Nuevo Le�n,2012,Febrero,2,Hombre,163
Nuevo Le�n,2012,Febrero,2,Mujer,10
Nuevo Le�n,2012,Marzo,3,Hombre,188
Nuevo Le�n,2012,Marzo,3,Mujer,17
Nuevo Le�n,2012,Abril,4,Hombre,108
Nuevo Le�n,2012,Abril,4,Mujer,14
Nuevo Le�n,2012,Mayo,5,Hombre,120
Nuevo Le�n,2012,Mayo,5,Mujer,8
Nuevo Le�n,2012,Junio,6,Hombre,90
Nuevo Le�n,2012,Junio,6,Mujer,4
Nuevo Le�n,2012,Julio,7,Hombre,75
Nuevo Le�n,2012,Julio,7,Mujer,4
Nuevo Le�n,2012,Agosto,8,Hombre,114
Nuevo Le�n,2012,Agosto,8,Mujer,18
Nuevo Le�n,2012,Septiembre,9,Hombre,118
Nuevo Le�n,2012,Septiembre,9,Mujer,15
Nuevo Le�n,2012,Octubre,10,Hombre,111
Nuevo Le�n,2012,Octubre,10,Mujer,19
Nuevo Le�n,2012,Noviembre,11,Hombre,62
Nuevo Le�n,2012,Noviembre,11,Mujer,10
Nuevo Le�n,2012,Diciembre,12,Hombre,91
Nuevo Le�n,2012,Diciembre,12,Mujer,14
Nuevo Le�n,2013,Enero,1,Hombre,94
Nuevo Le�n,2013,Enero,1,Mujer,10
Nuevo Le�n,2013,Febrero,2,Hombre,77
Nuevo Le�n,2013,Febrero,2,Mujer,7
Nuevo Le�n,2013,Marzo,3,Hombre,57
Nuevo Le�n,2013,Marzo,3,Mujer,9
Nuevo Le�n,2013,Abril,4,Hombre,70
Nuevo Le�n,2013,Abril,4,Mujer,11
Nuevo Le�n,2013,Mayo,5,Hombre,74
Nuevo Le�n,2013,Mayo,5,Mujer,10
Nuevo Le�n,2013,Junio,6,Hombre,57
Nuevo Le�n,2013,Junio,6,Mujer,10
Nuevo Le�n,2013,Julio,7,Hombre,77
Nuevo Le�n,2013,Julio,7,Mujer,13
Nuevo Le�n,2013,Agosto,8,Hombre,47
Nuevo Le�n,2013,Agosto,8,Mujer,7
Nuevo Le�n,2013,Septiembre,9,Hombre,56
Nuevo Le�n,2013,Septiembre,9,Mujer,9
Nuevo Le�n,2013,Octubre,10,Hombre,55
Nuevo Le�n,2013,Octubre,10,Mujer,10
Nuevo Le�n,2013,Noviembre,11,Hombre,35
Nuevo Le�n,2013,Noviembre,11,Mujer,6
Nuevo Le�n,2013,Diciembre,12,Hombre,59
Nuevo Le�n,2013,Diciembre,12,Mujer,13
Nuevo Le�n,2014,Enero,1,Hombre,21
Nuevo Le�n,2014,Enero,1,Mujer,3
Nuevo Le�n,2014,Febrero,2,Hombre,43
Nuevo Le�n,2014,Febrero,2,Mujer,5
Nuevo Le�n,2014,Marzo,3,Hombre,49
Nuevo Le�n,2014,Marzo,3,Mujer,7
Nuevo Le�n,2014,Abril,4,Hombre,36
Nuevo Le�n,2014,Abril,4,Mujer,11
Nuevo Le�n,2014,Mayo,5,Hombre,59
Nuevo Le�n,2014,Mayo,5,Mujer,6
Nuevo Le�n,2014,Junio,6,Hombre,39
Nuevo Le�n,2014,Junio,6,Mujer,4
Nuevo Le�n,2014,Julio,7,Hombre,35
Nuevo Le�n,2014,Julio,7,Mujer,7
Nuevo Le�n,2014,Agosto,8,Hombre,31
Nuevo Le�n,2014,Agosto,8,Mujer,5
Nuevo Le�n,2014,Septiembre,9,Hombre,34
Nuevo Le�n,2014,Septiembre,9,Mujer,6
Nuevo Le�n,2014,Octubre,10,Hombre,40
Nuevo Le�n,2014,Octubre,10,Mujer,7
Nuevo Le�n,2014,Noviembre,11,Hombre,30
Nuevo Le�n,2014,Noviembre,11,Mujer,2
Nuevo Le�n,2014,Diciembre,12,Hombre,47
Nuevo Le�n,2014,Diciembre,12,Mujer,8
Nuevo Le�n,2015,Enero,1,Hombre,21
Nuevo Le�n,2015,Enero,1,Mujer,3
Nuevo Le�n,2015,Febrero,2,Hombre,45
Nuevo Le�n,2015,Febrero,2,Mujer,8
Nuevo Le�n,2015,Marzo,3,Hombre,31
Nuevo Le�n,2015,Marzo,3,Mujer,3
Nuevo Le�n,2015,Abril,4,Hombre,36
Nuevo Le�n,2015,Abril,4,Mujer,2
Nuevo Le�n,2015,Mayo,5,Hombre,33
Nuevo Le�n,2015,Mayo,5,Mujer,6
Nuevo Le�n,2015,Junio,6,Hombre,48
Nuevo Le�n,2015,Junio,6,Mujer,8
Nuevo Le�n,2015,Julio,7,Hombre,29
Nuevo Le�n,2015,Julio,7,Mujer,4
Nuevo Le�n,2015,Agosto,8,Hombre,36
Nuevo Le�n,2015,Agosto,8,Mujer,3
Nuevo Le�n,2015,Septiembre,9,Hombre,43
Nuevo Le�n,2015,Septiembre,9,Mujer,5
Nuevo Le�n,2015,Octubre,10,Hombre,39
Nuevo Le�n,2015,Octubre,10,Mujer,9
Nuevo Le�n,2015,Noviembre,11,Hombre,19
Nuevo Le�n,2015,Noviembre,11,Mujer,2
Nuevo Le�n,2015,Diciembre,12,Hombre,25
Nuevo Le�n,2015,Diciembre,12,Mujer,6
Nuevo Le�n,2016,Enero,1,Hombre,43
Nuevo Le�n,2016,Enero,1,Mujer,6
Nuevo Le�n,2016,Febrero,2,Hombre,83
Nuevo Le�n,2016,Febrero,2,Mujer,6
Nuevo Le�n,2016,Marzo,3,Hombre,36
Nuevo Le�n,2016,Marzo,3,Mujer,8
Nuevo Le�n,2016,Abril,4,Hombre,40
Nuevo Le�n,2016,Abril,4,Mujer,7
Nuevo Le�n,2016,Mayo,5,Hombre,50
Nuevo Le�n,2016,Mayo,5,Mujer,7
Nuevo Le�n,2016,Junio,6,Hombre,35
Nuevo Le�n,2016,Junio,6,Mujer,5
Nuevo Le�n,2016,Julio,7,Hombre,55
Nuevo Le�n,2016,Julio,7,Mujer,7
Nuevo Le�n,2016,Agosto,8,Hombre,37
Nuevo Le�n,2016,Agosto,8,Mujer,11
Nuevo Le�n,2016,Septiembre,9,Hombre,49
Nuevo Le�n,2016,Septiembre,9,Mujer,10
Nuevo Le�n,2016,Octubre,10,Hombre,54
Nuevo Le�n,2016,Octubre,10,Mujer,5
Nuevo Le�n,2016,Noviembre,11,Hombre,32
Nuevo Le�n,2016,Noviembre,11,Mujer,4
Nuevo Le�n,2016,Diciembre,12,Hombre,29
Nuevo Le�n,2016,Diciembre,12,Mujer,6
Nuevo Le�n,2017,Enero,1,Hombre,51
Nuevo Le�n,2017,Enero,1,Mujer,3
Nuevo Le�n,2017,Febrero,2,Hombre,49
Nuevo Le�n,2017,Febrero,2,Mujer,4
Nuevo Le�n,2017,Marzo,3,Hombre,51
Nuevo Le�n,2017,Marzo,3,Mujer,2
Nuevo Le�n,2017,Abril,4,Hombre,56
Nuevo Le�n,2017,Abril,4,Mujer,5
Nuevo Le�n,2017,Mayo,5,Hombre,54
Nuevo Le�n,2017,Mayo,5,Mujer,5
Nuevo Le�n,2017,Junio,6,Hombre,64
Nuevo Le�n,2017,Junio,6,Mujer,7
Nuevo Le�n,2017,Julio,7,Hombre,44
Nuevo Le�n,2017,Julio,7,Mujer,5
Nuevo Le�n,2017,Agosto,8,Hombre,37
Nuevo Le�n,2017,Agosto,8,Mujer,3
Nuevo Le�n,2017,Septiembre,9,Hombre,45
Nuevo Le�n,2017,Septiembre,9,Mujer,9
Nuevo Le�n,2017,Octubre,10,Hombre,59
Nuevo Le�n,2017,Octubre,10,Mujer,4
Nuevo Le�n,2017,Noviembre,11,Hombre,50
Nuevo Le�n,2017,Noviembre,11,Mujer,8
Nuevo Le�n,2017,Diciembre,12,Hombre,37
Nuevo Le�n,2017,Diciembre,12,Mujer,5
Nuevo Le�n,2018,Enero,1,Hombre,45
Nuevo Le�n,2018,Enero,1,Mujer,8
Nuevo Le�n,2018,Febrero,2,Hombre,50
Nuevo Le�n,2018,Febrero,2,Mujer,6
Nuevo Le�n,2018,Marzo,3,Hombre,42
Nuevo Le�n,2018,Marzo,3,Mujer,6
Nuevo Le�n,2018,Abril,4,Hombre,55
Nuevo Le�n,2018,Abril,4,Mujer,10
Nuevo Le�n,2018,Mayo,5,Hombre,59
Nuevo Le�n,2018,Mayo,5,Mujer,5
Nuevo Le�n,2018,Junio,6,Hombre,40
Nuevo Le�n,2018,Junio,6,Mujer,3
Nuevo Le�n,2018,Julio,7,Hombre,71
Nuevo Le�n,2018,Julio,7,Mujer,8
Nuevo Le�n,2018,Agosto,8,Hombre,61
Nuevo Le�n,2018,Agosto,8,Mujer,8
Nuevo Le�n,2018,Septiembre,9,Hombre,69
Nuevo Le�n,2018,Septiembre,9,Mujer,17
Nuevo Le�n,2018,Octubre,10,Hombre,87
Nuevo Le�n,2018,Octubre,10,Mujer,8
Nuevo Le�n,2018,Noviembre,11,Hombre,79
Nuevo Le�n,2018,Noviembre,11,Mujer,8
Nuevo Le�n,2018,Diciembre,12,Hombre,97
Nuevo Le�n,2018,Diciembre,12,Mujer,4
Nuevo Le�n,2019,Enero,1,Hombre,92
Nuevo Le�n,2019,Enero,1,Mujer,7
Nuevo Le�n,2019,Febrero,2,Hombre,102
Nuevo Le�n,2019,Febrero,2,Mujer,7
Nuevo Le�n,2019,Marzo,3,Hombre,60
Nuevo Le�n,2019,Marzo,3,Mujer,4
Nuevo Le�n,2019,Abril,4,Hombre,56
Nuevo Le�n,2019,Abril,4,Mujer,9
Nuevo Le�n,2019,Mayo,5,Hombre,74
Nuevo Le�n,2019,Mayo,5,Mujer,6
Nuevo Le�n,2019,Junio,6,Hombre,83
Nuevo Le�n,2019,Junio,6,Mujer,6
Nuevo Le�n,2019,Julio,7,Hombre,69
Nuevo Le�n,2019,Julio,7,Mujer,13
Nuevo Le�n,2019,Agosto,8,Hombre,69
Nuevo Le�n,2019,Agosto,8,Mujer,15
Nuevo Le�n,2019,Septiembre,9,Hombre,72
Nuevo Le�n,2019,Septiembre,9,Mujer,9
Nuevo Le�n,2019,Octubre,10,Hombre,72
Nuevo Le�n,2019,Octubre,10,Mujer,8
Nuevo Le�n,2019,Noviembre,11,Hombre,63
Nuevo Le�n,2019,Noviembre,11,Mujer,3
Nuevo Le�n,2019,Diciembre,12,Hombre,61
Nuevo Le�n,2019,Diciembre,12,Mujer,10
Nuevo Le�n,2020,Enero,1,Hombre,64
Nuevo Le�n,2020,Enero,1,Mujer,10
Nuevo Le�n,2020,Febrero,2,Hombre,72
Nuevo Le�n,2020,Febrero,2,Mujer,9
Nuevo Le�n,2020,Marzo,3,Hombre,78
Nuevo Le�n,2020,Marzo,3,Mujer,5
Nuevo Le�n,2020,Abril,4,Hombre,68
Nuevo Le�n,2020,Abril,4,Mujer,8
Nuevo Le�n,2020,Mayo,5,Hombre,79
Nuevo Le�n,2020,Mayo,5,Mujer,8
Nuevo Le�n,2020,Junio,6,Hombre,78
Nuevo Le�n,2020,Junio,6,Mujer,11
Nuevo Le�n,2020,Julio,7,Hombre,62
Nuevo Le�n,2020,Julio,7,Mujer,6
Nuevo Le�n,2020,Agosto,8,Hombre,70
Nuevo Le�n,2020,Agosto,8,Mujer,8
Nuevo Le�n,2020,Septiembre,9,Hombre,66
Nuevo Le�n,2020,Septiembre,9,Mujer,9
Nuevo Le�n,2020,Octubre,10,Hombre,57
Nuevo Le�n,2020,Octubre,10,Mujer,8
Nuevo Le�n,2020,Noviembre,11,Hombre,73
Nuevo Le�n,2020,Noviembre,11,Mujer,7
Nuevo Le�n,2020,Diciembre,12,Hombre,52
Nuevo Le�n,2020,Diciembre,12,Mujer,4
Nuevo Le�n,2021,Enero,1,Hombre,77
Nuevo Le�n,2021,Enero,1,Mujer,3
Nuevo Le�n,2021,Febrero,2,Hombre,62
Nuevo Le�n,2021,Febrero,2,Mujer,7
Nuevo Le�n,2021,Marzo,3,Hombre,76
Nuevo Le�n,2021,Marzo,3,Mujer,6
Nuevo Le�n,2021,Abril,4,Hombre,72
Nuevo Le�n,2021,Abril,4,Mujer,5
Nuevo Le�n,2021,Mayo,5,Hombre,92
Nuevo Le�n,2021,Mayo,5,Mujer,7
Nuevo Le�n,2021,Junio,6,Hombre,84
Nuevo Le�n,2021,Junio,6,Mujer,8
Nuevo Le�n,2021,Julio,7,Hombre,97
Nuevo Le�n,2021,Julio,7,Mujer,9
Nuevo Le�n,2021,Agosto,8,Hombre,93
Nuevo Le�n,2021,Agosto,8,Mujer,16
Nuevo Le�n,2021,Septiembre,9,Hombre,84
Nuevo Le�n,2021,Septiembre,9,Mujer,11
Nuevo Le�n,2021,Octubre,10,Hombre,67
Nuevo Le�n,2021,Octubre,10,Mujer,15
Nuevo Le�n,2021,Noviembre,11,Hombre,48
Nuevo Le�n,2021,Noviembre,11,Mujer,4
Nuevo Le�n,2021,Diciembre,12,Hombre,104
Nuevo Le�n,2021,Diciembre,12,Mujer,9
Nuevo Le�n,2022,Enero,1,Hombre,86
Nuevo Le�n,2022,Enero,1,Mujer,7
Nuevo Le�n,2022,Febrero,2,Hombre,82
Nuevo Le�n,2022,Febrero,2,Mujer,12
Nuevo Le�n,2022,Marzo,3,Hombre,82
Nuevo Le�n,2022,Marzo,3,Mujer,9
Nuevo Le�n,2022,Abril,4,Hombre,87
Nuevo Le�n,2022,Abril,4,Mujer,16
Nuevo Le�n,2022,Mayo,5,Hombre,116
Nuevo Le�n,2022,Mayo,5,Mujer,17
Nuevo Le�n,2022,Junio,6,Hombre,116
Nuevo Le�n,2022,Junio,6,Mujer,14
Nuevo Le�n,2022,Julio,7,Hombre,107
Nuevo Le�n,2022,Julio,7,Mujer,10
Nuevo Le�n,2022,Agosto,8,Hombre,134
Nuevo Le�n,2022,Agosto,8,Mujer,18
Nuevo Le�n,2022,Septiembre,9,Hombre,112
Nuevo Le�n,2022,Septiembre,9,Mujer,15
Nuevo Le�n,2022,Octubre,10,Hombre,116
Nuevo Le�n,2022,Octubre,10,Mujer,6
Nuevo Le�n,2022,Noviembre,11,Hombre,109
Nuevo Le�n,2022,Noviembre,11,Mujer,11
Nuevo Le�n,2022,Diciembre,12,Hombre,106
Nuevo Le�n,2022,Diciembre,12,Mujer,18
Nuevo Le�n,2023,Enero,1,Hombre,96
Nuevo Le�n,2023,Enero,1,Mujer,6
Nuevo Le�n,2023,Febrero,2,Hombre,59
Nuevo Le�n,2023,Febrero,2,Mujer,11
Nuevo Le�n,2023,Marzo,3,Hombre,100
Nuevo Le�n,2023,Marzo,3,Mujer,12
Nuevo Le�n,2023,Abril,4,Hombre,109
Nuevo Le�n,2023,Abril,4,Mujer,20
Nuevo Le�n,2023,Mayo,5,Hombre,107
Nuevo Le�n,2023,Mayo,5,Mujer,17
Nuevo Le�n,2023,Junio,6,Hombre,116
Nuevo Le�n,2023,Junio,6,Mujer,15
Nuevo Le�n,2023,Julio,7,Hombre,76
Nuevo Le�n,2023,Julio,7,Mujer,7
Nuevo Le�n,2023,Agosto,8,Hombre,132
Nuevo Le�n,2023,Agosto,8,Mujer,13
Nuevo Le�n,2023,Septiembre,9,Hombre,91
Nuevo Le�n,2023,Septiembre,9,Mujer,11
Nuevo Le�n,2023,Octubre,10,Hombre,116
Nuevo Le�n,2023,Octubre,10,Mujer,15
Nuevo Le�n,2023,Noviembre,11,Hombre,123
Nuevo Le�n,2023,Noviembre,11,Mujer,13
Nuevo Le�n,2023,Diciembre,12,Hombre,107
Nuevo Le�n,2023,Diciembre,12,Mujer,21
Nuevo Le�n,2024,Enero,1,Hombre,90
Nuevo Le�n,2024,Enero,1,Mujer,12
Nuevo Le�n,2024,Febrero,2,Hombre,113
Nuevo Le�n,2024,Febrero,2,Mujer,11
Nuevo Le�n,2024,Marzo,3,Hombre,85
Nuevo Le�n,2024,Marzo,3,Mujer,9
Nuevo Le�n,2024,Abril,4,Hombre,104
Nuevo Le�n,2024,Abril,4,Mujer,12
Nuevo Le�n,2024,Mayo,5,Hombre,115
Nuevo Le�n,2024,Mayo,5,Mujer,23
Nuevo Le�n,2024,Junio,6,Hombre,194
Nuevo Le�n,2024,Junio,6,Mujer,22
Nuevo Le�n,2024,Julio,7,Hombre,133
Nuevo Le�n,2024,Julio,7,Mujer,13
Nuevo Le�n,2024,Agosto,8,Hombre,172
Nuevo Le�n,2024,Agosto,8,Mujer,18
Nuevo Le�n,2024,Septiembre,9,Hombre,148
Nuevo Le�n,2024,Septiembre,9,Mujer,12
Nuevo Le�n,2024,Octubre,10,Hombre,121
Nuevo Le�n,2024,Octubre,10,Mujer,26
Nuevo Le�n,2024,Noviembre,11,Hombre,111
Nuevo Le�n,2024,Noviembre,11,Mujer,13
Nuevo Le�n,2024,Diciembre,12,Hombre,89
Nuevo Le�n,2024,Diciembre,12,Mujer,13
Oaxaca,1990,Enero,1,Hombre,102
Oaxaca,1990,Enero,1,Mujer,5
Oaxaca,1990,Febrero,2,Hombre,87
Oaxaca,1990,Febrero,2,Mujer,17
Oaxaca,1990,Marzo,3,Hombre,98
Oaxaca,1990,Marzo,3,Mujer,7
Oaxaca,1990,Abril,4,Hombre,87
Oaxaca,1990,Abril,4,Mujer,6
Oaxaca,1990,Mayo,5,Hombre,91
Oaxaca,1990,Mayo,5,Mujer,10
Oaxaca,1990,Junio,6,Hombre,79
Oaxaca,1990,Junio,6,Mujer,9
Oaxaca,1990,Julio,7,Hombre,76
Oaxaca,1990,Julio,7,Mujer,7
Oaxaca,1990,Agosto,8,Hombre,97
Oaxaca,1990,Agosto,8,Mujer,6
Oaxaca,1990,Septiembre,9,Hombre,101
Oaxaca,1990,Septiembre,9,Mujer,7
Oaxaca,1990,Octubre,10,Hombre,92
Oaxaca,1990,Octubre,10,Mujer,12
Oaxaca,1990,Noviembre,11,Hombre,98
Oaxaca,1990,Noviembre,11,Mujer,7
Oaxaca,1990,Diciembre,12,Hombre,84
Oaxaca,1990,Diciembre,12,Mujer,5
Oaxaca,1991,Enero,1,Hombre,95
Oaxaca,1991,Enero,1,Mujer,5
Oaxaca,1991,Febrero,2,Hombre,93
Oaxaca,1991,Febrero,2,Mujer,3
Oaxaca,1991,Marzo,3,Hombre,80
Oaxaca,1991,Marzo,3,Mujer,5
Oaxaca,1991,Abril,4,Hombre,107
Oaxaca,1991,Abril,4,Mujer,9
Oaxaca,1991,Mayo,5,Hombre,105
Oaxaca,1991,Mayo,5,Mujer,4
Oaxaca,1991,Junio,6,Hombre,106
Oaxaca,1991,Junio,6,Mujer,3
Oaxaca,1991,Julio,7,Hombre,104
Oaxaca,1991,Julio,7,Mujer,7
Oaxaca,1991,Agosto,8,Hombre,100
Oaxaca,1991,Agosto,8,Mujer,7
Oaxaca,1991,Septiembre,9,Hombre,102
Oaxaca,1991,Septiembre,9,Mujer,5
Oaxaca,1991,Octubre,10,Hombre,81
Oaxaca,1991,Octubre,10,Mujer,15
Oaxaca,1991,Noviembre,11,Hombre,99
Oaxaca,1991,Noviembre,11,Mujer,11
Oaxaca,1991,Diciembre,12,Hombre,103
Oaxaca,1991,Diciembre,12,Mujer,9
Oaxaca,1992,Enero,1,Hombre,102
Oaxaca,1992,Enero,1,Mujer,8
Oaxaca,1992,Febrero,2,Hombre,88
Oaxaca,1992,Febrero,2,Mujer,6
Oaxaca,1992,Marzo,3,Hombre,107
Oaxaca,1992,Marzo,3,Mujer,13
Oaxaca,1992,Abril,4,Hombre,101
Oaxaca,1992,Abril,4,Mujer,9
Oaxaca,1992,Mayo,5,Hombre,120
Oaxaca,1992,Mayo,5,Mujer,5
Oaxaca,1992,Junio,6,Hombre,84
Oaxaca,1992,Junio,6,Mujer,2
Oaxaca,1992,Julio,7,Hombre,73
Oaxaca,1992,Julio,7,Mujer,10
Oaxaca,1992,Agosto,8,Hombre,90
Oaxaca,1992,Agosto,8,Mujer,5
Oaxaca,1992,Septiembre,9,Hombre,73
Oaxaca,1992,Septiembre,9,Mujer,5
Oaxaca,1992,Octubre,10,Hombre,99
Oaxaca,1992,Octubre,10,Mujer,12
Oaxaca,1992,Noviembre,11,Hombre,99
Oaxaca,1992,Noviembre,11,Mujer,9
Oaxaca,1992,Diciembre,12,Hombre,120
Oaxaca,1992,Diciembre,12,Mujer,11
Oaxaca,1993,Enero,1,Hombre,96
Oaxaca,1993,Enero,1,Mujer,10
Oaxaca,1993,Febrero,2,Hombre,85
Oaxaca,1993,Febrero,2,Mujer,7
Oaxaca,1993,Marzo,3,Hombre,111
Oaxaca,1993,Marzo,3,Mujer,5
Oaxaca,1993,Abril,4,Hombre,99
Oaxaca,1993,Abril,4,Mujer,4
Oaxaca,1993,Mayo,5,Hombre,108
Oaxaca,1993,Mayo,5,Mujer,8
Oaxaca,1993,Junio,6,Hombre,93
Oaxaca,1993,Junio,6,Mujer,11
Oaxaca,1993,Julio,7,Hombre,97
Oaxaca,1993,Julio,7,Mujer,7
Oaxaca,1993,Agosto,8,Hombre,124
Oaxaca,1993,Agosto,8,Mujer,13
Oaxaca,1993,Septiembre,9,Hombre,95
Oaxaca,1993,Septiembre,9,Mujer,10
Oaxaca,1993,Octubre,10,Hombre,96
Oaxaca,1993,Octubre,10,Mujer,11
Oaxaca,1993,Noviembre,11,Hombre,97
Oaxaca,1993,Noviembre,11,Mujer,5
Oaxaca,1993,Diciembre,12,Hombre,115
Oaxaca,1993,Diciembre,12,Mujer,11
Oaxaca,1994,Enero,1,Hombre,79
Oaxaca,1994,Enero,1,Mujer,7
Oaxaca,1994,Febrero,2,Hombre,95
Oaxaca,1994,Febrero,2,Mujer,7
Oaxaca,1994,Marzo,3,Hombre,81
Oaxaca,1994,Marzo,3,Mujer,5
Oaxaca,1994,Abril,4,Hombre,105
Oaxaca,1994,Abril,4,Mujer,14
Oaxaca,1994,Mayo,5,Hombre,109
Oaxaca,1994,Mayo,5,Mujer,4
Oaxaca,1994,Junio,6,Hombre,93
Oaxaca,1994,Junio,6,Mujer,11
Oaxaca,1994,Julio,7,Hombre,93
Oaxaca,1994,Julio,7,Mujer,9
Oaxaca,1994,Agosto,8,Hombre,87
Oaxaca,1994,Agosto,8,Mujer,5
Oaxaca,1994,Septiembre,9,Hombre,75
Oaxaca,1994,Septiembre,9,Mujer,2
Oaxaca,1994,Octubre,10,Hombre,92
Oaxaca,1994,Octubre,10,Mujer,6
Oaxaca,1994,Noviembre,11,Hombre,87
Oaxaca,1994,Noviembre,11,Mujer,6
Oaxaca,1994,Diciembre,12,Hombre,73
Oaxaca,1994,Diciembre,12,Mujer,4
Oaxaca,1995,Enero,1,Hombre,80
Oaxaca,1995,Enero,1,Mujer,6
Oaxaca,1995,Febrero,2,Hombre,88
Oaxaca,1995,Febrero,2,Mujer,5
Oaxaca,1995,Marzo,3,Hombre,95
Oaxaca,1995,Marzo,3,Mujer,15
Oaxaca,1995,Abril,4,Hombre,70
Oaxaca,1995,Abril,4,Mujer,12
Oaxaca,1995,Mayo,5,Hombre,87
Oaxaca,1995,Mayo,5,Mujer,8
Oaxaca,1995,Junio,6,Hombre,83
Oaxaca,1995,Junio,6,Mujer,8
Oaxaca,1995,Julio,7,Hombre,89
Oaxaca,1995,Julio,7,Mujer,8
Oaxaca,1995,Agosto,8,Hombre,91
Oaxaca,1995,Agosto,8,Mujer,7
Oaxaca,1995,Septiembre,9,Hombre,106
Oaxaca,1995,Septiembre,9,Mujer,6
Oaxaca,1995,Octubre,10,Hombre,71
Oaxaca,1995,Octubre,10,Mujer,7
Oaxaca,1995,Noviembre,11,Hombre,107
Oaxaca,1995,Noviembre,11,Mujer,12
Oaxaca,1995,Diciembre,12,Hombre,75
Oaxaca,1995,Diciembre,12,Mujer,12
Oaxaca,1996,Enero,1,Hombre,96
Oaxaca,1996,Enero,1,Mujer,7
Oaxaca,1996,Febrero,2,Hombre,71
Oaxaca,1996,Febrero,2,Mujer,8
Oaxaca,1996,Marzo,3,Hombre,76
Oaxaca,1996,Marzo,3,Mujer,8
Oaxaca,1996,Abril,4,Hombre,80
Oaxaca,1996,Abril,4,Mujer,8
Oaxaca,1996,Mayo,5,Hombre,95
Oaxaca,1996,Mayo,5,Mujer,12
Oaxaca,1996,Junio,6,Hombre,83
Oaxaca,1996,Junio,6,Mujer,11
Oaxaca,1996,Julio,7,Hombre,83
Oaxaca,1996,Julio,7,Mujer,8
Oaxaca,1996,Agosto,8,Hombre,87
Oaxaca,1996,Agosto,8,Mujer,5
Oaxaca,1996,Septiembre,9,Hombre,87
Oaxaca,1996,Septiembre,9,Mujer,13
Oaxaca,1996,Octubre,10,Hombre,88
Oaxaca,1996,Octubre,10,Mujer,3
Oaxaca,1996,Noviembre,11,Hombre,83
Oaxaca,1996,Noviembre,11,Mujer,11
Oaxaca,1996,Diciembre,12,Hombre,76
Oaxaca,1996,Diciembre,12,Mujer,9
Oaxaca,1997,Enero,1,Hombre,85
Oaxaca,1997,Enero,1,Mujer,7
Oaxaca,1997,Febrero,2,Hombre,80
Oaxaca,1997,Febrero,2,Mujer,5
Oaxaca,1997,Marzo,3,Hombre,86
Oaxaca,1997,Marzo,3,Mujer,6
Oaxaca,1997,Abril,4,Hombre,68
Oaxaca,1997,Abril,4,Mujer,6
Oaxaca,1997,Mayo,5,Hombre,61
Oaxaca,1997,Mayo,5,Mujer,8
Oaxaca,1997,Junio,6,Hombre,55
Oaxaca,1997,Junio,6,Mujer,5
Oaxaca,1997,Julio,7,Hombre,76
Oaxaca,1997,Julio,7,Mujer,10
Oaxaca,1997,Agosto,8,Hombre,86
Oaxaca,1997,Agosto,8,Mujer,7
Oaxaca,1997,Septiembre,9,Hombre,69
Oaxaca,1997,Septiembre,9,Mujer,9
Oaxaca,1997,Octubre,10,Hombre,62
Oaxaca,1997,Octubre,10,Mujer,11
Oaxaca,1997,Noviembre,11,Hombre,69
Oaxaca,1997,Noviembre,11,Mujer,4
Oaxaca,1997,Diciembre,12,Hombre,68
Oaxaca,1997,Diciembre,12,Mujer,8
Oaxaca,1998,Enero,1,Hombre,85
Oaxaca,1998,Enero,1,Mujer,7
Oaxaca,1998,Febrero,2,Hombre,80
Oaxaca,1998,Febrero,2,Mujer,11
Oaxaca,1998,Marzo,3,Hombre,84
Oaxaca,1998,Marzo,3,Mujer,6
Oaxaca,1998,Abril,4,Hombre,78
Oaxaca,1998,Abril,4,Mujer,5
Oaxaca,1998,Mayo,5,Hombre,93
Oaxaca,1998,Mayo,5,Mujer,13
Oaxaca,1998,Junio,6,Hombre,81
Oaxaca,1998,Junio,6,Mujer,4
Oaxaca,1998,Julio,7,Hombre,56
Oaxaca,1998,Julio,7,Mujer,7
Oaxaca,1998,Agosto,8,Hombre,47
Oaxaca,1998,Agosto,8,Mujer,1
Oaxaca,1998,Septiembre,9,Hombre,55
Oaxaca,1998,Septiembre,9,Mujer,9
Oaxaca,1998,Octubre,10,Hombre,59
Oaxaca,1998,Octubre,10,Mujer,6
Oaxaca,1998,Noviembre,11,Hombre,65
Oaxaca,1998,Noviembre,11,Mujer,8
Oaxaca,1998,Diciembre,12,Hombre,91
Oaxaca,1998,Diciembre,12,Mujer,3
Oaxaca,1999,Enero,1,Hombre,61
Oaxaca,1999,Enero,1,Mujer,6
Oaxaca,1999,Febrero,2,Hombre,51
Oaxaca,1999,Marzo,3,Hombre,68
Oaxaca,1999,Marzo,3,Mujer,12
Oaxaca,1999,Abril,4,Hombre,65
Oaxaca,1999,Abril,4,Mujer,8
Oaxaca,1999,Mayo,5,Hombre,74
Oaxaca,1999,Mayo,5,Mujer,4
Oaxaca,1999,Junio,6,Hombre,59
Oaxaca,1999,Junio,6,Mujer,7
Oaxaca,1999,Julio,7,Hombre,54
Oaxaca,1999,Julio,7,Mujer,5
Oaxaca,1999,Agosto,8,Hombre,66
Oaxaca,1999,Agosto,8,Mujer,11
Oaxaca,1999,Septiembre,9,Hombre,38
Oaxaca,1999,Septiembre,9,Mujer,4
Oaxaca,1999,Octubre,10,Hombre,49
Oaxaca,1999,Octubre,10,Mujer,9
Oaxaca,1999,Noviembre,11,Hombre,50
Oaxaca,1999,Noviembre,11,Mujer,7
Oaxaca,1999,Diciembre,12,Hombre,54
Oaxaca,1999,Diciembre,12,Mujer,4
Oaxaca,2000,Enero,1,Hombre,66
Oaxaca,2000,Enero,1,Mujer,6
Oaxaca,2000,Febrero,2,Hombre,69
Oaxaca,2000,Febrero,2,Mujer,7
Oaxaca,2000,Marzo,3,Hombre,41
Oaxaca,2000,Marzo,3,Mujer,6
Oaxaca,2000,Abril,4,Hombre,43
Oaxaca,2000,Abril,4,Mujer,6
Oaxaca,2000,Mayo,5,Hombre,43
Oaxaca,2000,Mayo,5,Mujer,6
Oaxaca,2000,Junio,6,Hombre,38
Oaxaca,2000,Junio,6,Mujer,2
Oaxaca,2000,Julio,7,Hombre,57
Oaxaca,2000,Julio,7,Mujer,4
Oaxaca,2000,Agosto,8,Hombre,49
Oaxaca,2000,Agosto,8,Mujer,11
Oaxaca,2000,Septiembre,9,Hombre,55
Oaxaca,2000,Septiembre,9,Mujer,3
Oaxaca,2000,Octubre,10,Hombre,52
Oaxaca,2000,Octubre,10,Mujer,6
Oaxaca,2000,Noviembre,11,Hombre,41
Oaxaca,2000,Noviembre,11,Mujer,5
Oaxaca,2000,Diciembre,12,Hombre,58
Oaxaca,2000,Diciembre,12,Mujer,14
Oaxaca,2001,Enero,1,Hombre,55
Oaxaca,2001,Enero,1,Mujer,6
Oaxaca,2001,Febrero,2,Hombre,29
Oaxaca,2001,Febrero,2,Mujer,10
Oaxaca,2001,Marzo,3,Hombre,46
Oaxaca,2001,Marzo,3,Mujer,5
Oaxaca,2001,Abril,4,Hombre,44
Oaxaca,2001,Abril,4,Mujer,2
Oaxaca,2001,Mayo,5,Hombre,53
Oaxaca,2001,Mayo,5,Mujer,2
Oaxaca,2001,Junio,6,Hombre,50
Oaxaca,2001,Junio,6,Mujer,7
Oaxaca,2001,Julio,7,Hombre,41
Oaxaca,2001,Julio,7,Mujer,4
Oaxaca,2001,Agosto,8,Hombre,43
Oaxaca,2001,Agosto,8,Mujer,3
Oaxaca,2001,Septiembre,9,Hombre,56
Oaxaca,2001,Septiembre,9,Mujer,7
Oaxaca,2001,Octubre,10,Hombre,39
Oaxaca,2001,Octubre,10,Mujer,6
Oaxaca,2001,Noviembre,11,Hombre,49
Oaxaca,2001,Noviembre,11,Mujer,1
Oaxaca,2001,Diciembre,12,Hombre,59
Oaxaca,2001,Diciembre,12,Mujer,4
Oaxaca,2002,Enero,1,Hombre,35
Oaxaca,2002,Enero,1,Mujer,9
Oaxaca,2002,Febrero,2,Hombre,40
Oaxaca,2002,Febrero,2,Mujer,4
Oaxaca,2002,Marzo,3,Hombre,37
Oaxaca,2002,Marzo,3,Mujer,6
Oaxaca,2002,Abril,4,Hombre,42
Oaxaca,2002,Abril,4,Mujer,5
Oaxaca,2002,Mayo,5,Hombre,46
Oaxaca,2002,Mayo,5,Mujer,5
Oaxaca,2002,Junio,6,Hombre,66
Oaxaca,2002,Julio,7,Hombre,45
Oaxaca,2002,Julio,7,Mujer,6
Oaxaca,2002,Agosto,8,Hombre,55
Oaxaca,2002,Agosto,8,Mujer,7
Oaxaca,2002,Septiembre,9,Hombre,31
Oaxaca,2002,Septiembre,9,Mujer,6
Oaxaca,2002,Octubre,10,Hombre,51
Oaxaca,2002,Octubre,10,Mujer,4
Oaxaca,2002,Noviembre,11,Hombre,37
Oaxaca,2002,Noviembre,11,Mujer,3
Oaxaca,2002,Diciembre,12,Hombre,48
Oaxaca,2002,Diciembre,12,Mujer,8
Oaxaca,2003,Enero,1,Hombre,29
Oaxaca,2003,Enero,1,Mujer,4
Oaxaca,2003,Febrero,2,Hombre,43
Oaxaca,2003,Febrero,2,Mujer,5
Oaxaca,2003,Marzo,3,Hombre,55
Oaxaca,2003,Marzo,3,Mujer,6
Oaxaca,2003,Abril,4,Hombre,43
Oaxaca,2003,Abril,4,Mujer,7
Oaxaca,2003,Mayo,5,Hombre,43
Oaxaca,2003,Mayo,5,Mujer,4
Oaxaca,2003,Junio,6,Hombre,31
Oaxaca,2003,Junio,6,Mujer,9
Oaxaca,2003,Julio,7,Hombre,49
Oaxaca,2003,Julio,7,Mujer,5
Oaxaca,2003,Agosto,8,Hombre,56
Oaxaca,2003,Agosto,8,Mujer,6
Oaxaca,2003,Septiembre,9,Hombre,38
Oaxaca,2003,Septiembre,9,Mujer,7
Oaxaca,2003,Octubre,10,Hombre,41
Oaxaca,2003,Octubre,10,Mujer,6
Oaxaca,2003,Noviembre,11,Hombre,52
Oaxaca,2003,Noviembre,11,Mujer,7
Oaxaca,2003,Diciembre,12,Hombre,57
Oaxaca,2003,Diciembre,12,Mujer,2
Oaxaca,2004,Enero,1,Hombre,43
Oaxaca,2004,Enero,1,Mujer,5
Oaxaca,2004,Febrero,2,Hombre,47
Oaxaca,2004,Febrero,2,Mujer,5
Oaxaca,2004,Marzo,3,Hombre,40
Oaxaca,2004,Marzo,3,Mujer,9
Oaxaca,2004,Abril,4,Hombre,33
Oaxaca,2004,Abril,4,Mujer,10
Oaxaca,2004,Mayo,5,Hombre,44
Oaxaca,2004,Mayo,5,Mujer,4
Oaxaca,2004,Junio,6,Hombre,60
Oaxaca,2004,Junio,6,Mujer,8
Oaxaca,2004,Julio,7,Hombre,44
Oaxaca,2004,Julio,7,Mujer,13
Oaxaca,2004,Agosto,8,Hombre,44
Oaxaca,2004,Agosto,8,Mujer,7
Oaxaca,2004,Septiembre,9,Hombre,39
Oaxaca,2004,Septiembre,9,Mujer,4
Oaxaca,2004,Octubre,10,Hombre,37
Oaxaca,2004,Octubre,10,Mujer,10
Oaxaca,2004,Noviembre,11,Hombre,55
Oaxaca,2004,Noviembre,11,Mujer,2
Oaxaca,2004,Diciembre,12,Hombre,48
Oaxaca,2004,Diciembre,12,Mujer,7
Oaxaca,2005,Enero,1,Hombre,38
Oaxaca,2005,Enero,1,Mujer,5
Oaxaca,2005,Febrero,2,Hombre,35
Oaxaca,2005,Febrero,2,Mujer,8
Oaxaca,2005,Marzo,3,Hombre,33
Oaxaca,2005,Marzo,3,Mujer,3
Oaxaca,2005,Abril,4,Hombre,40
Oaxaca,2005,Abril,4,Mujer,3
Oaxaca,2005,Mayo,5,Hombre,31
Oaxaca,2005,Mayo,5,Mujer,8
Oaxaca,2005,Junio,6,Hombre,48
Oaxaca,2005,Junio,6,Mujer,2
Oaxaca,2005,Julio,7,Hombre,41
Oaxaca,2005,Julio,7,Mujer,6
Oaxaca,2005,Agosto,8,Hombre,41
Oaxaca,2005,Agosto,8,Mujer,3
Oaxaca,2005,Septiembre,9,Hombre,38
Oaxaca,2005,Septiembre,9,Mujer,5
Oaxaca,2005,Octubre,10,Hombre,41
Oaxaca,2005,Octubre,10,Mujer,6
Oaxaca,2005,Noviembre,11,Hombre,35
Oaxaca,2005,Noviembre,11,Mujer,10
Oaxaca,2005,Diciembre,12,Hombre,43
Oaxaca,2005,Diciembre,12,Mujer,10
Oaxaca,2006,Enero,1,Hombre,47
Oaxaca,2006,Enero,1,Mujer,7
Oaxaca,2006,Febrero,2,Hombre,39
Oaxaca,2006,Febrero,2,Mujer,8
Oaxaca,2006,Marzo,3,Hombre,46
Oaxaca,2006,Marzo,3,Mujer,7
Oaxaca,2006,Abril,4,Hombre,22
Oaxaca,2006,Abril,4,Mujer,4
Oaxaca,2006,Mayo,5,Hombre,38
Oaxaca,2006,Mayo,5,Mujer,2
Oaxaca,2006,Junio,6,Hombre,27
Oaxaca,2006,Junio,6,Mujer,3
Oaxaca,2006,Julio,7,Hombre,23
Oaxaca,2006,Julio,7,Mujer,2
Oaxaca,2006,Agosto,8,Hombre,30
Oaxaca,2006,Agosto,8,Mujer,3
Oaxaca,2006,Septiembre,9,Hombre,33
Oaxaca,2006,Septiembre,9,Mujer,8
Oaxaca,2006,Octubre,10,Hombre,43
Oaxaca,2006,Octubre,10,Mujer,3
Oaxaca,2006,Noviembre,11,Hombre,55
Oaxaca,2006,Noviembre,11,Mujer,6
Oaxaca,2006,Diciembre,12,Hombre,39
Oaxaca,2006,Diciembre,12,Mujer,4
Oaxaca,2007,Enero,1,Hombre,59
Oaxaca,2007,Enero,1,Mujer,13
Oaxaca,2007,Febrero,2,Hombre,26
Oaxaca,2007,Febrero,2,Mujer,3
Oaxaca,2007,Marzo,3,Hombre,31
Oaxaca,2007,Marzo,3,Mujer,3
Oaxaca,2007,Abril,4,Hombre,38
Oaxaca,2007,Abril,4,Mujer,4
Oaxaca,2007,Mayo,5,Hombre,49
Oaxaca,2007,Mayo,5,Mujer,9
Oaxaca,2007,Junio,6,Hombre,43
Oaxaca,2007,Junio,6,Mujer,4
Oaxaca,2007,Julio,7,Hombre,38
Oaxaca,2007,Julio,7,Mujer,2
Oaxaca,2007,Agosto,8,Hombre,40
Oaxaca,2007,Agosto,8,Mujer,6
Oaxaca,2007,Septiembre,9,Hombre,40
Oaxaca,2007,Septiembre,9,Mujer,6
Oaxaca,2007,Octubre,10,Hombre,46
Oaxaca,2007,Octubre,10,Mujer,9
Oaxaca,2007,Noviembre,11,Hombre,38
Oaxaca,2007,Noviembre,11,Mujer,4
Oaxaca,2007,Diciembre,12,Hombre,39
Oaxaca,2007,Diciembre,12,Mujer,4
Oaxaca,2008,Enero,1,Hombre,69
Oaxaca,2008,Enero,1,Mujer,14
Oaxaca,2008,Febrero,2,Hombre,40
Oaxaca,2008,Febrero,2,Mujer,4
Oaxaca,2008,Marzo,3,Hombre,37
Oaxaca,2008,Marzo,3,Mujer,4
Oaxaca,2008,Abril,4,Hombre,40
Oaxaca,2008,Abril,4,Mujer,4
Oaxaca,2008,Mayo,5,Hombre,45
Oaxaca,2008,Mayo,5,Mujer,7
Oaxaca,2008,Junio,6,Hombre,31
Oaxaca,2008,Junio,6,Mujer,2
Oaxaca,2008,Julio,7,Hombre,54
Oaxaca,2008,Julio,7,Mujer,5
Oaxaca,2008,Agosto,8,Hombre,41
Oaxaca,2008,Agosto,8,Mujer,3
Oaxaca,2008,Septiembre,9,Hombre,58
Oaxaca,2008,Septiembre,9,Mujer,9
Oaxaca,2008,Octubre,10,Hombre,45
Oaxaca,2008,Octubre,10,Mujer,9
Oaxaca,2008,Noviembre,11,Hombre,43
Oaxaca,2008,Noviembre,11,Mujer,4
Oaxaca,2008,Diciembre,12,Hombre,40
Oaxaca,2008,Diciembre,12,Mujer,3
Oaxaca,2009,Enero,1,Hombre,50
Oaxaca,2009,Enero,1,Mujer,6
Oaxaca,2009,Febrero,2,Hombre,37
Oaxaca,2009,Febrero,2,Mujer,5
Oaxaca,2009,Marzo,3,Hombre,51
Oaxaca,2009,Marzo,3,Mujer,11
Oaxaca,2009,Abril,4,Hombre,40
Oaxaca,2009,Abril,4,Mujer,5
Oaxaca,2009,Mayo,5,Hombre,36
Oaxaca,2009,Mayo,5,Mujer,8
Oaxaca,2009,Junio,6,Hombre,38
Oaxaca,2009,Junio,6,Mujer,8
Oaxaca,2009,Julio,7,Hombre,39
Oaxaca,2009,Julio,7,Mujer,2
Oaxaca,2009,Agosto,8,Hombre,55
Oaxaca,2009,Agosto,8,Mujer,5
Oaxaca,2009,Septiembre,9,Hombre,38
Oaxaca,2009,Septiembre,9,Mujer,3
Oaxaca,2009,Octubre,10,Hombre,52
Oaxaca,2009,Octubre,10,Mujer,2
Oaxaca,2009,Noviembre,11,Hombre,44
Oaxaca,2009,Noviembre,11,Mujer,8
Oaxaca,2009,Diciembre,12,Hombre,42
Oaxaca,2009,Diciembre,12,Mujer,8
Oaxaca,2010,Enero,1,Hombre,42
Oaxaca,2010,Enero,1,Mujer,5
Oaxaca,2010,Febrero,2,Hombre,56
Oaxaca,2010,Febrero,2,Mujer,1
Oaxaca,2010,Marzo,3,Hombre,61
Oaxaca,2010,Marzo,3,Mujer,4
Oaxaca,2010,Abril,4,Hombre,50
Oaxaca,2010,Abril,4,Mujer,6
Oaxaca,2010,Mayo,5,Hombre,52
Oaxaca,2010,Mayo,5,Mujer,5
Oaxaca,2010,Junio,6,Hombre,54
Oaxaca,2010,Junio,6,Mujer,5
Oaxaca,2010,Julio,7,Hombre,45
Oaxaca,2010,Julio,7,Mujer,14
Oaxaca,2010,Agosto,8,Hombre,58
Oaxaca,2010,Agosto,8,Mujer,10
Oaxaca,2010,Septiembre,9,Hombre,42
Oaxaca,2010,Septiembre,9,Mujer,5
Oaxaca,2010,Octubre,10,Hombre,66
Oaxaca,2010,Octubre,10,Mujer,10
Oaxaca,2010,Noviembre,11,Hombre,62
Oaxaca,2010,Noviembre,11,Mujer,13
Oaxaca,2010,Diciembre,12,Hombre,55
Oaxaca,2010,Diciembre,12,Mujer,7
Oaxaca,2011,Enero,1,Hombre,55
Oaxaca,2011,Enero,1,Mujer,5
Oaxaca,2011,Febrero,2,Hombre,48
Oaxaca,2011,Febrero,2,Mujer,4
Oaxaca,2011,Marzo,3,Hombre,51
Oaxaca,2011,Marzo,3,Mujer,6
Oaxaca,2011,Abril,4,Hombre,39
Oaxaca,2011,Abril,4,Mujer,1
Oaxaca,2011,Mayo,5,Hombre,54
Oaxaca,2011,Mayo,5,Mujer,7
Oaxaca,2011,Junio,6,Hombre,44
Oaxaca,2011,Junio,6,Mujer,9
Oaxaca,2011,Julio,7,Hombre,45
Oaxaca,2011,Julio,7,Mujer,7
Oaxaca,2011,Agosto,8,Hombre,54
Oaxaca,2011,Agosto,8,Mujer,9
Oaxaca,2011,Septiembre,9,Hombre,56
Oaxaca,2011,Septiembre,9,Mujer,4
Oaxaca,2011,Octubre,10,Hombre,50
Oaxaca,2011,Octubre,10,Mujer,13
Oaxaca,2011,Noviembre,11,Hombre,44
Oaxaca,2011,Noviembre,11,Mujer,9
Oaxaca,2011,Diciembre,12,Hombre,50
Oaxaca,2011,Diciembre,12,Mujer,3
Oaxaca,2012,Enero,1,Hombre,63
Oaxaca,2012,Enero,1,Mujer,9
Oaxaca,2012,Febrero,2,Hombre,41
Oaxaca,2012,Febrero,2,Mujer,6
Oaxaca,2012,Marzo,3,Hombre,38
Oaxaca,2012,Marzo,3,Mujer,6
Oaxaca,2012,Abril,4,Hombre,47
Oaxaca,2012,Abril,4,Mujer,9
Oaxaca,2012,Mayo,5,Hombre,50
Oaxaca,2012,Mayo,5,Mujer,4
Oaxaca,2012,Junio,6,Hombre,50
Oaxaca,2012,Junio,6,Mujer,5
Oaxaca,2012,Julio,7,Hombre,70
Oaxaca,2012,Julio,7,Mujer,6
Oaxaca,2012,Agosto,8,Hombre,42
Oaxaca,2012,Agosto,8,Mujer,8
Oaxaca,2012,Septiembre,9,Hombre,36
Oaxaca,2012,Septiembre,9,Mujer,7
Oaxaca,2012,Octubre,10,Hombre,53
Oaxaca,2012,Octubre,10,Mujer,12
Oaxaca,2012,Noviembre,11,Hombre,49
Oaxaca,2012,Noviembre,11,Mujer,11
Oaxaca,2012,Diciembre,12,Hombre,57
Oaxaca,2012,Diciembre,12,Mujer,6
Oaxaca,2013,Enero,1,Hombre,58
Oaxaca,2013,Enero,1,Mujer,4
Oaxaca,2013,Febrero,2,Hombre,44
Oaxaca,2013,Febrero,2,Mujer,8
Oaxaca,2013,Marzo,3,Hombre,40
Oaxaca,2013,Marzo,3,Mujer,9
Oaxaca,2013,Abril,4,Hombre,59
Oaxaca,2013,Abril,4,Mujer,10
Oaxaca,2013,Mayo,5,Hombre,62
Oaxaca,2013,Mayo,5,Mujer,4
Oaxaca,2013,Junio,6,Hombre,52
Oaxaca,2013,Junio,6,Mujer,14
Oaxaca,2013,Julio,7,Hombre,68
Oaxaca,2013,Julio,7,Mujer,6
Oaxaca,2013,Agosto,8,Hombre,45
Oaxaca,2013,Agosto,8,Mujer,9
Oaxaca,2013,Septiembre,9,Hombre,46
Oaxaca,2013,Septiembre,9,Mujer,5
Oaxaca,2013,Octubre,10,Hombre,57
Oaxaca,2013,Octubre,10,Mujer,7
Oaxaca,2013,Noviembre,11,Hombre,62
Oaxaca,2013,Noviembre,11,Mujer,9
Oaxaca,2013,Diciembre,12,Hombre,59
Oaxaca,2013,Diciembre,12,Mujer,18
Oaxaca,2014,Enero,1,Hombre,40
Oaxaca,2014,Enero,1,Mujer,9
Oaxaca,2014,Febrero,2,Hombre,41
Oaxaca,2014,Febrero,2,Mujer,13
Oaxaca,2014,Marzo,3,Hombre,52
Oaxaca,2014,Marzo,3,Mujer,8
Oaxaca,2014,Abril,4,Hombre,52
Oaxaca,2014,Abril,4,Mujer,7
Oaxaca,2014,Mayo,5,Hombre,49
Oaxaca,2014,Mayo,5,Mujer,15
Oaxaca,2014,Junio,6,Hombre,44
Oaxaca,2014,Junio,6,Mujer,6
Oaxaca,2014,Julio,7,Hombre,61
Oaxaca,2014,Julio,7,Mujer,18
Oaxaca,2014,Agosto,8,Hombre,58
Oaxaca,2014,Agosto,8,Mujer,13
Oaxaca,2014,Septiembre,9,Hombre,50
Oaxaca,2014,Septiembre,9,Mujer,14
Oaxaca,2014,Octubre,10,Hombre,44
Oaxaca,2014,Octubre,10,Mujer,13
Oaxaca,2014,Noviembre,11,Hombre,53
Oaxaca,2014,Noviembre,11,Mujer,9
Oaxaca,2014,Diciembre,12,Hombre,62
Oaxaca,2014,Diciembre,12,Mujer,10
Oaxaca,2015,Enero,1,Hombre,39
Oaxaca,2015,Enero,1,Mujer,8
Oaxaca,2015,Febrero,2,Hombre,58
Oaxaca,2015,Febrero,2,Mujer,5
Oaxaca,2015,Marzo,3,Hombre,53
Oaxaca,2015,Marzo,3,Mujer,10
Oaxaca,2015,Abril,4,Hombre,49
Oaxaca,2015,Abril,4,Mujer,5
Oaxaca,2015,Mayo,5,Hombre,55
Oaxaca,2015,Mayo,5,Mujer,9
Oaxaca,2015,Junio,6,Hombre,61
Oaxaca,2015,Junio,6,Mujer,12
Oaxaca,2015,Julio,7,Hombre,76
Oaxaca,2015,Julio,7,Mujer,11
Oaxaca,2015,Agosto,8,Hombre,63
Oaxaca,2015,Agosto,8,Mujer,5
Oaxaca,2015,Septiembre,9,Hombre,68
Oaxaca,2015,Septiembre,9,Mujer,7
Oaxaca,2015,Octubre,10,Hombre,60
Oaxaca,2015,Octubre,10,Mujer,7
Oaxaca,2015,Noviembre,11,Hombre,63
Oaxaca,2015,Noviembre,11,Mujer,5
Oaxaca,2015,Diciembre,12,Hombre,60
Oaxaca,2015,Diciembre,12,Mujer,9
Oaxaca,2016,Enero,1,Hombre,45
Oaxaca,2016,Enero,1,Mujer,11
Oaxaca,2016,Febrero,2,Hombre,43
Oaxaca,2016,Febrero,2,Mujer,7
Oaxaca,2016,Marzo,3,Hombre,46
Oaxaca,2016,Marzo,3,Mujer,6
Oaxaca,2016,Abril,4,Hombre,67
Oaxaca,2016,Abril,4,Mujer,13
Oaxaca,2016,Mayo,5,Hombre,54
Oaxaca,2016,Mayo,5,Mujer,3
Oaxaca,2016,Junio,6,Hombre,68
Oaxaca,2016,Junio,6,Mujer,9
Oaxaca,2016,Julio,7,Hombre,62
Oaxaca,2016,Julio,7,Mujer,8
Oaxaca,2016,Agosto,8,Hombre,56
Oaxaca,2016,Agosto,8,Mujer,9
Oaxaca,2016,Septiembre,9,Hombre,48
Oaxaca,2016,Septiembre,9,Mujer,9
Oaxaca,2016,Octubre,10,Hombre,45
Oaxaca,2016,Octubre,10,Mujer,8
Oaxaca,2016,Noviembre,11,Hombre,77
Oaxaca,2016,Noviembre,11,Mujer,10
Oaxaca,2016,Diciembre,12,Hombre,57
Oaxaca,2016,Diciembre,12,Mujer,14
Oaxaca,2017,Enero,1,Hombre,78
Oaxaca,2017,Enero,1,Mujer,12
Oaxaca,2017,Febrero,2,Hombre,58
Oaxaca,2017,Febrero,2,Mujer,8
Oaxaca,2017,Marzo,3,Hombre,81
Oaxaca,2017,Marzo,3,Mujer,10
Oaxaca,2017,Abril,4,Hombre,86
Oaxaca,2017,Abril,4,Mujer,8
Oaxaca,2017,Mayo,5,Hombre,92
Oaxaca,2017,Mayo,5,Mujer,15
Oaxaca,2017,Junio,6,Hombre,78
Oaxaca,2017,Junio,6,Mujer,13
Oaxaca,2017,Julio,7,Hombre,84
Oaxaca,2017,Julio,7,Mujer,13
Oaxaca,2017,Agosto,8,Hombre,92
Oaxaca,2017,Agosto,8,Mujer,7
Oaxaca,2017,Septiembre,9,Hombre,65
Oaxaca,2017,Septiembre,9,Mujer,11
Oaxaca,2017,Octubre,10,Hombre,63
Oaxaca,2017,Octubre,10,Mujer,14
Oaxaca,2017,Noviembre,11,Hombre,46
Oaxaca,2017,Noviembre,11,Mujer,11
Oaxaca,2017,Diciembre,12,Hombre,52
Oaxaca,2017,Diciembre,12,Mujer,7
Oaxaca,2018,Enero,1,Hombre,92
Oaxaca,2018,Enero,1,Mujer,7
Oaxaca,2018,Febrero,2,Hombre,99
Oaxaca,2018,Febrero,2,Mujer,14
Oaxaca,2018,Marzo,3,Hombre,79
Oaxaca,2018,Marzo,3,Mujer,16
Oaxaca,2018,Abril,4,Hombre,99
Oaxaca,2018,Abril,4,Mujer,7
Oaxaca,2018,Mayo,5,Hombre,102
Oaxaca,2018,Mayo,5,Mujer,12
Oaxaca,2018,Junio,6,Hombre,78
Oaxaca,2018,Junio,6,Mujer,17
Oaxaca,2018,Julio,7,Hombre,79
Oaxaca,2018,Julio,7,Mujer,10
Oaxaca,2018,Agosto,8,Hombre,75
Oaxaca,2018,Agosto,8,Mujer,11
Oaxaca,2018,Septiembre,9,Hombre,75
Oaxaca,2018,Septiembre,9,Mujer,10
Oaxaca,2018,Octubre,10,Hombre,64
Oaxaca,2018,Octubre,10,Mujer,6
Oaxaca,2018,Noviembre,11,Hombre,90
Oaxaca,2018,Noviembre,11,Mujer,13
Oaxaca,2018,Diciembre,12,Hombre,60
Oaxaca,2018,Diciembre,12,Mujer,9
Oaxaca,2019,Enero,1,Hombre,76
Oaxaca,2019,Enero,1,Mujer,20
Oaxaca,2019,Febrero,2,Hombre,74
Oaxaca,2019,Febrero,2,Mujer,11
Oaxaca,2019,Marzo,3,Hombre,70
Oaxaca,2019,Marzo,3,Mujer,10
Oaxaca,2019,Abril,4,Hombre,80
Oaxaca,2019,Abril,4,Mujer,12
Oaxaca,2019,Mayo,5,Hombre,77
Oaxaca,2019,Mayo,5,Mujer,13
Oaxaca,2019,Junio,6,Hombre,94
Oaxaca,2019,Junio,6,Mujer,13
Oaxaca,2019,Julio,7,Hombre,97
Oaxaca,2019,Julio,7,Mujer,7
Oaxaca,2019,Agosto,8,Hombre,94
Oaxaca,2019,Agosto,8,Mujer,12
Oaxaca,2019,Septiembre,9,Hombre,71
Oaxaca,2019,Septiembre,9,Mujer,5
Oaxaca,2019,Octubre,10,Hombre,101
Oaxaca,2019,Octubre,10,Mujer,14
Oaxaca,2019,Noviembre,11,Hombre,72
Oaxaca,2019,Noviembre,11,Mujer,8
Oaxaca,2019,Diciembre,12,Hombre,111
Oaxaca,2019,Diciembre,12,Mujer,15
Oaxaca,2020,Enero,1,Hombre,87
Oaxaca,2020,Enero,1,Mujer,21
Oaxaca,2020,Febrero,2,Hombre,61
Oaxaca,2020,Febrero,2,Mujer,5
Oaxaca,2020,Marzo,3,Hombre,80
Oaxaca,2020,Marzo,3,Mujer,8
Oaxaca,2020,Abril,4,Hombre,72
Oaxaca,2020,Abril,4,Mujer,6
Oaxaca,2020,Mayo,5,Hombre,72
Oaxaca,2020,Mayo,5,Mujer,7
Oaxaca,2020,Junio,6,Hombre,57
Oaxaca,2020,Junio,6,Mujer,10
Oaxaca,2020,Julio,7,Hombre,73
Oaxaca,2020,Julio,7,Mujer,12
Oaxaca,2020,Agosto,8,Hombre,60
Oaxaca,2020,Agosto,8,Mujer,6
Oaxaca,2020,Septiembre,9,Hombre,47
Oaxaca,2020,Septiembre,9,Mujer,9
Oaxaca,2020,Octubre,10,Hombre,54
Oaxaca,2020,Octubre,10,Mujer,5
Oaxaca,2020,Noviembre,11,Hombre,45
Oaxaca,2020,Noviembre,11,Mujer,9
Oaxaca,2020,Diciembre,12,Hombre,54
Oaxaca,2020,Diciembre,12,Mujer,12
Oaxaca,2021,Enero,1,Hombre,73
Oaxaca,2021,Enero,1,Mujer,14
Oaxaca,2021,Febrero,2,Hombre,43
Oaxaca,2021,Febrero,2,Mujer,8
Oaxaca,2021,Marzo,3,Hombre,66
Oaxaca,2021,Marzo,3,Mujer,10
Oaxaca,2021,Abril,4,Hombre,57
Oaxaca,2021,Abril,4,Mujer,4
Oaxaca,2021,Mayo,5,Hombre,50
Oaxaca,2021,Mayo,5,Mujer,3
Oaxaca,2021,Junio,6,Hombre,48
Oaxaca,2021,Junio,6,Mujer,8
Oaxaca,2021,Julio,7,Hombre,54
Oaxaca,2021,Julio,7,Mujer,7
Oaxaca,2021,Agosto,8,Hombre,58
Oaxaca,2021,Agosto,8,Mujer,7
Oaxaca,2021,Septiembre,9,Hombre,46
Oaxaca,2021,Septiembre,9,Mujer,8
Oaxaca,2021,Octubre,10,Hombre,74
Oaxaca,2021,Octubre,10,Mujer,8
Oaxaca,2021,Noviembre,11,Hombre,60
Oaxaca,2021,Noviembre,11,Mujer,8
Oaxaca,2021,Diciembre,12,Hombre,61
Oaxaca,2021,Diciembre,12,Mujer,6
Oaxaca,2022,Enero,1,Hombre,62
Oaxaca,2022,Enero,1,Mujer,6
Oaxaca,2022,Febrero,2,Hombre,46
Oaxaca,2022,Febrero,2,Mujer,11
Oaxaca,2022,Marzo,3,Hombre,39
Oaxaca,2022,Marzo,3,Mujer,15
Oaxaca,2022,Abril,4,Hombre,47
Oaxaca,2022,Abril,4,Mujer,6
Oaxaca,2022,Mayo,5,Hombre,62
Oaxaca,2022,Mayo,5,Mujer,13
Oaxaca,2022,Junio,6,Hombre,50
Oaxaca,2022,Junio,6,Mujer,12
Oaxaca,2022,Julio,7,Hombre,55
Oaxaca,2022,Julio,7,Mujer,7
Oaxaca,2022,Agosto,8,Hombre,92
Oaxaca,2022,Agosto,8,Mujer,12
Oaxaca,2022,Septiembre,9,Hombre,46
Oaxaca,2022,Septiembre,9,Mujer,14
Oaxaca,2022,Octubre,10,Hombre,73
Oaxaca,2022,Octubre,10,Mujer,14
Oaxaca,2022,Noviembre,11,Hombre,46
Oaxaca,2022,Noviembre,11,Mujer,5
Oaxaca,2022,Diciembre,12,Hombre,59
Oaxaca,2022,Diciembre,12,Mujer,8
Oaxaca,2023,Enero,1,Hombre,81
Oaxaca,2023,Enero,1,Mujer,9
Oaxaca,2023,Febrero,2,Hombre,67
Oaxaca,2023,Febrero,2,Mujer,10
Oaxaca,2023,Marzo,3,Hombre,55
Oaxaca,2023,Marzo,3,Mujer,8
Oaxaca,2023,Abril,4,Hombre,53
Oaxaca,2023,Abril,4,Mujer,6
Oaxaca,2023,Mayo,5,Hombre,61
Oaxaca,2023,Mayo,5,Mujer,7
Oaxaca,2023,Junio,6,Hombre,88
Oaxaca,2023,Junio,6,Mujer,8
Oaxaca,2023,Julio,7,Hombre,46
Oaxaca,2023,Julio,7,Mujer,9
Oaxaca,2023,Agosto,8,Hombre,56
Oaxaca,2023,Agosto,8,Mujer,12
Oaxaca,2023,Septiembre,9,Hombre,67
Oaxaca,2023,Septiembre,9,Mujer,7
Oaxaca,2023,Octubre,10,Hombre,47
Oaxaca,2023,Octubre,10,Mujer,8
Oaxaca,2023,Noviembre,11,Hombre,74
Oaxaca,2023,Noviembre,11,Mujer,8
Oaxaca,2023,Diciembre,12,Hombre,56
Oaxaca,2023,Diciembre,12,Mujer,6
Oaxaca,2024,Enero,1,Hombre,61
Oaxaca,2024,Enero,1,Mujer,10
Oaxaca,2024,Febrero,2,Hombre,53
Oaxaca,2024,Febrero,2,Mujer,8
Oaxaca,2024,Marzo,3,Hombre,55
Oaxaca,2024,Marzo,3,Mujer,4
Oaxaca,2024,Abril,4,Hombre,74
Oaxaca,2024,Abril,4,Mujer,5
Oaxaca,2024,Mayo,5,Hombre,59
Oaxaca,2024,Mayo,5,Mujer,16
Oaxaca,2024,Junio,6,Hombre,54
Oaxaca,2024,Junio,6,Mujer,9
Oaxaca,2024,Julio,7,Hombre,59
Oaxaca,2024,Julio,7,Mujer,5
Oaxaca,2024,Agosto,8,Hombre,71
Oaxaca,2024,Agosto,8,Mujer,3
Oaxaca,2024,Septiembre,9,Hombre,86
Oaxaca,2024,Septiembre,9,Mujer,11
Oaxaca,2024,Octubre,10,Hombre,75
Oaxaca,2024,Octubre,10,Mujer,7
Oaxaca,2024,Noviembre,11,Hombre,64
Oaxaca,2024,Noviembre,11,Mujer,9
Oaxaca,2024,Diciembre,12,Hombre,56
Oaxaca,2024,Diciembre,12,Mujer,6
Puebla,1990,Enero,1,Hombre,66
Puebla,1990,Enero,1,Mujer,10
Puebla,1990,Febrero,2,Hombre,56
Puebla,1990,Febrero,2,Mujer,6
Puebla,1990,Marzo,3,Hombre,45
Puebla,1990,Marzo,3,Mujer,2
Puebla,1990,Abril,4,Hombre,47
Puebla,1990,Abril,4,Mujer,2
Puebla,1990,Mayo,5,Hombre,42
Puebla,1990,Mayo,5,Mujer,3
Puebla,1990,Junio,6,Hombre,28
Puebla,1990,Junio,6,Mujer,3
Puebla,1990,Julio,7,Hombre,36
Puebla,1990,Agosto,8,Hombre,17
Puebla,1990,Agosto,8,Mujer,5
Puebla,1990,Septiembre,9,Hombre,31
Puebla,1990,Septiembre,9,Mujer,5
Puebla,1990,Octubre,10,Hombre,41
Puebla,1990,Octubre,10,Mujer,6
Puebla,1990,Noviembre,11,Hombre,23
Puebla,1990,Noviembre,11,Mujer,6
Puebla,1990,Diciembre,12,Hombre,25
Puebla,1990,Diciembre,12,Mujer,8
Puebla,1991,Enero,1,Hombre,34
Puebla,1991,Enero,1,Mujer,4
Puebla,1991,Febrero,2,Hombre,34
Puebla,1991,Febrero,2,Mujer,1
Puebla,1991,Marzo,3,Hombre,33
Puebla,1991,Marzo,3,Mujer,5
Puebla,1991,Abril,4,Hombre,27
Puebla,1991,Abril,4,Mujer,6
Puebla,1991,Mayo,5,Hombre,30
Puebla,1991,Mayo,5,Mujer,1
Puebla,1991,Junio,6,Hombre,27
Puebla,1991,Junio,6,Mujer,5
Puebla,1991,Julio,7,Hombre,18
Puebla,1991,Julio,7,Mujer,4
Puebla,1991,Agosto,8,Hombre,43
Puebla,1991,Agosto,8,Mujer,3
Puebla,1991,Septiembre,9,Hombre,35
Puebla,1991,Septiembre,9,Mujer,4
Puebla,1991,Octubre,10,Hombre,20
Puebla,1991,Octubre,10,Mujer,2
Puebla,1991,Noviembre,11,Hombre,33
Puebla,1991,Noviembre,11,Mujer,4
Puebla,1991,Diciembre,12,Hombre,36
Puebla,1991,Diciembre,12,Mujer,8
Puebla,1992,Enero,1,Hombre,35
Puebla,1992,Febrero,2,Hombre,41
Puebla,1992,Febrero,2,Mujer,1
Puebla,1992,Marzo,3,Hombre,27
Puebla,1992,Marzo,3,Mujer,4
Puebla,1992,Abril,4,Hombre,39
Puebla,1992,Abril,4,Mujer,3
Puebla,1992,Mayo,5,Hombre,43
Puebla,1992,Mayo,5,Mujer,3
Puebla,1992,Junio,6,Hombre,53
Puebla,1992,Junio,6,Mujer,7
Puebla,1992,Julio,7,Hombre,46
Puebla,1992,Julio,7,Mujer,7
Puebla,1992,Agosto,8,Hombre,36
Puebla,1992,Agosto,8,Mujer,4
Puebla,1992,Septiembre,9,Hombre,36
Puebla,1992,Septiembre,9,Mujer,8
Puebla,1992,Octubre,10,Hombre,43
Puebla,1992,Octubre,10,Mujer,7
Puebla,1992,Noviembre,11,Hombre,35
Puebla,1992,Noviembre,11,Mujer,3
Puebla,1992,Diciembre,12,Hombre,51
Puebla,1992,Diciembre,12,Mujer,1
Puebla,1993,Enero,1,Hombre,32
Puebla,1993,Enero,1,Mujer,9
Puebla,1993,Febrero,2,Hombre,37
Puebla,1993,Febrero,2,Mujer,7
Puebla,1993,Marzo,3,Hombre,46
Puebla,1993,Marzo,3,Mujer,6
Puebla,1993,Abril,4,Hombre,48
Puebla,1993,Abril,4,Mujer,7
Puebla,1993,Mayo,5,Hombre,51
Puebla,1993,Mayo,5,Mujer,6
Puebla,1993,Junio,6,Hombre,45
Puebla,1993,Junio,6,Mujer,6
Puebla,1993,Julio,7,Hombre,39
Puebla,1993,Julio,7,Mujer,2
Puebla,1993,Agosto,8,Hombre,43
Puebla,1993,Agosto,8,Mujer,3
Puebla,1993,Septiembre,9,Hombre,34
Puebla,1993,Septiembre,9,Mujer,5
Puebla,1993,Octubre,10,Hombre,47
Puebla,1993,Octubre,10,Mujer,5
Puebla,1993,Noviembre,11,Hombre,38
Puebla,1993,Noviembre,11,Mujer,9
Puebla,1993,Diciembre,12,Hombre,48
Puebla,1993,Diciembre,12,Mujer,10
Puebla,1994,Enero,1,Hombre,42
Puebla,1994,Enero,1,Mujer,8
Puebla,1994,Febrero,2,Hombre,44
Puebla,1994,Febrero,2,Mujer,2
Puebla,1994,Marzo,3,Hombre,46
Puebla,1994,Marzo,3,Mujer,5
Puebla,1994,Abril,4,Hombre,37
Puebla,1994,Abril,4,Mujer,2
Puebla,1994,Mayo,5,Hombre,32
Puebla,1994,Mayo,5,Mujer,2
Puebla,1994,Junio,6,Hombre,22
Puebla,1994,Junio,6,Mujer,3
Puebla,1994,Julio,7,Hombre,30
Puebla,1994,Julio,7,Mujer,5
Puebla,1994,Agosto,8,Hombre,46
Puebla,1994,Agosto,8,Mujer,3
Puebla,1994,Septiembre,9,Hombre,35
Puebla,1994,Septiembre,9,Mujer,4
Puebla,1994,Octubre,10,Hombre,33
Puebla,1994,Octubre,10,Mujer,6
Puebla,1994,Noviembre,11,Hombre,43
Puebla,1994,Noviembre,11,Mujer,2
Puebla,1994,Diciembre,12,Hombre,31
Puebla,1994,Diciembre,12,Mujer,4
Puebla,1995,Enero,1,Hombre,28
Puebla,1995,Enero,1,Mujer,2
Puebla,1995,Febrero,2,Hombre,25
Puebla,1995,Febrero,2,Mujer,4
Puebla,1995,Marzo,3,Hombre,42
Puebla,1995,Marzo,3,Mujer,4
Puebla,1995,Abril,4,Hombre,45
Puebla,1995,Abril,4,Mujer,7
Puebla,1995,Mayo,5,Hombre,48
Puebla,1995,Mayo,5,Mujer,9
Puebla,1995,Junio,6,Hombre,42
Puebla,1995,Junio,6,Mujer,3
Puebla,1995,Julio,7,Hombre,49
Puebla,1995,Julio,7,Mujer,7
Puebla,1995,Agosto,8,Hombre,53
Puebla,1995,Agosto,8,Mujer,8
Puebla,1995,Septiembre,9,Hombre,36
Puebla,1995,Septiembre,9,Mujer,2
Puebla,1995,Octubre,10,Hombre,52
Puebla,1995,Octubre,10,Mujer,9
Puebla,1995,Noviembre,11,Hombre,39
Puebla,1995,Noviembre,11,Mujer,5
Puebla,1995,Diciembre,12,Hombre,60
Puebla,1995,Diciembre,12,Mujer,10
Puebla,1996,Enero,1,Hombre,47
Puebla,1996,Enero,1,Mujer,3
Puebla,1996,Febrero,2,Hombre,43
Puebla,1996,Febrero,2,Mujer,3
Puebla,1996,Marzo,3,Hombre,27
Puebla,1996,Marzo,3,Mujer,3
Puebla,1996,Abril,4,Hombre,38
Puebla,1996,Abril,4,Mujer,4
Puebla,1996,Mayo,5,Hombre,40
Puebla,1996,Mayo,5,Mujer,9
Puebla,1996,Junio,6,Hombre,22
Puebla,1996,Junio,6,Mujer,3
Puebla,1996,Julio,7,Hombre,27
Puebla,1996,Julio,7,Mujer,5
Puebla,1996,Agosto,8,Hombre,26
Puebla,1996,Agosto,8,Mujer,5
Puebla,1996,Septiembre,9,Hombre,34
Puebla,1996,Septiembre,9,Mujer,6
Puebla,1996,Octubre,10,Hombre,29
Puebla,1996,Octubre,10,Mujer,2
Puebla,1996,Noviembre,11,Hombre,36
Puebla,1996,Noviembre,11,Mujer,8
Puebla,1996,Diciembre,12,Hombre,44
Puebla,1996,Diciembre,12,Mujer,4
Puebla,1997,Enero,1,Hombre,30
Puebla,1997,Enero,1,Mujer,5
Puebla,1997,Febrero,2,Hombre,27
Puebla,1997,Febrero,2,Mujer,4
Puebla,1997,Marzo,3,Hombre,41
Puebla,1997,Marzo,3,Mujer,6
Puebla,1997,Abril,4,Hombre,42
Puebla,1997,Abril,4,Mujer,3
Puebla,1997,Mayo,5,Hombre,35
Puebla,1997,Mayo,5,Mujer,4
Puebla,1997,Junio,6,Hombre,39
Puebla,1997,Junio,6,Mujer,4
Puebla,1997,Julio,7,Hombre,45
Puebla,1997,Julio,7,Mujer,4
Puebla,1997,Agosto,8,Hombre,40
Puebla,1997,Agosto,8,Mujer,5
Puebla,1997,Septiembre,9,Hombre,30
Puebla,1997,Septiembre,9,Mujer,4
Puebla,1997,Octubre,10,Hombre,31
Puebla,1997,Octubre,10,Mujer,4
Puebla,1997,Noviembre,11,Hombre,46
Puebla,1997,Noviembre,11,Mujer,4
Puebla,1997,Diciembre,12,Hombre,45
Puebla,1997,Diciembre,12,Mujer,3
Puebla,1998,Enero,1,Hombre,28
Puebla,1998,Enero,1,Mujer,3
Puebla,1998,Febrero,2,Hombre,35
Puebla,1998,Febrero,2,Mujer,8
Puebla,1998,Marzo,3,Hombre,42
Puebla,1998,Marzo,3,Mujer,8
Puebla,1998,Abril,4,Hombre,33
Puebla,1998,Abril,4,Mujer,5
Puebla,1998,Mayo,5,Hombre,53
Puebla,1998,Mayo,5,Mujer,13
Puebla,1998,Junio,6,Hombre,43
Puebla,1998,Junio,6,Mujer,8
Puebla,1998,Julio,7,Hombre,39
Puebla,1998,Julio,7,Mujer,8
Puebla,1998,Agosto,8,Hombre,26
Puebla,1998,Agosto,8,Mujer,2
Puebla,1998,Septiembre,9,Hombre,37
Puebla,1998,Septiembre,9,Mujer,3
Puebla,1998,Octubre,10,Hombre,27
Puebla,1998,Octubre,10,Mujer,4
Puebla,1998,Noviembre,11,Hombre,26
Puebla,1998,Noviembre,11,Mujer,4
Puebla,1998,Diciembre,12,Hombre,42
Puebla,1998,Diciembre,12,Mujer,8
Puebla,1999,Enero,1,Hombre,36
Puebla,1999,Enero,1,Mujer,6
Puebla,1999,Febrero,2,Hombre,33
Puebla,1999,Febrero,2,Mujer,2
Puebla,1999,Marzo,3,Hombre,36
Puebla,1999,Marzo,3,Mujer,7
Puebla,1999,Abril,4,Hombre,31
Puebla,1999,Abril,4,Mujer,4
Puebla,1999,Mayo,5,Hombre,38
Puebla,1999,Mayo,5,Mujer,4
Puebla,1999,Junio,6,Hombre,25
Puebla,1999,Junio,6,Mujer,5
Puebla,1999,Julio,7,Hombre,30
Puebla,1999,Julio,7,Mujer,5
Puebla,1999,Agosto,8,Hombre,33
Puebla,1999,Agosto,8,Mujer,2
Puebla,1999,Septiembre,9,Hombre,39
Puebla,1999,Septiembre,9,Mujer,7
Puebla,1999,Octubre,10,Hombre,31
Puebla,1999,Octubre,10,Mujer,9
Puebla,1999,Noviembre,11,Hombre,30
Puebla,1999,Noviembre,11,Mujer,4
Puebla,1999,Diciembre,12,Hombre,30
Puebla,1999,Diciembre,12,Mujer,4
Puebla,2000,Enero,1,Hombre,26
Puebla,2000,Enero,1,Mujer,2
Puebla,2000,Febrero,2,Hombre,30
Puebla,2000,Febrero,2,Mujer,5
Puebla,2000,Marzo,3,Hombre,34
Puebla,2000,Marzo,3,Mujer,3
Puebla,2000,Abril,4,Hombre,24
Puebla,2000,Abril,4,Mujer,7
Puebla,2000,Mayo,5,Hombre,30
Puebla,2000,Mayo,5,Mujer,8
Puebla,2000,Junio,6,Hombre,27
Puebla,2000,Junio,6,Mujer,4
Puebla,2000,Julio,7,Hombre,30
Puebla,2000,Julio,7,Mujer,3
Puebla,2000,Agosto,8,Hombre,25
Puebla,2000,Agosto,8,Mujer,4
Puebla,2000,Septiembre,9,Hombre,29
Puebla,2000,Septiembre,9,Mujer,3
Puebla,2000,Octubre,10,Hombre,29
Puebla,2000,Octubre,10,Mujer,4
Puebla,2000,Noviembre,11,Hombre,33
Puebla,2000,Noviembre,11,Mujer,2
Puebla,2000,Diciembre,12,Hombre,35
Puebla,2000,Diciembre,12,Mujer,4
Puebla,2001,Enero,1,Hombre,35
Puebla,2001,Enero,1,Mujer,6
Puebla,2001,Febrero,2,Hombre,16
Puebla,2001,Febrero,2,Mujer,6
Puebla,2001,Marzo,3,Hombre,28
Puebla,2001,Marzo,3,Mujer,6
Puebla,2001,Abril,4,Hombre,36
Puebla,2001,Abril,4,Mujer,3
Puebla,2001,Mayo,5,Hombre,43
Puebla,2001,Mayo,5,Mujer,5
Puebla,2001,Junio,6,Hombre,20
Puebla,2001,Junio,6,Mujer,5
Puebla,2001,Julio,7,Hombre,33
Puebla,2001,Julio,7,Mujer,8
Puebla,2001,Agosto,8,Hombre,31
Puebla,2001,Agosto,8,Mujer,7
Puebla,2001,Septiembre,9,Hombre,28
Puebla,2001,Septiembre,9,Mujer,3
Puebla,2001,Octubre,10,Hombre,25
Puebla,2001,Octubre,10,Mujer,5
Puebla,2001,Noviembre,11,Hombre,31
Puebla,2001,Noviembre,11,Mujer,8
Puebla,2001,Diciembre,12,Hombre,36
Puebla,2001,Diciembre,12,Mujer,5
Puebla,2002,Enero,1,Hombre,37
Puebla,2002,Enero,1,Mujer,10
Puebla,2002,Febrero,2,Hombre,19
Puebla,2002,Febrero,2,Mujer,7
Puebla,2002,Marzo,3,Hombre,28
Puebla,2002,Marzo,3,Mujer,4
Puebla,2002,Abril,4,Hombre,25
Puebla,2002,Abril,4,Mujer,4
Puebla,2002,Mayo,5,Hombre,28
Puebla,2002,Mayo,5,Mujer,2
Puebla,2002,Junio,6,Hombre,29
Puebla,2002,Junio,6,Mujer,4
Puebla,2002,Julio,7,Hombre,26
Puebla,2002,Julio,7,Mujer,8
Puebla,2002,Agosto,8,Hombre,26
Puebla,2002,Agosto,8,Mujer,7
Puebla,2002,Septiembre,9,Hombre,22
Puebla,2002,Septiembre,9,Mujer,5
Puebla,2002,Octubre,10,Hombre,29
Puebla,2002,Octubre,10,Mujer,6
Puebla,2002,Noviembre,11,Hombre,29
Puebla,2002,Noviembre,11,Mujer,5
Puebla,2002,Diciembre,12,Hombre,25
Puebla,2002,Diciembre,12,Mujer,8
Puebla,2003,Enero,1,Hombre,33
Puebla,2003,Enero,1,Mujer,12
Puebla,2003,Febrero,2,Hombre,29
Puebla,2003,Febrero,2,Mujer,3
Puebla,2003,Marzo,3,Hombre,19
Puebla,2003,Marzo,3,Mujer,4
Puebla,2003,Abril,4,Hombre,17
Puebla,2003,Abril,4,Mujer,4
Puebla,2003,Mayo,5,Hombre,32
Puebla,2003,Mayo,5,Mujer,4
Puebla,2003,Junio,6,Hombre,24
Puebla,2003,Junio,6,Mujer,7
Puebla,2003,Julio,7,Hombre,25
Puebla,2003,Julio,7,Mujer,2
Puebla,2003,Agosto,8,Hombre,19
Puebla,2003,Agosto,8,Mujer,3
Puebla,2003,Septiembre,9,Hombre,28
Puebla,2003,Septiembre,9,Mujer,4
Puebla,2003,Octubre,10,Hombre,27
Puebla,2003,Octubre,10,Mujer,3
Puebla,2003,Noviembre,11,Hombre,25
Puebla,2003,Noviembre,11,Mujer,10
Puebla,2003,Diciembre,12,Hombre,31
Puebla,2003,Diciembre,12,Mujer,5
Puebla,2004,Enero,1,Hombre,22
Puebla,2004,Enero,1,Mujer,5
Puebla,2004,Febrero,2,Hombre,23
Puebla,2004,Febrero,2,Mujer,7
Puebla,2004,Marzo,3,Hombre,28
Puebla,2004,Marzo,3,Mujer,3
Puebla,2004,Abril,4,Hombre,18
Puebla,2004,Abril,4,Mujer,6
Puebla,2004,Mayo,5,Hombre,29
Puebla,2004,Mayo,5,Mujer,3
Puebla,2004,Junio,6,Hombre,30
Puebla,2004,Junio,6,Mujer,6
Puebla,2004,Julio,7,Hombre,29
Puebla,2004,Julio,7,Mujer,2
Puebla,2004,Agosto,8,Hombre,23
Puebla,2004,Agosto,8,Mujer,2
Puebla,2004,Septiembre,9,Hombre,30
Puebla,2004,Septiembre,9,Mujer,8
Puebla,2004,Octubre,10,Hombre,22
Puebla,2004,Octubre,10,Mujer,3
Puebla,2004,Noviembre,11,Hombre,28
Puebla,2004,Noviembre,11,Mujer,7
Puebla,2004,Diciembre,12,Hombre,26
Puebla,2004,Diciembre,12,Mujer,3
Puebla,2005,Enero,1,Hombre,31
Puebla,2005,Enero,1,Mujer,9
Puebla,2005,Febrero,2,Hombre,17
Puebla,2005,Febrero,2,Mujer,4
Puebla,2005,Marzo,3,Hombre,17
Puebla,2005,Marzo,3,Mujer,6
Puebla,2005,Abril,4,Hombre,24
Puebla,2005,Abril,4,Mujer,3
Puebla,2005,Mayo,5,Hombre,17
Puebla,2005,Mayo,5,Mujer,5
Puebla,2005,Junio,6,Hombre,25
Puebla,2005,Junio,6,Mujer,5
Puebla,2005,Julio,7,Hombre,16
Puebla,2005,Julio,7,Mujer,3
Puebla,2005,Agosto,8,Hombre,24
Puebla,2005,Agosto,8,Mujer,7
Puebla,2005,Septiembre,9,Hombre,26
Puebla,2005,Septiembre,9,Mujer,4
Puebla,2005,Octubre,10,Hombre,14
Puebla,2005,Octubre,10,Mujer,5
Puebla,2005,Noviembre,11,Hombre,25
Puebla,2005,Noviembre,11,Mujer,2
Puebla,2005,Diciembre,12,Hombre,18
Puebla,2005,Diciembre,12,Mujer,5
Puebla,2006,Enero,1,Hombre,27
Puebla,2006,Enero,1,Mujer,5
Puebla,2006,Febrero,2,Hombre,21
Puebla,2006,Febrero,2,Mujer,3
Puebla,2006,Marzo,3,Hombre,39
Puebla,2006,Marzo,3,Mujer,6
Puebla,2006,Abril,4,Hombre,20
Puebla,2006,Abril,4,Mujer,3
Puebla,2006,Mayo,5,Hombre,25
Puebla,2006,Mayo,5,Mujer,2
Puebla,2006,Junio,6,Hombre,22
Puebla,2006,Junio,6,Mujer,4
Puebla,2006,Julio,7,Hombre,26
Puebla,2006,Julio,7,Mujer,4
Puebla,2006,Agosto,8,Hombre,21
Puebla,2006,Agosto,8,Mujer,10
Puebla,2006,Septiembre,9,Hombre,22
Puebla,2006,Septiembre,9,Mujer,3
Puebla,2006,Octubre,10,Hombre,30
Puebla,2006,Octubre,10,Mujer,6
Puebla,2006,Noviembre,11,Hombre,20
Puebla,2006,Noviembre,11,Mujer,6
Puebla,2006,Diciembre,12,Hombre,23
Puebla,2006,Diciembre,12,Mujer,1
Puebla,2007,Enero,1,Hombre,20
Puebla,2007,Enero,1,Mujer,3
Puebla,2007,Febrero,2,Hombre,16
Puebla,2007,Febrero,2,Mujer,1
Puebla,2007,Marzo,3,Hombre,26
Puebla,2007,Marzo,3,Mujer,4
Puebla,2007,Abril,4,Hombre,24
Puebla,2007,Abril,4,Mujer,5
Puebla,2007,Mayo,5,Hombre,23
Puebla,2007,Mayo,5,Mujer,5
Puebla,2007,Junio,6,Hombre,14
Puebla,2007,Junio,6,Mujer,4
Puebla,2007,Julio,7,Hombre,16
Puebla,2007,Julio,7,Mujer,3
Puebla,2007,Agosto,8,Hombre,13
Puebla,2007,Agosto,8,Mujer,1
Puebla,2007,Septiembre,9,Hombre,16
Puebla,2007,Septiembre,9,Mujer,3
Puebla,2007,Octubre,10,Hombre,14
Puebla,2007,Octubre,10,Mujer,4
Puebla,2007,Noviembre,11,Hombre,20
Puebla,2007,Noviembre,11,Mujer,6
Puebla,2007,Diciembre,12,Hombre,22
Puebla,2007,Diciembre,12,Mujer,4
Puebla,2008,Enero,1,Hombre,24
Puebla,2008,Enero,1,Mujer,5
Puebla,2008,Febrero,2,Hombre,24
Puebla,2008,Febrero,2,Mujer,3
Puebla,2008,Marzo,3,Hombre,27
Puebla,2008,Marzo,3,Mujer,4
Puebla,2008,Abril,4,Hombre,36
Puebla,2008,Abril,4,Mujer,6
Puebla,2008,Mayo,5,Hombre,26
Puebla,2008,Mayo,5,Mujer,1
Puebla,2008,Junio,6,Hombre,24
Puebla,2008,Junio,6,Mujer,3
Puebla,2008,Julio,7,Hombre,24
Puebla,2008,Julio,7,Mujer,2
Puebla,2008,Agosto,8,Hombre,18
Puebla,2008,Agosto,8,Mujer,5
Puebla,2008,Septiembre,9,Hombre,22
Puebla,2008,Septiembre,9,Mujer,3
Puebla,2008,Octubre,10,Hombre,23
Puebla,2008,Octubre,10,Mujer,5
Puebla,2008,Noviembre,11,Hombre,25
Puebla,2008,Noviembre,11,Mujer,2
Puebla,2008,Diciembre,12,Hombre,31
Puebla,2008,Diciembre,12,Mujer,5
Puebla,2009,Enero,1,Hombre,29
Puebla,2009,Enero,1,Mujer,6
Puebla,2009,Febrero,2,Hombre,35
Puebla,2009,Febrero,2,Mujer,7
Puebla,2009,Marzo,3,Hombre,26
Puebla,2009,Marzo,3,Mujer,3
Puebla,2009,Abril,4,Hombre,18
Puebla,2009,Abril,4,Mujer,3
Puebla,2009,Mayo,5,Hombre,18
Puebla,2009,Mayo,5,Mujer,2
Puebla,2009,Junio,6,Hombre,28
Puebla,2009,Junio,6,Mujer,5
Puebla,2009,Julio,7,Hombre,23
Puebla,2009,Julio,7,Mujer,3
Puebla,2009,Agosto,8,Hombre,23
Puebla,2009,Agosto,8,Mujer,5
Puebla,2009,Septiembre,9,Hombre,17
Puebla,2009,Septiembre,9,Mujer,2
Puebla,2009,Octubre,10,Hombre,31
Puebla,2009,Octubre,10,Mujer,4
Puebla,2009,Noviembre,11,Hombre,26
Puebla,2009,Noviembre,11,Mujer,4
Puebla,2009,Diciembre,12,Hombre,22
Puebla,2009,Diciembre,12,Mujer,4
Puebla,2010,Enero,1,Hombre,20
Puebla,2010,Enero,1,Mujer,4
Puebla,2010,Febrero,2,Hombre,28
Puebla,2010,Febrero,2,Mujer,3
Puebla,2010,Marzo,3,Hombre,27
Puebla,2010,Marzo,3,Mujer,5
Puebla,2010,Abril,4,Hombre,27
Puebla,2010,Abril,4,Mujer,3
Puebla,2010,Mayo,5,Hombre,29
Puebla,2010,Mayo,5,Mujer,6
Puebla,2010,Junio,6,Hombre,26
Puebla,2010,Junio,6,Mujer,7
Puebla,2010,Julio,7,Hombre,24
Puebla,2010,Julio,7,Mujer,1
Puebla,2010,Agosto,8,Hombre,24
Puebla,2010,Agosto,8,Mujer,4
Puebla,2010,Septiembre,9,Hombre,32
Puebla,2010,Septiembre,9,Mujer,6
Puebla,2010,Octubre,10,Hombre,29
Puebla,2010,Octubre,10,Mujer,5
Puebla,2010,Noviembre,11,Hombre,17
Puebla,2010,Noviembre,11,Mujer,3
Puebla,2010,Diciembre,12,Hombre,25
Puebla,2010,Diciembre,12,Mujer,4
Puebla,2011,Enero,1,Hombre,25
Puebla,2011,Enero,1,Mujer,9
Puebla,2011,Febrero,2,Hombre,33
Puebla,2011,Febrero,2,Mujer,5
Puebla,2011,Marzo,3,Hombre,30
Puebla,2011,Marzo,3,Mujer,2
Puebla,2011,Abril,4,Hombre,34
Puebla,2011,Abril,4,Mujer,6
Puebla,2011,Mayo,5,Hombre,30
Puebla,2011,Mayo,5,Mujer,8
Puebla,2011,Junio,6,Hombre,31
Puebla,2011,Junio,6,Mujer,3
Puebla,2011,Julio,7,Hombre,20
Puebla,2011,Julio,7,Mujer,5
Puebla,2011,Agosto,8,Hombre,41
Puebla,2011,Agosto,8,Mujer,3
Puebla,2011,Septiembre,9,Hombre,27
Puebla,2011,Septiembre,9,Mujer,6
Puebla,2011,Octubre,10,Hombre,29
Puebla,2011,Octubre,10,Mujer,6
Puebla,2011,Noviembre,11,Hombre,28
Puebla,2011,Noviembre,11,Mujer,7
Puebla,2011,Diciembre,12,Hombre,23
Puebla,2011,Diciembre,12,Mujer,3
Puebla,2012,Enero,1,Hombre,33
Puebla,2012,Enero,1,Mujer,5
Puebla,2012,Febrero,2,Hombre,25
Puebla,2012,Febrero,2,Mujer,4
Puebla,2012,Marzo,3,Hombre,36
Puebla,2012,Marzo,3,Mujer,2
Puebla,2012,Abril,4,Hombre,36
Puebla,2012,Abril,4,Mujer,8
Puebla,2012,Mayo,5,Hombre,31
Puebla,2012,Mayo,5,Mujer,5
Puebla,2012,Junio,6,Hombre,28
Puebla,2012,Junio,6,Mujer,3
Puebla,2012,Julio,7,Hombre,32
Puebla,2012,Julio,7,Mujer,1
Puebla,2012,Agosto,8,Hombre,34
Puebla,2012,Agosto,8,Mujer,3
Puebla,2012,Septiembre,9,Hombre,34
Puebla,2012,Septiembre,9,Mujer,4
Puebla,2012,Octubre,10,Hombre,33
Puebla,2012,Octubre,10,Mujer,5
Puebla,2012,Noviembre,11,Hombre,35
Puebla,2012,Noviembre,11,Mujer,9
Puebla,2012,Diciembre,12,Hombre,35
Puebla,2012,Diciembre,12,Mujer,2
Puebla,2013,Enero,1,Hombre,31
Puebla,2013,Enero,1,Mujer,6
Puebla,2013,Febrero,2,Hombre,35
Puebla,2013,Febrero,2,Mujer,8
Puebla,2013,Marzo,3,Hombre,29
Puebla,2013,Marzo,3,Mujer,9
Puebla,2013,Abril,4,Hombre,49
Puebla,2013,Abril,4,Mujer,6
Puebla,2013,Mayo,5,Hombre,37
Puebla,2013,Mayo,5,Mujer,10
Puebla,2013,Junio,6,Hombre,30
Puebla,2013,Junio,6,Mujer,10
Puebla,2013,Julio,7,Hombre,26
Puebla,2013,Julio,7,Mujer,11
Puebla,2013,Agosto,8,Hombre,32
Puebla,2013,Agosto,8,Mujer,9
Puebla,2013,Septiembre,9,Hombre,49
Puebla,2013,Septiembre,9,Mujer,9
Puebla,2013,Octubre,10,Hombre,38
Puebla,2013,Octubre,10,Mujer,11
Puebla,2013,Noviembre,11,Hombre,35
Puebla,2013,Noviembre,11,Mujer,8
Puebla,2013,Diciembre,12,Hombre,37
Puebla,2013,Diciembre,12,Mujer,3
Puebla,2014,Enero,1,Hombre,40
Puebla,2014,Enero,1,Mujer,8
Puebla,2014,Febrero,2,Hombre,44
Puebla,2014,Febrero,2,Mujer,7
Puebla,2014,Marzo,3,Hombre,47
Puebla,2014,Marzo,3,Mujer,11
Puebla,2014,Abril,4,Hombre,32
Puebla,2014,Abril,4,Mujer,6
Puebla,2014,Mayo,5,Hombre,28
Puebla,2014,Mayo,5,Mujer,8
Puebla,2014,Junio,6,Hombre,29
Puebla,2014,Junio,6,Mujer,5
Puebla,2014,Julio,7,Hombre,32
Puebla,2014,Julio,7,Mujer,8
Puebla,2014,Agosto,8,Hombre,33
Puebla,2014,Agosto,8,Mujer,8
Puebla,2014,Septiembre,9,Hombre,39
Puebla,2014,Septiembre,9,Mujer,3
Puebla,2014,Octubre,10,Hombre,34
Puebla,2014,Octubre,10,Mujer,10
Puebla,2014,Noviembre,11,Hombre,45
Puebla,2014,Noviembre,11,Mujer,4
Puebla,2014,Diciembre,12,Hombre,41
Puebla,2014,Diciembre,12,Mujer,6
Puebla,2015,Enero,1,Hombre,32
Puebla,2015,Enero,1,Mujer,9
Puebla,2015,Febrero,2,Hombre,35
Puebla,2015,Febrero,2,Mujer,5
Puebla,2015,Marzo,3,Hombre,41
Puebla,2015,Marzo,3,Mujer,5
Puebla,2015,Abril,4,Hombre,42
Puebla,2015,Abril,4,Mujer,11
Puebla,2015,Mayo,5,Hombre,40
Puebla,2015,Mayo,5,Mujer,7
Puebla,2015,Junio,6,Hombre,36
Puebla,2015,Junio,6,Mujer,8
Puebla,2015,Julio,7,Hombre,45
Puebla,2015,Julio,7,Mujer,5
Puebla,2015,Agosto,8,Hombre,49
Puebla,2015,Agosto,8,Mujer,5
Puebla,2015,Septiembre,9,Hombre,45
Puebla,2015,Septiembre,9,Mujer,7
Puebla,2015,Octubre,10,Hombre,55
Puebla,2015,Octubre,10,Mujer,13
Puebla,2015,Noviembre,11,Hombre,54
Puebla,2015,Noviembre,11,Mujer,7
Puebla,2015,Diciembre,12,Hombre,47
Puebla,2015,Diciembre,12,Mujer,5
Puebla,2016,Enero,1,Hombre,42
Puebla,2016,Enero,1,Mujer,11
Puebla,2016,Febrero,2,Hombre,38
Puebla,2016,Febrero,2,Mujer,14
Puebla,2016,Marzo,3,Hombre,39
Puebla,2016,Marzo,3,Mujer,7
Puebla,2016,Abril,4,Hombre,66
Puebla,2016,Abril,4,Mujer,6
Puebla,2016,Mayo,5,Hombre,48
Puebla,2016,Mayo,5,Mujer,5
Puebla,2016,Junio,6,Hombre,54
Puebla,2016,Junio,6,Mujer,13
Puebla,2016,Julio,7,Hombre,60
Puebla,2016,Julio,7,Mujer,5
Puebla,2016,Agosto,8,Hombre,64
Puebla,2016,Agosto,8,Mujer,9
Puebla,2016,Septiembre,9,Hombre,51
Puebla,2016,Septiembre,9,Mujer,5
Puebla,2016,Octubre,10,Hombre,49
Puebla,2016,Octubre,10,Mujer,7
Puebla,2016,Noviembre,11,Hombre,56
Puebla,2016,Noviembre,11,Mujer,7
Puebla,2016,Diciembre,12,Hombre,48
Puebla,2016,Diciembre,12,Mujer,5
Puebla,2017,Enero,1,Hombre,65
Puebla,2017,Enero,1,Mujer,14
Puebla,2017,Febrero,2,Hombre,49
Puebla,2017,Febrero,2,Mujer,13
Puebla,2017,Marzo,3,Hombre,57
Puebla,2017,Marzo,3,Mujer,10
Puebla,2017,Abril,4,Hombre,63
Puebla,2017,Abril,4,Mujer,12
Puebla,2017,Mayo,5,Hombre,88
Puebla,2017,Mayo,5,Mujer,13
Puebla,2017,Junio,6,Hombre,63
Puebla,2017,Junio,6,Mujer,13
Puebla,2017,Julio,7,Hombre,101
Puebla,2017,Julio,7,Mujer,13
Puebla,2017,Agosto,8,Hombre,72
Puebla,2017,Agosto,8,Mujer,13
Puebla,2017,Septiembre,9,Hombre,85
Puebla,2017,Septiembre,9,Mujer,13
Puebla,2017,Octubre,10,Hombre,78
Puebla,2017,Octubre,10,Mujer,5
Puebla,2017,Noviembre,11,Hombre,108
Puebla,2017,Noviembre,11,Mujer,10
Puebla,2017,Diciembre,12,Hombre,71
Puebla,2017,Diciembre,12,Mujer,8
Puebla,2018,Enero,1,Hombre,76
Puebla,2018,Enero,1,Mujer,10
Puebla,2018,Febrero,2,Hombre,80
Puebla,2018,Febrero,2,Mujer,8
Puebla,2018,Marzo,3,Hombre,83
Puebla,2018,Marzo,3,Mujer,5
Puebla,2018,Abril,4,Hombre,104
Puebla,2018,Abril,4,Mujer,11
Puebla,2018,Mayo,5,Hombre,86
Puebla,2018,Mayo,5,Mujer,18
Puebla,2018,Junio,6,Hombre,87
Puebla,2018,Junio,6,Mujer,11
Puebla,2018,Julio,7,Hombre,101
Puebla,2018,Julio,7,Mujer,8
Puebla,2018,Agosto,8,Hombre,91
Puebla,2018,Agosto,8,Mujer,9
Puebla,2018,Septiembre,9,Hombre,92
Puebla,2018,Septiembre,9,Mujer,7
Puebla,2018,Octubre,10,Hombre,85
Puebla,2018,Octubre,10,Mujer,15
Puebla,2018,Noviembre,11,Hombre,99
Puebla,2018,Noviembre,11,Mujer,14
Puebla,2018,Diciembre,12,Hombre,85
Puebla,2018,Diciembre,12,Mujer,11
Puebla,2019,Enero,1,Hombre,80
Puebla,2019,Enero,1,Mujer,10
Puebla,2019,Febrero,2,Hombre,109
Puebla,2019,Febrero,2,Mujer,11
Puebla,2019,Marzo,3,Hombre,96
Puebla,2019,Marzo,3,Mujer,14
Puebla,2019,Abril,4,Hombre,81
Puebla,2019,Abril,4,Mujer,6
Puebla,2019,Mayo,5,Hombre,112
Puebla,2019,Mayo,5,Mujer,10
Puebla,2019,Junio,6,Hombre,93
Puebla,2019,Junio,6,Mujer,11
Puebla,2019,Julio,7,Hombre,92
Puebla,2019,Julio,7,Mujer,10
Puebla,2019,Agosto,8,Hombre,103
Puebla,2019,Agosto,8,Mujer,9
Puebla,2019,Septiembre,9,Hombre,82
Puebla,2019,Septiembre,9,Mujer,7
Puebla,2019,Octubre,10,Hombre,95
Puebla,2019,Octubre,10,Mujer,8
Puebla,2019,Noviembre,11,Hombre,73
Puebla,2019,Noviembre,11,Mujer,10
Puebla,2019,Diciembre,12,Hombre,97
Puebla,2019,Diciembre,12,Mujer,11
Puebla,2020,Enero,1,Hombre,64
Puebla,2020,Enero,1,Mujer,14
Puebla,2020,Febrero,2,Hombre,69
Puebla,2020,Febrero,2,Mujer,14
Puebla,2020,Marzo,3,Hombre,92
Puebla,2020,Marzo,3,Mujer,19
Puebla,2020,Abril,4,Hombre,98
Puebla,2020,Abril,4,Mujer,7
Puebla,2020,Mayo,5,Hombre,60
Puebla,2020,Mayo,5,Mujer,9
Puebla,2020,Junio,6,Hombre,62
Puebla,2020,Junio,6,Mujer,6
Puebla,2020,Julio,7,Hombre,54
Puebla,2020,Julio,7,Mujer,9
Puebla,2020,Agosto,8,Hombre,84
Puebla,2020,Agosto,8,Mujer,5
Puebla,2020,Septiembre,9,Hombre,54
Puebla,2020,Septiembre,9,Mujer,2
Puebla,2020,Octubre,10,Hombre,54
Puebla,2020,Octubre,10,Mujer,7
Puebla,2020,Noviembre,11,Hombre,49
Puebla,2020,Noviembre,11,Mujer,14
Puebla,2020,Diciembre,12,Hombre,71
Puebla,2020,Diciembre,12,Mujer,9
Puebla,2021,Enero,1,Hombre,50
Puebla,2021,Enero,1,Mujer,6
Puebla,2021,Febrero,2,Hombre,45
Puebla,2021,Febrero,2,Mujer,7
Puebla,2021,Marzo,3,Hombre,86
Puebla,2021,Marzo,3,Mujer,14
Puebla,2021,Abril,4,Hombre,61
Puebla,2021,Abril,4,Mujer,8
Puebla,2021,Mayo,5,Hombre,56
Puebla,2021,Mayo,5,Mujer,12
Puebla,2021,Junio,6,Hombre,57
Puebla,2021,Junio,6,Mujer,9
Puebla,2021,Julio,7,Hombre,57
Puebla,2021,Julio,7,Mujer,5
Puebla,2021,Agosto,8,Hombre,64
Puebla,2021,Agosto,8,Mujer,5
Puebla,2021,Septiembre,9,Hombre,47
Puebla,2021,Septiembre,9,Mujer,11
Puebla,2021,Octubre,10,Hombre,46
Puebla,2021,Octubre,10,Mujer,6
Puebla,2021,Noviembre,11,Hombre,62
Puebla,2021,Noviembre,11,Mujer,11
Puebla,2021,Diciembre,12,Hombre,65
Puebla,2021,Diciembre,12,Mujer,13
Puebla,2022,Enero,1,Hombre,46
Puebla,2022,Enero,1,Mujer,5
Puebla,2022,Febrero,2,Hombre,73
Puebla,2022,Febrero,2,Mujer,9
Puebla,2022,Marzo,3,Hombre,74
Puebla,2022,Marzo,3,Mujer,15
Puebla,2022,Abril,4,Hombre,75
Puebla,2022,Abril,4,Mujer,6
Puebla,2022,Mayo,5,Hombre,77
Puebla,2022,Mayo,5,Mujer,9
Puebla,2022,Junio,6,Hombre,61
Puebla,2022,Junio,6,Mujer,8
Puebla,2022,Julio,7,Hombre,71
Puebla,2022,Julio,7,Mujer,8
Puebla,2022,Agosto,8,Hombre,63
Puebla,2022,Agosto,8,Mujer,11
Puebla,2022,Septiembre,9,Hombre,59
Puebla,2022,Septiembre,9,Mujer,5
Puebla,2022,Octubre,10,Hombre,60
Puebla,2022,Octubre,10,Mujer,8
Puebla,2022,Noviembre,11,Hombre,55
Puebla,2022,Noviembre,11,Mujer,2
Puebla,2022,Diciembre,12,Hombre,65
Puebla,2022,Diciembre,12,Mujer,11
Puebla,2023,Enero,1,Hombre,60
Puebla,2023,Enero,1,Mujer,6
Puebla,2023,Febrero,2,Hombre,57
Puebla,2023,Febrero,2,Mujer,8
Puebla,2023,Marzo,3,Hombre,73
Puebla,2023,Marzo,3,Mujer,6
Puebla,2023,Abril,4,Hombre,61
Puebla,2023,Abril,4,Mujer,9
Puebla,2023,Mayo,5,Hombre,74
Puebla,2023,Mayo,5,Mujer,9
Puebla,2023,Junio,6,Hombre,97
Puebla,2023,Junio,6,Mujer,7
Puebla,2023,Julio,7,Hombre,66
Puebla,2023,Julio,7,Mujer,9
Puebla,2023,Agosto,8,Hombre,71
Puebla,2023,Agosto,8,Mujer,11
Puebla,2023,Septiembre,9,Hombre,71
Puebla,2023,Septiembre,9,Mujer,5
Puebla,2023,Octubre,10,Hombre,76
Puebla,2023,Octubre,10,Mujer,6
Puebla,2023,Noviembre,11,Hombre,73
Puebla,2023,Noviembre,11,Mujer,6
Puebla,2023,Diciembre,12,Hombre,69
Puebla,2023,Diciembre,12,Mujer,13
Puebla,2024,Enero,1,Hombre,40
Puebla,2024,Enero,1,Mujer,8
Puebla,2024,Febrero,2,Hombre,57
Puebla,2024,Febrero,2,Mujer,11
Puebla,2024,Marzo,3,Hombre,60
Puebla,2024,Marzo,3,Mujer,9
Puebla,2024,Abril,4,Hombre,80
Puebla,2024,Abril,4,Mujer,9
Puebla,2024,Mayo,5,Hombre,78
Puebla,2024,Mayo,5,Mujer,11
Puebla,2024,Junio,6,Hombre,73
Puebla,2024,Junio,6,Mujer,9
Puebla,2024,Julio,7,Hombre,61
Puebla,2024,Julio,7,Mujer,7
Puebla,2024,Agosto,8,Hombre,64
Puebla,2024,Agosto,8,Mujer,11
Puebla,2024,Septiembre,9,Hombre,109
Puebla,2024,Septiembre,9,Mujer,11
Puebla,2024,Octubre,10,Hombre,75
Puebla,2024,Octubre,10,Mujer,9
Puebla,2024,Noviembre,11,Hombre,71
Puebla,2024,Noviembre,11,Mujer,5
Puebla,2024,Diciembre,12,Hombre,84
Puebla,2024,Diciembre,12,Mujer,12
Quer�taro,1990,Enero,1,Hombre,7
Quer�taro,1990,Febrero,2,Hombre,7
Quer�taro,1990,Febrero,2,Mujer,2
Quer�taro,1990,Marzo,3,Hombre,7
Quer�taro,1990,Abril,4,Hombre,8
Quer�taro,1990,Abril,4,Mujer,1
Quer�taro,1990,Mayo,5,Hombre,8
Quer�taro,1990,Mayo,5,Mujer,4
Quer�taro,1990,Junio,6,Hombre,6
Quer�taro,1990,Junio,6,Mujer,3
Quer�taro,1990,Julio,7,Hombre,2
Quer�taro,1990,Agosto,8,Hombre,7
Quer�taro,1990,Septiembre,9,Hombre,6
Quer�taro,1990,Septiembre,9,Mujer,1
Quer�taro,1990,Octubre,10,Hombre,3
Quer�taro,1990,Noviembre,11,Hombre,6
Quer�taro,1990,Diciembre,12,Hombre,4
Quer�taro,1990,Diciembre,12,Mujer,1
Quer�taro,1991,Enero,1,Hombre,5
Quer�taro,1991,Febrero,2,Hombre,2
Quer�taro,1991,Marzo,3,Hombre,4
Quer�taro,1991,Abril,4,Hombre,12
Quer�taro,1991,Abril,4,Mujer,1
Quer�taro,1991,Mayo,5,Hombre,4
Quer�taro,1991,Mayo,5,Mujer,1
Quer�taro,1991,Junio,6,Hombre,3
Quer�taro,1991,Junio,6,Mujer,2
Quer�taro,1991,Julio,7,Hombre,10
Quer�taro,1991,Julio,7,Mujer,1
Quer�taro,1991,Agosto,8,Hombre,1
Quer�taro,1991,Septiembre,9,Hombre,5
Quer�taro,1991,Septiembre,9,Mujer,1
Quer�taro,1991,Octubre,10,Hombre,5
Quer�taro,1991,Noviembre,11,Hombre,8
Quer�taro,1991,Noviembre,11,Mujer,1
Quer�taro,1991,Diciembre,12,Hombre,8
Quer�taro,1991,Diciembre,12,Mujer,1
Quer�taro,1992,Enero,1,Hombre,6
Quer�taro,1992,Febrero,2,Hombre,1
Quer�taro,1992,Febrero,2,Mujer,1
Quer�taro,1992,Marzo,3,Hombre,7
Quer�taro,1992,Marzo,3,Mujer,1
Quer�taro,1992,Abril,4,Hombre,9
Quer�taro,1992,Mayo,5,Hombre,5
Quer�taro,1992,Junio,6,Hombre,5
Quer�taro,1992,Junio,6,Mujer,2
Quer�taro,1992,Julio,7,Hombre,2
Quer�taro,1992,Julio,7,Mujer,2
Quer�taro,1992,Agosto,8,Hombre,10
Quer�taro,1992,Septiembre,9,Hombre,8
Quer�taro,1992,Septiembre,9,Mujer,1
Quer�taro,1992,Octubre,10,Hombre,6
Quer�taro,1992,Octubre,10,Mujer,1
Quer�taro,1992,Noviembre,11,Hombre,2
Quer�taro,1992,Noviembre,11,Mujer,1
Quer�taro,1992,Diciembre,12,Hombre,6
Quer�taro,1992,Diciembre,12,Mujer,1
Quer�taro,1993,Enero,1,Hombre,12
Quer�taro,1993,Enero,1,Mujer,1
Quer�taro,1993,Febrero,2,Hombre,7
Quer�taro,1993,Marzo,3,Hombre,4
Quer�taro,1993,Abril,4,Hombre,4
Quer�taro,1993,Abril,4,Mujer,1
Quer�taro,1993,Mayo,5,Hombre,7
Quer�taro,1993,Mayo,5,Mujer,1
Quer�taro,1993,Junio,6,Hombre,3
Quer�taro,1993,Junio,6,Mujer,1
Quer�taro,1993,Julio,7,Hombre,8
Quer�taro,1993,Agosto,8,Hombre,3
Quer�taro,1993,Septiembre,9,Hombre,5
Quer�taro,1993,Octubre,10,Hombre,8
Quer�taro,1993,Noviembre,11,Hombre,5
Quer�taro,1993,Noviembre,11,Mujer,1
Quer�taro,1993,Diciembre,12,Hombre,7
Quer�taro,1994,Enero,1,Hombre,7
Quer�taro,1994,Febrero,2,Hombre,9
Quer�taro,1994,Marzo,3,Hombre,11
Quer�taro,1994,Abril,4,Hombre,2
Quer�taro,1994,Abril,4,Mujer,1
Quer�taro,1994,Mayo,5,Hombre,9
Quer�taro,1994,Mayo,5,Mujer,2
Quer�taro,1994,Junio,6,Hombre,5
Quer�taro,1994,Junio,6,Mujer,1
Quer�taro,1994,Julio,7,Hombre,8
Quer�taro,1994,Julio,7,Mujer,1
Quer�taro,1994,Agosto,8,Hombre,8
Quer�taro,1994,Septiembre,9,Hombre,9
Quer�taro,1994,Septiembre,9,Mujer,2
Quer�taro,1994,Octubre,10,Hombre,6
Quer�taro,1994,Octubre,10,Mujer,1
Quer�taro,1994,Noviembre,11,Hombre,9
Quer�taro,1994,Diciembre,12,Hombre,11
Quer�taro,1995,Enero,1,Hombre,6
Quer�taro,1995,Enero,1,Mujer,1
Quer�taro,1995,Febrero,2,Hombre,5
Quer�taro,1995,Marzo,3,Hombre,7
Quer�taro,1995,Marzo,3,Mujer,1
Quer�taro,1995,Abril,4,Hombre,5
Quer�taro,1995,Mayo,5,Hombre,11
Quer�taro,1995,Junio,6,Hombre,9
Quer�taro,1995,Junio,6,Mujer,2
Quer�taro,1995,Julio,7,Hombre,4
Quer�taro,1995,Agosto,8,Hombre,4
Quer�taro,1995,Agosto,8,Mujer,1
Quer�taro,1995,Septiembre,9,Hombre,9
Quer�taro,1995,Septiembre,9,Mujer,1
Quer�taro,1995,Octubre,10,Hombre,8
Quer�taro,1995,Noviembre,11,Hombre,3
Quer�taro,1995,Diciembre,12,Hombre,9
Quer�taro,1996,Enero,1,Hombre,12
Quer�taro,1996,Febrero,2,Hombre,6
Quer�taro,1996,Marzo,3,Hombre,9
Quer�taro,1996,Marzo,3,Mujer,2
Quer�taro,1996,Abril,4,Hombre,4
Quer�taro,1996,Abril,4,Mujer,2
Quer�taro,1996,Mayo,5,Hombre,9
Quer�taro,1996,Junio,6,Hombre,9
Quer�taro,1996,Junio,6,Mujer,2
Quer�taro,1996,Julio,7,Hombre,5
Quer�taro,1996,Julio,7,Mujer,1
Quer�taro,1996,Agosto,8,Hombre,4
Quer�taro,1996,Septiembre,9,Hombre,6
Quer�taro,1996,Septiembre,9,Mujer,1
Quer�taro,1996,Octubre,10,Hombre,5
Quer�taro,1996,Octubre,10,Mujer,2
Quer�taro,1996,Noviembre,11,Hombre,10
Quer�taro,1996,Noviembre,11,Mujer,1
Quer�taro,1996,Diciembre,12,Hombre,8
Quer�taro,1997,Enero,1,Hombre,6
Quer�taro,1997,Enero,1,Mujer,3
Quer�taro,1997,Febrero,2,Hombre,4
Quer�taro,1997,Febrero,2,Mujer,1
Quer�taro,1997,Marzo,3,Hombre,6
Quer�taro,1997,Marzo,3,Mujer,2
Quer�taro,1997,Abril,4,Hombre,6
Quer�taro,1997,Mayo,5,Hombre,11
Quer�taro,1997,Mayo,5,Mujer,2
Quer�taro,1997,Junio,6,Hombre,4
Quer�taro,1997,Junio,6,Mujer,2
Quer�taro,1997,Julio,7,Hombre,8
Quer�taro,1997,Julio,7,Mujer,2
Quer�taro,1997,Agosto,8,Hombre,8
Quer�taro,1997,Septiembre,9,Hombre,9
Quer�taro,1997,Septiembre,9,Mujer,1
Quer�taro,1997,Octubre,10,Hombre,9
Quer�taro,1997,Octubre,10,Mujer,1
Quer�taro,1997,Noviembre,11,Hombre,7
Quer�taro,1997,Noviembre,11,Mujer,2
Quer�taro,1997,Diciembre,12,Hombre,9
Quer�taro,1997,Diciembre,12,Mujer,2
Quer�taro,1998,Enero,1,Hombre,6
Quer�taro,1998,Febrero,2,Hombre,9
Quer�taro,1998,Febrero,2,Mujer,1
Quer�taro,1998,Marzo,3,Hombre,5
Quer�taro,1998,Abril,4,Hombre,11
Quer�taro,1998,Mayo,5,Hombre,2
Quer�taro,1998,Junio,6,Hombre,7
Quer�taro,1998,Julio,7,Hombre,7
Quer�taro,1998,Agosto,8,Hombre,7
Quer�taro,1998,Agosto,8,Mujer,1
Quer�taro,1998,Septiembre,9,Hombre,5
Quer�taro,1998,Octubre,10,Hombre,5
Quer�taro,1998,Noviembre,11,Hombre,7
Quer�taro,1998,Noviembre,11,Mujer,1
Quer�taro,1998,Diciembre,12,Hombre,6
Quer�taro,1999,Enero,1,Hombre,6
Quer�taro,1999,Enero,1,Mujer,1
Quer�taro,1999,Febrero,2,Hombre,7
Quer�taro,1999,Febrero,2,Mujer,1
Quer�taro,1999,Marzo,3,Hombre,10
Quer�taro,1999,Marzo,3,Mujer,1
Quer�taro,1999,Abril,4,Hombre,7
Quer�taro,1999,Mayo,5,Hombre,5
Quer�taro,1999,Mayo,5,Mujer,2
Quer�taro,1999,Junio,6,Hombre,4
Quer�taro,1999,Junio,6,Mujer,2
Quer�taro,1999,Julio,7,Hombre,4
Quer�taro,1999,Agosto,8,Hombre,6
Quer�taro,1999,Septiembre,9,Hombre,11
Quer�taro,1999,Septiembre,9,Mujer,3
Quer�taro,1999,Octubre,10,Hombre,3
Quer�taro,1999,Noviembre,11,Hombre,5
Quer�taro,1999,Noviembre,11,Mujer,1
Quer�taro,1999,Diciembre,12,Hombre,9
Quer�taro,1999,Diciembre,12,Mujer,2
Quer�taro,2000,Enero,1,Hombre,6
Quer�taro,2000,Enero,1,Mujer,2
Quer�taro,2000,Febrero,2,Hombre,12
Quer�taro,2000,Febrero,2,Mujer,3
Quer�taro,2000,Marzo,3,Hombre,5
Quer�taro,2000,Abril,4,Hombre,6
Quer�taro,2000,Abril,4,Mujer,1
Quer�taro,2000,Mayo,5,Hombre,5
Quer�taro,2000,Mayo,5,Mujer,4
Quer�taro,2000,Junio,6,Hombre,8
Quer�taro,2000,Junio,6,Mujer,4
Quer�taro,2000,Julio,7,Hombre,5
Quer�taro,2000,Agosto,8,Hombre,8
Quer�taro,2000,Agosto,8,Mujer,2
Quer�taro,2000,Septiembre,9,Hombre,10
Quer�taro,2000,Octubre,10,Hombre,2
Quer�taro,2000,Octubre,10,Mujer,2
Quer�taro,2000,Noviembre,11,Hombre,3
Quer�taro,2000,Diciembre,12,Hombre,12
Quer�taro,2001,Enero,1,Hombre,10
Quer�taro,2001,Enero,1,Mujer,2
Quer�taro,2001,Febrero,2,Hombre,3
Quer�taro,2001,Febrero,2,Mujer,1
Quer�taro,2001,Marzo,3,Hombre,7
Quer�taro,2001,Marzo,3,Mujer,1
Quer�taro,2001,Abril,4,Hombre,12
Quer�taro,2001,Mayo,5,Hombre,5
Quer�taro,2001,Mayo,5,Mujer,3
Quer�taro,2001,Junio,6,Hombre,12
Quer�taro,2001,Junio,6,Mujer,1
Quer�taro,2001,Julio,7,Hombre,6
Quer�taro,2001,Julio,7,Mujer,1
Quer�taro,2001,Agosto,8,Hombre,3
Quer�taro,2001,Agosto,8,Mujer,2
Quer�taro,2001,Septiembre,9,Hombre,6
Quer�taro,2001,Octubre,10,Hombre,10
Quer�taro,2001,Noviembre,11,Hombre,9
Quer�taro,2001,Noviembre,11,Mujer,1
Quer�taro,2001,Diciembre,12,Hombre,8
Quer�taro,2001,Diciembre,12,Mujer,5
Quer�taro,2002,Enero,1,Hombre,6
Quer�taro,2002,Febrero,2,Hombre,5
Quer�taro,2002,Febrero,2,Mujer,1
Quer�taro,2002,Marzo,3,Hombre,8
Quer�taro,2002,Marzo,3,Mujer,1
Quer�taro,2002,Abril,4,Hombre,4
Quer�taro,2002,Mayo,5,Hombre,3
Quer�taro,2002,Junio,6,Hombre,6
Quer�taro,2002,Julio,7,Hombre,4
Quer�taro,2002,Agosto,8,Hombre,2
Quer�taro,2002,Agosto,8,Mujer,2
Quer�taro,2002,Septiembre,9,Hombre,4
Quer�taro,2002,Octubre,10,Hombre,4
Quer�taro,2002,Noviembre,11,Hombre,6
Quer�taro,2002,Noviembre,11,Mujer,1
Quer�taro,2002,Diciembre,12,Hombre,7
Quer�taro,2002,Diciembre,12,Mujer,5
Quer�taro,2003,Enero,1,Hombre,7
Quer�taro,2003,Febrero,2,Hombre,6
Quer�taro,2003,Febrero,2,Mujer,1
Quer�taro,2003,Marzo,3,Hombre,10
Quer�taro,2003,Abril,4,Hombre,3
Quer�taro,2003,Mayo,5,Hombre,8
Quer�taro,2003,Mayo,5,Mujer,2
Quer�taro,2003,Junio,6,Hombre,5
Quer�taro,2003,Junio,6,Mujer,1
Quer�taro,2003,Julio,7,Hombre,8
Quer�taro,2003,Julio,7,Mujer,1
Quer�taro,2003,Agosto,8,Hombre,6
Quer�taro,2003,Agosto,8,Mujer,2
Quer�taro,2003,Septiembre,9,Hombre,6
Quer�taro,2003,Octubre,10,Hombre,3
Quer�taro,2003,Octubre,10,Mujer,1
Quer�taro,2003,Noviembre,11,Hombre,5
Quer�taro,2003,Noviembre,11,Mujer,1
Quer�taro,2003,Diciembre,12,Hombre,7
Quer�taro,2004,Enero,1,Hombre,6
Quer�taro,2004,Enero,1,Mujer,3
Quer�taro,2004,Febrero,2,Hombre,5
Quer�taro,2004,Febrero,2,Mujer,1
Quer�taro,2004,Marzo,3,Hombre,5
Quer�taro,2004,Marzo,3,Mujer,1
Quer�taro,2004,Abril,4,Hombre,6
Quer�taro,2004,Mayo,5,Hombre,5
Quer�taro,2004,Mayo,5,Mujer,1
Quer�taro,2004,Junio,6,Hombre,4
Quer�taro,2004,Julio,7,Hombre,3
Quer�taro,2004,Julio,7,Mujer,1
Quer�taro,2004,Agosto,8,Hombre,5
Quer�taro,2004,Agosto,8,Mujer,1
Quer�taro,2004,Septiembre,9,Hombre,5
Quer�taro,2004,Septiembre,9,Mujer,1
Quer�taro,2004,Octubre,10,Hombre,6
Quer�taro,2004,Octubre,10,Mujer,2
Quer�taro,2004,Noviembre,11,Hombre,6
Quer�taro,2004,Noviembre,11,Mujer,1
Quer�taro,2004,Diciembre,12,Hombre,7
Quer�taro,2005,Enero,1,Hombre,2
Quer�taro,2005,Enero,1,Mujer,2
Quer�taro,2005,Febrero,2,Hombre,2
Quer�taro,2005,Marzo,3,Hombre,5
Quer�taro,2005,Marzo,3,Mujer,1
Quer�taro,2005,Abril,4,Hombre,9
Quer�taro,2005,Mayo,5,Hombre,7
Quer�taro,2005,Mayo,5,Mujer,2
Quer�taro,2005,Junio,6,Hombre,3
Quer�taro,2005,Julio,7,Hombre,5
Quer�taro,2005,Agosto,8,Hombre,6
Quer�taro,2005,Agosto,8,Mujer,1
Quer�taro,2005,Septiembre,9,Hombre,8
Quer�taro,2005,Octubre,10,Hombre,7
Quer�taro,2005,Octubre,10,Mujer,1
Quer�taro,2005,Noviembre,11,Hombre,7
Quer�taro,2005,Noviembre,11,Mujer,1
Quer�taro,2005,Diciembre,12,Hombre,8
Quer�taro,2005,Diciembre,12,Mujer,2
Quer�taro,2006,Enero,1,Hombre,5
Quer�taro,2006,Enero,1,Mujer,2
Quer�taro,2006,Febrero,2,Hombre,2
Quer�taro,2006,Marzo,3,Hombre,6
Quer�taro,2006,Marzo,3,Mujer,1
Quer�taro,2006,Abril,4,Mujer,1
Quer�taro,2006,Mayo,5,Hombre,5
Quer�taro,2006,Junio,6,Hombre,8
Quer�taro,2006,Julio,7,Hombre,7
Quer�taro,2006,Julio,7,Mujer,1
Quer�taro,2006,Agosto,8,Hombre,1
Quer�taro,2006,Agosto,8,Mujer,3
Quer�taro,2006,Septiembre,9,Hombre,5
Quer�taro,2006,Octubre,10,Hombre,4
Quer�taro,2006,Octubre,10,Mujer,1
Quer�taro,2006,Noviembre,11,Hombre,1
Quer�taro,2006,Noviembre,11,Mujer,1
Quer�taro,2006,Diciembre,12,Hombre,6
Quer�taro,2006,Diciembre,12,Mujer,1
Quer�taro,2007,Enero,1,Hombre,4
Quer�taro,2007,Febrero,2,Hombre,3
Quer�taro,2007,Marzo,3,Hombre,1
Quer�taro,2007,Abril,4,Hombre,6
Quer�taro,2007,Abril,4,Mujer,1
Quer�taro,2007,Mayo,5,Hombre,3
Quer�taro,2007,Junio,6,Hombre,1
Quer�taro,2007,Julio,7,Hombre,6
Quer�taro,2007,Julio,7,Mujer,2
Quer�taro,2007,Agosto,8,Hombre,4
Quer�taro,2007,Septiembre,9,Hombre,1
Quer�taro,2007,Septiembre,9,Mujer,1
Quer�taro,2007,Octubre,10,Hombre,6
Quer�taro,2007,Octubre,10,Mujer,2
Quer�taro,2007,Noviembre,11,Hombre,2
Quer�taro,2007,Noviembre,11,Mujer,1
Quer�taro,2007,Diciembre,12,Hombre,8
Quer�taro,2007,Diciembre,12,Mujer,1
Quer�taro,2008,Enero,1,Hombre,5
Quer�taro,2008,Enero,1,Mujer,1
Quer�taro,2008,Febrero,2,Hombre,5
Quer�taro,2008,Febrero,2,Mujer,2
Quer�taro,2008,Marzo,3,Hombre,4
Quer�taro,2008,Marzo,3,Mujer,1
Quer�taro,2008,Abril,4,Hombre,4
Quer�taro,2008,Mayo,5,Hombre,5
Quer�taro,2008,Mayo,5,Mujer,3
Quer�taro,2008,Junio,6,Hombre,3
Quer�taro,2008,Julio,7,Hombre,7
Quer�taro,2008,Agosto,8,Hombre,8
Quer�taro,2008,Agosto,8,Mujer,1
Quer�taro,2008,Septiembre,9,Hombre,4
Quer�taro,2008,Septiembre,9,Mujer,1
Quer�taro,2008,Octubre,10,Hombre,4
Quer�taro,2008,Octubre,10,Mujer,1
Quer�taro,2008,Noviembre,11,Hombre,3
Quer�taro,2008,Diciembre,12,Hombre,9
Quer�taro,2008,Diciembre,12,Mujer,2
Quer�taro,2009,Enero,1,Hombre,5
Quer�taro,2009,Febrero,2,Hombre,6
Quer�taro,2009,Febrero,2,Mujer,1
Quer�taro,2009,Marzo,3,Hombre,3
Quer�taro,2009,Abril,4,Hombre,6
Quer�taro,2009,Mayo,5,Hombre,9
Quer�taro,2009,Mayo,5,Mujer,1
Quer�taro,2009,Junio,6,Hombre,4
Quer�taro,2009,Julio,7,Hombre,7
Quer�taro,2009,Julio,7,Mujer,2
Quer�taro,2009,Agosto,8,Hombre,10
Quer�taro,2009,Septiembre,9,Hombre,5
Quer�taro,2009,Septiembre,9,Mujer,3
Quer�taro,2009,Octubre,10,Hombre,4
Quer�taro,2009,Octubre,10,Mujer,2
Quer�taro,2009,Noviembre,11,Hombre,7
Quer�taro,2009,Noviembre,11,Mujer,1
Quer�taro,2009,Diciembre,12,Hombre,10
Quer�taro,2009,Diciembre,12,Mujer,2
Quer�taro,2010,Enero,1,Hombre,10
Quer�taro,2010,Marzo,3,Hombre,3
Quer�taro,2010,Marzo,3,Mujer,1
Quer�taro,2010,Abril,4,Hombre,2
Quer�taro,2010,Mayo,5,Hombre,2
Quer�taro,2010,Mayo,5,Mujer,2
Quer�taro,2010,Junio,6,Hombre,9
Quer�taro,2010,Junio,6,Mujer,1
Quer�taro,2010,Julio,7,Hombre,8
Quer�taro,2010,Julio,7,Mujer,1
Quer�taro,2010,Agosto,8,Hombre,6
Quer�taro,2010,Septiembre,9,Hombre,9
Quer�taro,2010,Septiembre,9,Mujer,1
Quer�taro,2010,Octubre,10,Hombre,4
Quer�taro,2010,Noviembre,11,Hombre,7
Quer�taro,2010,Diciembre,12,Hombre,7
Quer�taro,2011,Enero,1,Hombre,5
Quer�taro,2011,Enero,1,Mujer,3
Quer�taro,2011,Febrero,2,Hombre,10
Quer�taro,2011,Febrero,2,Mujer,3
Quer�taro,2011,Marzo,3,Hombre,7
Quer�taro,2011,Marzo,3,Mujer,4
Quer�taro,2011,Abril,4,Hombre,13
Quer�taro,2011,Abril,4,Mujer,2
Quer�taro,2011,Mayo,5,Hombre,3
Quer�taro,2011,Mayo,5,Mujer,3
Quer�taro,2011,Junio,6,Hombre,6
Quer�taro,2011,Julio,7,Hombre,3
Quer�taro,2011,Agosto,8,Hombre,8
Quer�taro,2011,Agosto,8,Mujer,1
Quer�taro,2011,Septiembre,9,Hombre,9
Quer�taro,2011,Septiembre,9,Mujer,1
Quer�taro,2011,Octubre,10,Hombre,3
Quer�taro,2011,Noviembre,11,Hombre,8
Quer�taro,2011,Noviembre,11,Mujer,1
Quer�taro,2011,Diciembre,12,Hombre,16
Quer�taro,2012,Enero,1,Hombre,7
Quer�taro,2012,Enero,1,Mujer,1
Quer�taro,2012,Febrero,2,Hombre,4
Quer�taro,2012,Febrero,2,Mujer,2
Quer�taro,2012,Marzo,3,Hombre,5
Quer�taro,2012,Marzo,3,Mujer,1
Quer�taro,2012,Abril,4,Hombre,10
Quer�taro,2012,Mayo,5,Hombre,9
Quer�taro,2012,Junio,6,Hombre,6
Quer�taro,2012,Junio,6,Mujer,2
Quer�taro,2012,Julio,7,Hombre,7
Quer�taro,2012,Julio,7,Mujer,3
Quer�taro,2012,Agosto,8,Hombre,9
Quer�taro,2012,Agosto,8,Mujer,2
Quer�taro,2012,Septiembre,9,Hombre,7
Quer�taro,2012,Septiembre,9,Mujer,3
Quer�taro,2012,Octubre,10,Hombre,12
Quer�taro,2012,Octubre,10,Mujer,3
Quer�taro,2012,Noviembre,11,Hombre,13
Quer�taro,2012,Diciembre,12,Hombre,5
Quer�taro,2013,Enero,1,Hombre,3
Quer�taro,2013,Enero,1,Mujer,2
Quer�taro,2013,Febrero,2,Hombre,7
Quer�taro,2013,Febrero,2,Mujer,3
Quer�taro,2013,Marzo,3,Hombre,8
Quer�taro,2013,Marzo,3,Mujer,1
Quer�taro,2013,Abril,4,Hombre,8
Quer�taro,2013,Abril,4,Mujer,2
Quer�taro,2013,Mayo,5,Hombre,8
Quer�taro,2013,Mayo,5,Mujer,6
Quer�taro,2013,Junio,6,Hombre,6
Quer�taro,2013,Junio,6,Mujer,2
Quer�taro,2013,Julio,7,Hombre,11
Quer�taro,2013,Julio,7,Mujer,1
Quer�taro,2013,Agosto,8,Hombre,12
Quer�taro,2013,Septiembre,9,Hombre,10
Quer�taro,2013,Septiembre,9,Mujer,2
Quer�taro,2013,Octubre,10,Hombre,8
Quer�taro,2013,Octubre,10,Mujer,2
Quer�taro,2013,Noviembre,11,Hombre,4
Quer�taro,2013,Noviembre,11,Mujer,2
Quer�taro,2013,Diciembre,12,Hombre,10
Quer�taro,2013,Diciembre,12,Mujer,1
Quer�taro,2014,Enero,1,Hombre,9
Quer�taro,2014,Enero,1,Mujer,2
Quer�taro,2014,Febrero,2,Hombre,7
Quer�taro,2014,Febrero,2,Mujer,1
Quer�taro,2014,Marzo,3,Hombre,7
Quer�taro,2014,Marzo,3,Mujer,3
Quer�taro,2014,Abril,4,Hombre,4
Quer�taro,2014,Abril,4,Mujer,3
Quer�taro,2014,Mayo,5,Hombre,6
Quer�taro,2014,Mayo,5,Mujer,1
Quer�taro,2014,Junio,6,Hombre,5
Quer�taro,2014,Julio,7,Hombre,8
Quer�taro,2014,Julio,7,Mujer,2
Quer�taro,2014,Agosto,8,Hombre,10
Quer�taro,2014,Septiembre,9,Hombre,6
Quer�taro,2014,Septiembre,9,Mujer,3
Quer�taro,2014,Octubre,10,Hombre,11
Quer�taro,2014,Octubre,10,Mujer,3
Quer�taro,2014,Noviembre,11,Hombre,7
Quer�taro,2014,Diciembre,12,Hombre,7
Quer�taro,2014,Diciembre,12,Mujer,1
Quer�taro,2015,Enero,1,Hombre,11
Quer�taro,2015,Enero,1,Mujer,3
Quer�taro,2015,Febrero,2,Hombre,8
Quer�taro,2015,Febrero,2,Mujer,1
Quer�taro,2015,Marzo,3,Hombre,10
Quer�taro,2015,Marzo,3,Mujer,1
Quer�taro,2015,Abril,4,Hombre,9
Quer�taro,2015,Abril,4,Mujer,2
Quer�taro,2015,Mayo,5,Hombre,11
Quer�taro,2015,Mayo,5,Mujer,4
Quer�taro,2015,Junio,6,Hombre,8
Quer�taro,2015,Julio,7,Hombre,13
Quer�taro,2015,Julio,7,Mujer,2
Quer�taro,2015,Agosto,8,Hombre,10
Quer�taro,2015,Agosto,8,Mujer,2
Quer�taro,2015,Septiembre,9,Hombre,8
Quer�taro,2015,Septiembre,9,Mujer,2
Quer�taro,2015,Octubre,10,Hombre,12
Quer�taro,2015,Octubre,10,Mujer,1
Quer�taro,2015,Noviembre,11,Hombre,13
Quer�taro,2015,Noviembre,11,Mujer,1
Quer�taro,2015,Diciembre,12,Hombre,6
Quer�taro,2015,Diciembre,12,Mujer,1
Quer�taro,2016,Enero,1,Hombre,9
Quer�taro,2016,Enero,1,Mujer,1
Quer�taro,2016,Febrero,2,Hombre,8
Quer�taro,2016,Febrero,2,Mujer,2
Quer�taro,2016,Marzo,3,Hombre,12
Quer�taro,2016,Marzo,3,Mujer,3
Quer�taro,2016,Abril,4,Hombre,10
Quer�taro,2016,Abril,4,Mujer,1
Quer�taro,2016,Mayo,5,Hombre,10
Quer�taro,2016,Mayo,5,Mujer,2
Quer�taro,2016,Junio,6,Hombre,9
Quer�taro,2016,Junio,6,Mujer,1
Quer�taro,2016,Julio,7,Hombre,6
Quer�taro,2016,Julio,7,Mujer,1
Quer�taro,2016,Agosto,8,Hombre,7
Quer�taro,2016,Agosto,8,Mujer,2
Quer�taro,2016,Septiembre,9,Hombre,11
Quer�taro,2016,Septiembre,9,Mujer,1
Quer�taro,2016,Octubre,10,Hombre,9
Quer�taro,2016,Octubre,10,Mujer,1
Quer�taro,2016,Noviembre,11,Hombre,11
Quer�taro,2016,Noviembre,11,Mujer,3
Quer�taro,2016,Diciembre,12,Hombre,13
Quer�taro,2017,Enero,1,Hombre,12
Quer�taro,2017,Febrero,2,Hombre,12
Quer�taro,2017,Febrero,2,Mujer,2
Quer�taro,2017,Marzo,3,Hombre,14
Quer�taro,2017,Marzo,3,Mujer,2
Quer�taro,2017,Abril,4,Hombre,18
Quer�taro,2017,Abril,4,Mujer,4
Quer�taro,2017,Mayo,5,Hombre,10
Quer�taro,2017,Junio,6,Hombre,19
Quer�taro,2017,Junio,6,Mujer,5
Quer�taro,2017,Julio,7,Hombre,12
Quer�taro,2017,Agosto,8,Hombre,24
Quer�taro,2017,Agosto,8,Mujer,9
Quer�taro,2017,Septiembre,9,Hombre,13
Quer�taro,2017,Septiembre,9,Mujer,3
Quer�taro,2017,Octubre,10,Hombre,12
Quer�taro,2017,Octubre,10,Mujer,4
Quer�taro,2017,Noviembre,11,Hombre,11
Quer�taro,2017,Noviembre,11,Mujer,4
Quer�taro,2017,Diciembre,12,Hombre,22
Quer�taro,2017,Diciembre,12,Mujer,2
Quer�taro,2018,Enero,1,Hombre,14
Quer�taro,2018,Enero,1,Mujer,4
Quer�taro,2018,Febrero,2,Hombre,11
Quer�taro,2018,Febrero,2,Mujer,1
Quer�taro,2018,Marzo,3,Hombre,17
Quer�taro,2018,Marzo,3,Mujer,4
Quer�taro,2018,Abril,4,Hombre,13
Quer�taro,2018,Abril,4,Mujer,3
Quer�taro,2018,Mayo,5,Hombre,17
Quer�taro,2018,Junio,6,Hombre,16
Quer�taro,2018,Junio,6,Mujer,1
Quer�taro,2018,Julio,7,Hombre,16
Quer�taro,2018,Julio,7,Mujer,2
Quer�taro,2018,Agosto,8,Hombre,25
Quer�taro,2018,Agosto,8,Mujer,2
Quer�taro,2018,Septiembre,9,Hombre,22
Quer�taro,2018,Septiembre,9,Mujer,3
Quer�taro,2018,Octubre,10,Hombre,11
Quer�taro,2018,Octubre,10,Mujer,3
Quer�taro,2018,Noviembre,11,Hombre,18
Quer�taro,2018,Noviembre,11,Mujer,1
Quer�taro,2018,Diciembre,12,Hombre,19
Quer�taro,2018,Diciembre,12,Mujer,5
Quer�taro,2019,Enero,1,Hombre,15
Quer�taro,2019,Enero,1,Mujer,3
Quer�taro,2019,Febrero,2,Hombre,17
Quer�taro,2019,Febrero,2,Mujer,1
Quer�taro,2019,Marzo,3,Hombre,18
Quer�taro,2019,Marzo,3,Mujer,2
Quer�taro,2019,Abril,4,Hombre,17
Quer�taro,2019,Abril,4,Mujer,3
Quer�taro,2019,Mayo,5,Hombre,18
Quer�taro,2019,Mayo,5,Mujer,2
Quer�taro,2019,Junio,6,Hombre,9
Quer�taro,2019,Junio,6,Mujer,3
Quer�taro,2019,Julio,7,Hombre,16
Quer�taro,2019,Julio,7,Mujer,1
Quer�taro,2019,Agosto,8,Hombre,18
Quer�taro,2019,Agosto,8,Mujer,3
Quer�taro,2019,Septiembre,9,Hombre,16
Quer�taro,2019,Septiembre,9,Mujer,3
Quer�taro,2019,Octubre,10,Hombre,13
Quer�taro,2019,Octubre,10,Mujer,1
Quer�taro,2019,Noviembre,11,Hombre,13
Quer�taro,2019,Noviembre,11,Mujer,5
Quer�taro,2019,Diciembre,12,Hombre,21
Quer�taro,2019,Diciembre,12,Mujer,1
Quer�taro,2020,Enero,1,Hombre,12
Quer�taro,2020,Enero,1,Mujer,2
Quer�taro,2020,Febrero,2,Hombre,11
Quer�taro,2020,Febrero,2,Mujer,3
Quer�taro,2020,Marzo,3,Hombre,22
Quer�taro,2020,Abril,4,Hombre,16
Quer�taro,2020,Abril,4,Mujer,3
Quer�taro,2020,Mayo,5,Hombre,21
Quer�taro,2020,Junio,6,Hombre,10
Quer�taro,2020,Junio,6,Mujer,2
Quer�taro,2020,Julio,7,Hombre,17
Quer�taro,2020,Agosto,8,Hombre,24
Quer�taro,2020,Agosto,8,Mujer,4
Quer�taro,2020,Septiembre,9,Hombre,18
Quer�taro,2020,Septiembre,9,Mujer,2
Quer�taro,2020,Octubre,10,Hombre,17
Quer�taro,2020,Octubre,10,Mujer,5
Quer�taro,2020,Noviembre,11,Hombre,14
Quer�taro,2020,Noviembre,11,Mujer,3
Quer�taro,2020,Diciembre,12,Hombre,19
Quer�taro,2020,Diciembre,12,Mujer,1
Quer�taro,2021,Enero,1,Hombre,21
Quer�taro,2021,Enero,1,Mujer,3
Quer�taro,2021,Febrero,2,Hombre,13
Quer�taro,2021,Febrero,2,Mujer,1
Quer�taro,2021,Marzo,3,Hombre,15
Quer�taro,2021,Marzo,3,Mujer,3
Quer�taro,2021,Abril,4,Hombre,21
Quer�taro,2021,Abril,4,Mujer,2
Quer�taro,2021,Mayo,5,Hombre,17
Quer�taro,2021,Mayo,5,Mujer,1
Quer�taro,2021,Junio,6,Hombre,12
Quer�taro,2021,Junio,6,Mujer,1
Quer�taro,2021,Julio,7,Hombre,17
Quer�taro,2021,Julio,7,Mujer,5
Quer�taro,2021,Agosto,8,Hombre,18
Quer�taro,2021,Agosto,8,Mujer,4
Quer�taro,2021,Septiembre,9,Hombre,15
Quer�taro,2021,Septiembre,9,Mujer,3
Quer�taro,2021,Octubre,10,Hombre,17
Quer�taro,2021,Octubre,10,Mujer,1
Quer�taro,2021,Noviembre,11,Hombre,18
Quer�taro,2021,Noviembre,11,Mujer,3
Quer�taro,2021,Diciembre,12,Hombre,17
Quer�taro,2022,Enero,1,Hombre,13
Quer�taro,2022,Enero,1,Mujer,2
Quer�taro,2022,Febrero,2,Hombre,10
Quer�taro,2022,Febrero,2,Mujer,2
Quer�taro,2022,Marzo,3,Hombre,5
Quer�taro,2022,Abril,4,Hombre,13
Quer�taro,2022,Abril,4,Mujer,2
Quer�taro,2022,Mayo,5,Hombre,17
Quer�taro,2022,Mayo,5,Mujer,1
Quer�taro,2022,Junio,6,Hombre,14
Quer�taro,2022,Junio,6,Mujer,1
Quer�taro,2022,Julio,7,Hombre,15
Quer�taro,2022,Julio,7,Mujer,2
Quer�taro,2022,Agosto,8,Hombre,10
Quer�taro,2022,Agosto,8,Mujer,2
Quer�taro,2022,Septiembre,9,Hombre,16
Quer�taro,2022,Septiembre,9,Mujer,4
Quer�taro,2022,Octubre,10,Hombre,15
Quer�taro,2022,Octubre,10,Mujer,3
Quer�taro,2022,Noviembre,11,Hombre,16
Quer�taro,2022,Noviembre,11,Mujer,5
Quer�taro,2022,Diciembre,12,Hombre,16
Quer�taro,2022,Diciembre,12,Mujer,2
Quer�taro,2023,Enero,1,Hombre,17
Quer�taro,2023,Enero,1,Mujer,1
Quer�taro,2023,Febrero,2,Hombre,13
Quer�taro,2023,Febrero,2,Mujer,1
Quer�taro,2023,Marzo,3,Hombre,15
Quer�taro,2023,Marzo,3,Mujer,3
Quer�taro,2023,Abril,4,Hombre,15
Quer�taro,2023,Abril,4,Mujer,4
Quer�taro,2023,Mayo,5,Hombre,13
Quer�taro,2023,Mayo,5,Mujer,5
Quer�taro,2023,Junio,6,Hombre,18
Quer�taro,2023,Junio,6,Mujer,2
Quer�taro,2023,Julio,7,Hombre,13
Quer�taro,2023,Julio,7,Mujer,4
Quer�taro,2023,Agosto,8,Hombre,19
Quer�taro,2023,Agosto,8,Mujer,1
Quer�taro,2023,Septiembre,9,Hombre,13
Quer�taro,2023,Septiembre,9,Mujer,4
Quer�taro,2023,Octubre,10,Hombre,18
Quer�taro,2023,Octubre,10,Mujer,3
Quer�taro,2023,Noviembre,11,Hombre,7
Quer�taro,2023,Noviembre,11,Mujer,1
Quer�taro,2023,Diciembre,12,Hombre,22
Quer�taro,2023,Diciembre,12,Mujer,2
Quer�taro,2024,Enero,1,Hombre,19
Quer�taro,2024,Enero,1,Mujer,1
Quer�taro,2024,Febrero,2,Hombre,7
Quer�taro,2024,Febrero,2,Mujer,1
Quer�taro,2024,Marzo,3,Hombre,20
Quer�taro,2024,Marzo,3,Mujer,3
Quer�taro,2024,Abril,4,Hombre,12
Quer�taro,2024,Abril,4,Mujer,3
Quer�taro,2024,Mayo,5,Hombre,12
Quer�taro,2024,Mayo,5,Mujer,1
Quer�taro,2024,Junio,6,Hombre,12
Quer�taro,2024,Junio,6,Mujer,2
Quer�taro,2024,Julio,7,Hombre,18
Quer�taro,2024,Julio,7,Mujer,4
Quer�taro,2024,Agosto,8,Hombre,13
Quer�taro,2024,Agosto,8,Mujer,2
Quer�taro,2024,Septiembre,9,Hombre,10
Quer�taro,2024,Septiembre,9,Mujer,2
Quer�taro,2024,Octubre,10,Hombre,20
Quer�taro,2024,Octubre,10,Mujer,8
Quer�taro,2024,Noviembre,11,Hombre,20
Quer�taro,2024,Noviembre,11,Mujer,5
Quer�taro,2024,Diciembre,12,Hombre,12
Quintana Roo,1990,Enero,1,Hombre,4
Quintana Roo,1990,Febrero,2,Hombre,1
Quintana Roo,1990,Febrero,2,Mujer,1
Quintana Roo,1990,Marzo,3,Hombre,2
Quintana Roo,1990,Abril,4,Hombre,6
Quintana Roo,1990,Mayo,5,Hombre,2
Quintana Roo,1990,Mayo,5,Mujer,1
Quintana Roo,1990,Junio,6,Hombre,5
Quintana Roo,1990,Julio,7,Hombre,2
Quintana Roo,1990,Agosto,8,Hombre,1
Quintana Roo,1990,Septiembre,9,Hombre,2
Quintana Roo,1990,Octubre,10,Hombre,5
Quintana Roo,1990,Noviembre,11,Hombre,6
Quintana Roo,1990,Diciembre,12,Hombre,15
Quintana Roo,1991,Enero,1,Hombre,2
Quintana Roo,1991,Febrero,2,Hombre,7
Quintana Roo,1991,Marzo,3,Hombre,2
Quintana Roo,1991,Marzo,3,Mujer,1
Quintana Roo,1991,Abril,4,Hombre,3
Quintana Roo,1991,Mayo,5,Hombre,3
Quintana Roo,1991,Junio,6,Hombre,5
Quintana Roo,1991,Junio,6,Mujer,1
Quintana Roo,1991,Julio,7,Hombre,8
Quintana Roo,1991,Agosto,8,Hombre,4
Quintana Roo,1991,Septiembre,9,Hombre,1
Quintana Roo,1991,Octubre,10,Hombre,2
Quintana Roo,1991,Noviembre,11,Hombre,3
Quintana Roo,1991,Diciembre,12,Mujer,2
Quintana Roo,1992,Enero,1,Hombre,2
Quintana Roo,1992,Febrero,2,Hombre,3
Quintana Roo,1992,Febrero,2,Mujer,1
Quintana Roo,1992,Marzo,3,Hombre,2
Quintana Roo,1992,Abril,4,Hombre,4
Quintana Roo,1992,Mayo,5,Hombre,3
Quintana Roo,1992,Junio,6,Hombre,3
Quintana Roo,1992,Julio,7,Hombre,6
Quintana Roo,1992,Agosto,8,Hombre,4
Quintana Roo,1992,Agosto,8,Mujer,1
Quintana Roo,1992,Septiembre,9,Hombre,2
Quintana Roo,1992,Septiembre,9,Mujer,2
Quintana Roo,1992,Octubre,10,Hombre,5
Quintana Roo,1992,Noviembre,11,Hombre,5
Quintana Roo,1992,Noviembre,11,Mujer,4
Quintana Roo,1992,Diciembre,12,Hombre,1
Quintana Roo,1992,Diciembre,12,Mujer,2
Quintana Roo,1993,Enero,1,Hombre,1
Quintana Roo,1993,Febrero,2,Hombre,6
Quintana Roo,1993,Febrero,2,Mujer,1
Quintana Roo,1993,Marzo,3,Hombre,3
Quintana Roo,1993,Abril,4,Hombre,9
Quintana Roo,1993,Abril,4,Mujer,1
Quintana Roo,1993,Mayo,5,Hombre,10
Quintana Roo,1993,Junio,6,Hombre,3
Quintana Roo,1993,Junio,6,Mujer,1
Quintana Roo,1993,Julio,7,Hombre,5
Quintana Roo,1993,Agosto,8,Hombre,5
Quintana Roo,1993,Agosto,8,Mujer,1
Quintana Roo,1993,Septiembre,9,Hombre,1
Quintana Roo,1993,Octubre,10,Hombre,6
Quintana Roo,1993,Octubre,10,Mujer,1
Quintana Roo,1993,Noviembre,11,Hombre,7
Quintana Roo,1993,Noviembre,11,Mujer,2
Quintana Roo,1993,Diciembre,12,Hombre,10
Quintana Roo,1994,Enero,1,Hombre,12
Quintana Roo,1994,Febrero,2,Hombre,8
Quintana Roo,1994,Marzo,3,Hombre,1
Quintana Roo,1994,Marzo,3,Mujer,1
Quintana Roo,1994,Abril,4,Hombre,6
Quintana Roo,1994,Abril,4,Mujer,1
Quintana Roo,1994,Mayo,5,Hombre,3
Quintana Roo,1994,Mayo,5,Mujer,1
Quintana Roo,1994,Junio,6,Hombre,10
Quintana Roo,1994,Julio,7,Hombre,8
Quintana Roo,1994,Agosto,8,Hombre,12
Quintana Roo,1994,Septiembre,9,Hombre,10
Quintana Roo,1994,Octubre,10,Hombre,8
Quintana Roo,1994,Octubre,10,Mujer,2
Quintana Roo,1994,Noviembre,11,Hombre,7
Quintana Roo,1994,Diciembre,12,Hombre,8
Quintana Roo,1994,Diciembre,12,Mujer,1
Quintana Roo,1995,Enero,1,Hombre,4
Quintana Roo,1995,Febrero,2,Hombre,5
Quintana Roo,1995,Marzo,3,Hombre,9
Quintana Roo,1995,Marzo,3,Mujer,2
Quintana Roo,1995,Abril,4,Hombre,1
Quintana Roo,1995,Abril,4,Mujer,1
Quintana Roo,1995,Mayo,5,Hombre,2
Quintana Roo,1995,Mayo,5,Mujer,1
Quintana Roo,1995,Junio,6,Hombre,10
Quintana Roo,1995,Julio,7,Hombre,5
Quintana Roo,1995,Julio,7,Mujer,1
Quintana Roo,1995,Agosto,8,Hombre,8
Quintana Roo,1995,Agosto,8,Mujer,1
Quintana Roo,1995,Septiembre,9,Hombre,6
Quintana Roo,1995,Septiembre,9,Mujer,2
Quintana Roo,1995,Octubre,10,Hombre,5
Quintana Roo,1995,Noviembre,11,Hombre,2
Quintana Roo,1995,Diciembre,12,Hombre,4
Quintana Roo,1995,Diciembre,12,Mujer,1
Quintana Roo,1996,Enero,1,Hombre,8
Quintana Roo,1996,Enero,1,Mujer,1
Quintana Roo,1996,Febrero,2,Hombre,2
Quintana Roo,1996,Marzo,3,Hombre,4
Quintana Roo,1996,Marzo,3,Mujer,1
Quintana Roo,1996,Abril,4,Hombre,3
Quintana Roo,1996,Mayo,5,Hombre,1
Quintana Roo,1996,Mayo,5,Mujer,1
Quintana Roo,1996,Junio,6,Hombre,7
Quintana Roo,1996,Junio,6,Mujer,2
Quintana Roo,1996,Julio,7,Hombre,6
Quintana Roo,1996,Agosto,8,Hombre,4
Quintana Roo,1996,Agosto,8,Mujer,1
Quintana Roo,1996,Septiembre,9,Hombre,4
Quintana Roo,1996,Octubre,10,Hombre,5
Quintana Roo,1996,Noviembre,11,Hombre,5
Quintana Roo,1996,Noviembre,11,Mujer,1
Quintana Roo,1996,Diciembre,12,Hombre,5
Quintana Roo,1997,Enero,1,Hombre,5
Quintana Roo,1997,Enero,1,Mujer,2
Quintana Roo,1997,Febrero,2,Hombre,8
Quintana Roo,1997,Febrero,2,Mujer,2
Quintana Roo,1997,Marzo,3,Hombre,6
Quintana Roo,1997,Abril,4,Hombre,2
Quintana Roo,1997,Abril,4,Mujer,2
Quintana Roo,1997,Mayo,5,Hombre,2
Quintana Roo,1997,Junio,6,Hombre,7
Quintana Roo,1997,Junio,6,Mujer,1
Quintana Roo,1997,Julio,7,Hombre,5
Quintana Roo,1997,Agosto,8,Hombre,10
Quintana Roo,1997,Agosto,8,Mujer,1
Quintana Roo,1997,Septiembre,9,Hombre,4
Quintana Roo,1997,Septiembre,9,Mujer,1
Quintana Roo,1997,Octubre,10,Hombre,4
Quintana Roo,1997,Octubre,10,Mujer,1
Quintana Roo,1997,Noviembre,11,Hombre,5
Quintana Roo,1997,Diciembre,12,Hombre,13
Quintana Roo,1997,Diciembre,12,Mujer,1
Quintana Roo,1998,Enero,1,Hombre,5
Quintana Roo,1998,Enero,1,Mujer,1
Quintana Roo,1998,Febrero,2,Hombre,6
Quintana Roo,1998,Marzo,3,Hombre,2
Quintana Roo,1998,Marzo,3,Mujer,2
Quintana Roo,1998,Abril,4,Hombre,9
Quintana Roo,1998,Mayo,5,Hombre,8
Quintana Roo,1998,Mayo,5,Mujer,1
Quintana Roo,1998,Junio,6,Hombre,7
Quintana Roo,1998,Junio,6,Mujer,2
Quintana Roo,1998,Julio,7,Hombre,3
Quintana Roo,1998,Julio,7,Mujer,2
Quintana Roo,1998,Agosto,8,Hombre,7
Quintana Roo,1998,Septiembre,9,Hombre,5
Quintana Roo,1998,Septiembre,9,Mujer,1
Quintana Roo,1998,Octubre,10,Hombre,4
Quintana Roo,1998,Octubre,10,Mujer,1
Quintana Roo,1998,Noviembre,11,Hombre,2
Quintana Roo,1998,Noviembre,11,Mujer,1
Quintana Roo,1998,Diciembre,12,Hombre,2
Quintana Roo,1998,Diciembre,12,Mujer,2
Quintana Roo,1999,Enero,1,Hombre,2
Quintana Roo,1999,Febrero,2,Hombre,3
Quintana Roo,1999,Febrero,2,Mujer,1
Quintana Roo,1999,Marzo,3,Hombre,6
Quintana Roo,1999,Marzo,3,Mujer,1
Quintana Roo,1999,Abril,4,Hombre,5
Quintana Roo,1999,Mayo,5,Hombre,8
Quintana Roo,1999,Mayo,5,Mujer,1
Quintana Roo,1999,Junio,6,Hombre,5
Quintana Roo,1999,Junio,6,Mujer,1
Quintana Roo,1999,Julio,7,Hombre,7
Quintana Roo,1999,Julio,7,Mujer,1
Quintana Roo,1999,Agosto,8,Hombre,9
Quintana Roo,1999,Agosto,8,Mujer,1
Quintana Roo,1999,Septiembre,9,Hombre,4
Quintana Roo,1999,Septiembre,9,Mujer,1
Quintana Roo,1999,Octubre,10,Hombre,7
Quintana Roo,1999,Octubre,10,Mujer,3
Quintana Roo,1999,Noviembre,11,Hombre,7
Quintana Roo,1999,Noviembre,11,Mujer,1
Quintana Roo,1999,Diciembre,12,Hombre,6
Quintana Roo,1999,Diciembre,12,Mujer,3
Quintana Roo,2000,Enero,1,Hombre,3
Quintana Roo,2000,Febrero,2,Hombre,8
Quintana Roo,2000,Febrero,2,Mujer,1
Quintana Roo,2000,Marzo,3,Hombre,7
Quintana Roo,2000,Marzo,3,Mujer,1
Quintana Roo,2000,Abril,4,Hombre,2
Quintana Roo,2000,Abril,4,Mujer,1
Quintana Roo,2000,Mayo,5,Hombre,5
Quintana Roo,2000,Mayo,5,Mujer,1
Quintana Roo,2000,Junio,6,Hombre,4
Quintana Roo,2000,Junio,6,Mujer,1
Quintana Roo,2000,Julio,7,Hombre,9
Quintana Roo,2000,Agosto,8,Hombre,4
Quintana Roo,2000,Agosto,8,Mujer,1
Quintana Roo,2000,Septiembre,9,Hombre,4
Quintana Roo,2000,Octubre,10,Hombre,4
Quintana Roo,2000,Octubre,10,Mujer,1
Quintana Roo,2000,Noviembre,11,Hombre,7
Quintana Roo,2000,Noviembre,11,Mujer,1
Quintana Roo,2000,Diciembre,12,Hombre,5
Quintana Roo,2001,Enero,1,Hombre,6
Quintana Roo,2001,Febrero,2,Hombre,2
Quintana Roo,2001,Febrero,2,Mujer,1
Quintana Roo,2001,Marzo,3,Hombre,6
Quintana Roo,2001,Abril,4,Hombre,7
Quintana Roo,2001,Abril,4,Mujer,5
Quintana Roo,2001,Mayo,5,Hombre,6
Quintana Roo,2001,Junio,6,Hombre,10
Quintana Roo,2001,Junio,6,Mujer,2
Quintana Roo,2001,Julio,7,Hombre,7
Quintana Roo,2001,Julio,7,Mujer,1
Quintana Roo,2001,Agosto,8,Hombre,4
Quintana Roo,2001,Agosto,8,Mujer,2
Quintana Roo,2001,Septiembre,9,Hombre,5
Quintana Roo,2001,Septiembre,9,Mujer,1
Quintana Roo,2001,Octubre,10,Hombre,9
Quintana Roo,2001,Octubre,10,Mujer,1
Quintana Roo,2001,Noviembre,11,Hombre,8
Quintana Roo,2001,Diciembre,12,Hombre,7
Quintana Roo,2001,Diciembre,12,Mujer,4
Quintana Roo,2002,Enero,1,Hombre,12
Quintana Roo,2002,Enero,1,Mujer,2
Quintana Roo,2002,Febrero,2,Hombre,5
Quintana Roo,2002,Febrero,2,Mujer,1
Quintana Roo,2002,Marzo,3,Hombre,1
Quintana Roo,2002,Marzo,3,Mujer,1
Quintana Roo,2002,Abril,4,Hombre,8
Quintana Roo,2002,Mayo,5,Hombre,6
Quintana Roo,2002,Mayo,5,Mujer,1
Quintana Roo,2002,Junio,6,Hombre,5
Quintana Roo,2002,Junio,6,Mujer,1
Quintana Roo,2002,Julio,7,Mujer,2
Quintana Roo,2002,Agosto,8,Hombre,2
Quintana Roo,2002,Agosto,8,Mujer,1
Quintana Roo,2002,Septiembre,9,Hombre,3
Quintana Roo,2002,Septiembre,9,Mujer,3
Quintana Roo,2002,Octubre,10,Hombre,1
Quintana Roo,2002,Noviembre,11,Hombre,4
Quintana Roo,2002,Noviembre,11,Mujer,3
Quintana Roo,2002,Diciembre,12,Hombre,5
Quintana Roo,2003,Enero,1,Hombre,7
Quintana Roo,2003,Enero,1,Mujer,1
Quintana Roo,2003,Febrero,2,Mujer,1
Quintana Roo,2003,Marzo,3,Hombre,10
Quintana Roo,2003,Marzo,3,Mujer,4
Quintana Roo,2003,Abril,4,Hombre,4
Quintana Roo,2003,Mayo,5,Hombre,8
Quintana Roo,2003,Mayo,5,Mujer,2
Quintana Roo,2003,Junio,6,Hombre,9
Quintana Roo,2003,Junio,6,Mujer,2
Quintana Roo,2003,Julio,7,Hombre,8
Quintana Roo,2003,Julio,7,Mujer,1
Quintana Roo,2003,Agosto,8,Hombre,13
Quintana Roo,2003,Agosto,8,Mujer,6
Quintana Roo,2003,Septiembre,9,Hombre,11
Quintana Roo,2003,Septiembre,9,Mujer,1
Quintana Roo,2003,Octubre,10,Hombre,9
Quintana Roo,2003,Octubre,10,Mujer,4
Quintana Roo,2003,Noviembre,11,Hombre,13
Quintana Roo,2003,Diciembre,12,Hombre,5
Quintana Roo,2003,Diciembre,12,Mujer,2
Quintana Roo,2004,Enero,1,Hombre,3
Quintana Roo,2004,Enero,1,Mujer,2
Quintana Roo,2004,Febrero,2,Hombre,9
Quintana Roo,2004,Febrero,2,Mujer,3
Quintana Roo,2004,Marzo,3,Hombre,11
Quintana Roo,2004,Marzo,3,Mujer,2
Quintana Roo,2004,Abril,4,Hombre,5
Quintana Roo,2004,Abril,4,Mujer,3
Quintana Roo,2004,Mayo,5,Hombre,16
Quintana Roo,2004,Mayo,5,Mujer,1
Quintana Roo,2004,Junio,6,Hombre,11
Quintana Roo,2004,Junio,6,Mujer,6
Quintana Roo,2004,Julio,7,Hombre,8
Quintana Roo,2004,Julio,7,Mujer,2
Quintana Roo,2004,Agosto,8,Hombre,6
Quintana Roo,2004,Agosto,8,Mujer,1
Quintana Roo,2004,Septiembre,9,Hombre,14
Quintana Roo,2004,Octubre,10,Hombre,3
Quintana Roo,2004,Octubre,10,Mujer,1
Quintana Roo,2004,Noviembre,11,Hombre,18
Quintana Roo,2004,Diciembre,12,Hombre,7
Quintana Roo,2004,Diciembre,12,Mujer,1
Quintana Roo,2005,Enero,1,Hombre,5
Quintana Roo,2005,Enero,1,Mujer,4
Quintana Roo,2005,Febrero,2,Hombre,4
Quintana Roo,2005,Febrero,2,Mujer,1
Quintana Roo,2005,Marzo,3,Hombre,2
Quintana Roo,2005,Marzo,3,Mujer,1
Quintana Roo,2005,Abril,4,Hombre,2
Quintana Roo,2005,Mayo,5,Hombre,6
Quintana Roo,2005,Mayo,5,Mujer,2
Quintana Roo,2005,Junio,6,Hombre,1
Quintana Roo,2005,Julio,7,Hombre,4
Quintana Roo,2005,Julio,7,Mujer,1
Quintana Roo,2005,Agosto,8,Hombre,4
Quintana Roo,2005,Agosto,8,Mujer,2
Quintana Roo,2005,Septiembre,9,Hombre,10
Quintana Roo,2005,Octubre,10,Hombre,6
Quintana Roo,2005,Octubre,10,Mujer,3
Quintana Roo,2005,Noviembre,11,Hombre,3
Quintana Roo,2005,Diciembre,12,Hombre,7
Quintana Roo,2005,Diciembre,12,Mujer,2
Quintana Roo,2006,Enero,1,Mujer,2
Quintana Roo,2006,Febrero,2,Hombre,5
Quintana Roo,2006,Febrero,2,Mujer,3
Quintana Roo,2006,Marzo,3,Hombre,1
Quintana Roo,2006,Mayo,5,Hombre,3
Quintana Roo,2006,Junio,6,Hombre,7
Quintana Roo,2006,Junio,6,Mujer,1
Quintana Roo,2006,Julio,7,Hombre,6
Quintana Roo,2006,Julio,7,Mujer,2
Quintana Roo,2006,Agosto,8,Hombre,7
Quintana Roo,2006,Agosto,8,Mujer,2
Quintana Roo,2006,Septiembre,9,Hombre,4
Quintana Roo,2006,Septiembre,9,Mujer,1
Quintana Roo,2006,Octubre,10,Hombre,4
Quintana Roo,2006,Noviembre,11,Hombre,7
Quintana Roo,2006,Diciembre,12,Hombre,9
Quintana Roo,2006,Diciembre,12,Mujer,1
Quintana Roo,2007,Enero,1,Hombre,5
Quintana Roo,2007,Febrero,2,Hombre,6
Quintana Roo,2007,Febrero,2,Mujer,1
Quintana Roo,2007,Marzo,3,Hombre,15
Quintana Roo,2007,Marzo,3,Mujer,1
Quintana Roo,2007,Abril,4,Hombre,6
Quintana Roo,2007,Abril,4,Mujer,2
Quintana Roo,2007,Mayo,5,Hombre,9
Quintana Roo,2007,Mayo,5,Mujer,1
Quintana Roo,2007,Junio,6,Hombre,2
Quintana Roo,2007,Junio,6,Mujer,2
Quintana Roo,2007,Julio,7,Hombre,7
Quintana Roo,2007,Julio,7,Mujer,3
Quintana Roo,2007,Agosto,8,Hombre,9
Quintana Roo,2007,Agosto,8,Mujer,1
Quintana Roo,2007,Septiembre,9,Hombre,15
Quintana Roo,2007,Septiembre,9,Mujer,2
Quintana Roo,2007,Octubre,10,Hombre,4
Quintana Roo,2007,Octubre,10,Mujer,2
Quintana Roo,2007,Noviembre,11,Hombre,9
Quintana Roo,2007,Noviembre,11,Mujer,2
Quintana Roo,2007,Diciembre,12,Hombre,12
Quintana Roo,2007,Diciembre,12,Mujer,3
Quintana Roo,2008,Enero,1,Hombre,10
Quintana Roo,2008,Enero,1,Mujer,1
Quintana Roo,2008,Febrero,2,Hombre,7
Quintana Roo,2008,Marzo,3,Hombre,13
Quintana Roo,2008,Marzo,3,Mujer,3
Quintana Roo,2008,Abril,4,Hombre,7
Quintana Roo,2008,Mayo,5,Hombre,8
Quintana Roo,2008,Mayo,5,Mujer,4
Quintana Roo,2008,Junio,6,Hombre,7
Quintana Roo,2008,Julio,7,Hombre,9
Quintana Roo,2008,Julio,7,Mujer,1
Quintana Roo,2008,Agosto,8,Hombre,22
Quintana Roo,2008,Agosto,8,Mujer,1
Quintana Roo,2008,Septiembre,9,Hombre,9
Quintana Roo,2008,Septiembre,9,Mujer,2
Quintana Roo,2008,Octubre,10,Hombre,10
Quintana Roo,2008,Octubre,10,Mujer,3
Quintana Roo,2008,Noviembre,11,Hombre,7
Quintana Roo,2008,Noviembre,11,Mujer,4
Quintana Roo,2008,Diciembre,12,Hombre,10
Quintana Roo,2008,Diciembre,12,Mujer,1
Quintana Roo,2009,Enero,1,Hombre,3
Quintana Roo,2009,Febrero,2,Hombre,10
Quintana Roo,2009,Marzo,3,Hombre,4
Quintana Roo,2009,Marzo,3,Mujer,1
Quintana Roo,2009,Abril,4,Hombre,10
Quintana Roo,2009,Mayo,5,Hombre,4
Quintana Roo,2009,Junio,6,Hombre,17
Quintana Roo,2009,Julio,7,Hombre,9
Quintana Roo,2009,Julio,7,Mujer,2
Quintana Roo,2009,Agosto,8,Hombre,17
Quintana Roo,2009,Septiembre,9,Hombre,12
Quintana Roo,2009,Septiembre,9,Mujer,4
Quintana Roo,2009,Octubre,10,Hombre,12
Quintana Roo,2009,Octubre,10,Mujer,3
Quintana Roo,2009,Noviembre,11,Hombre,8
Quintana Roo,2009,Diciembre,12,Hombre,11
Quintana Roo,2009,Diciembre,12,Mujer,2
Quintana Roo,2010,Enero,1,Hombre,3
Quintana Roo,2010,Enero,1,Mujer,1
Quintana Roo,2010,Febrero,2,Hombre,2
Quintana Roo,2010,Marzo,3,Hombre,12
Quintana Roo,2010,Marzo,3,Mujer,4
Quintana Roo,2010,Abril,4,Hombre,9
Quintana Roo,2010,Abril,4,Mujer,3
Quintana Roo,2010,Mayo,5,Hombre,11
Quintana Roo,2010,Junio,6,Hombre,15
Quintana Roo,2010,Junio,6,Mujer,3
Quintana Roo,2010,Julio,7,Hombre,12
Quintana Roo,2010,Julio,7,Mujer,3
Quintana Roo,2010,Agosto,8,Hombre,9
Quintana Roo,2010,Agosto,8,Mujer,2
Quintana Roo,2010,Septiembre,9,Hombre,5
Quintana Roo,2010,Septiembre,9,Mujer,6
Quintana Roo,2010,Octubre,10,Hombre,8
Quintana Roo,2010,Octubre,10,Mujer,2
Quintana Roo,2010,Noviembre,11,Hombre,10
Quintana Roo,2010,Noviembre,11,Mujer,3
Quintana Roo,2010,Diciembre,12,Hombre,14
Quintana Roo,2010,Diciembre,12,Mujer,2
Quintana Roo,2011,Enero,1,Hombre,10
Quintana Roo,2011,Febrero,2,Hombre,6
Quintana Roo,2011,Febrero,2,Mujer,2
Quintana Roo,2011,Marzo,3,Hombre,12
Quintana Roo,2011,Marzo,3,Mujer,3
Quintana Roo,2011,Abril,4,Hombre,8
Quintana Roo,2011,Abril,4,Mujer,2
Quintana Roo,2011,Mayo,5,Hombre,14
Quintana Roo,2011,Mayo,5,Mujer,1
Quintana Roo,2011,Junio,6,Hombre,5
Quintana Roo,2011,Junio,6,Mujer,1
Quintana Roo,2011,Julio,7,Hombre,9
Quintana Roo,2011,Julio,7,Mujer,1
Quintana Roo,2011,Agosto,8,Hombre,10
Quintana Roo,2011,Agosto,8,Mujer,4
Quintana Roo,2011,Septiembre,9,Hombre,12
Quintana Roo,2011,Septiembre,9,Mujer,4
Quintana Roo,2011,Octubre,10,Hombre,10
Quintana Roo,2011,Octubre,10,Mujer,3
Quintana Roo,2011,Noviembre,11,Hombre,21
Quintana Roo,2011,Noviembre,11,Mujer,1
Quintana Roo,2011,Diciembre,12,Hombre,11
Quintana Roo,2011,Diciembre,12,Mujer,1
Quintana Roo,2012,Enero,1,Hombre,16
Quintana Roo,2012,Enero,1,Mujer,3
Quintana Roo,2012,Febrero,2,Hombre,5
Quintana Roo,2012,Febrero,2,Mujer,2
Quintana Roo,2012,Marzo,3,Hombre,12
Quintana Roo,2012,Marzo,3,Mujer,4
Quintana Roo,2012,Abril,4,Hombre,13
Quintana Roo,2012,Abril,4,Mujer,4
Quintana Roo,2012,Mayo,5,Hombre,15
Quintana Roo,2012,Mayo,5,Mujer,5
Quintana Roo,2012,Junio,6,Hombre,13
Quintana Roo,2012,Junio,6,Mujer,2
Quintana Roo,2012,Julio,7,Hombre,6
Quintana Roo,2012,Agosto,8,Hombre,6
Quintana Roo,2012,Septiembre,9,Hombre,6
Quintana Roo,2012,Septiembre,9,Mujer,3
Quintana Roo,2012,Octubre,10,Hombre,15
Quintana Roo,2012,Octubre,10,Mujer,3
Quintana Roo,2012,Noviembre,11,Hombre,10
Quintana Roo,2012,Noviembre,11,Mujer,2
Quintana Roo,2012,Diciembre,12,Hombre,6
Quintana Roo,2012,Diciembre,12,Mujer,1
Quintana Roo,2013,Enero,1,Hombre,10
Quintana Roo,2013,Enero,1,Mujer,1
Quintana Roo,2013,Febrero,2,Hombre,6
Quintana Roo,2013,Febrero,2,Mujer,1
Quintana Roo,2013,Marzo,3,Hombre,20
Quintana Roo,2013,Marzo,3,Mujer,1
Quintana Roo,2013,Abril,4,Hombre,18
Quintana Roo,2013,Abril,4,Mujer,4
Quintana Roo,2013,Mayo,5,Hombre,8
Quintana Roo,2013,Mayo,5,Mujer,4
Quintana Roo,2013,Junio,6,Hombre,5
Quintana Roo,2013,Junio,6,Mujer,2
Quintana Roo,2013,Julio,7,Hombre,14
Quintana Roo,2013,Julio,7,Mujer,5
Quintana Roo,2013,Agosto,8,Hombre,13
Quintana Roo,2013,Agosto,8,Mujer,2
Quintana Roo,2013,Septiembre,9,Hombre,16
Quintana Roo,2013,Septiembre,9,Mujer,2
Quintana Roo,2013,Octubre,10,Hombre,5
Quintana Roo,2013,Octubre,10,Mujer,1
Quintana Roo,2013,Noviembre,11,Hombre,8
Quintana Roo,2013,Noviembre,11,Mujer,2
Quintana Roo,2013,Diciembre,12,Hombre,10
Quintana Roo,2013,Diciembre,12,Mujer,2
Quintana Roo,2014,Enero,1,Hombre,10
Quintana Roo,2014,Febrero,2,Hombre,4
Quintana Roo,2014,Febrero,2,Mujer,3
Quintana Roo,2014,Marzo,3,Hombre,10
Quintana Roo,2014,Abril,4,Hombre,9
Quintana Roo,2014,Abril,4,Mujer,1
Quintana Roo,2014,Mayo,5,Hombre,12
Quintana Roo,2014,Junio,6,Hombre,7
Quintana Roo,2014,Junio,6,Mujer,3
Quintana Roo,2014,Julio,7,Hombre,6
Quintana Roo,2014,Agosto,8,Hombre,6
Quintana Roo,2014,Agosto,8,Mujer,2
Quintana Roo,2014,Septiembre,9,Hombre,6
Quintana Roo,2014,Septiembre,9,Mujer,6
Quintana Roo,2014,Octubre,10,Hombre,10
Quintana Roo,2014,Octubre,10,Mujer,3
Quintana Roo,2014,Noviembre,11,Hombre,7
Quintana Roo,2014,Noviembre,11,Mujer,3
Quintana Roo,2014,Diciembre,12,Hombre,13
Quintana Roo,2014,Diciembre,12,Mujer,1
Quintana Roo,2015,Enero,1,Hombre,6
Quintana Roo,2015,Enero,1,Mujer,1
Quintana Roo,2015,Febrero,2,Hombre,5
Quintana Roo,2015,Febrero,2,Mujer,1
Quintana Roo,2015,Marzo,3,Hombre,8
Quintana Roo,2015,Abril,4,Hombre,11
Quintana Roo,2015,Abril,4,Mujer,1
Quintana Roo,2015,Mayo,5,Hombre,8
Quintana Roo,2015,Mayo,5,Mujer,1
Quintana Roo,2015,Junio,6,Hombre,16
Quintana Roo,2015,Junio,6,Mujer,2
Quintana Roo,2015,Julio,7,Hombre,11
Quintana Roo,2015,Julio,7,Mujer,1
Quintana Roo,2015,Agosto,8,Hombre,9
Quintana Roo,2015,Agosto,8,Mujer,2
Quintana Roo,2015,Septiembre,9,Hombre,9
Quintana Roo,2015,Septiembre,9,Mujer,1
Quintana Roo,2015,Octubre,10,Hombre,14
Quintana Roo,2015,Octubre,10,Mujer,2
Quintana Roo,2015,Noviembre,11,Hombre,13
Quintana Roo,2015,Noviembre,11,Mujer,6
Quintana Roo,2015,Diciembre,12,Hombre,10
Quintana Roo,2015,Diciembre,12,Mujer,2
Quintana Roo,2016,Enero,1,Hombre,5
Quintana Roo,2016,Enero,1,Mujer,2
Quintana Roo,2016,Febrero,2,Hombre,5
Quintana Roo,2016,Febrero,2,Mujer,2
Quintana Roo,2016,Marzo,3,Hombre,8
Quintana Roo,2016,Marzo,3,Mujer,3
Quintana Roo,2016,Abril,4,Hombre,17
Quintana Roo,2016,Abril,4,Mujer,2
Quintana Roo,2016,Mayo,5,Hombre,14
Quintana Roo,2016,Mayo,5,Mujer,4
Quintana Roo,2016,Junio,6,Hombre,13
Quintana Roo,2016,Junio,6,Mujer,2
Quintana Roo,2016,Julio,7,Hombre,15
Quintana Roo,2016,Julio,7,Mujer,4
Quintana Roo,2016,Agosto,8,Hombre,18
Quintana Roo,2016,Agosto,8,Mujer,2
Quintana Roo,2016,Septiembre,9,Hombre,19
Quintana Roo,2016,Septiembre,9,Mujer,3
Quintana Roo,2016,Octubre,10,Hombre,23
Quintana Roo,2016,Octubre,10,Mujer,3
Quintana Roo,2016,Noviembre,11,Hombre,17
Quintana Roo,2016,Diciembre,12,Hombre,7
Quintana Roo,2016,Diciembre,12,Mujer,2
Quintana Roo,2017,Enero,1,Hombre,20
Quintana Roo,2017,Enero,1,Mujer,2
Quintana Roo,2017,Febrero,2,Hombre,17
Quintana Roo,2017,Febrero,2,Mujer,3
Quintana Roo,2017,Marzo,3,Hombre,21
Quintana Roo,2017,Marzo,3,Mujer,3
Quintana Roo,2017,Abril,4,Hombre,29
Quintana Roo,2017,Abril,4,Mujer,6
Quintana Roo,2017,Mayo,5,Hombre,23
Quintana Roo,2017,Mayo,5,Mujer,6
Quintana Roo,2017,Junio,6,Hombre,39
Quintana Roo,2017,Junio,6,Mujer,5
Quintana Roo,2017,Julio,7,Hombre,41
Quintana Roo,2017,Julio,7,Mujer,3
Quintana Roo,2017,Agosto,8,Hombre,45
Quintana Roo,2017,Agosto,8,Mujer,3
Quintana Roo,2017,Septiembre,9,Hombre,42
Quintana Roo,2017,Septiembre,9,Mujer,1
Quintana Roo,2017,Octubre,10,Hombre,45
Quintana Roo,2017,Octubre,10,Mujer,6
Quintana Roo,2017,Noviembre,11,Hombre,39
Quintana Roo,2017,Noviembre,11,Mujer,4
Quintana Roo,2017,Diciembre,12,Hombre,38
Quintana Roo,2017,Diciembre,12,Mujer,6
Quintana Roo,2018,Enero,1,Hombre,41
Quintana Roo,2018,Enero,1,Mujer,5
Quintana Roo,2018,Febrero,2,Hombre,43
Quintana Roo,2018,Febrero,2,Mujer,6
Quintana Roo,2018,Marzo,3,Hombre,45
Quintana Roo,2018,Marzo,3,Mujer,7
Quintana Roo,2018,Abril,4,Hombre,61
Quintana Roo,2018,Abril,4,Mujer,14
Quintana Roo,2018,Mayo,5,Hombre,73
Quintana Roo,2018,Mayo,5,Mujer,8
Quintana Roo,2018,Junio,6,Hombre,60
Quintana Roo,2018,Junio,6,Mujer,11
Quintana Roo,2018,Julio,7,Hombre,79
Quintana Roo,2018,Julio,7,Mujer,9
Quintana Roo,2018,Agosto,8,Hombre,79
Quintana Roo,2018,Agosto,8,Mujer,11
Quintana Roo,2018,Septiembre,9,Hombre,78
Quintana Roo,2018,Septiembre,9,Mujer,6
Quintana Roo,2018,Octubre,10,Hombre,72
Quintana Roo,2018,Octubre,10,Mujer,5
Quintana Roo,2018,Noviembre,11,Hombre,59
Quintana Roo,2018,Noviembre,11,Mujer,2
Quintana Roo,2018,Diciembre,12,Hombre,46
Quintana Roo,2018,Diciembre,12,Mujer,7
Quintana Roo,2019,Enero,1,Hombre,59
Quintana Roo,2019,Enero,1,Mujer,4
Quintana Roo,2019,Febrero,2,Hombre,66
Quintana Roo,2019,Febrero,2,Mujer,7
Quintana Roo,2019,Marzo,3,Hombre,65
Quintana Roo,2019,Marzo,3,Mujer,7
Quintana Roo,2019,Abril,4,Hombre,73
Quintana Roo,2019,Abril,4,Mujer,9
Quintana Roo,2019,Mayo,5,Hombre,38
Quintana Roo,2019,Mayo,5,Mujer,4
Quintana Roo,2019,Junio,6,Hombre,45
Quintana Roo,2019,Junio,6,Mujer,3
Quintana Roo,2019,Julio,7,Hombre,57
Quintana Roo,2019,Julio,7,Mujer,4
Quintana Roo,2019,Agosto,8,Hombre,58
Quintana Roo,2019,Agosto,8,Mujer,6
Quintana Roo,2019,Septiembre,9,Hombre,54
Quintana Roo,2019,Septiembre,9,Mujer,8
Quintana Roo,2019,Octubre,10,Hombre,61
Quintana Roo,2019,Octubre,10,Mujer,6
Quintana Roo,2019,Noviembre,11,Hombre,34
Quintana Roo,2019,Noviembre,11,Mujer,8
Quintana Roo,2019,Diciembre,12,Hombre,64
Quintana Roo,2019,Diciembre,12,Mujer,8
Quintana Roo,2020,Enero,1,Hombre,47
Quintana Roo,2020,Enero,1,Mujer,7
Quintana Roo,2020,Febrero,2,Hombre,63
Quintana Roo,2020,Febrero,2,Mujer,6
Quintana Roo,2020,Marzo,3,Hombre,65
Quintana Roo,2020,Marzo,3,Mujer,6
Quintana Roo,2020,Abril,4,Hombre,45
Quintana Roo,2020,Abril,4,Mujer,6
Quintana Roo,2020,Mayo,5,Hombre,44
Quintana Roo,2020,Mayo,5,Mujer,4
Quintana Roo,2020,Junio,6,Hombre,35
Quintana Roo,2020,Junio,6,Mujer,6
Quintana Roo,2020,Julio,7,Hombre,36
Quintana Roo,2020,Julio,7,Mujer,3
Quintana Roo,2020,Agosto,8,Hombre,49
Quintana Roo,2020,Agosto,8,Mujer,6
Quintana Roo,2020,Septiembre,9,Hombre,47
Quintana Roo,2020,Septiembre,9,Mujer,6
Quintana Roo,2020,Octubre,10,Hombre,51
Quintana Roo,2020,Octubre,10,Mujer,5
Quintana Roo,2020,Noviembre,11,Hombre,39
Quintana Roo,2020,Noviembre,11,Mujer,8
Quintana Roo,2020,Diciembre,12,Hombre,37
Quintana Roo,2020,Diciembre,12,Mujer,5
Quintana Roo,2021,Enero,1,Hombre,20
Quintana Roo,2021,Enero,1,Mujer,5
Quintana Roo,2021,Febrero,2,Hombre,49
Quintana Roo,2021,Febrero,2,Mujer,3
Quintana Roo,2021,Marzo,3,Hombre,46
Quintana Roo,2021,Marzo,3,Mujer,6
Quintana Roo,2021,Abril,4,Hombre,71
Quintana Roo,2021,Abril,4,Mujer,9
Quintana Roo,2021,Mayo,5,Hombre,58
Quintana Roo,2021,Mayo,5,Mujer,7
Quintana Roo,2021,Junio,6,Hombre,51
Quintana Roo,2021,Junio,6,Mujer,6
Quintana Roo,2021,Julio,7,Hombre,45
Quintana Roo,2021,Julio,7,Mujer,5
Quintana Roo,2021,Agosto,8,Hombre,57
Quintana Roo,2021,Agosto,8,Mujer,4
Quintana Roo,2021,Septiembre,9,Hombre,59
Quintana Roo,2021,Septiembre,9,Mujer,4
Quintana Roo,2021,Octubre,10,Hombre,57
Quintana Roo,2021,Octubre,10,Mujer,7
Quintana Roo,2021,Noviembre,11,Hombre,47
Quintana Roo,2021,Noviembre,11,Mujer,8
Quintana Roo,2021,Diciembre,12,Hombre,40
Quintana Roo,2021,Diciembre,12,Mujer,11
Quintana Roo,2022,Enero,1,Hombre,25
Quintana Roo,2022,Enero,1,Mujer,3
Quintana Roo,2022,Febrero,2,Hombre,31
Quintana Roo,2022,Febrero,2,Mujer,4
Quintana Roo,2022,Marzo,3,Hombre,59
Quintana Roo,2022,Marzo,3,Mujer,2
Quintana Roo,2022,Abril,4,Hombre,45
Quintana Roo,2022,Abril,4,Mujer,4
Quintana Roo,2022,Mayo,5,Hombre,51
Quintana Roo,2022,Mayo,5,Mujer,4
Quintana Roo,2022,Junio,6,Hombre,51
Quintana Roo,2022,Junio,6,Mujer,4
Quintana Roo,2022,Julio,7,Hombre,43
Quintana Roo,2022,Julio,7,Mujer,12
Quintana Roo,2022,Agosto,8,Hombre,51
Quintana Roo,2022,Agosto,8,Mujer,5
Quintana Roo,2022,Septiembre,9,Hombre,64
Quintana Roo,2022,Septiembre,9,Mujer,7
Quintana Roo,2022,Octubre,10,Hombre,55
Quintana Roo,2022,Octubre,10,Mujer,5
Quintana Roo,2022,Noviembre,11,Hombre,60
Quintana Roo,2022,Noviembre,11,Mujer,4
Quintana Roo,2022,Diciembre,12,Hombre,47
Quintana Roo,2022,Diciembre,12,Mujer,7
Quintana Roo,2023,Enero,1,Hombre,42
Quintana Roo,2023,Enero,1,Mujer,5
Quintana Roo,2023,Febrero,2,Hombre,46
Quintana Roo,2023,Febrero,2,Mujer,4
Quintana Roo,2023,Marzo,3,Hombre,44
Quintana Roo,2023,Marzo,3,Mujer,5
Quintana Roo,2023,Abril,4,Hombre,68
Quintana Roo,2023,Abril,4,Mujer,7
Quintana Roo,2023,Mayo,5,Hombre,62
Quintana Roo,2023,Mayo,5,Mujer,8
Quintana Roo,2023,Junio,6,Hombre,68
Quintana Roo,2023,Junio,6,Mujer,7
Quintana Roo,2023,Julio,7,Hombre,48
Quintana Roo,2023,Julio,7,Mujer,4
Quintana Roo,2023,Agosto,8,Hombre,43
Quintana Roo,2023,Agosto,8,Mujer,8
Quintana Roo,2023,Septiembre,9,Hombre,56
Quintana Roo,2023,Septiembre,9,Mujer,3
Quintana Roo,2023,Octubre,10,Hombre,50
Quintana Roo,2023,Octubre,10,Mujer,8
Quintana Roo,2023,Noviembre,11,Hombre,56
Quintana Roo,2023,Noviembre,11,Mujer,3
Quintana Roo,2023,Diciembre,12,Hombre,58
Quintana Roo,2023,Diciembre,12,Mujer,7
Quintana Roo,2024,Enero,1,Hombre,43
Quintana Roo,2024,Enero,1,Mujer,5
Quintana Roo,2024,Febrero,2,Hombre,36
Quintana Roo,2024,Febrero,2,Mujer,10
Quintana Roo,2024,Marzo,3,Hombre,46
Quintana Roo,2024,Marzo,3,Mujer,7
Quintana Roo,2024,Abril,4,Hombre,52
Quintana Roo,2024,Abril,4,Mujer,5
Quintana Roo,2024,Mayo,5,Hombre,56
Quintana Roo,2024,Mayo,5,Mujer,10
Quintana Roo,2024,Junio,6,Hombre,45
Quintana Roo,2024,Junio,6,Mujer,4
Quintana Roo,2024,Julio,7,Hombre,52
Quintana Roo,2024,Julio,7,Mujer,5
Quintana Roo,2024,Agosto,8,Hombre,52
Quintana Roo,2024,Agosto,8,Mujer,2
Quintana Roo,2024,Septiembre,9,Hombre,50
Quintana Roo,2024,Septiembre,9,Mujer,4
Quintana Roo,2024,Octubre,10,Hombre,41
Quintana Roo,2024,Octubre,10,Mujer,6
Quintana Roo,2024,Noviembre,11,Hombre,28
Quintana Roo,2024,Noviembre,11,Mujer,3
Quintana Roo,2024,Diciembre,12,Hombre,46
Quintana Roo,2024,Diciembre,12,Mujer,9
San Luis Potos�,1990,Enero,1,Hombre,23
San Luis Potos�,1990,Febrero,2,Hombre,18
San Luis Potos�,1990,Marzo,3,Hombre,24
San Luis Potos�,1990,Marzo,3,Mujer,2
San Luis Potos�,1990,Abril,4,Hombre,9
San Luis Potos�,1990,Abril,4,Mujer,1
San Luis Potos�,1990,Mayo,5,Hombre,16
San Luis Potos�,1990,Mayo,5,Mujer,1
San Luis Potos�,1990,Junio,6,Hombre,16
San Luis Potos�,1990,Julio,7,Hombre,15
San Luis Potos�,1990,Julio,7,Mujer,1
San Luis Potos�,1990,Agosto,8,Hombre,28
San Luis Potos�,1990,Agosto,8,Mujer,1
San Luis Potos�,1990,Septiembre,9,Hombre,22
San Luis Potos�,1990,Octubre,10,Hombre,13
San Luis Potos�,1990,Octubre,10,Mujer,2
San Luis Potos�,1990,Noviembre,11,Hombre,14
San Luis Potos�,1990,Noviembre,11,Mujer,1
San Luis Potos�,1990,Diciembre,12,Hombre,27
San Luis Potos�,1990,Diciembre,12,Mujer,2
San Luis Potos�,1991,Enero,1,Hombre,13
San Luis Potos�,1991,Febrero,2,Hombre,14
San Luis Potos�,1991,Febrero,2,Mujer,2
San Luis Potos�,1991,Marzo,3,Hombre,15
San Luis Potos�,1991,Marzo,3,Mujer,2
San Luis Potos�,1991,Abril,4,Hombre,14
San Luis Potos�,1991,Mayo,5,Hombre,16
San Luis Potos�,1991,Junio,6,Hombre,14
San Luis Potos�,1991,Junio,6,Mujer,1
San Luis Potos�,1991,Julio,7,Hombre,14
San Luis Potos�,1991,Julio,7,Mujer,1
San Luis Potos�,1991,Agosto,8,Hombre,22
San Luis Potos�,1991,Agosto,8,Mujer,2
San Luis Potos�,1991,Septiembre,9,Hombre,11
San Luis Potos�,1991,Septiembre,9,Mujer,3
San Luis Potos�,1991,Octubre,10,Hombre,21
San Luis Potos�,1991,Noviembre,11,Hombre,18
San Luis Potos�,1991,Noviembre,11,Mujer,1
San Luis Potos�,1991,Diciembre,12,Hombre,23
San Luis Potos�,1991,Diciembre,12,Mujer,3
San Luis Potos�,1992,Enero,1,Hombre,22
San Luis Potos�,1992,Enero,1,Mujer,1
San Luis Potos�,1992,Febrero,2,Hombre,21
San Luis Potos�,1992,Febrero,2,Mujer,1
San Luis Potos�,1992,Marzo,3,Hombre,26
San Luis Potos�,1992,Marzo,3,Mujer,1
San Luis Potos�,1992,Abril,4,Hombre,14
San Luis Potos�,1992,Abril,4,Mujer,1
San Luis Potos�,1992,Mayo,5,Hombre,26
San Luis Potos�,1992,Mayo,5,Mujer,2
San Luis Potos�,1992,Junio,6,Hombre,20
San Luis Potos�,1992,Junio,6,Mujer,1
San Luis Potos�,1992,Julio,7,Hombre,21
San Luis Potos�,1992,Agosto,8,Hombre,20
San Luis Potos�,1992,Septiembre,9,Hombre,25
San Luis Potos�,1992,Septiembre,9,Mujer,2
San Luis Potos�,1992,Octubre,10,Hombre,20
San Luis Potos�,1992,Octubre,10,Mujer,1
San Luis Potos�,1992,Noviembre,11,Hombre,15
San Luis Potos�,1992,Noviembre,11,Mujer,1
San Luis Potos�,1992,Diciembre,12,Hombre,26
San Luis Potos�,1992,Diciembre,12,Mujer,4
San Luis Potos�,1993,Enero,1,Hombre,21
San Luis Potos�,1993,Enero,1,Mujer,4
San Luis Potos�,1993,Febrero,2,Hombre,17
San Luis Potos�,1993,Marzo,3,Hombre,24
San Luis Potos�,1993,Marzo,3,Mujer,1
San Luis Potos�,1993,Abril,4,Hombre,18
San Luis Potos�,1993,Mayo,5,Hombre,15
San Luis Potos�,1993,Mayo,5,Mujer,2
San Luis Potos�,1993,Junio,6,Hombre,13
San Luis Potos�,1993,Julio,7,Hombre,16
San Luis Potos�,1993,Julio,7,Mujer,2
San Luis Potos�,1993,Agosto,8,Hombre,19
San Luis Potos�,1993,Agosto,8,Mujer,1
San Luis Potos�,1993,Septiembre,9,Hombre,20
San Luis Potos�,1993,Septiembre,9,Mujer,5
San Luis Potos�,1993,Octubre,10,Hombre,21
San Luis Potos�,1993,Octubre,10,Mujer,2
San Luis Potos�,1993,Noviembre,11,Hombre,17
San Luis Potos�,1993,Diciembre,12,Hombre,17
San Luis Potos�,1993,Diciembre,12,Mujer,1
San Luis Potos�,1994,Enero,1,Hombre,22
San Luis Potos�,1994,Enero,1,Mujer,4
San Luis Potos�,1994,Febrero,2,Hombre,24
San Luis Potos�,1994,Febrero,2,Mujer,4
San Luis Potos�,1994,Marzo,3,Hombre,15
San Luis Potos�,1994,Marzo,3,Mujer,1
San Luis Potos�,1994,Abril,4,Hombre,10
San Luis Potos�,1994,Abril,4,Mujer,2
San Luis Potos�,1994,Mayo,5,Hombre,18
San Luis Potos�,1994,Mayo,5,Mujer,1
San Luis Potos�,1994,Junio,6,Hombre,17
San Luis Potos�,1994,Junio,6,Mujer,1
San Luis Potos�,1994,Julio,7,Hombre,16
San Luis Potos�,1994,Agosto,8,Hombre,22
San Luis Potos�,1994,Agosto,8,Mujer,2
San Luis Potos�,1994,Septiembre,9,Hombre,21
San Luis Potos�,1994,Octubre,10,Hombre,22
San Luis Potos�,1994,Noviembre,11,Hombre,20
San Luis Potos�,1994,Diciembre,12,Hombre,21
San Luis Potos�,1995,Enero,1,Hombre,23
San Luis Potos�,1995,Febrero,2,Hombre,11
San Luis Potos�,1995,Febrero,2,Mujer,2
San Luis Potos�,1995,Marzo,3,Hombre,16
San Luis Potos�,1995,Marzo,3,Mujer,1
San Luis Potos�,1995,Abril,4,Hombre,17
San Luis Potos�,1995,Mayo,5,Hombre,14
San Luis Potos�,1995,Junio,6,Hombre,18
San Luis Potos�,1995,Junio,6,Mujer,2
San Luis Potos�,1995,Julio,7,Hombre,19
San Luis Potos�,1995,Julio,7,Mujer,5
San Luis Potos�,1995,Agosto,8,Hombre,11
San Luis Potos�,1995,Agosto,8,Mujer,4
San Luis Potos�,1995,Septiembre,9,Hombre,10
San Luis Potos�,1995,Septiembre,9,Mujer,1
San Luis Potos�,1995,Octubre,10,Hombre,20
San Luis Potos�,1995,Octubre,10,Mujer,1
San Luis Potos�,1995,Noviembre,11,Hombre,18
San Luis Potos�,1995,Noviembre,11,Mujer,5
San Luis Potos�,1995,Diciembre,12,Hombre,27
San Luis Potos�,1995,Diciembre,12,Mujer,1
San Luis Potos�,1996,Enero,1,Hombre,19
San Luis Potos�,1996,Enero,1,Mujer,1
San Luis Potos�,1996,Febrero,2,Hombre,15
San Luis Potos�,1996,Marzo,3,Hombre,19
San Luis Potos�,1996,Marzo,3,Mujer,2
San Luis Potos�,1996,Abril,4,Hombre,22
San Luis Potos�,1996,Abril,4,Mujer,1
San Luis Potos�,1996,Mayo,5,Hombre,14
San Luis Potos�,1996,Mayo,5,Mujer,3
San Luis Potos�,1996,Junio,6,Hombre,14
San Luis Potos�,1996,Junio,6,Mujer,1
San Luis Potos�,1996,Julio,7,Hombre,14
San Luis Potos�,1996,Julio,7,Mujer,3
San Luis Potos�,1996,Agosto,8,Hombre,9
San Luis Potos�,1996,Agosto,8,Mujer,2
San Luis Potos�,1996,Septiembre,9,Hombre,12
San Luis Potos�,1996,Septiembre,9,Mujer,1
San Luis Potos�,1996,Octubre,10,Hombre,13
San Luis Potos�,1996,Octubre,10,Mujer,1
San Luis Potos�,1996,Noviembre,11,Hombre,14
San Luis Potos�,1996,Noviembre,11,Mujer,1
San Luis Potos�,1996,Diciembre,12,Hombre,24
San Luis Potos�,1996,Diciembre,12,Mujer,3
San Luis Potos�,1997,Enero,1,Hombre,12
San Luis Potos�,1997,Enero,1,Mujer,1
San Luis Potos�,1997,Febrero,2,Hombre,17
San Luis Potos�,1997,Febrero,2,Mujer,2
San Luis Potos�,1997,Marzo,3,Hombre,10
San Luis Potos�,1997,Marzo,3,Mujer,1
San Luis Potos�,1997,Abril,4,Hombre,14
San Luis Potos�,1997,Mayo,5,Hombre,22
San Luis Potos�,1997,Mayo,5,Mujer,1
San Luis Potos�,1997,Junio,6,Hombre,18
San Luis Potos�,1997,Julio,7,Hombre,12
San Luis Potos�,1997,Agosto,8,Hombre,23
San Luis Potos�,1997,Agosto,8,Mujer,1
San Luis Potos�,1997,Septiembre,9,Hombre,17
San Luis Potos�,1997,Septiembre,9,Mujer,1
San Luis Potos�,1997,Octubre,10,Hombre,17
San Luis Potos�,1997,Octubre,10,Mujer,2
San Luis Potos�,1997,Noviembre,11,Hombre,15
San Luis Potos�,1997,Diciembre,12,Hombre,16
San Luis Potos�,1998,Enero,1,Hombre,36
San Luis Potos�,1998,Enero,1,Mujer,4
San Luis Potos�,1998,Febrero,2,Hombre,14
San Luis Potos�,1998,Febrero,2,Mujer,1
San Luis Potos�,1998,Marzo,3,Hombre,17
San Luis Potos�,1998,Marzo,3,Mujer,1
San Luis Potos�,1998,Abril,4,Hombre,14
San Luis Potos�,1998,Abril,4,Mujer,4
San Luis Potos�,1998,Mayo,5,Hombre,32
San Luis Potos�,1998,Mayo,5,Mujer,5
San Luis Potos�,1998,Junio,6,Hombre,24
San Luis Potos�,1998,Junio,6,Mujer,3
San Luis Potos�,1998,Julio,7,Hombre,17
San Luis Potos�,1998,Julio,7,Mujer,1
San Luis Potos�,1998,Agosto,8,Hombre,20
San Luis Potos�,1998,Agosto,8,Mujer,1
San Luis Potos�,1998,Septiembre,9,Hombre,28
San Luis Potos�,1998,Septiembre,9,Mujer,3
San Luis Potos�,1998,Octubre,10,Hombre,24
San Luis Potos�,1998,Octubre,10,Mujer,2
San Luis Potos�,1998,Noviembre,11,Hombre,25
San Luis Potos�,1998,Diciembre,12,Hombre,36
San Luis Potos�,1998,Diciembre,12,Mujer,2
San Luis Potos�,1999,Enero,1,Hombre,26
San Luis Potos�,1999,Febrero,2,Hombre,27
San Luis Potos�,1999,Febrero,2,Mujer,5
San Luis Potos�,1999,Marzo,3,Hombre,21
San Luis Potos�,1999,Marzo,3,Mujer,5
San Luis Potos�,1999,Abril,4,Hombre,22
San Luis Potos�,1999,Abril,4,Mujer,2
San Luis Potos�,1999,Mayo,5,Hombre,22
San Luis Potos�,1999,Mayo,5,Mujer,3
San Luis Potos�,1999,Junio,6,Hombre,21
San Luis Potos�,1999,Junio,6,Mujer,3
San Luis Potos�,1999,Julio,7,Hombre,23
San Luis Potos�,1999,Julio,7,Mujer,1
San Luis Potos�,1999,Agosto,8,Hombre,17
San Luis Potos�,1999,Septiembre,9,Hombre,18
San Luis Potos�,1999,Septiembre,9,Mujer,3
San Luis Potos�,1999,Octubre,10,Hombre,16
San Luis Potos�,1999,Noviembre,11,Hombre,19
San Luis Potos�,1999,Noviembre,11,Mujer,8
San Luis Potos�,1999,Diciembre,12,Hombre,20
San Luis Potos�,1999,Diciembre,12,Mujer,1
San Luis Potos�,2000,Enero,1,Hombre,17
San Luis Potos�,2000,Enero,1,Mujer,2
San Luis Potos�,2000,Febrero,2,Hombre,16
San Luis Potos�,2000,Febrero,2,Mujer,1
San Luis Potos�,2000,Marzo,3,Hombre,22
San Luis Potos�,2000,Abril,4,Hombre,27
San Luis Potos�,2000,Abril,4,Mujer,3
San Luis Potos�,2000,Mayo,5,Hombre,21
San Luis Potos�,2000,Junio,6,Hombre,13
San Luis Potos�,2000,Junio,6,Mujer,3
San Luis Potos�,2000,Julio,7,Hombre,19
San Luis Potos�,2000,Julio,7,Mujer,3
San Luis Potos�,2000,Agosto,8,Hombre,17
San Luis Potos�,2000,Agosto,8,Mujer,3
San Luis Potos�,2000,Septiembre,9,Hombre,27
San Luis Potos�,2000,Septiembre,9,Mujer,5
San Luis Potos�,2000,Octubre,10,Hombre,22
San Luis Potos�,2000,Octubre,10,Mujer,3
San Luis Potos�,2000,Noviembre,11,Hombre,13
San Luis Potos�,2000,Noviembre,11,Mujer,6
San Luis Potos�,2000,Diciembre,12,Hombre,25
San Luis Potos�,2000,Diciembre,12,Mujer,6
San Luis Potos�,2001,Enero,1,Hombre,13
San Luis Potos�,2001,Enero,1,Mujer,2
San Luis Potos�,2001,Febrero,2,Hombre,13
San Luis Potos�,2001,Febrero,2,Mujer,2
San Luis Potos�,2001,Marzo,3,Hombre,22
San Luis Potos�,2001,Marzo,3,Mujer,3
San Luis Potos�,2001,Abril,4,Hombre,16
San Luis Potos�,2001,Abril,4,Mujer,1
San Luis Potos�,2001,Mayo,5,Hombre,15
San Luis Potos�,2001,Mayo,5,Mujer,3
San Luis Potos�,2001,Junio,6,Hombre,11
San Luis Potos�,2001,Junio,6,Mujer,5
San Luis Potos�,2001,Julio,7,Hombre,26
San Luis Potos�,2001,Julio,7,Mujer,2
San Luis Potos�,2001,Agosto,8,Hombre,21
San Luis Potos�,2001,Agosto,8,Mujer,2
San Luis Potos�,2001,Septiembre,9,Hombre,9
San Luis Potos�,2001,Septiembre,9,Mujer,1
San Luis Potos�,2001,Octubre,10,Hombre,20
San Luis Potos�,2001,Octubre,10,Mujer,3
San Luis Potos�,2001,Noviembre,11,Hombre,8
San Luis Potos�,2001,Diciembre,12,Hombre,25
San Luis Potos�,2001,Diciembre,12,Mujer,3
San Luis Potos�,2002,Enero,1,Hombre,19
San Luis Potos�,2002,Enero,1,Mujer,1
San Luis Potos�,2002,Febrero,2,Hombre,10
San Luis Potos�,2002,Febrero,2,Mujer,1
San Luis Potos�,2002,Marzo,3,Hombre,17
San Luis Potos�,2002,Marzo,3,Mujer,1
San Luis Potos�,2002,Abril,4,Hombre,21
San Luis Potos�,2002,Abril,4,Mujer,1
San Luis Potos�,2002,Mayo,5,Hombre,6
San Luis Potos�,2002,Mayo,5,Mujer,1
San Luis Potos�,2002,Junio,6,Hombre,5
San Luis Potos�,2002,Junio,6,Mujer,1
San Luis Potos�,2002,Julio,7,Hombre,10
San Luis Potos�,2002,Julio,7,Mujer,1
San Luis Potos�,2002,Agosto,8,Hombre,11
San Luis Potos�,2002,Agosto,8,Mujer,2
San Luis Potos�,2002,Septiembre,9,Hombre,11
San Luis Potos�,2002,Septiembre,9,Mujer,2
San Luis Potos�,2002,Octubre,10,Hombre,10
San Luis Potos�,2002,Octubre,10,Mujer,2
San Luis Potos�,2002,Noviembre,11,Hombre,8
San Luis Potos�,2002,Diciembre,12,Hombre,13
San Luis Potos�,2002,Diciembre,12,Mujer,2
San Luis Potos�,2003,Enero,1,Hombre,13
San Luis Potos�,2003,Enero,1,Mujer,5
San Luis Potos�,2003,Febrero,2,Hombre,11
San Luis Potos�,2003,Marzo,3,Hombre,9
San Luis Potos�,2003,Marzo,3,Mujer,1
San Luis Potos�,2003,Abril,4,Hombre,9
San Luis Potos�,2003,Abril,4,Mujer,1
San Luis Potos�,2003,Mayo,5,Hombre,16
San Luis Potos�,2003,Mayo,5,Mujer,3
San Luis Potos�,2003,Junio,6,Hombre,17
San Luis Potos�,2003,Junio,6,Mujer,1
San Luis Potos�,2003,Julio,7,Hombre,9
San Luis Potos�,2003,Julio,7,Mujer,1
San Luis Potos�,2003,Agosto,8,Hombre,13
San Luis Potos�,2003,Agosto,8,Mujer,1
San Luis Potos�,2003,Septiembre,9,Hombre,7
San Luis Potos�,2003,Octubre,10,Hombre,7
San Luis Potos�,2003,Octubre,10,Mujer,2
San Luis Potos�,2003,Noviembre,11,Hombre,10
San Luis Potos�,2003,Diciembre,12,Hombre,10
San Luis Potos�,2004,Enero,1,Hombre,11
San Luis Potos�,2004,Enero,1,Mujer,3
San Luis Potos�,2004,Febrero,2,Hombre,6
San Luis Potos�,2004,Febrero,2,Mujer,1
San Luis Potos�,2004,Marzo,3,Hombre,15
San Luis Potos�,2004,Marzo,3,Mujer,2
San Luis Potos�,2004,Abril,4,Hombre,5
San Luis Potos�,2004,Abril,4,Mujer,1
San Luis Potos�,2004,Mayo,5,Hombre,7
San Luis Potos�,2004,Junio,6,Hombre,8
San Luis Potos�,2004,Junio,6,Mujer,1
San Luis Potos�,2004,Julio,7,Hombre,15
San Luis Potos�,2004,Agosto,8,Hombre,17
San Luis Potos�,2004,Agosto,8,Mujer,3
San Luis Potos�,2004,Septiembre,9,Hombre,6
San Luis Potos�,2004,Septiembre,9,Mujer,1
San Luis Potos�,2004,Octubre,10,Hombre,13
San Luis Potos�,2004,Noviembre,11,Hombre,10
San Luis Potos�,2004,Diciembre,12,Hombre,10
San Luis Potos�,2005,Enero,1,Hombre,14
San Luis Potos�,2005,Febrero,2,Hombre,11
San Luis Potos�,2005,Marzo,3,Hombre,5
San Luis Potos�,2005,Marzo,3,Mujer,1
San Luis Potos�,2005,Abril,4,Hombre,13
San Luis Potos�,2005,Mayo,5,Hombre,15
San Luis Potos�,2005,Mayo,5,Mujer,2
San Luis Potos�,2005,Junio,6,Hombre,14
San Luis Potos�,2005,Julio,7,Hombre,3
San Luis Potos�,2005,Julio,7,Mujer,2
San Luis Potos�,2005,Agosto,8,Hombre,13
San Luis Potos�,2005,Agosto,8,Mujer,1
San Luis Potos�,2005,Septiembre,9,Hombre,16
San Luis Potos�,2005,Octubre,10,Hombre,7
San Luis Potos�,2005,Octubre,10,Mujer,1
San Luis Potos�,2005,Noviembre,11,Hombre,9
San Luis Potos�,2005,Noviembre,11,Mujer,1
San Luis Potos�,2005,Diciembre,12,Hombre,9
San Luis Potos�,2005,Diciembre,12,Mujer,1
San Luis Potos�,2006,Enero,1,Hombre,14
San Luis Potos�,2006,Enero,1,Mujer,3
San Luis Potos�,2006,Febrero,2,Hombre,6
San Luis Potos�,2006,Marzo,3,Hombre,19
San Luis Potos�,2006,Marzo,3,Mujer,2
San Luis Potos�,2006,Abril,4,Hombre,3
San Luis Potos�,2006,Mayo,5,Hombre,14
San Luis Potos�,2006,Junio,6,Hombre,16
San Luis Potos�,2006,Julio,7,Hombre,12
San Luis Potos�,2006,Julio,7,Mujer,4
San Luis Potos�,2006,Agosto,8,Hombre,6
San Luis Potos�,2006,Agosto,8,Mujer,2
San Luis Potos�,2006,Septiembre,9,Hombre,12
San Luis Potos�,2006,Septiembre,9,Mujer,1
San Luis Potos�,2006,Octubre,10,Hombre,17
San Luis Potos�,2006,Octubre,10,Mujer,3
San Luis Potos�,2006,Noviembre,11,Hombre,10
San Luis Potos�,2006,Diciembre,12,Hombre,12
San Luis Potos�,2006,Diciembre,12,Mujer,2
San Luis Potos�,2007,Enero,1,Hombre,7
San Luis Potos�,2007,Enero,1,Mujer,2
San Luis Potos�,2007,Febrero,2,Hombre,6
San Luis Potos�,2007,Marzo,3,Hombre,11
San Luis Potos�,2007,Abril,4,Hombre,4
San Luis Potos�,2007,Abril,4,Mujer,3
San Luis Potos�,2007,Mayo,5,Hombre,6
San Luis Potos�,2007,Mayo,5,Mujer,4
San Luis Potos�,2007,Junio,6,Hombre,7
San Luis Potos�,2007,Junio,6,Mujer,1
San Luis Potos�,2007,Julio,7,Hombre,11
San Luis Potos�,2007,Julio,7,Mujer,2
San Luis Potos�,2007,Agosto,8,Hombre,14
San Luis Potos�,2007,Agosto,8,Mujer,3
San Luis Potos�,2007,Septiembre,9,Hombre,13
San Luis Potos�,2007,Septiembre,9,Mujer,1
San Luis Potos�,2007,Octubre,10,Hombre,11
San Luis Potos�,2007,Octubre,10,Mujer,2
San Luis Potos�,2007,Noviembre,11,Hombre,17
San Luis Potos�,2007,Noviembre,11,Mujer,2
San Luis Potos�,2007,Diciembre,12,Hombre,12
San Luis Potos�,2007,Diciembre,12,Mujer,3
San Luis Potos�,2008,Enero,1,Hombre,11
San Luis Potos�,2008,Febrero,2,Hombre,18
San Luis Potos�,2008,Febrero,2,Mujer,2
San Luis Potos�,2008,Marzo,3,Hombre,6
San Luis Potos�,2008,Marzo,3,Mujer,1
San Luis Potos�,2008,Abril,4,Hombre,19
San Luis Potos�,2008,Abril,4,Mujer,2
San Luis Potos�,2008,Mayo,5,Hombre,9
San Luis Potos�,2008,Junio,6,Hombre,14
San Luis Potos�,2008,Junio,6,Mujer,4
San Luis Potos�,2008,Julio,7,Hombre,9
San Luis Potos�,2008,Julio,7,Mujer,2
San Luis Potos�,2008,Agosto,8,Hombre,19
San Luis Potos�,2008,Septiembre,9,Hombre,14
San Luis Potos�,2008,Octubre,10,Hombre,13
San Luis Potos�,2008,Octubre,10,Mujer,2
San Luis Potos�,2008,Noviembre,11,Hombre,21
San Luis Potos�,2008,Noviembre,11,Mujer,1
San Luis Potos�,2008,Diciembre,12,Hombre,21
San Luis Potos�,2008,Diciembre,12,Mujer,8
San Luis Potos�,2009,Enero,1,Hombre,13
San Luis Potos�,2009,Enero,1,Mujer,3
San Luis Potos�,2009,Febrero,2,Hombre,9
San Luis Potos�,2009,Febrero,2,Mujer,4
San Luis Potos�,2009,Marzo,3,Hombre,13
San Luis Potos�,2009,Marzo,3,Mujer,3
San Luis Potos�,2009,Abril,4,Hombre,19
San Luis Potos�,2009,Mayo,5,Hombre,14
San Luis Potos�,2009,Mayo,5,Mujer,5
San Luis Potos�,2009,Junio,6,Hombre,14
San Luis Potos�,2009,Junio,6,Mujer,3
San Luis Potos�,2009,Julio,7,Hombre,17
San Luis Potos�,2009,Julio,7,Mujer,1
San Luis Potos�,2009,Agosto,8,Hombre,17
San Luis Potos�,2009,Agosto,8,Mujer,3
San Luis Potos�,2009,Septiembre,9,Hombre,14
San Luis Potos�,2009,Octubre,10,Hombre,8
San Luis Potos�,2009,Octubre,10,Mujer,1
San Luis Potos�,2009,Noviembre,11,Hombre,20
San Luis Potos�,2009,Noviembre,11,Mujer,3
San Luis Potos�,2009,Diciembre,12,Hombre,20
San Luis Potos�,2009,Diciembre,12,Mujer,3
San Luis Potos�,2010,Enero,1,Hombre,13
San Luis Potos�,2010,Enero,1,Mujer,5
San Luis Potos�,2010,Febrero,2,Hombre,9
San Luis Potos�,2010,Marzo,3,Hombre,18
San Luis Potos�,2010,Abril,4,Hombre,23
San Luis Potos�,2010,Mayo,5,Hombre,29
San Luis Potos�,2010,Mayo,5,Mujer,2
San Luis Potos�,2010,Junio,6,Hombre,27
San Luis Potos�,2010,Junio,6,Mujer,4
San Luis Potos�,2010,Julio,7,Hombre,24
San Luis Potos�,2010,Julio,7,Mujer,4
San Luis Potos�,2010,Agosto,8,Hombre,35
San Luis Potos�,2010,Agosto,8,Mujer,2
San Luis Potos�,2010,Septiembre,9,Hombre,43
San Luis Potos�,2010,Septiembre,9,Mujer,4
San Luis Potos�,2010,Octubre,10,Hombre,45
San Luis Potos�,2010,Octubre,10,Mujer,8
San Luis Potos�,2010,Noviembre,11,Hombre,36
San Luis Potos�,2010,Noviembre,11,Mujer,1
San Luis Potos�,2010,Diciembre,12,Hombre,25
San Luis Potos�,2010,Diciembre,12,Mujer,7
San Luis Potos�,2011,Enero,1,Hombre,44
San Luis Potos�,2011,Enero,1,Mujer,4
San Luis Potos�,2011,Febrero,2,Hombre,34
San Luis Potos�,2011,Febrero,2,Mujer,3
San Luis Potos�,2011,Marzo,3,Hombre,29
San Luis Potos�,2011,Marzo,3,Mujer,8
San Luis Potos�,2011,Abril,4,Hombre,26
San Luis Potos�,2011,Abril,4,Mujer,4
San Luis Potos�,2011,Mayo,5,Hombre,34
San Luis Potos�,2011,Mayo,5,Mujer,7
San Luis Potos�,2011,Junio,6,Hombre,9
San Luis Potos�,2011,Junio,6,Mujer,2
San Luis Potos�,2011,Julio,7,Hombre,25
San Luis Potos�,2011,Julio,7,Mujer,2
San Luis Potos�,2011,Agosto,8,Hombre,24
San Luis Potos�,2011,Agosto,8,Mujer,1
San Luis Potos�,2011,Septiembre,9,Hombre,16
San Luis Potos�,2011,Septiembre,9,Mujer,3
San Luis Potos�,2011,Octubre,10,Hombre,18
San Luis Potos�,2011,Octubre,10,Mujer,3
San Luis Potos�,2011,Noviembre,11,Hombre,26
San Luis Potos�,2011,Noviembre,11,Mujer,9
San Luis Potos�,2011,Diciembre,12,Hombre,21
San Luis Potos�,2011,Diciembre,12,Mujer,3
San Luis Potos�,2012,Enero,1,Hombre,16
San Luis Potos�,2012,Enero,1,Mujer,3
San Luis Potos�,2012,Febrero,2,Hombre,9
San Luis Potos�,2012,Marzo,3,Hombre,19
San Luis Potos�,2012,Marzo,3,Mujer,1
San Luis Potos�,2012,Abril,4,Hombre,25
San Luis Potos�,2012,Abril,4,Mujer,2
San Luis Potos�,2012,Mayo,5,Hombre,39
San Luis Potos�,2012,Mayo,5,Mujer,9
San Luis Potos�,2012,Junio,6,Hombre,24
San Luis Potos�,2012,Junio,6,Mujer,6
San Luis Potos�,2012,Julio,7,Hombre,33
San Luis Potos�,2012,Julio,7,Mujer,2
San Luis Potos�,2012,Agosto,8,Hombre,32
San Luis Potos�,2012,Agosto,8,Mujer,4
San Luis Potos�,2012,Septiembre,9,Hombre,48
San Luis Potos�,2012,Septiembre,9,Mujer,8
San Luis Potos�,2012,Octubre,10,Hombre,56
San Luis Potos�,2012,Octubre,10,Mujer,5
San Luis Potos�,2012,Noviembre,11,Hombre,35
San Luis Potos�,2012,Noviembre,11,Mujer,8
San Luis Potos�,2012,Diciembre,12,Hombre,48
San Luis Potos�,2012,Diciembre,12,Mujer,7
San Luis Potos�,2013,Enero,1,Hombre,23
San Luis Potos�,2013,Enero,1,Mujer,3
San Luis Potos�,2013,Febrero,2,Hombre,23
San Luis Potos�,2013,Febrero,2,Mujer,9
San Luis Potos�,2013,Marzo,3,Hombre,33
San Luis Potos�,2013,Marzo,3,Mujer,4
San Luis Potos�,2013,Abril,4,Hombre,40
San Luis Potos�,2013,Abril,4,Mujer,3
San Luis Potos�,2013,Mayo,5,Hombre,25
San Luis Potos�,2013,Mayo,5,Mujer,5
San Luis Potos�,2013,Junio,6,Hombre,19
San Luis Potos�,2013,Junio,6,Mujer,2
San Luis Potos�,2013,Julio,7,Hombre,26
San Luis Potos�,2013,Julio,7,Mujer,2
San Luis Potos�,2013,Agosto,8,Hombre,20
San Luis Potos�,2013,Agosto,8,Mujer,1
San Luis Potos�,2013,Septiembre,9,Hombre,9
San Luis Potos�,2013,Septiembre,9,Mujer,2
San Luis Potos�,2013,Octubre,10,Hombre,24
San Luis Potos�,2013,Octubre,10,Mujer,2
San Luis Potos�,2013,Noviembre,11,Hombre,12
San Luis Potos�,2013,Diciembre,12,Hombre,10
San Luis Potos�,2013,Diciembre,12,Mujer,1
San Luis Potos�,2014,Enero,1,Hombre,22
San Luis Potos�,2014,Enero,1,Mujer,2
San Luis Potos�,2014,Febrero,2,Hombre,21
San Luis Potos�,2014,Marzo,3,Hombre,14
San Luis Potos�,2014,Marzo,3,Mujer,4
San Luis Potos�,2014,Abril,4,Hombre,19
San Luis Potos�,2014,Abril,4,Mujer,3
San Luis Potos�,2014,Mayo,5,Hombre,15
San Luis Potos�,2014,Mayo,5,Mujer,4
San Luis Potos�,2014,Junio,6,Hombre,17
San Luis Potos�,2014,Junio,6,Mujer,7
San Luis Potos�,2014,Julio,7,Hombre,20
San Luis Potos�,2014,Julio,7,Mujer,6
San Luis Potos�,2014,Agosto,8,Hombre,23
San Luis Potos�,2014,Agosto,8,Mujer,1
San Luis Potos�,2014,Septiembre,9,Hombre,17
San Luis Potos�,2014,Septiembre,9,Mujer,2
San Luis Potos�,2014,Octubre,10,Hombre,23
San Luis Potos�,2014,Octubre,10,Mujer,4
San Luis Potos�,2014,Noviembre,11,Hombre,12
San Luis Potos�,2014,Noviembre,11,Mujer,8
San Luis Potos�,2014,Diciembre,12,Hombre,18
San Luis Potos�,2014,Diciembre,12,Mujer,2
San Luis Potos�,2015,Enero,1,Hombre,16
San Luis Potos�,2015,Enero,1,Mujer,1
San Luis Potos�,2015,Febrero,2,Hombre,8
San Luis Potos�,2015,Febrero,2,Mujer,1
San Luis Potos�,2015,Marzo,3,Hombre,18
San Luis Potos�,2015,Marzo,3,Mujer,3
San Luis Potos�,2015,Abril,4,Hombre,11
San Luis Potos�,2015,Mayo,5,Hombre,18
San Luis Potos�,2015,Mayo,5,Mujer,3
San Luis Potos�,2015,Junio,6,Hombre,24
San Luis Potos�,2015,Junio,6,Mujer,8
San Luis Potos�,2015,Julio,7,Hombre,23
San Luis Potos�,2015,Julio,7,Mujer,1
San Luis Potos�,2015,Agosto,8,Hombre,22
San Luis Potos�,2015,Agosto,8,Mujer,4
San Luis Potos�,2015,Septiembre,9,Hombre,12
San Luis Potos�,2015,Septiembre,9,Mujer,2
San Luis Potos�,2015,Octubre,10,Hombre,21
San Luis Potos�,2015,Octubre,10,Mujer,6
San Luis Potos�,2015,Noviembre,11,Hombre,23
San Luis Potos�,2015,Noviembre,11,Mujer,5
San Luis Potos�,2015,Diciembre,12,Hombre,25
San Luis Potos�,2015,Diciembre,12,Mujer,4
San Luis Potos�,2016,Enero,1,Hombre,20
San Luis Potos�,2016,Enero,1,Mujer,3
San Luis Potos�,2016,Febrero,2,Hombre,16
San Luis Potos�,2016,Febrero,2,Mujer,1
San Luis Potos�,2016,Marzo,3,Hombre,12
San Luis Potos�,2016,Marzo,3,Mujer,1
San Luis Potos�,2016,Abril,4,Hombre,20
San Luis Potos�,2016,Abril,4,Mujer,4
San Luis Potos�,2016,Mayo,5,Hombre,33
San Luis Potos�,2016,Mayo,5,Mujer,4
San Luis Potos�,2016,Junio,6,Hombre,31
San Luis Potos�,2016,Junio,6,Mujer,3
San Luis Potos�,2016,Julio,7,Hombre,23
San Luis Potos�,2016,Julio,7,Mujer,3
San Luis Potos�,2016,Agosto,8,Hombre,27
San Luis Potos�,2016,Agosto,8,Mujer,1
San Luis Potos�,2016,Septiembre,9,Hombre,23
San Luis Potos�,2016,Septiembre,9,Mujer,4
San Luis Potos�,2016,Octubre,10,Hombre,43
San Luis Potos�,2016,Octubre,10,Mujer,1
San Luis Potos�,2016,Noviembre,11,Hombre,23
San Luis Potos�,2016,Noviembre,11,Mujer,5
San Luis Potos�,2016,Diciembre,12,Hombre,25
San Luis Potos�,2016,Diciembre,12,Mujer,2
San Luis Potos�,2017,Enero,1,Hombre,28
San Luis Potos�,2017,Enero,1,Mujer,1
San Luis Potos�,2017,Febrero,2,Hombre,32
San Luis Potos�,2017,Febrero,2,Mujer,4
San Luis Potos�,2017,Marzo,3,Hombre,28
San Luis Potos�,2017,Marzo,3,Mujer,6
San Luis Potos�,2017,Abril,4,Hombre,22
San Luis Potos�,2017,Abril,4,Mujer,2
San Luis Potos�,2017,Mayo,5,Hombre,41
San Luis Potos�,2017,Mayo,5,Mujer,4
San Luis Potos�,2017,Junio,6,Hombre,41
San Luis Potos�,2017,Junio,6,Mujer,7
San Luis Potos�,2017,Julio,7,Hombre,41
San Luis Potos�,2017,Julio,7,Mujer,5
San Luis Potos�,2017,Agosto,8,Hombre,44
San Luis Potos�,2017,Agosto,8,Mujer,4
San Luis Potos�,2017,Septiembre,9,Hombre,48
San Luis Potos�,2017,Septiembre,9,Mujer,4
San Luis Potos�,2017,Octubre,10,Hombre,40
San Luis Potos�,2017,Octubre,10,Mujer,1
San Luis Potos�,2017,Noviembre,11,Hombre,32
San Luis Potos�,2017,Noviembre,11,Mujer,6
San Luis Potos�,2017,Diciembre,12,Hombre,46
San Luis Potos�,2017,Diciembre,12,Mujer,3
San Luis Potos�,2018,Enero,1,Hombre,34
San Luis Potos�,2018,Enero,1,Mujer,8
San Luis Potos�,2018,Febrero,2,Hombre,38
San Luis Potos�,2018,Febrero,2,Mujer,7
San Luis Potos�,2018,Marzo,3,Hombre,45
San Luis Potos�,2018,Marzo,3,Mujer,4
San Luis Potos�,2018,Abril,4,Hombre,43
San Luis Potos�,2018,Abril,4,Mujer,5
San Luis Potos�,2018,Mayo,5,Hombre,45
San Luis Potos�,2018,Mayo,5,Mujer,8
San Luis Potos�,2018,Junio,6,Hombre,42
San Luis Potos�,2018,Junio,6,Mujer,4
San Luis Potos�,2018,Julio,7,Hombre,48
San Luis Potos�,2018,Julio,7,Mujer,5
San Luis Potos�,2018,Agosto,8,Hombre,50
San Luis Potos�,2018,Agosto,8,Mujer,6
San Luis Potos�,2018,Septiembre,9,Hombre,31
San Luis Potos�,2018,Septiembre,9,Mujer,2
San Luis Potos�,2018,Octubre,10,Hombre,38
San Luis Potos�,2018,Octubre,10,Mujer,3
San Luis Potos�,2018,Noviembre,11,Hombre,36
San Luis Potos�,2018,Noviembre,11,Mujer,4
San Luis Potos�,2018,Diciembre,12,Hombre,33
San Luis Potos�,2018,Diciembre,12,Mujer,1
San Luis Potos�,2019,Enero,1,Hombre,34
San Luis Potos�,2019,Enero,1,Mujer,4
San Luis Potos�,2019,Febrero,2,Hombre,35
San Luis Potos�,2019,Febrero,2,Mujer,2
San Luis Potos�,2019,Marzo,3,Hombre,37
San Luis Potos�,2019,Marzo,3,Mujer,5
San Luis Potos�,2019,Abril,4,Hombre,34
San Luis Potos�,2019,Abril,4,Mujer,3
San Luis Potos�,2019,Mayo,5,Hombre,35
San Luis Potos�,2019,Mayo,5,Mujer,3
San Luis Potos�,2019,Junio,6,Hombre,41
San Luis Potos�,2019,Junio,6,Mujer,4
San Luis Potos�,2019,Julio,7,Hombre,34
San Luis Potos�,2019,Julio,7,Mujer,4
San Luis Potos�,2019,Agosto,8,Hombre,44
San Luis Potos�,2019,Agosto,8,Mujer,7
San Luis Potos�,2019,Septiembre,9,Hombre,43
San Luis Potos�,2019,Octubre,10,Hombre,43
San Luis Potos�,2019,Octubre,10,Mujer,3
San Luis Potos�,2019,Noviembre,11,Hombre,41
San Luis Potos�,2019,Noviembre,11,Mujer,6
San Luis Potos�,2019,Diciembre,12,Hombre,42
San Luis Potos�,2019,Diciembre,12,Mujer,8
San Luis Potos�,2020,Enero,1,Hombre,43
San Luis Potos�,2020,Enero,1,Mujer,5
San Luis Potos�,2020,Febrero,2,Hombre,43
San Luis Potos�,2020,Febrero,2,Mujer,2
San Luis Potos�,2020,Marzo,3,Hombre,50
San Luis Potos�,2020,Marzo,3,Mujer,5
San Luis Potos�,2020,Abril,4,Hombre,45
San Luis Potos�,2020,Abril,4,Mujer,3
San Luis Potos�,2020,Mayo,5,Hombre,63
San Luis Potos�,2020,Mayo,5,Mujer,3
San Luis Potos�,2020,Junio,6,Hombre,52
San Luis Potos�,2020,Junio,6,Mujer,4
San Luis Potos�,2020,Julio,7,Hombre,72
San Luis Potos�,2020,Julio,7,Mujer,10
San Luis Potos�,2020,Agosto,8,Hombre,83
San Luis Potos�,2020,Agosto,8,Mujer,7
San Luis Potos�,2020,Septiembre,9,Hombre,65
San Luis Potos�,2020,Septiembre,9,Mujer,7
San Luis Potos�,2020,Octubre,10,Hombre,96
San Luis Potos�,2020,Octubre,10,Mujer,5
San Luis Potos�,2020,Noviembre,11,Hombre,49
San Luis Potos�,2020,Noviembre,11,Mujer,4
San Luis Potos�,2020,Diciembre,12,Hombre,61
San Luis Potos�,2020,Diciembre,12,Mujer,7
San Luis Potos�,2021,Enero,1,Hombre,60
San Luis Potos�,2021,Enero,1,Mujer,12
San Luis Potos�,2021,Febrero,2,Hombre,58
San Luis Potos�,2021,Febrero,2,Mujer,9
San Luis Potos�,2021,Marzo,3,Hombre,89
San Luis Potos�,2021,Marzo,3,Mujer,8
San Luis Potos�,2021,Abril,4,Hombre,63
San Luis Potos�,2021,Abril,4,Mujer,3
San Luis Potos�,2021,Mayo,5,Hombre,68
San Luis Potos�,2021,Mayo,5,Mujer,9
San Luis Potos�,2021,Junio,6,Hombre,66
San Luis Potos�,2021,Junio,6,Mujer,13
San Luis Potos�,2021,Julio,7,Hombre,47
San Luis Potos�,2021,Julio,7,Mujer,1
San Luis Potos�,2021,Agosto,8,Hombre,59
San Luis Potos�,2021,Agosto,8,Mujer,5
San Luis Potos�,2021,Septiembre,9,Hombre,35
San Luis Potos�,2021,Septiembre,9,Mujer,9
San Luis Potos�,2021,Octubre,10,Hombre,53
San Luis Potos�,2021,Octubre,10,Mujer,5
San Luis Potos�,2021,Noviembre,11,Hombre,40
San Luis Potos�,2021,Noviembre,11,Mujer,4
San Luis Potos�,2021,Diciembre,12,Hombre,50
San Luis Potos�,2021,Diciembre,12,Mujer,3
San Luis Potos�,2022,Enero,1,Hombre,49
San Luis Potos�,2022,Febrero,2,Hombre,66
San Luis Potos�,2022,Febrero,2,Mujer,1
San Luis Potos�,2022,Marzo,3,Hombre,50
San Luis Potos�,2022,Marzo,3,Mujer,8
San Luis Potos�,2022,Abril,4,Hombre,60
San Luis Potos�,2022,Abril,4,Mujer,5
San Luis Potos�,2022,Mayo,5,Hombre,70
San Luis Potos�,2022,Mayo,5,Mujer,8
San Luis Potos�,2022,Junio,6,Hombre,78
San Luis Potos�,2022,Junio,6,Mujer,5
San Luis Potos�,2022,Julio,7,Hombre,42
San Luis Potos�,2022,Julio,7,Mujer,3
San Luis Potos�,2022,Agosto,8,Hombre,62
San Luis Potos�,2022,Agosto,8,Mujer,11
San Luis Potos�,2022,Septiembre,9,Hombre,50
San Luis Potos�,2022,Septiembre,9,Mujer,5
San Luis Potos�,2022,Octubre,10,Hombre,46
San Luis Potos�,2022,Octubre,10,Mujer,2
San Luis Potos�,2022,Noviembre,11,Hombre,55
San Luis Potos�,2022,Noviembre,11,Mujer,8
San Luis Potos�,2022,Diciembre,12,Hombre,50
San Luis Potos�,2022,Diciembre,12,Mujer,4
San Luis Potos�,2023,Enero,1,Hombre,49
San Luis Potos�,2023,Enero,1,Mujer,2
San Luis Potos�,2023,Febrero,2,Hombre,44
San Luis Potos�,2023,Febrero,2,Mujer,7
San Luis Potos�,2023,Marzo,3,Hombre,53
San Luis Potos�,2023,Marzo,3,Mujer,2
San Luis Potos�,2023,Abril,4,Hombre,36
San Luis Potos�,2023,Abril,4,Mujer,7
San Luis Potos�,2023,Mayo,5,Hombre,54
San Luis Potos�,2023,Mayo,5,Mujer,3
San Luis Potos�,2023,Junio,6,Hombre,42
San Luis Potos�,2023,Junio,6,Mujer,2
San Luis Potos�,2023,Julio,7,Hombre,40
San Luis Potos�,2023,Julio,7,Mujer,7
San Luis Potos�,2023,Agosto,8,Hombre,42
San Luis Potos�,2023,Agosto,8,Mujer,1
San Luis Potos�,2023,Septiembre,9,Hombre,35
San Luis Potos�,2023,Septiembre,9,Mujer,7
San Luis Potos�,2023,Octubre,10,Hombre,36
San Luis Potos�,2023,Octubre,10,Mujer,3
San Luis Potos�,2023,Noviembre,11,Hombre,23
San Luis Potos�,2023,Noviembre,11,Mujer,7
San Luis Potos�,2023,Diciembre,12,Hombre,36
San Luis Potos�,2023,Diciembre,12,Mujer,6
San Luis Potos�,2024,Enero,1,Hombre,21
San Luis Potos�,2024,Enero,1,Mujer,1
San Luis Potos�,2024,Febrero,2,Hombre,36
San Luis Potos�,2024,Febrero,2,Mujer,3
San Luis Potos�,2024,Marzo,3,Hombre,45
San Luis Potos�,2024,Marzo,3,Mujer,3
San Luis Potos�,2024,Abril,4,Hombre,37
San Luis Potos�,2024,Abril,4,Mujer,5
San Luis Potos�,2024,Mayo,5,Hombre,49
San Luis Potos�,2024,Mayo,5,Mujer,2
San Luis Potos�,2024,Junio,6,Hombre,51
San Luis Potos�,2024,Junio,6,Mujer,6
San Luis Potos�,2024,Julio,7,Hombre,34
San Luis Potos�,2024,Julio,7,Mujer,5
San Luis Potos�,2024,Agosto,8,Hombre,25
San Luis Potos�,2024,Agosto,8,Mujer,4
San Luis Potos�,2024,Septiembre,9,Hombre,25
San Luis Potos�,2024,Septiembre,9,Mujer,3
San Luis Potos�,2024,Octubre,10,Hombre,39
San Luis Potos�,2024,Octubre,10,Mujer,5
San Luis Potos�,2024,Noviembre,11,Hombre,52
San Luis Potos�,2024,Noviembre,11,Mujer,4
San Luis Potos�,2024,Diciembre,12,Hombre,29
San Luis Potos�,2024,Diciembre,12,Mujer,3
Sinaloa,1990,Enero,1,Hombre,41
Sinaloa,1990,Enero,1,Mujer,2
Sinaloa,1990,Febrero,2,Hombre,26
Sinaloa,1990,Febrero,2,Mujer,2
Sinaloa,1990,Marzo,3,Hombre,41
Sinaloa,1990,Marzo,3,Mujer,4
Sinaloa,1990,Abril,4,Hombre,33
Sinaloa,1990,Abril,4,Mujer,3
Sinaloa,1990,Mayo,5,Hombre,53
Sinaloa,1990,Mayo,5,Mujer,6
Sinaloa,1990,Junio,6,Hombre,38
Sinaloa,1990,Julio,7,Hombre,26
Sinaloa,1990,Julio,7,Mujer,1
Sinaloa,1990,Agosto,8,Hombre,28
Sinaloa,1990,Agosto,8,Mujer,3
Sinaloa,1990,Septiembre,9,Hombre,22
Sinaloa,1990,Septiembre,9,Mujer,5
Sinaloa,1990,Octubre,10,Hombre,26
Sinaloa,1990,Octubre,10,Mujer,4
Sinaloa,1990,Noviembre,11,Hombre,44
Sinaloa,1990,Noviembre,11,Mujer,2
Sinaloa,1990,Diciembre,12,Hombre,33
Sinaloa,1990,Diciembre,12,Mujer,1
Sinaloa,1991,Enero,1,Hombre,55
Sinaloa,1991,Febrero,2,Hombre,29
Sinaloa,1991,Febrero,2,Mujer,3
Sinaloa,1991,Marzo,3,Hombre,42
Sinaloa,1991,Marzo,3,Mujer,1
Sinaloa,1991,Abril,4,Hombre,41
Sinaloa,1991,Abril,4,Mujer,1
Sinaloa,1991,Mayo,5,Hombre,55
Sinaloa,1991,Mayo,5,Mujer,6
Sinaloa,1991,Junio,6,Hombre,38
Sinaloa,1991,Junio,6,Mujer,3
Sinaloa,1991,Julio,7,Hombre,45
Sinaloa,1991,Julio,7,Mujer,3
Sinaloa,1991,Agosto,8,Hombre,44
Sinaloa,1991,Agosto,8,Mujer,1
Sinaloa,1991,Septiembre,9,Hombre,41
Sinaloa,1991,Septiembre,9,Mujer,2
Sinaloa,1991,Octubre,10,Hombre,52
Sinaloa,1991,Octubre,10,Mujer,1
Sinaloa,1991,Noviembre,11,Hombre,40
Sinaloa,1991,Noviembre,11,Mujer,2
Sinaloa,1991,Diciembre,12,Hombre,35
Sinaloa,1991,Diciembre,12,Mujer,3
Sinaloa,1992,Enero,1,Hombre,45
Sinaloa,1992,Enero,1,Mujer,2
Sinaloa,1992,Febrero,2,Hombre,55
Sinaloa,1992,Febrero,2,Mujer,2
Sinaloa,1992,Marzo,3,Hombre,36
Sinaloa,1992,Marzo,3,Mujer,5
Sinaloa,1992,Abril,4,Hombre,26
Sinaloa,1992,Abril,4,Mujer,3
Sinaloa,1992,Mayo,5,Hombre,45
Sinaloa,1992,Mayo,5,Mujer,5
Sinaloa,1992,Junio,6,Hombre,55
Sinaloa,1992,Junio,6,Mujer,1
Sinaloa,1992,Julio,7,Hombre,54
Sinaloa,1992,Julio,7,Mujer,3
Sinaloa,1992,Agosto,8,Hombre,36
Sinaloa,1992,Septiembre,9,Hombre,52
Sinaloa,1992,Septiembre,9,Mujer,4
Sinaloa,1992,Octubre,10,Hombre,47
Sinaloa,1992,Octubre,10,Mujer,5
Sinaloa,1992,Noviembre,11,Hombre,50
Sinaloa,1992,Noviembre,11,Mujer,1
Sinaloa,1992,Diciembre,12,Hombre,48
Sinaloa,1992,Diciembre,12,Mujer,4
Sinaloa,1993,Enero,1,Hombre,72
Sinaloa,1993,Enero,1,Mujer,5
Sinaloa,1993,Febrero,2,Hombre,39
Sinaloa,1993,Febrero,2,Mujer,3
Sinaloa,1993,Marzo,3,Hombre,48
Sinaloa,1993,Marzo,3,Mujer,3
Sinaloa,1993,Abril,4,Hombre,36
Sinaloa,1993,Abril,4,Mujer,2
Sinaloa,1993,Mayo,5,Hombre,49
Sinaloa,1993,Mayo,5,Mujer,1
Sinaloa,1993,Junio,6,Hombre,45
Sinaloa,1993,Junio,6,Mujer,5
Sinaloa,1993,Julio,7,Hombre,25
Sinaloa,1993,Julio,7,Mujer,2
Sinaloa,1993,Agosto,8,Hombre,56
Sinaloa,1993,Agosto,8,Mujer,1
Sinaloa,1993,Septiembre,9,Hombre,36
Sinaloa,1993,Octubre,10,Hombre,35
Sinaloa,1993,Octubre,10,Mujer,3
Sinaloa,1993,Noviembre,11,Hombre,33
Sinaloa,1993,Noviembre,11,Mujer,1
Sinaloa,1993,Diciembre,12,Hombre,48
Sinaloa,1993,Diciembre,12,Mujer,1
Sinaloa,1994,Enero,1,Hombre,45
Sinaloa,1994,Enero,1,Mujer,2
Sinaloa,1994,Febrero,2,Hombre,36
Sinaloa,1994,Febrero,2,Mujer,2
Sinaloa,1994,Marzo,3,Hombre,68
Sinaloa,1994,Marzo,3,Mujer,2
Sinaloa,1994,Abril,4,Hombre,49
Sinaloa,1994,Abril,4,Mujer,3
Sinaloa,1994,Mayo,5,Hombre,53
Sinaloa,1994,Mayo,5,Mujer,2
Sinaloa,1994,Junio,6,Hombre,54
Sinaloa,1994,Junio,6,Mujer,5
Sinaloa,1994,Julio,7,Hombre,45
Sinaloa,1994,Julio,7,Mujer,3
Sinaloa,1994,Agosto,8,Hombre,53
Sinaloa,1994,Agosto,8,Mujer,2
Sinaloa,1994,Septiembre,9,Hombre,63
Sinaloa,1994,Septiembre,9,Mujer,3
Sinaloa,1994,Octubre,10,Hombre,35
Sinaloa,1994,Octubre,10,Mujer,3
Sinaloa,1994,Noviembre,11,Hombre,23
Sinaloa,1994,Noviembre,11,Mujer,3
Sinaloa,1994,Diciembre,12,Hombre,35
Sinaloa,1994,Diciembre,12,Mujer,2
Sinaloa,1995,Enero,1,Hombre,60
Sinaloa,1995,Enero,1,Mujer,4
Sinaloa,1995,Febrero,2,Hombre,48
Sinaloa,1995,Febrero,2,Mujer,3
Sinaloa,1995,Marzo,3,Hombre,44
Sinaloa,1995,Marzo,3,Mujer,4
Sinaloa,1995,Abril,4,Hombre,54
Sinaloa,1995,Abril,4,Mujer,3
Sinaloa,1995,Mayo,5,Hombre,67
Sinaloa,1995,Mayo,5,Mujer,3
Sinaloa,1995,Junio,6,Hombre,47
Sinaloa,1995,Junio,6,Mujer,2
Sinaloa,1995,Julio,7,Hombre,36
Sinaloa,1995,Julio,7,Mujer,1
Sinaloa,1995,Agosto,8,Hombre,51
Sinaloa,1995,Septiembre,9,Hombre,38
Sinaloa,1995,Octubre,10,Hombre,54
Sinaloa,1995,Octubre,10,Mujer,1
Sinaloa,1995,Noviembre,11,Hombre,66
Sinaloa,1995,Noviembre,11,Mujer,4
Sinaloa,1995,Diciembre,12,Hombre,30
Sinaloa,1995,Diciembre,12,Mujer,3
Sinaloa,1996,Enero,1,Hombre,62
Sinaloa,1996,Enero,1,Mujer,2
Sinaloa,1996,Febrero,2,Hombre,53
Sinaloa,1996,Febrero,2,Mujer,4
Sinaloa,1996,Marzo,3,Hombre,58
Sinaloa,1996,Marzo,3,Mujer,1
Sinaloa,1996,Abril,4,Hombre,53
Sinaloa,1996,Abril,4,Mujer,1
Sinaloa,1996,Mayo,5,Hombre,61
Sinaloa,1996,Mayo,5,Mujer,2
Sinaloa,1996,Junio,6,Hombre,38
Sinaloa,1996,Junio,6,Mujer,3
Sinaloa,1996,Julio,7,Hombre,63
Sinaloa,1996,Julio,7,Mujer,1
Sinaloa,1996,Agosto,8,Hombre,48
Sinaloa,1996,Agosto,8,Mujer,3
Sinaloa,1996,Septiembre,9,Hombre,54
Sinaloa,1996,Septiembre,9,Mujer,1
Sinaloa,1996,Octubre,10,Hombre,51
Sinaloa,1996,Noviembre,11,Hombre,54
Sinaloa,1996,Diciembre,12,Hombre,47
Sinaloa,1996,Diciembre,12,Mujer,2
Sinaloa,1997,Enero,1,Hombre,62
Sinaloa,1997,Enero,1,Mujer,3
Sinaloa,1997,Febrero,2,Hombre,46
Sinaloa,1997,Marzo,3,Hombre,37
Sinaloa,1997,Marzo,3,Mujer,3
Sinaloa,1997,Abril,4,Hombre,50
Sinaloa,1997,Abril,4,Mujer,1
Sinaloa,1997,Mayo,5,Hombre,50
Sinaloa,1997,Junio,6,Hombre,49
Sinaloa,1997,Junio,6,Mujer,1
Sinaloa,1997,Julio,7,Hombre,57
Sinaloa,1997,Julio,7,Mujer,3
Sinaloa,1997,Agosto,8,Hombre,40
Sinaloa,1997,Agosto,8,Mujer,1
Sinaloa,1997,Septiembre,9,Hombre,49
Sinaloa,1997,Septiembre,9,Mujer,3
Sinaloa,1997,Octubre,10,Hombre,46
Sinaloa,1997,Octubre,10,Mujer,3
Sinaloa,1997,Noviembre,11,Hombre,33
Sinaloa,1997,Noviembre,11,Mujer,3
Sinaloa,1997,Diciembre,12,Hombre,60
Sinaloa,1997,Diciembre,12,Mujer,6
Sinaloa,1998,Enero,1,Hombre,51
Sinaloa,1998,Enero,1,Mujer,3
Sinaloa,1998,Febrero,2,Hombre,51
Sinaloa,1998,Febrero,2,Mujer,2
Sinaloa,1998,Marzo,3,Hombre,41
Sinaloa,1998,Marzo,3,Mujer,4
Sinaloa,1998,Abril,4,Hombre,37
Sinaloa,1998,Abril,4,Mujer,1
Sinaloa,1998,Mayo,5,Hombre,46
Sinaloa,1998,Mayo,5,Mujer,2
Sinaloa,1998,Junio,6,Hombre,29
Sinaloa,1998,Junio,6,Mujer,4
Sinaloa,1998,Julio,7,Hombre,49
Sinaloa,1998,Julio,7,Mujer,2
Sinaloa,1998,Agosto,8,Hombre,39
Sinaloa,1998,Agosto,8,Mujer,1
Sinaloa,1998,Septiembre,9,Hombre,40
Sinaloa,1998,Octubre,10,Hombre,45
Sinaloa,1998,Octubre,10,Mujer,2
Sinaloa,1998,Noviembre,11,Hombre,49
Sinaloa,1998,Noviembre,11,Mujer,6
Sinaloa,1998,Diciembre,12,Hombre,55
Sinaloa,1998,Diciembre,12,Mujer,5
Sinaloa,1999,Enero,1,Hombre,46
Sinaloa,1999,Enero,1,Mujer,4
Sinaloa,1999,Febrero,2,Hombre,44
Sinaloa,1999,Febrero,2,Mujer,3
Sinaloa,1999,Marzo,3,Hombre,46
Sinaloa,1999,Marzo,3,Mujer,4
Sinaloa,1999,Abril,4,Hombre,43
Sinaloa,1999,Abril,4,Mujer,3
Sinaloa,1999,Mayo,5,Hombre,38
Sinaloa,1999,Mayo,5,Mujer,3
Sinaloa,1999,Junio,6,Hombre,45
Sinaloa,1999,Junio,6,Mujer,5
Sinaloa,1999,Julio,7,Hombre,40
Sinaloa,1999,Julio,7,Mujer,5
Sinaloa,1999,Agosto,8,Hombre,37
Sinaloa,1999,Agosto,8,Mujer,3
Sinaloa,1999,Septiembre,9,Hombre,32
Sinaloa,1999,Septiembre,9,Mujer,2
Sinaloa,1999,Octubre,10,Hombre,41
Sinaloa,1999,Octubre,10,Mujer,4
Sinaloa,1999,Noviembre,11,Hombre,43
Sinaloa,1999,Noviembre,11,Mujer,1
Sinaloa,1999,Diciembre,12,Hombre,44
Sinaloa,1999,Diciembre,12,Mujer,3
Sinaloa,2000,Enero,1,Hombre,42
Sinaloa,2000,Enero,1,Mujer,3
Sinaloa,2000,Febrero,2,Hombre,47
Sinaloa,2000,Febrero,2,Mujer,1
Sinaloa,2000,Marzo,3,Hombre,42
Sinaloa,2000,Marzo,3,Mujer,6
Sinaloa,2000,Abril,4,Hombre,28
Sinaloa,2000,Abril,4,Mujer,2
Sinaloa,2000,Mayo,5,Hombre,44
Sinaloa,2000,Mayo,5,Mujer,1
Sinaloa,2000,Junio,6,Hombre,22
Sinaloa,2000,Junio,6,Mujer,3
Sinaloa,2000,Julio,7,Hombre,42
Sinaloa,2000,Julio,7,Mujer,5
Sinaloa,2000,Agosto,8,Hombre,25
Sinaloa,2000,Agosto,8,Mujer,2
Sinaloa,2000,Septiembre,9,Hombre,26
Sinaloa,2000,Septiembre,9,Mujer,2
Sinaloa,2000,Octubre,10,Hombre,35
Sinaloa,2000,Octubre,10,Mujer,3
Sinaloa,2000,Noviembre,11,Hombre,31
Sinaloa,2000,Noviembre,11,Mujer,1
Sinaloa,2000,Diciembre,12,Hombre,46
Sinaloa,2000,Diciembre,12,Mujer,1
Sinaloa,2001,Enero,1,Hombre,40
Sinaloa,2001,Febrero,2,Hombre,43
Sinaloa,2001,Febrero,2,Mujer,1
Sinaloa,2001,Marzo,3,Hombre,55
Sinaloa,2001,Marzo,3,Mujer,2
Sinaloa,2001,Abril,4,Hombre,36
Sinaloa,2001,Abril,4,Mujer,3
Sinaloa,2001,Mayo,5,Hombre,50
Sinaloa,2001,Mayo,5,Mujer,1
Sinaloa,2001,Junio,6,Hombre,41
Sinaloa,2001,Junio,6,Mujer,2
Sinaloa,2001,Julio,7,Hombre,44
Sinaloa,2001,Julio,7,Mujer,2
Sinaloa,2001,Agosto,8,Hombre,34
Sinaloa,2001,Agosto,8,Mujer,2
Sinaloa,2001,Septiembre,9,Hombre,38
Sinaloa,2001,Septiembre,9,Mujer,3
Sinaloa,2001,Octubre,10,Hombre,41
Sinaloa,2001,Octubre,10,Mujer,2
Sinaloa,2001,Noviembre,11,Hombre,33
Sinaloa,2001,Noviembre,11,Mujer,5
Sinaloa,2001,Diciembre,12,Hombre,21
Sinaloa,2001,Diciembre,12,Mujer,2
Sinaloa,2002,Enero,1,Hombre,36
Sinaloa,2002,Enero,1,Mujer,8
Sinaloa,2002,Febrero,2,Hombre,50
Sinaloa,2002,Febrero,2,Mujer,4
Sinaloa,2002,Marzo,3,Hombre,40
Sinaloa,2002,Abril,4,Hombre,47
Sinaloa,2002,Abril,4,Mujer,2
Sinaloa,2002,Mayo,5,Hombre,57
Sinaloa,2002,Mayo,5,Mujer,1
Sinaloa,2002,Junio,6,Hombre,25
Sinaloa,2002,Junio,6,Mujer,3
Sinaloa,2002,Julio,7,Hombre,33
Sinaloa,2002,Julio,7,Mujer,3
Sinaloa,2002,Agosto,8,Hombre,33
Sinaloa,2002,Agosto,8,Mujer,3
Sinaloa,2002,Septiembre,9,Hombre,38
Sinaloa,2002,Septiembre,9,Mujer,2
Sinaloa,2002,Octubre,10,Hombre,28
Sinaloa,2002,Octubre,10,Mujer,1
Sinaloa,2002,Noviembre,11,Hombre,31
Sinaloa,2002,Noviembre,11,Mujer,1
Sinaloa,2002,Diciembre,12,Hombre,29
Sinaloa,2002,Diciembre,12,Mujer,1
Sinaloa,2003,Enero,1,Hombre,32
Sinaloa,2003,Enero,1,Mujer,2
Sinaloa,2003,Febrero,2,Hombre,27
Sinaloa,2003,Febrero,2,Mujer,2
Sinaloa,2003,Marzo,3,Hombre,34
Sinaloa,2003,Marzo,3,Mujer,1
Sinaloa,2003,Abril,4,Hombre,30
Sinaloa,2003,Abril,4,Mujer,4
Sinaloa,2003,Mayo,5,Hombre,47
Sinaloa,2003,Mayo,5,Mujer,2
Sinaloa,2003,Junio,6,Hombre,41
Sinaloa,2003,Junio,6,Mujer,2
Sinaloa,2003,Julio,7,Hombre,40
Sinaloa,2003,Julio,7,Mujer,3
Sinaloa,2003,Agosto,8,Hombre,31
Sinaloa,2003,Agosto,8,Mujer,3
Sinaloa,2003,Septiembre,9,Hombre,34
Sinaloa,2003,Septiembre,9,Mujer,1
Sinaloa,2003,Octubre,10,Hombre,30
Sinaloa,2003,Octubre,10,Mujer,3
Sinaloa,2003,Noviembre,11,Hombre,27
Sinaloa,2003,Diciembre,12,Hombre,28
Sinaloa,2003,Diciembre,12,Mujer,3
Sinaloa,2004,Enero,1,Hombre,48
Sinaloa,2004,Enero,1,Mujer,3
Sinaloa,2004,Febrero,2,Hombre,33
Sinaloa,2004,Marzo,3,Hombre,39
Sinaloa,2004,Marzo,3,Mujer,4
Sinaloa,2004,Abril,4,Hombre,23
Sinaloa,2004,Abril,4,Mujer,3
Sinaloa,2004,Mayo,5,Hombre,18
Sinaloa,2004,Mayo,5,Mujer,5
Sinaloa,2004,Junio,6,Hombre,45
Sinaloa,2004,Julio,7,Hombre,30
Sinaloa,2004,Julio,7,Mujer,2
Sinaloa,2004,Agosto,8,Hombre,33
Sinaloa,2004,Agosto,8,Mujer,2
Sinaloa,2004,Septiembre,9,Hombre,32
Sinaloa,2004,Septiembre,9,Mujer,2
Sinaloa,2004,Octubre,10,Hombre,21
Sinaloa,2004,Octubre,10,Mujer,1
Sinaloa,2004,Noviembre,11,Hombre,23
Sinaloa,2004,Diciembre,12,Hombre,22
Sinaloa,2004,Diciembre,12,Mujer,1
Sinaloa,2005,Enero,1,Hombre,35
Sinaloa,2005,Enero,1,Mujer,1
Sinaloa,2005,Febrero,2,Hombre,44
Sinaloa,2005,Febrero,2,Mujer,3
Sinaloa,2005,Marzo,3,Hombre,15
Sinaloa,2005,Marzo,3,Mujer,3
Sinaloa,2005,Abril,4,Hombre,55
Sinaloa,2005,Abril,4,Mujer,1
Sinaloa,2005,Mayo,5,Hombre,50
Sinaloa,2005,Mayo,5,Mujer,5
Sinaloa,2005,Junio,6,Hombre,30
Sinaloa,2005,Junio,6,Mujer,2
Sinaloa,2005,Julio,7,Hombre,28
Sinaloa,2005,Julio,7,Mujer,2
Sinaloa,2005,Agosto,8,Hombre,30
Sinaloa,2005,Agosto,8,Mujer,3
Sinaloa,2005,Septiembre,9,Hombre,33
Sinaloa,2005,Septiembre,9,Mujer,1
Sinaloa,2005,Octubre,10,Hombre,29
Sinaloa,2005,Octubre,10,Mujer,1
Sinaloa,2005,Noviembre,11,Hombre,36
Sinaloa,2005,Noviembre,11,Mujer,2
Sinaloa,2005,Diciembre,12,Hombre,25
Sinaloa,2006,Enero,1,Hombre,52
Sinaloa,2006,Enero,1,Mujer,2
Sinaloa,2006,Febrero,2,Hombre,29
Sinaloa,2006,Febrero,2,Mujer,2
Sinaloa,2006,Marzo,3,Hombre,46
Sinaloa,2006,Abril,4,Hombre,26
Sinaloa,2006,Abril,4,Mujer,2
Sinaloa,2006,Mayo,5,Hombre,34
Sinaloa,2006,Mayo,5,Mujer,1
Sinaloa,2006,Junio,6,Hombre,38
Sinaloa,2006,Junio,6,Mujer,6
Sinaloa,2006,Julio,7,Hombre,32
Sinaloa,2006,Julio,7,Mujer,3
Sinaloa,2006,Agosto,8,Hombre,33
Sinaloa,2006,Agosto,8,Mujer,2
Sinaloa,2006,Septiembre,9,Hombre,45
Sinaloa,2006,Septiembre,9,Mujer,1
Sinaloa,2006,Octubre,10,Hombre,27
Sinaloa,2006,Octubre,10,Mujer,2
Sinaloa,2006,Noviembre,11,Hombre,43
Sinaloa,2006,Noviembre,11,Mujer,2
Sinaloa,2006,Diciembre,12,Hombre,32
Sinaloa,2006,Diciembre,12,Mujer,1
Sinaloa,2007,Enero,1,Hombre,42
Sinaloa,2007,Enero,1,Mujer,2
Sinaloa,2007,Febrero,2,Hombre,31
Sinaloa,2007,Febrero,2,Mujer,2
Sinaloa,2007,Marzo,3,Hombre,43
Sinaloa,2007,Marzo,3,Mujer,3
Sinaloa,2007,Abril,4,Hombre,31
Sinaloa,2007,Abril,4,Mujer,3
Sinaloa,2007,Mayo,5,Hombre,48
Sinaloa,2007,Mayo,5,Mujer,5
Sinaloa,2007,Junio,6,Hombre,38
Sinaloa,2007,Junio,6,Mujer,1
Sinaloa,2007,Julio,7,Hombre,21
Sinaloa,2007,Agosto,8,Hombre,34
Sinaloa,2007,Agosto,8,Mujer,2
Sinaloa,2007,Septiembre,9,Hombre,19
Sinaloa,2007,Septiembre,9,Mujer,2
Sinaloa,2007,Octubre,10,Hombre,25
Sinaloa,2007,Octubre,10,Mujer,2
Sinaloa,2007,Noviembre,11,Hombre,27
Sinaloa,2007,Noviembre,11,Mujer,2
Sinaloa,2007,Diciembre,12,Hombre,10
Sinaloa,2007,Diciembre,12,Mujer,5
Sinaloa,2008,Enero,1,Hombre,22
Sinaloa,2008,Febrero,2,Hombre,20
Sinaloa,2008,Febrero,2,Mujer,1
Sinaloa,2008,Marzo,3,Hombre,31
Sinaloa,2008,Abril,4,Hombre,67
Sinaloa,2008,Abril,4,Mujer,1
Sinaloa,2008,Mayo,5,Hombre,78
Sinaloa,2008,Mayo,5,Mujer,8
Sinaloa,2008,Junio,6,Hombre,77
Sinaloa,2008,Junio,6,Mujer,1
Sinaloa,2008,Julio,7,Hombre,134
Sinaloa,2008,Julio,7,Mujer,6
Sinaloa,2008,Agosto,8,Hombre,88
Sinaloa,2008,Agosto,8,Mujer,2
Sinaloa,2008,Septiembre,9,Hombre,75
Sinaloa,2008,Septiembre,9,Mujer,2
Sinaloa,2008,Octubre,10,Hombre,85
Sinaloa,2008,Octubre,10,Mujer,5
Sinaloa,2008,Noviembre,11,Hombre,55
Sinaloa,2008,Noviembre,11,Mujer,3
Sinaloa,2008,Diciembre,12,Hombre,62
Sinaloa,2008,Diciembre,12,Mujer,1
Sinaloa,2009,Enero,1,Hombre,87
Sinaloa,2009,Enero,1,Mujer,5
Sinaloa,2009,Febrero,2,Hombre,67
Sinaloa,2009,Febrero,2,Mujer,3
Sinaloa,2009,Marzo,3,Hombre,89
Sinaloa,2009,Marzo,3,Mujer,5
Sinaloa,2009,Abril,4,Hombre,73
Sinaloa,2009,Abril,4,Mujer,5
Sinaloa,2009,Mayo,5,Hombre,80
Sinaloa,2009,Mayo,5,Mujer,4
Sinaloa,2009,Junio,6,Hombre,83
Sinaloa,2009,Junio,6,Mujer,5
Sinaloa,2009,Julio,7,Hombre,107
Sinaloa,2009,Julio,7,Mujer,7
Sinaloa,2009,Agosto,8,Hombre,113
Sinaloa,2009,Agosto,8,Mujer,8
Sinaloa,2009,Septiembre,9,Hombre,140
Sinaloa,2009,Septiembre,9,Mujer,9
Sinaloa,2009,Octubre,10,Hombre,114
Sinaloa,2009,Octubre,10,Mujer,6
Sinaloa,2009,Noviembre,11,Hombre,181
Sinaloa,2009,Noviembre,11,Mujer,8
Sinaloa,2009,Diciembre,12,Hombre,191
Sinaloa,2009,Diciembre,12,Mujer,13
Sinaloa,2010,Enero,1,Hombre,182
Sinaloa,2010,Enero,1,Mujer,14
Sinaloa,2010,Febrero,2,Hombre,195
Sinaloa,2010,Febrero,2,Mujer,9
Sinaloa,2010,Marzo,3,Hombre,220
Sinaloa,2010,Marzo,3,Mujer,15
Sinaloa,2010,Abril,4,Hombre,202
Sinaloa,2010,Abril,4,Mujer,7
Sinaloa,2010,Mayo,5,Hombre,148
Sinaloa,2010,Mayo,5,Mujer,11
Sinaloa,2010,Junio,6,Hombre,175
Sinaloa,2010,Junio,6,Mujer,5
Sinaloa,2010,Julio,7,Hombre,220
Sinaloa,2010,Julio,7,Mujer,6
Sinaloa,2010,Agosto,8,Hombre,204
Sinaloa,2010,Agosto,8,Mujer,6
Sinaloa,2010,Septiembre,9,Hombre,162
Sinaloa,2010,Septiembre,9,Mujer,11
Sinaloa,2010,Octubre,10,Hombre,170
Sinaloa,2010,Octubre,10,Mujer,13
Sinaloa,2010,Noviembre,11,Hombre,123
Sinaloa,2010,Noviembre,11,Mujer,10
Sinaloa,2010,Diciembre,12,Hombre,195
Sinaloa,2010,Diciembre,12,Mujer,7
Sinaloa,2011,Enero,1,Hombre,148
Sinaloa,2011,Enero,1,Mujer,13
Sinaloa,2011,Febrero,2,Hombre,120
Sinaloa,2011,Febrero,2,Mujer,11
Sinaloa,2011,Marzo,3,Hombre,190
Sinaloa,2011,Marzo,3,Mujer,8
Sinaloa,2011,Abril,4,Hombre,155
Sinaloa,2011,Abril,4,Mujer,14
Sinaloa,2011,Mayo,5,Hombre,141
Sinaloa,2011,Mayo,5,Mujer,5
Sinaloa,2011,Junio,6,Hombre,160
Sinaloa,2011,Junio,6,Mujer,10
Sinaloa,2011,Julio,7,Hombre,141
Sinaloa,2011,Julio,7,Mujer,5
Sinaloa,2011,Agosto,8,Hombre,158
Sinaloa,2011,Agosto,8,Mujer,10
Sinaloa,2011,Septiembre,9,Hombre,129
Sinaloa,2011,Septiembre,9,Mujer,7
Sinaloa,2011,Octubre,10,Hombre,146
Sinaloa,2011,Octubre,10,Mujer,11
Sinaloa,2011,Noviembre,11,Hombre,154
Sinaloa,2011,Noviembre,11,Mujer,11
Sinaloa,2011,Diciembre,12,Hombre,153
Sinaloa,2011,Diciembre,12,Mujer,10
Sinaloa,2012,Enero,1,Hombre,88
Sinaloa,2012,Enero,1,Mujer,6
Sinaloa,2012,Febrero,2,Hombre,87
Sinaloa,2012,Febrero,2,Mujer,4
Sinaloa,2012,Marzo,3,Hombre,123
Sinaloa,2012,Marzo,3,Mujer,4
Sinaloa,2012,Abril,4,Hombre,108
Sinaloa,2012,Abril,4,Mujer,7
Sinaloa,2012,Mayo,5,Hombre,122
Sinaloa,2012,Mayo,5,Mujer,12
Sinaloa,2012,Junio,6,Hombre,134
Sinaloa,2012,Junio,6,Mujer,7
Sinaloa,2012,Julio,7,Hombre,115
Sinaloa,2012,Julio,7,Mujer,6
Sinaloa,2012,Agosto,8,Hombre,90
Sinaloa,2012,Agosto,8,Mujer,5
Sinaloa,2012,Septiembre,9,Hombre,97
Sinaloa,2012,Septiembre,9,Mujer,4
Sinaloa,2012,Octubre,10,Hombre,97
Sinaloa,2012,Octubre,10,Mujer,4
Sinaloa,2012,Noviembre,11,Hombre,87
Sinaloa,2012,Noviembre,11,Mujer,9
Sinaloa,2012,Diciembre,12,Hombre,70
Sinaloa,2012,Diciembre,12,Mujer,5
Sinaloa,2013,Enero,1,Hombre,85
Sinaloa,2013,Enero,1,Mujer,6
Sinaloa,2013,Febrero,2,Hombre,59
Sinaloa,2013,Febrero,2,Mujer,2
Sinaloa,2013,Marzo,3,Hombre,99
Sinaloa,2013,Marzo,3,Mujer,4
Sinaloa,2013,Abril,4,Hombre,104
Sinaloa,2013,Abril,4,Mujer,8
Sinaloa,2013,Mayo,5,Hombre,115
Sinaloa,2013,Mayo,5,Mujer,5
Sinaloa,2013,Junio,6,Hombre,102
Sinaloa,2013,Junio,6,Mujer,5
Sinaloa,2013,Julio,7,Hombre,76
Sinaloa,2013,Julio,7,Mujer,5
Sinaloa,2013,Agosto,8,Hombre,116
Sinaloa,2013,Agosto,8,Mujer,2
Sinaloa,2013,Septiembre,9,Hombre,108
Sinaloa,2013,Septiembre,9,Mujer,8
Sinaloa,2013,Octubre,10,Hombre,75
Sinaloa,2013,Octubre,10,Mujer,5
Sinaloa,2013,Noviembre,11,Hombre,76
Sinaloa,2013,Noviembre,11,Mujer,8
Sinaloa,2013,Diciembre,12,Hombre,74
Sinaloa,2013,Diciembre,12,Mujer,4
Sinaloa,2014,Enero,1,Hombre,99
Sinaloa,2014,Enero,1,Mujer,11
Sinaloa,2014,Febrero,2,Hombre,80
Sinaloa,2014,Febrero,2,Mujer,3
Sinaloa,2014,Marzo,3,Hombre,76
Sinaloa,2014,Marzo,3,Mujer,8
Sinaloa,2014,Abril,4,Hombre,79
Sinaloa,2014,Abril,4,Mujer,4
Sinaloa,2014,Mayo,5,Hombre,88
Sinaloa,2014,Mayo,5,Mujer,9
Sinaloa,2014,Junio,6,Hombre,98
Sinaloa,2014,Junio,6,Mujer,7
Sinaloa,2014,Julio,7,Hombre,83
Sinaloa,2014,Julio,7,Mujer,8
Sinaloa,2014,Agosto,8,Hombre,74
Sinaloa,2014,Agosto,8,Mujer,4
Sinaloa,2014,Septiembre,9,Hombre,68
Sinaloa,2014,Septiembre,9,Mujer,11
Sinaloa,2014,Octubre,10,Hombre,83
Sinaloa,2014,Octubre,10,Mujer,6
Sinaloa,2014,Noviembre,11,Hombre,69
Sinaloa,2014,Noviembre,11,Mujer,10
Sinaloa,2014,Diciembre,12,Hombre,114
Sinaloa,2014,Diciembre,12,Mujer,8
Sinaloa,2015,Enero,1,Hombre,52
Sinaloa,2015,Enero,1,Mujer,1
Sinaloa,2015,Febrero,2,Hombre,64
Sinaloa,2015,Febrero,2,Mujer,4
Sinaloa,2015,Marzo,3,Hombre,59
Sinaloa,2015,Marzo,3,Mujer,6
Sinaloa,2015,Abril,4,Hombre,64
Sinaloa,2015,Abril,4,Mujer,8
Sinaloa,2015,Mayo,5,Hombre,97
Sinaloa,2015,Mayo,5,Mujer,6
Sinaloa,2015,Junio,6,Hombre,102
Sinaloa,2015,Junio,6,Mujer,4
Sinaloa,2015,Julio,7,Hombre,82
Sinaloa,2015,Julio,7,Mujer,3
Sinaloa,2015,Agosto,8,Hombre,93
Sinaloa,2015,Agosto,8,Mujer,6
Sinaloa,2015,Septiembre,9,Hombre,75
Sinaloa,2015,Septiembre,9,Mujer,3
Sinaloa,2015,Octubre,10,Hombre,80
Sinaloa,2015,Octubre,10,Mujer,5
Sinaloa,2015,Noviembre,11,Hombre,88
Sinaloa,2015,Noviembre,11,Mujer,5
Sinaloa,2015,Diciembre,12,Hombre,117
Sinaloa,2015,Diciembre,12,Mujer,2
Sinaloa,2016,Enero,1,Hombre,64
Sinaloa,2016,Enero,1,Mujer,3
Sinaloa,2016,Febrero,2,Hombre,109
Sinaloa,2016,Febrero,2,Mujer,16
Sinaloa,2016,Marzo,3,Hombre,48
Sinaloa,2016,Marzo,3,Mujer,4
Sinaloa,2016,Abril,4,Hombre,73
Sinaloa,2016,Abril,4,Mujer,4
Sinaloa,2016,Mayo,5,Hombre,93
Sinaloa,2016,Mayo,5,Mujer,5
Sinaloa,2016,Junio,6,Hombre,79
Sinaloa,2016,Junio,6,Mujer,5
Sinaloa,2016,Julio,7,Hombre,70
Sinaloa,2016,Julio,7,Mujer,3
Sinaloa,2016,Agosto,8,Hombre,95
Sinaloa,2016,Agosto,8,Mujer,7
Sinaloa,2016,Septiembre,9,Hombre,124
Sinaloa,2016,Septiembre,9,Mujer,8
Sinaloa,2016,Octubre,10,Hombre,99
Sinaloa,2016,Octubre,10,Mujer,8
Sinaloa,2016,Noviembre,11,Hombre,100
Sinaloa,2016,Noviembre,11,Mujer,6
Sinaloa,2016,Diciembre,12,Hombre,113
Sinaloa,2016,Diciembre,12,Mujer,11
Sinaloa,2017,Enero,1,Hombre,94
Sinaloa,2017,Enero,1,Mujer,5
Sinaloa,2017,Febrero,2,Hombre,93
Sinaloa,2017,Febrero,2,Mujer,7
Sinaloa,2017,Marzo,3,Hombre,132
Sinaloa,2017,Marzo,3,Mujer,9
Sinaloa,2017,Abril,4,Hombre,127
Sinaloa,2017,Abril,4,Mujer,5
Sinaloa,2017,Mayo,5,Hombre,163
Sinaloa,2017,Mayo,5,Mujer,9
Sinaloa,2017,Junio,6,Hombre,140
Sinaloa,2017,Junio,6,Mujer,7
Sinaloa,2017,Julio,7,Hombre,159
Sinaloa,2017,Julio,7,Mujer,7
Sinaloa,2017,Agosto,8,Hombre,118
Sinaloa,2017,Agosto,8,Mujer,9
Sinaloa,2017,Septiembre,9,Hombre,101
Sinaloa,2017,Septiembre,9,Mujer,8
Sinaloa,2017,Octubre,10,Hombre,95
Sinaloa,2017,Octubre,10,Mujer,6
Sinaloa,2017,Noviembre,11,Hombre,89
Sinaloa,2017,Noviembre,11,Mujer,6
Sinaloa,2017,Diciembre,12,Hombre,91
Sinaloa,2017,Diciembre,12,Mujer,5
Sinaloa,2018,Enero,1,Hombre,75
Sinaloa,2018,Enero,1,Mujer,4
Sinaloa,2018,Febrero,2,Hombre,73
Sinaloa,2018,Febrero,2,Mujer,4
Sinaloa,2018,Marzo,3,Hombre,82
Sinaloa,2018,Marzo,3,Mujer,5
Sinaloa,2018,Abril,4,Hombre,97
Sinaloa,2018,Abril,4,Mujer,2
Sinaloa,2018,Mayo,5,Hombre,100
Sinaloa,2018,Mayo,5,Mujer,5
Sinaloa,2018,Junio,6,Hombre,103
Sinaloa,2018,Junio,6,Mujer,3
Sinaloa,2018,Julio,7,Hombre,80
Sinaloa,2018,Julio,7,Mujer,6
Sinaloa,2018,Agosto,8,Hombre,106
Sinaloa,2018,Agosto,8,Mujer,4
Sinaloa,2018,Septiembre,9,Hombre,84
Sinaloa,2018,Octubre,10,Hombre,98
Sinaloa,2018,Octubre,10,Mujer,1
Sinaloa,2018,Noviembre,11,Hombre,79
Sinaloa,2018,Noviembre,11,Mujer,2
Sinaloa,2018,Diciembre,12,Hombre,80
Sinaloa,2018,Diciembre,12,Mujer,13
Sinaloa,2019,Enero,1,Hombre,61
Sinaloa,2019,Enero,1,Mujer,7
Sinaloa,2019,Febrero,2,Hombre,57
Sinaloa,2019,Febrero,2,Mujer,3
Sinaloa,2019,Marzo,3,Hombre,77
Sinaloa,2019,Marzo,3,Mujer,1
Sinaloa,2019,Abril,4,Hombre,97
Sinaloa,2019,Abril,4,Mujer,5
Sinaloa,2019,Mayo,5,Hombre,81
Sinaloa,2019,Mayo,5,Mujer,6
Sinaloa,2019,Junio,6,Hombre,71
Sinaloa,2019,Junio,6,Mujer,2
Sinaloa,2019,Julio,7,Hombre,90
Sinaloa,2019,Julio,7,Mujer,8
Sinaloa,2019,Agosto,8,Hombre,74
Sinaloa,2019,Agosto,8,Mujer,4
Sinaloa,2019,Septiembre,9,Hombre,85
Sinaloa,2019,Septiembre,9,Mujer,6
Sinaloa,2019,Octubre,10,Hombre,89
Sinaloa,2019,Octubre,10,Mujer,5
Sinaloa,2019,Noviembre,11,Hombre,74
Sinaloa,2019,Noviembre,11,Mujer,2
Sinaloa,2019,Diciembre,12,Hombre,73
Sinaloa,2019,Diciembre,12,Mujer,4
Sinaloa,2020,Enero,1,Hombre,45
Sinaloa,2020,Enero,1,Mujer,4
Sinaloa,2020,Febrero,2,Hombre,55
Sinaloa,2020,Febrero,2,Mujer,3
Sinaloa,2020,Marzo,3,Hombre,61
Sinaloa,2020,Marzo,3,Mujer,1
Sinaloa,2020,Abril,4,Hombre,45
Sinaloa,2020,Abril,4,Mujer,2
Sinaloa,2020,Mayo,5,Hombre,57
Sinaloa,2020,Mayo,5,Mujer,4
Sinaloa,2020,Junio,6,Hombre,74
Sinaloa,2020,Junio,6,Mujer,1
Sinaloa,2020,Julio,7,Hombre,66
Sinaloa,2020,Julio,7,Mujer,2
Sinaloa,2020,Agosto,8,Hombre,56
Sinaloa,2020,Agosto,8,Mujer,2
Sinaloa,2020,Septiembre,9,Hombre,55
Sinaloa,2020,Septiembre,9,Mujer,5
Sinaloa,2020,Octubre,10,Hombre,62
Sinaloa,2020,Octubre,10,Mujer,2
Sinaloa,2020,Noviembre,11,Hombre,59
Sinaloa,2020,Noviembre,11,Mujer,6
Sinaloa,2020,Diciembre,12,Hombre,29
Sinaloa,2020,Diciembre,12,Mujer,5
Sinaloa,2021,Enero,1,Hombre,49
Sinaloa,2021,Enero,1,Mujer,2
Sinaloa,2021,Febrero,2,Hombre,53
Sinaloa,2021,Febrero,2,Mujer,4
Sinaloa,2021,Marzo,3,Hombre,42
Sinaloa,2021,Marzo,3,Mujer,4
Sinaloa,2021,Abril,4,Hombre,35
Sinaloa,2021,Mayo,5,Hombre,35
Sinaloa,2021,Mayo,5,Mujer,4
Sinaloa,2021,Junio,6,Hombre,50
Sinaloa,2021,Junio,6,Mujer,3
Sinaloa,2021,Julio,7,Hombre,43
Sinaloa,2021,Julio,7,Mujer,1
Sinaloa,2021,Agosto,8,Hombre,28
Sinaloa,2021,Agosto,8,Mujer,3
Sinaloa,2021,Septiembre,9,Hombre,32
Sinaloa,2021,Octubre,10,Hombre,26
Sinaloa,2021,Octubre,10,Mujer,5
Sinaloa,2021,Noviembre,11,Hombre,38
Sinaloa,2021,Noviembre,11,Mujer,2
Sinaloa,2021,Diciembre,12,Hombre,47
Sinaloa,2021,Diciembre,12,Mujer,3
Sinaloa,2022,Enero,1,Hombre,25
Sinaloa,2022,Enero,1,Mujer,4
Sinaloa,2022,Febrero,2,Hombre,31
Sinaloa,2022,Febrero,2,Mujer,4
Sinaloa,2022,Marzo,3,Hombre,37
Sinaloa,2022,Marzo,3,Mujer,3
Sinaloa,2022,Abril,4,Hombre,41
Sinaloa,2022,Abril,4,Mujer,2
Sinaloa,2022,Mayo,5,Hombre,51
Sinaloa,2022,Mayo,5,Mujer,5
Sinaloa,2022,Junio,6,Hombre,44
Sinaloa,2022,Junio,6,Mujer,5
Sinaloa,2022,Julio,7,Hombre,38
Sinaloa,2022,Julio,7,Mujer,3
Sinaloa,2022,Agosto,8,Hombre,42
Sinaloa,2022,Agosto,8,Mujer,2
Sinaloa,2022,Septiembre,9,Hombre,47
Sinaloa,2022,Septiembre,9,Mujer,4
Sinaloa,2022,Octubre,10,Hombre,43
Sinaloa,2022,Noviembre,11,Hombre,32
Sinaloa,2022,Noviembre,11,Mujer,3
Sinaloa,2022,Diciembre,12,Hombre,35
Sinaloa,2022,Diciembre,12,Mujer,3
Sinaloa,2023,Enero,1,Hombre,35
Sinaloa,2023,Enero,1,Mujer,2
Sinaloa,2023,Febrero,2,Hombre,39
Sinaloa,2023,Febrero,2,Mujer,2
Sinaloa,2023,Marzo,3,Hombre,46
Sinaloa,2023,Marzo,3,Mujer,2
Sinaloa,2023,Abril,4,Hombre,47
Sinaloa,2023,Abril,4,Mujer,5
Sinaloa,2023,Mayo,5,Hombre,51
Sinaloa,2023,Mayo,5,Mujer,1
Sinaloa,2023,Junio,6,Hombre,44
Sinaloa,2023,Junio,6,Mujer,10
Sinaloa,2023,Julio,7,Hombre,41
Sinaloa,2023,Julio,7,Mujer,4
Sinaloa,2023,Agosto,8,Hombre,49
Sinaloa,2023,Agosto,8,Mujer,5
Sinaloa,2023,Septiembre,9,Hombre,50
Sinaloa,2023,Octubre,10,Hombre,32
Sinaloa,2023,Octubre,10,Mujer,5
Sinaloa,2023,Noviembre,11,Hombre,31
Sinaloa,2023,Noviembre,11,Mujer,10
Sinaloa,2023,Diciembre,12,Hombre,52
Sinaloa,2023,Diciembre,12,Mujer,1
Sinaloa,2024,Enero,1,Hombre,36
Sinaloa,2024,Enero,1,Mujer,3
Sinaloa,2024,Febrero,2,Hombre,33
Sinaloa,2024,Febrero,2,Mujer,4
Sinaloa,2024,Marzo,3,Hombre,26
Sinaloa,2024,Marzo,3,Mujer,1
Sinaloa,2024,Abril,4,Hombre,25
Sinaloa,2024,Abril,4,Mujer,4
Sinaloa,2024,Mayo,5,Hombre,40
Sinaloa,2024,Mayo,5,Mujer,2
Sinaloa,2024,Junio,6,Hombre,32
Sinaloa,2024,Junio,6,Mujer,1
Sinaloa,2024,Julio,7,Hombre,39
Sinaloa,2024,Julio,7,Mujer,6
Sinaloa,2024,Agosto,8,Hombre,44
Sinaloa,2024,Agosto,8,Mujer,4
Sinaloa,2024,Septiembre,9,Hombre,102
Sinaloa,2024,Septiembre,9,Mujer,7
Sinaloa,2024,Octubre,10,Hombre,166
Sinaloa,2024,Octubre,10,Mujer,8
Sinaloa,2024,Noviembre,11,Hombre,127
Sinaloa,2024,Noviembre,11,Mujer,5
Sinaloa,2024,Diciembre,12,Hombre,169
Sinaloa,2024,Diciembre,12,Mujer,11
Sonora,1990,Enero,1,Hombre,10
Sonora,1990,Enero,1,Mujer,1
Sonora,1990,Febrero,2,Hombre,9
Sonora,1990,Marzo,3,Hombre,13
Sonora,1990,Marzo,3,Mujer,1
Sonora,1990,Abril,4,Hombre,16
Sonora,1990,Abril,4,Mujer,1
Sonora,1990,Mayo,5,Hombre,12
Sonora,1990,Mayo,5,Mujer,4
Sonora,1990,Junio,6,Hombre,16
Sonora,1990,Junio,6,Mujer,5
Sonora,1990,Julio,7,Hombre,8
Sonora,1990,Julio,7,Mujer,1
Sonora,1990,Agosto,8,Hombre,10
Sonora,1990,Agosto,8,Mujer,2
Sonora,1990,Septiembre,9,Hombre,13
Sonora,1990,Octubre,10,Hombre,13
Sonora,1990,Octubre,10,Mujer,3
Sonora,1990,Noviembre,11,Hombre,13
Sonora,1990,Diciembre,12,Hombre,10
Sonora,1990,Diciembre,12,Mujer,2
Sonora,1991,Enero,1,Hombre,11
Sonora,1991,Enero,1,Mujer,1
Sonora,1991,Febrero,2,Hombre,12
Sonora,1991,Febrero,2,Mujer,1
Sonora,1991,Marzo,3,Hombre,14
Sonora,1991,Marzo,3,Mujer,2
Sonora,1991,Abril,4,Hombre,8
Sonora,1991,Abril,4,Mujer,1
Sonora,1991,Mayo,5,Hombre,11
Sonora,1991,Mayo,5,Mujer,2
Sonora,1991,Junio,6,Hombre,6
Sonora,1991,Junio,6,Mujer,2
Sonora,1991,Julio,7,Hombre,20
Sonora,1991,Julio,7,Mujer,1
Sonora,1991,Agosto,8,Hombre,19
Sonora,1991,Agosto,8,Mujer,3
Sonora,1991,Septiembre,9,Hombre,14
Sonora,1991,Octubre,10,Hombre,11
Sonora,1991,Octubre,10,Mujer,1
Sonora,1991,Noviembre,11,Hombre,16
Sonora,1991,Diciembre,12,Hombre,22
Sonora,1991,Diciembre,12,Mujer,4
Sonora,1992,Enero,1,Hombre,24
Sonora,1992,Enero,1,Mujer,1
Sonora,1992,Febrero,2,Hombre,14
Sonora,1992,Febrero,2,Mujer,1
Sonora,1992,Marzo,3,Hombre,19
Sonora,1992,Marzo,3,Mujer,2
Sonora,1992,Abril,4,Hombre,19
Sonora,1992,Abril,4,Mujer,2
Sonora,1992,Mayo,5,Hombre,18
Sonora,1992,Mayo,5,Mujer,2
Sonora,1992,Junio,6,Hombre,20
Sonora,1992,Junio,6,Mujer,2
Sonora,1992,Julio,7,Hombre,25
Sonora,1992,Julio,7,Mujer,1
Sonora,1992,Agosto,8,Hombre,12
Sonora,1992,Agosto,8,Mujer,2
Sonora,1992,Septiembre,9,Hombre,21
Sonora,1992,Septiembre,9,Mujer,3
Sonora,1992,Octubre,10,Hombre,21
Sonora,1992,Octubre,10,Mujer,2
Sonora,1992,Noviembre,11,Hombre,11
Sonora,1992,Diciembre,12,Hombre,17
Sonora,1992,Diciembre,12,Mujer,3
Sonora,1993,Enero,1,Hombre,20
Sonora,1993,Febrero,2,Hombre,14
Sonora,1993,Marzo,3,Hombre,26
Sonora,1993,Abril,4,Hombre,15
Sonora,1993,Abril,4,Mujer,1
Sonora,1993,Mayo,5,Hombre,14
Sonora,1993,Mayo,5,Mujer,5
Sonora,1993,Junio,6,Hombre,20
Sonora,1993,Junio,6,Mujer,1
Sonora,1993,Julio,7,Hombre,15
Sonora,1993,Agosto,8,Hombre,14
Sonora,1993,Agosto,8,Mujer,1
Sonora,1993,Septiembre,9,Hombre,16
Sonora,1993,Octubre,10,Hombre,15
Sonora,1993,Noviembre,11,Hombre,12
Sonora,1993,Noviembre,11,Mujer,1
Sonora,1993,Diciembre,12,Hombre,17
Sonora,1993,Diciembre,12,Mujer,2
Sonora,1994,Enero,1,Hombre,19
Sonora,1994,Febrero,2,Hombre,12
Sonora,1994,Febrero,2,Mujer,1
Sonora,1994,Marzo,3,Hombre,25
Sonora,1994,Marzo,3,Mujer,4
Sonora,1994,Abril,4,Hombre,14
Sonora,1994,Abril,4,Mujer,3
Sonora,1994,Mayo,5,Hombre,16
Sonora,1994,Mayo,5,Mujer,1
Sonora,1994,Junio,6,Hombre,17
Sonora,1994,Junio,6,Mujer,1
Sonora,1994,Julio,7,Hombre,20
Sonora,1994,Julio,7,Mujer,1
Sonora,1994,Agosto,8,Hombre,19
Sonora,1994,Agosto,8,Mujer,2
Sonora,1994,Septiembre,9,Hombre,22
Sonora,1994,Septiembre,9,Mujer,1
Sonora,1994,Octubre,10,Hombre,24
Sonora,1994,Octubre,10,Mujer,1
Sonora,1994,Noviembre,11,Hombre,23
Sonora,1994,Noviembre,11,Mujer,2
Sonora,1994,Diciembre,12,Hombre,20
Sonora,1994,Diciembre,12,Mujer,1
Sonora,1995,Enero,1,Hombre,34
Sonora,1995,Enero,1,Mujer,1
Sonora,1995,Febrero,2,Hombre,16
Sonora,1995,Febrero,2,Mujer,2
Sonora,1995,Marzo,3,Hombre,22
Sonora,1995,Abril,4,Hombre,19
Sonora,1995,Abril,4,Mujer,1
Sonora,1995,Mayo,5,Hombre,17
Sonora,1995,Mayo,5,Mujer,1
Sonora,1995,Junio,6,Hombre,26
Sonora,1995,Julio,7,Hombre,22
Sonora,1995,Julio,7,Mujer,2
Sonora,1995,Agosto,8,Hombre,26
Sonora,1995,Agosto,8,Mujer,3
Sonora,1995,Septiembre,9,Hombre,32
Sonora,1995,Septiembre,9,Mujer,1
Sonora,1995,Octubre,10,Hombre,26
Sonora,1995,Octubre,10,Mujer,2
Sonora,1995,Noviembre,11,Hombre,25
Sonora,1995,Noviembre,11,Mujer,2
Sonora,1995,Diciembre,12,Hombre,26
Sonora,1995,Diciembre,12,Mujer,2
Sonora,1996,Enero,1,Hombre,27
Sonora,1996,Enero,1,Mujer,1
Sonora,1996,Febrero,2,Hombre,24
Sonora,1996,Febrero,2,Mujer,1
Sonora,1996,Marzo,3,Hombre,18
Sonora,1996,Abril,4,Hombre,15
Sonora,1996,Abril,4,Mujer,5
Sonora,1996,Mayo,5,Hombre,31
Sonora,1996,Mayo,5,Mujer,4
Sonora,1996,Junio,6,Hombre,37
Sonora,1996,Junio,6,Mujer,2
Sonora,1996,Julio,7,Hombre,24
Sonora,1996,Julio,7,Mujer,2
Sonora,1996,Agosto,8,Hombre,28
Sonora,1996,Agosto,8,Mujer,1
Sonora,1996,Septiembre,9,Hombre,26
Sonora,1996,Septiembre,9,Mujer,3
Sonora,1996,Octubre,10,Hombre,26
Sonora,1996,Noviembre,11,Hombre,28
Sonora,1996,Noviembre,11,Mujer,3
Sonora,1996,Diciembre,12,Hombre,22
Sonora,1997,Enero,1,Hombre,18
Sonora,1997,Enero,1,Mujer,2
Sonora,1997,Febrero,2,Hombre,17
Sonora,1997,Febrero,2,Mujer,1
Sonora,1997,Marzo,3,Hombre,29
Sonora,1997,Marzo,3,Mujer,2
Sonora,1997,Abril,4,Hombre,21
Sonora,1997,Mayo,5,Hombre,22
Sonora,1997,Mayo,5,Mujer,2
Sonora,1997,Junio,6,Hombre,31
Sonora,1997,Junio,6,Mujer,3
Sonora,1997,Julio,7,Hombre,18
Sonora,1997,Agosto,8,Hombre,22
Sonora,1997,Agosto,8,Mujer,4
Sonora,1997,Septiembre,9,Hombre,22
Sonora,1997,Octubre,10,Hombre,16
Sonora,1997,Octubre,10,Mujer,2
Sonora,1997,Noviembre,11,Hombre,23
Sonora,1997,Noviembre,11,Mujer,2
Sonora,1997,Diciembre,12,Hombre,18
Sonora,1997,Diciembre,12,Mujer,1
Sonora,1998,Enero,1,Hombre,13
Sonora,1998,Enero,1,Mujer,1
Sonora,1998,Febrero,2,Hombre,23
Sonora,1998,Febrero,2,Mujer,3
Sonora,1998,Marzo,3,Hombre,25
Sonora,1998,Marzo,3,Mujer,2
Sonora,1998,Abril,4,Hombre,34
Sonora,1998,Mayo,5,Hombre,27
Sonora,1998,Mayo,5,Mujer,3
Sonora,1998,Junio,6,Hombre,23
Sonora,1998,Junio,6,Mujer,6
Sonora,1998,Julio,7,Hombre,20
Sonora,1998,Julio,7,Mujer,4
Sonora,1998,Agosto,8,Hombre,23
Sonora,1998,Septiembre,9,Hombre,25
Sonora,1998,Octubre,10,Hombre,23
Sonora,1998,Octubre,10,Mujer,3
Sonora,1998,Noviembre,11,Hombre,10
Sonora,1998,Noviembre,11,Mujer,2
Sonora,1998,Diciembre,12,Hombre,25
Sonora,1998,Diciembre,12,Mujer,1
Sonora,1999,Enero,1,Hombre,24
Sonora,1999,Enero,1,Mujer,1
Sonora,1999,Febrero,2,Hombre,20
Sonora,1999,Febrero,2,Mujer,2
Sonora,1999,Marzo,3,Hombre,23
Sonora,1999,Abril,4,Hombre,25
Sonora,1999,Abril,4,Mujer,2
Sonora,1999,Mayo,5,Hombre,27
Sonora,1999,Mayo,5,Mujer,4
Sonora,1999,Junio,6,Hombre,14
Sonora,1999,Junio,6,Mujer,3
Sonora,1999,Julio,7,Hombre,20
Sonora,1999,Julio,7,Mujer,3
Sonora,1999,Agosto,8,Hombre,24
Sonora,1999,Agosto,8,Mujer,5
Sonora,1999,Septiembre,9,Hombre,27
Sonora,1999,Septiembre,9,Mujer,1
Sonora,1999,Octubre,10,Hombre,20
Sonora,1999,Octubre,10,Mujer,1
Sonora,1999,Noviembre,11,Hombre,16
Sonora,1999,Noviembre,11,Mujer,2
Sonora,1999,Diciembre,12,Hombre,16
Sonora,1999,Diciembre,12,Mujer,3
Sonora,2000,Enero,1,Hombre,20
Sonora,2000,Enero,1,Mujer,2
Sonora,2000,Febrero,2,Hombre,13
Sonora,2000,Marzo,3,Hombre,10
Sonora,2000,Marzo,3,Mujer,2
Sonora,2000,Abril,4,Hombre,19
Sonora,2000,Abril,4,Mujer,1
Sonora,2000,Mayo,5,Hombre,18
Sonora,2000,Junio,6,Hombre,16
Sonora,2000,Junio,6,Mujer,3
Sonora,2000,Julio,7,Hombre,20
Sonora,2000,Julio,7,Mujer,2
Sonora,2000,Agosto,8,Hombre,14
Sonora,2000,Septiembre,9,Hombre,16
Sonora,2000,Octubre,10,Hombre,16
Sonora,2000,Octubre,10,Mujer,1
Sonora,2000,Noviembre,11,Hombre,10
Sonora,2000,Noviembre,11,Mujer,3
Sonora,2000,Diciembre,12,Hombre,16
Sonora,2001,Enero,1,Hombre,17
Sonora,2001,Enero,1,Mujer,1
Sonora,2001,Febrero,2,Hombre,18
Sonora,2001,Febrero,2,Mujer,1
Sonora,2001,Marzo,3,Hombre,19
Sonora,2001,Marzo,3,Mujer,1
Sonora,2001,Abril,4,Hombre,22
Sonora,2001,Mayo,5,Hombre,21
Sonora,2001,Junio,6,Hombre,21
Sonora,2001,Junio,6,Mujer,3
Sonora,2001,Julio,7,Hombre,21
Sonora,2001,Julio,7,Mujer,4
Sonora,2001,Agosto,8,Hombre,22
Sonora,2001,Septiembre,9,Hombre,22
Sonora,2001,Septiembre,9,Mujer,1
Sonora,2001,Octubre,10,Hombre,19
Sonora,2001,Octubre,10,Mujer,2
Sonora,2001,Noviembre,11,Hombre,11
Sonora,2001,Noviembre,11,Mujer,5
Sonora,2001,Diciembre,12,Hombre,21
Sonora,2001,Diciembre,12,Mujer,2
Sonora,2002,Enero,1,Hombre,17
Sonora,2002,Enero,1,Mujer,2
Sonora,2002,Febrero,2,Hombre,10
Sonora,2002,Febrero,2,Mujer,3
Sonora,2002,Marzo,3,Hombre,16
Sonora,2002,Marzo,3,Mujer,1
Sonora,2002,Abril,4,Hombre,12
Sonora,2002,Abril,4,Mujer,6
Sonora,2002,Mayo,5,Hombre,12
Sonora,2002,Mayo,5,Mujer,1
Sonora,2002,Junio,6,Hombre,19
Sonora,2002,Junio,6,Mujer,3
Sonora,2002,Julio,7,Hombre,24
Sonora,2002,Agosto,8,Hombre,18
Sonora,2002,Septiembre,9,Hombre,14
Sonora,2002,Septiembre,9,Mujer,3
Sonora,2002,Octubre,10,Hombre,11
Sonora,2002,Octubre,10,Mujer,3
Sonora,2002,Noviembre,11,Hombre,18
Sonora,2002,Noviembre,11,Mujer,2
Sonora,2002,Diciembre,12,Hombre,14
Sonora,2002,Diciembre,12,Mujer,4
Sonora,2003,Enero,1,Hombre,12
Sonora,2003,Febrero,2,Hombre,15
Sonora,2003,Marzo,3,Hombre,19
Sonora,2003,Marzo,3,Mujer,1
Sonora,2003,Abril,4,Hombre,17
Sonora,2003,Abril,4,Mujer,1
Sonora,2003,Mayo,5,Hombre,21
Sonora,2003,Mayo,5,Mujer,2
Sonora,2003,Junio,6,Hombre,17
Sonora,2003,Junio,6,Mujer,4
Sonora,2003,Julio,7,Hombre,22
Sonora,2003,Julio,7,Mujer,2
Sonora,2003,Agosto,8,Hombre,19
Sonora,2003,Agosto,8,Mujer,1
Sonora,2003,Septiembre,9,Hombre,24
Sonora,2003,Septiembre,9,Mujer,3
Sonora,2003,Octubre,10,Hombre,15
Sonora,2003,Octubre,10,Mujer,2
Sonora,2003,Noviembre,11,Hombre,9
Sonora,2003,Noviembre,11,Mujer,3
Sonora,2003,Diciembre,12,Hombre,17
Sonora,2003,Diciembre,12,Mujer,2
Sonora,2004,Enero,1,Hombre,13
Sonora,2004,Enero,1,Mujer,1
Sonora,2004,Febrero,2,Hombre,24
Sonora,2004,Febrero,2,Mujer,2
Sonora,2004,Marzo,3,Hombre,15
Sonora,2004,Marzo,3,Mujer,3
Sonora,2004,Abril,4,Hombre,21
Sonora,2004,Abril,4,Mujer,1
Sonora,2004,Mayo,5,Hombre,21
Sonora,2004,Mayo,5,Mujer,1
Sonora,2004,Junio,6,Hombre,23
Sonora,2004,Junio,6,Mujer,3
Sonora,2004,Julio,7,Hombre,18
Sonora,2004,Agosto,8,Hombre,8
Sonora,2004,Agosto,8,Mujer,4
Sonora,2004,Septiembre,9,Hombre,21
Sonora,2004,Septiembre,9,Mujer,3
Sonora,2004,Octubre,10,Hombre,14
Sonora,2004,Octubre,10,Mujer,2
Sonora,2004,Noviembre,11,Hombre,15
Sonora,2004,Noviembre,11,Mujer,1
Sonora,2004,Diciembre,12,Hombre,32
Sonora,2004,Diciembre,12,Mujer,2
Sonora,2005,Enero,1,Hombre,14
Sonora,2005,Enero,1,Mujer,4
Sonora,2005,Febrero,2,Hombre,9
Sonora,2005,Febrero,2,Mujer,2
Sonora,2005,Marzo,3,Hombre,22
Sonora,2005,Abril,4,Hombre,21
Sonora,2005,Abril,4,Mujer,3
Sonora,2005,Mayo,5,Hombre,26
Sonora,2005,Mayo,5,Mujer,3
Sonora,2005,Junio,6,Hombre,24
Sonora,2005,Junio,6,Mujer,2
Sonora,2005,Julio,7,Hombre,16
Sonora,2005,Julio,7,Mujer,3
Sonora,2005,Agosto,8,Hombre,13
Sonora,2005,Agosto,8,Mujer,2
Sonora,2005,Septiembre,9,Hombre,16
Sonora,2005,Septiembre,9,Mujer,5
Sonora,2005,Octubre,10,Hombre,20
Sonora,2005,Octubre,10,Mujer,1
Sonora,2005,Noviembre,11,Hombre,25
Sonora,2005,Noviembre,11,Mujer,1
Sonora,2005,Diciembre,12,Hombre,20
Sonora,2005,Diciembre,12,Mujer,2
Sonora,2006,Enero,1,Hombre,26
Sonora,2006,Enero,1,Mujer,1
Sonora,2006,Febrero,2,Hombre,13
Sonora,2006,Febrero,2,Mujer,3
Sonora,2006,Marzo,3,Hombre,19
Sonora,2006,Marzo,3,Mujer,1
Sonora,2006,Abril,4,Hombre,18
Sonora,2006,Abril,4,Mujer,2
Sonora,2006,Mayo,5,Hombre,25
Sonora,2006,Junio,6,Hombre,24
Sonora,2006,Junio,6,Mujer,4
Sonora,2006,Julio,7,Hombre,17
Sonora,2006,Julio,7,Mujer,3
Sonora,2006,Agosto,8,Hombre,20
Sonora,2006,Agosto,8,Mujer,3
Sonora,2006,Septiembre,9,Hombre,18
Sonora,2006,Septiembre,9,Mujer,2
Sonora,2006,Octubre,10,Hombre,16
Sonora,2006,Noviembre,11,Hombre,12
Sonora,2006,Noviembre,11,Mujer,3
Sonora,2006,Diciembre,12,Hombre,16
Sonora,2006,Diciembre,12,Mujer,5
Sonora,2007,Enero,1,Hombre,15
Sonora,2007,Enero,1,Mujer,3
Sonora,2007,Febrero,2,Hombre,28
Sonora,2007,Febrero,2,Mujer,3
Sonora,2007,Marzo,3,Hombre,35
Sonora,2007,Marzo,3,Mujer,2
Sonora,2007,Abril,4,Hombre,32
Sonora,2007,Abril,4,Mujer,3
Sonora,2007,Mayo,5,Hombre,49
Sonora,2007,Mayo,5,Mujer,3
Sonora,2007,Junio,6,Hombre,17
Sonora,2007,Junio,6,Mujer,1
Sonora,2007,Julio,7,Hombre,19
Sonora,2007,Julio,7,Mujer,4
Sonora,2007,Agosto,8,Hombre,22
Sonora,2007,Agosto,8,Mujer,3
Sonora,2007,Septiembre,9,Hombre,20
Sonora,2007,Septiembre,9,Mujer,1
Sonora,2007,Octubre,10,Hombre,19
Sonora,2007,Octubre,10,Mujer,1
Sonora,2007,Noviembre,11,Hombre,21
Sonora,2007,Noviembre,11,Mujer,2
Sonora,2007,Diciembre,12,Hombre,13
Sonora,2007,Diciembre,12,Mujer,1
Sonora,2008,Enero,1,Hombre,18
Sonora,2008,Enero,1,Mujer,5
Sonora,2008,Febrero,2,Hombre,15
Sonora,2008,Febrero,2,Mujer,2
Sonora,2008,Marzo,3,Hombre,21
Sonora,2008,Marzo,3,Mujer,5
Sonora,2008,Abril,4,Hombre,21
Sonora,2008,Abril,4,Mujer,2
Sonora,2008,Mayo,5,Hombre,35
Sonora,2008,Mayo,5,Mujer,1
Sonora,2008,Junio,6,Hombre,24
Sonora,2008,Junio,6,Mujer,2
Sonora,2008,Julio,7,Hombre,34
Sonora,2008,Julio,7,Mujer,2
Sonora,2008,Agosto,8,Hombre,46
Sonora,2008,Agosto,8,Mujer,4
Sonora,2008,Septiembre,9,Hombre,37
Sonora,2008,Septiembre,9,Mujer,2
Sonora,2008,Octubre,10,Hombre,57
Sonora,2008,Octubre,10,Mujer,3
Sonora,2008,Noviembre,11,Hombre,39
Sonora,2008,Noviembre,11,Mujer,4
Sonora,2008,Diciembre,12,Hombre,40
Sonora,2008,Diciembre,12,Mujer,5
Sonora,2009,Enero,1,Hombre,28
Sonora,2009,Enero,1,Mujer,6
Sonora,2009,Febrero,2,Hombre,33
Sonora,2009,Febrero,2,Mujer,3
Sonora,2009,Marzo,3,Hombre,25
Sonora,2009,Marzo,3,Mujer,7
Sonora,2009,Abril,4,Hombre,42
Sonora,2009,Abril,4,Mujer,5
Sonora,2009,Mayo,5,Hombre,34
Sonora,2009,Mayo,5,Mujer,5
Sonora,2009,Junio,6,Hombre,48
Sonora,2009,Junio,6,Mujer,4
Sonora,2009,Julio,7,Hombre,30
Sonora,2009,Julio,7,Mujer,4
Sonora,2009,Agosto,8,Hombre,45
Sonora,2009,Agosto,8,Mujer,2
Sonora,2009,Septiembre,9,Hombre,35
Sonora,2009,Septiembre,9,Mujer,7
Sonora,2009,Octubre,10,Hombre,35
Sonora,2009,Octubre,10,Mujer,6
Sonora,2009,Noviembre,11,Hombre,47
Sonora,2009,Noviembre,11,Mujer,7
Sonora,2009,Diciembre,12,Hombre,82
Sonora,2009,Diciembre,12,Mujer,5
Sonora,2010,Enero,1,Hombre,60
Sonora,2010,Enero,1,Mujer,8
Sonora,2010,Febrero,2,Hombre,50
Sonora,2010,Febrero,2,Mujer,8
Sonora,2010,Marzo,3,Hombre,59
Sonora,2010,Marzo,3,Mujer,1
Sonora,2010,Abril,4,Hombre,46
Sonora,2010,Abril,4,Mujer,1
Sonora,2010,Mayo,5,Hombre,56
Sonora,2010,Mayo,5,Mujer,7
Sonora,2010,Junio,6,Hombre,43
Sonora,2010,Junio,6,Mujer,1
Sonora,2010,Julio,7,Hombre,75
Sonora,2010,Julio,7,Mujer,2
Sonora,2010,Agosto,8,Hombre,56
Sonora,2010,Agosto,8,Mujer,6
Sonora,2010,Septiembre,9,Hombre,47
Sonora,2010,Septiembre,9,Mujer,5
Sonora,2010,Octubre,10,Hombre,49
Sonora,2010,Octubre,10,Mujer,3
Sonora,2010,Noviembre,11,Hombre,41
Sonora,2010,Noviembre,11,Mujer,5
Sonora,2010,Diciembre,12,Hombre,51
Sonora,2010,Diciembre,12,Mujer,3
Sonora,2011,Enero,1,Hombre,58
Sonora,2011,Enero,1,Mujer,2
Sonora,2011,Febrero,2,Hombre,39
Sonora,2011,Febrero,2,Mujer,2
Sonora,2011,Marzo,3,Hombre,41
Sonora,2011,Marzo,3,Mujer,5
Sonora,2011,Abril,4,Hombre,40
Sonora,2011,Abril,4,Mujer,4
Sonora,2011,Mayo,5,Hombre,37
Sonora,2011,Mayo,5,Mujer,3
Sonora,2011,Junio,6,Hombre,41
Sonora,2011,Junio,6,Mujer,6
Sonora,2011,Julio,7,Hombre,37
Sonora,2011,Julio,7,Mujer,7
Sonora,2011,Agosto,8,Hombre,20
Sonora,2011,Agosto,8,Mujer,6
Sonora,2011,Septiembre,9,Hombre,41
Sonora,2011,Septiembre,9,Mujer,1
Sonora,2011,Octubre,10,Hombre,40
Sonora,2011,Octubre,10,Mujer,3
Sonora,2011,Noviembre,11,Hombre,30
Sonora,2011,Noviembre,11,Mujer,11
Sonora,2011,Diciembre,12,Hombre,32
Sonora,2011,Diciembre,12,Mujer,2
Sonora,2012,Enero,1,Hombre,43
Sonora,2012,Enero,1,Mujer,4
Sonora,2012,Febrero,2,Hombre,26
Sonora,2012,Febrero,2,Mujer,3
Sonora,2012,Marzo,3,Hombre,25
Sonora,2012,Marzo,3,Mujer,3
Sonora,2012,Abril,4,Hombre,35
Sonora,2012,Abril,4,Mujer,5
Sonora,2012,Mayo,5,Hombre,44
Sonora,2012,Mayo,5,Mujer,5
Sonora,2012,Junio,6,Hombre,48
Sonora,2012,Junio,6,Mujer,5
Sonora,2012,Julio,7,Hombre,38
Sonora,2012,Julio,7,Mujer,2
Sonora,2012,Agosto,8,Hombre,53
Sonora,2012,Agosto,8,Mujer,3
Sonora,2012,Septiembre,9,Hombre,36
Sonora,2012,Septiembre,9,Mujer,3
Sonora,2012,Octubre,10,Hombre,26
Sonora,2012,Octubre,10,Mujer,4
Sonora,2012,Noviembre,11,Hombre,37
Sonora,2012,Noviembre,11,Mujer,2
Sonora,2012,Diciembre,12,Hombre,46
Sonora,2012,Diciembre,12,Mujer,1
Sonora,2013,Enero,1,Hombre,37
Sonora,2013,Enero,1,Mujer,5
Sonora,2013,Febrero,2,Hombre,35
Sonora,2013,Febrero,2,Mujer,4
Sonora,2013,Marzo,3,Hombre,52
Sonora,2013,Marzo,3,Mujer,6
Sonora,2013,Abril,4,Hombre,52
Sonora,2013,Mayo,5,Hombre,54
Sonora,2013,Mayo,5,Mujer,5
Sonora,2013,Junio,6,Hombre,53
Sonora,2013,Junio,6,Mujer,5
Sonora,2013,Julio,7,Hombre,41
Sonora,2013,Julio,7,Mujer,6
Sonora,2013,Agosto,8,Hombre,40
Sonora,2013,Agosto,8,Mujer,1
Sonora,2013,Septiembre,9,Hombre,56
Sonora,2013,Septiembre,9,Mujer,9
Sonora,2013,Octubre,10,Hombre,42
Sonora,2013,Octubre,10,Mujer,5
Sonora,2013,Noviembre,11,Hombre,52
Sonora,2013,Noviembre,11,Mujer,4
Sonora,2013,Diciembre,12,Hombre,49
Sonora,2013,Diciembre,12,Mujer,3
Sonora,2014,Enero,1,Hombre,56
Sonora,2014,Enero,1,Mujer,9
Sonora,2014,Febrero,2,Hombre,51
Sonora,2014,Febrero,2,Mujer,5
Sonora,2014,Marzo,3,Hombre,70
Sonora,2014,Marzo,3,Mujer,2
Sonora,2014,Abril,4,Hombre,47
Sonora,2014,Abril,4,Mujer,4
Sonora,2014,Mayo,5,Hombre,62
Sonora,2014,Mayo,5,Mujer,5
Sonora,2014,Junio,6,Hombre,39
Sonora,2014,Junio,6,Mujer,5
Sonora,2014,Julio,7,Hombre,45
Sonora,2014,Julio,7,Mujer,4
Sonora,2014,Agosto,8,Hombre,40
Sonora,2014,Agosto,8,Mujer,3
Sonora,2014,Septiembre,9,Hombre,41
Sonora,2014,Septiembre,9,Mujer,8
Sonora,2014,Octubre,10,Hombre,59
Sonora,2014,Octubre,10,Mujer,2
Sonora,2014,Noviembre,11,Hombre,36
Sonora,2014,Noviembre,11,Mujer,6
Sonora,2014,Diciembre,12,Hombre,40
Sonora,2014,Diciembre,12,Mujer,1
Sonora,2015,Enero,1,Hombre,37
Sonora,2015,Enero,1,Mujer,5
Sonora,2015,Febrero,2,Hombre,37
Sonora,2015,Febrero,2,Mujer,4
Sonora,2015,Marzo,3,Hombre,45
Sonora,2015,Marzo,3,Mujer,5
Sonora,2015,Abril,4,Hombre,35
Sonora,2015,Abril,4,Mujer,3
Sonora,2015,Mayo,5,Hombre,46
Sonora,2015,Mayo,5,Mujer,5
Sonora,2015,Junio,6,Hombre,46
Sonora,2015,Junio,6,Mujer,8
Sonora,2015,Julio,7,Hombre,57
Sonora,2015,Julio,7,Mujer,5
Sonora,2015,Agosto,8,Hombre,53
Sonora,2015,Agosto,8,Mujer,3
Sonora,2015,Septiembre,9,Hombre,32
Sonora,2015,Septiembre,9,Mujer,8
Sonora,2015,Octubre,10,Hombre,37
Sonora,2015,Octubre,10,Mujer,7
Sonora,2015,Noviembre,11,Hombre,25
Sonora,2015,Noviembre,11,Mujer,7
Sonora,2015,Diciembre,12,Hombre,28
Sonora,2015,Diciembre,12,Mujer,5
Sonora,2016,Enero,1,Hombre,39
Sonora,2016,Enero,1,Mujer,1
Sonora,2016,Febrero,2,Hombre,52
Sonora,2016,Febrero,2,Mujer,4
Sonora,2016,Marzo,3,Hombre,45
Sonora,2016,Marzo,3,Mujer,1
Sonora,2016,Abril,4,Hombre,30
Sonora,2016,Abril,4,Mujer,8
Sonora,2016,Mayo,5,Hombre,37
Sonora,2016,Mayo,5,Mujer,2
Sonora,2016,Junio,6,Hombre,42
Sonora,2016,Junio,6,Mujer,8
Sonora,2016,Julio,7,Hombre,49
Sonora,2016,Julio,7,Mujer,3
Sonora,2016,Agosto,8,Hombre,49
Sonora,2016,Agosto,8,Mujer,4
Sonora,2016,Septiembre,9,Hombre,51
Sonora,2016,Septiembre,9,Mujer,2
Sonora,2016,Octubre,10,Hombre,31
Sonora,2016,Octubre,10,Mujer,7
Sonora,2016,Noviembre,11,Hombre,44
Sonora,2016,Noviembre,11,Mujer,8
Sonora,2016,Diciembre,12,Hombre,43
Sonora,2016,Diciembre,12,Mujer,4
Sonora,2017,Enero,1,Hombre,60
Sonora,2017,Enero,1,Mujer,3
Sonora,2017,Febrero,2,Hombre,45
Sonora,2017,Febrero,2,Mujer,4
Sonora,2017,Marzo,3,Hombre,43
Sonora,2017,Marzo,3,Mujer,1
Sonora,2017,Abril,4,Hombre,56
Sonora,2017,Abril,4,Mujer,3
Sonora,2017,Mayo,5,Hombre,66
Sonora,2017,Mayo,5,Mujer,7
Sonora,2017,Junio,6,Hombre,68
Sonora,2017,Junio,6,Mujer,10
Sonora,2017,Julio,7,Hombre,39
Sonora,2017,Julio,7,Mujer,8
Sonora,2017,Agosto,8,Hombre,43
Sonora,2017,Agosto,8,Mujer,9
Sonora,2017,Septiembre,9,Hombre,65
Sonora,2017,Septiembre,9,Mujer,6
Sonora,2017,Octubre,10,Hombre,68
Sonora,2017,Octubre,10,Mujer,3
Sonora,2017,Noviembre,11,Hombre,56
Sonora,2017,Noviembre,11,Mujer,7
Sonora,2017,Diciembre,12,Hombre,52
Sonora,2017,Diciembre,12,Mujer,2
Sonora,2018,Enero,1,Hombre,45
Sonora,2018,Enero,1,Mujer,2
Sonora,2018,Febrero,2,Hombre,36
Sonora,2018,Febrero,2,Mujer,6
Sonora,2018,Marzo,3,Hombre,62
Sonora,2018,Marzo,3,Mujer,1
Sonora,2018,Abril,4,Hombre,58
Sonora,2018,Abril,4,Mujer,6
Sonora,2018,Mayo,5,Hombre,58
Sonora,2018,Mayo,5,Mujer,10
Sonora,2018,Junio,6,Hombre,59
Sonora,2018,Junio,6,Mujer,2
Sonora,2018,Julio,7,Hombre,74
Sonora,2018,Julio,7,Mujer,3
Sonora,2018,Agosto,8,Hombre,97
Sonora,2018,Agosto,8,Mujer,4
Sonora,2018,Septiembre,9,Hombre,113
Sonora,2018,Septiembre,9,Mujer,5
Sonora,2018,Octubre,10,Hombre,83
Sonora,2018,Octubre,10,Mujer,8
Sonora,2018,Noviembre,11,Hombre,64
Sonora,2018,Noviembre,11,Mujer,5
Sonora,2018,Diciembre,12,Hombre,71
Sonora,2018,Diciembre,12,Mujer,10
Sonora,2019,Enero,1,Hombre,71
Sonora,2019,Enero,1,Mujer,5
Sonora,2019,Febrero,2,Hombre,61
Sonora,2019,Febrero,2,Mujer,10
Sonora,2019,Marzo,3,Hombre,59
Sonora,2019,Marzo,3,Mujer,15
Sonora,2019,Abril,4,Hombre,66
Sonora,2019,Abril,4,Mujer,4
Sonora,2019,Mayo,5,Hombre,75
Sonora,2019,Mayo,5,Mujer,9
Sonora,2019,Junio,6,Hombre,127
Sonora,2019,Junio,6,Mujer,10
Sonora,2019,Julio,7,Hombre,113
Sonora,2019,Julio,7,Mujer,6
Sonora,2019,Agosto,8,Hombre,118
Sonora,2019,Agosto,8,Mujer,8
Sonora,2019,Septiembre,9,Hombre,92
Sonora,2019,Septiembre,9,Mujer,9
Sonora,2019,Octubre,10,Hombre,114
Sonora,2019,Octubre,10,Mujer,6
Sonora,2019,Noviembre,11,Hombre,119
Sonora,2019,Noviembre,11,Mujer,13
Sonora,2019,Diciembre,12,Hombre,135
Sonora,2019,Diciembre,12,Mujer,19
Sonora,2020,Enero,1,Hombre,106
Sonora,2020,Enero,1,Mujer,12
Sonora,2020,Febrero,2,Hombre,106
Sonora,2020,Febrero,2,Mujer,4
Sonora,2020,Marzo,3,Hombre,90
Sonora,2020,Marzo,3,Mujer,4
Sonora,2020,Abril,4,Hombre,102
Sonora,2020,Abril,4,Mujer,12
Sonora,2020,Mayo,5,Hombre,123
Sonora,2020,Mayo,5,Mujer,4
Sonora,2020,Junio,6,Hombre,110
Sonora,2020,Junio,6,Mujer,6
Sonora,2020,Julio,7,Hombre,113
Sonora,2020,Julio,7,Mujer,8
Sonora,2020,Agosto,8,Hombre,128
Sonora,2020,Agosto,8,Mujer,6
Sonora,2020,Septiembre,9,Hombre,127
Sonora,2020,Septiembre,9,Mujer,8
Sonora,2020,Octubre,10,Hombre,120
Sonora,2020,Octubre,10,Mujer,8
Sonora,2020,Noviembre,11,Hombre,117
Sonora,2020,Noviembre,11,Mujer,7
Sonora,2020,Diciembre,12,Hombre,133
Sonora,2020,Diciembre,12,Mujer,9
Sonora,2021,Enero,1,Hombre,123
Sonora,2021,Enero,1,Mujer,6
Sonora,2021,Febrero,2,Hombre,100
Sonora,2021,Febrero,2,Mujer,8
Sonora,2021,Marzo,3,Hombre,165
Sonora,2021,Marzo,3,Mujer,20
Sonora,2021,Abril,4,Hombre,174
Sonora,2021,Abril,4,Mujer,11
Sonora,2021,Mayo,5,Hombre,152
Sonora,2021,Mayo,5,Mujer,20
Sonora,2021,Junio,6,Hombre,140
Sonora,2021,Junio,6,Mujer,9
Sonora,2021,Julio,7,Hombre,160
Sonora,2021,Julio,7,Mujer,14
Sonora,2021,Agosto,8,Hombre,137
Sonora,2021,Agosto,8,Mujer,16
Sonora,2021,Septiembre,9,Hombre,159
Sonora,2021,Septiembre,9,Mujer,10
Sonora,2021,Octubre,10,Hombre,145
Sonora,2021,Octubre,10,Mujer,10
Sonora,2021,Noviembre,11,Hombre,113
Sonora,2021,Noviembre,11,Mujer,10
Sonora,2021,Diciembre,12,Hombre,149
Sonora,2021,Diciembre,12,Mujer,15
Sonora,2022,Enero,1,Hombre,119
Sonora,2022,Enero,1,Mujer,5
Sonora,2022,Febrero,2,Hombre,93
Sonora,2022,Febrero,2,Mujer,11
Sonora,2022,Marzo,3,Hombre,137
Sonora,2022,Marzo,3,Mujer,10
Sonora,2022,Abril,4,Hombre,110
Sonora,2022,Abril,4,Mujer,15
Sonora,2022,Mayo,5,Hombre,145
Sonora,2022,Mayo,5,Mujer,18
Sonora,2022,Junio,6,Hombre,129
Sonora,2022,Junio,6,Mujer,10
Sonora,2022,Julio,7,Hombre,110
Sonora,2022,Julio,7,Mujer,7
Sonora,2022,Agosto,8,Hombre,109
Sonora,2022,Agosto,8,Mujer,7
Sonora,2022,Septiembre,9,Hombre,121
Sonora,2022,Septiembre,9,Mujer,16
Sonora,2022,Octubre,10,Hombre,113
Sonora,2022,Octubre,10,Mujer,9
Sonora,2022,Noviembre,11,Hombre,112
Sonora,2022,Noviembre,11,Mujer,13
Sonora,2022,Diciembre,12,Hombre,176
Sonora,2022,Diciembre,12,Mujer,23
Sonora,2023,Enero,1,Hombre,100
Sonora,2023,Enero,1,Mujer,16
Sonora,2023,Febrero,2,Hombre,107
Sonora,2023,Febrero,2,Mujer,9
Sonora,2023,Marzo,3,Hombre,146
Sonora,2023,Marzo,3,Mujer,15
Sonora,2023,Abril,4,Hombre,73
Sonora,2023,Abril,4,Mujer,7
Sonora,2023,Mayo,5,Hombre,100
Sonora,2023,Mayo,5,Mujer,7
Sonora,2023,Junio,6,Hombre,108
Sonora,2023,Junio,6,Mujer,11
Sonora,2023,Julio,7,Hombre,92
Sonora,2023,Julio,7,Mujer,10
Sonora,2023,Agosto,8,Hombre,115
Sonora,2023,Agosto,8,Mujer,16
Sonora,2023,Septiembre,9,Hombre,101
Sonora,2023,Septiembre,9,Mujer,12
Sonora,2023,Octubre,10,Hombre,94
Sonora,2023,Octubre,10,Mujer,19
Sonora,2023,Noviembre,11,Hombre,108
Sonora,2023,Noviembre,11,Mujer,12
Sonora,2023,Diciembre,12,Hombre,126
Sonora,2023,Diciembre,12,Mujer,16
Sonora,2024,Enero,1,Hombre,106
Sonora,2024,Enero,1,Mujer,10
Sonora,2024,Febrero,2,Hombre,97
Sonora,2024,Febrero,2,Mujer,16
Sonora,2024,Marzo,3,Hombre,93
Sonora,2024,Marzo,3,Mujer,6
Sonora,2024,Abril,4,Hombre,107
Sonora,2024,Abril,4,Mujer,7
Sonora,2024,Mayo,5,Hombre,103
Sonora,2024,Mayo,5,Mujer,9
Sonora,2024,Junio,6,Hombre,130
Sonora,2024,Junio,6,Mujer,12
Sonora,2024,Julio,7,Hombre,127
Sonora,2024,Julio,7,Mujer,6
Sonora,2024,Agosto,8,Hombre,113
Sonora,2024,Agosto,8,Mujer,9
Sonora,2024,Septiembre,9,Hombre,143
Sonora,2024,Septiembre,9,Mujer,11
Sonora,2024,Octubre,10,Hombre,112
Sonora,2024,Octubre,10,Mujer,9
Sonora,2024,Noviembre,11,Hombre,123
Sonora,2024,Noviembre,11,Mujer,11
Sonora,2024,Diciembre,12,Hombre,113
Sonora,2024,Diciembre,12,Mujer,3
Tabasco,1990,Enero,1,Hombre,13
Tabasco,1990,Enero,1,Mujer,1
Tabasco,1990,Febrero,2,Hombre,13
Tabasco,1990,Marzo,3,Hombre,7
Tabasco,1990,Marzo,3,Mujer,1
Tabasco,1990,Abril,4,Hombre,8
Tabasco,1990,Mayo,5,Hombre,10
Tabasco,1990,Junio,6,Hombre,12
Tabasco,1990,Junio,6,Mujer,3
Tabasco,1990,Julio,7,Hombre,10
Tabasco,1990,Julio,7,Mujer,2
Tabasco,1990,Agosto,8,Hombre,8
Tabasco,1990,Septiembre,9,Hombre,11
Tabasco,1990,Septiembre,9,Mujer,2
Tabasco,1990,Octubre,10,Hombre,7
Tabasco,1990,Octubre,10,Mujer,1
Tabasco,1990,Noviembre,11,Hombre,7
Tabasco,1990,Diciembre,12,Hombre,11
Tabasco,1991,Enero,1,Hombre,6
Tabasco,1991,Enero,1,Mujer,1
Tabasco,1991,Febrero,2,Hombre,6
Tabasco,1991,Marzo,3,Hombre,11
Tabasco,1991,Abril,4,Hombre,3
Tabasco,1991,Abril,4,Mujer,3
Tabasco,1991,Mayo,5,Hombre,10
Tabasco,1991,Junio,6,Hombre,4
Tabasco,1991,Junio,6,Mujer,1
Tabasco,1991,Julio,7,Hombre,7
Tabasco,1991,Julio,7,Mujer,2
Tabasco,1991,Agosto,8,Hombre,12
Tabasco,1991,Agosto,8,Mujer,3
Tabasco,1991,Septiembre,9,Hombre,8
Tabasco,1991,Septiembre,9,Mujer,5
Tabasco,1991,Octubre,10,Hombre,12
Tabasco,1991,Octubre,10,Mujer,1
Tabasco,1991,Noviembre,11,Hombre,5
Tabasco,1991,Noviembre,11,Mujer,2
Tabasco,1991,Diciembre,12,Hombre,9
Tabasco,1992,Enero,1,Hombre,11
Tabasco,1992,Febrero,2,Hombre,7
Tabasco,1992,Marzo,3,Hombre,9
Tabasco,1992,Marzo,3,Mujer,4
Tabasco,1992,Abril,4,Hombre,10
Tabasco,1992,Mayo,5,Hombre,13
Tabasco,1992,Junio,6,Hombre,9
Tabasco,1992,Julio,7,Hombre,8
Tabasco,1992,Julio,7,Mujer,1
Tabasco,1992,Agosto,8,Hombre,6
Tabasco,1992,Agosto,8,Mujer,1
Tabasco,1992,Septiembre,9,Hombre,11
Tabasco,1992,Octubre,10,Hombre,10
Tabasco,1992,Octubre,10,Mujer,1
Tabasco,1992,Noviembre,11,Hombre,14
Tabasco,1992,Noviembre,11,Mujer,1
Tabasco,1992,Diciembre,12,Hombre,17
Tabasco,1992,Diciembre,12,Mujer,2
Tabasco,1993,Enero,1,Hombre,9
Tabasco,1993,Enero,1,Mujer,1
Tabasco,1993,Febrero,2,Hombre,10
Tabasco,1993,Febrero,2,Mujer,1
Tabasco,1993,Marzo,3,Hombre,16
Tabasco,1993,Abril,4,Hombre,11
Tabasco,1993,Abril,4,Mujer,1
Tabasco,1993,Mayo,5,Hombre,13
Tabasco,1993,Junio,6,Hombre,16
Tabasco,1993,Junio,6,Mujer,1
Tabasco,1993,Julio,7,Hombre,13
Tabasco,1993,Agosto,8,Hombre,9
Tabasco,1993,Agosto,8,Mujer,2
Tabasco,1993,Septiembre,9,Hombre,8
Tabasco,1993,Septiembre,9,Mujer,4
Tabasco,1993,Octubre,10,Hombre,6
Tabasco,1993,Noviembre,11,Hombre,14
Tabasco,1993,Noviembre,11,Mujer,2
Tabasco,1993,Diciembre,12,Hombre,16
Tabasco,1993,Diciembre,12,Mujer,1
Tabasco,1994,Enero,1,Hombre,18
Tabasco,1994,Febrero,2,Hombre,21
Tabasco,1994,Febrero,2,Mujer,3
Tabasco,1994,Marzo,3,Hombre,16
Tabasco,1994,Marzo,3,Mujer,3
Tabasco,1994,Abril,4,Hombre,16
Tabasco,1994,Abril,4,Mujer,3
Tabasco,1994,Mayo,5,Hombre,19
Tabasco,1994,Mayo,5,Mujer,5
Tabasco,1994,Junio,6,Hombre,15
Tabasco,1994,Junio,6,Mujer,1
Tabasco,1994,Julio,7,Hombre,17
Tabasco,1994,Julio,7,Mujer,2
Tabasco,1994,Agosto,8,Hombre,21
Tabasco,1994,Agosto,8,Mujer,2
Tabasco,1994,Septiembre,9,Hombre,15
Tabasco,1994,Octubre,10,Hombre,18
Tabasco,1994,Octubre,10,Mujer,2
Tabasco,1994,Noviembre,11,Hombre,16
Tabasco,1994,Noviembre,11,Mujer,1
Tabasco,1994,Diciembre,12,Hombre,20
Tabasco,1995,Enero,1,Hombre,25
Tabasco,1995,Enero,1,Mujer,4
Tabasco,1995,Febrero,2,Hombre,21
Tabasco,1995,Febrero,2,Mujer,1
Tabasco,1995,Marzo,3,Hombre,12
Tabasco,1995,Marzo,3,Mujer,2
Tabasco,1995,Abril,4,Hombre,21
Tabasco,1995,Abril,4,Mujer,1
Tabasco,1995,Mayo,5,Hombre,21
Tabasco,1995,Mayo,5,Mujer,5
Tabasco,1995,Junio,6,Hombre,21
Tabasco,1995,Junio,6,Mujer,2
Tabasco,1995,Julio,7,Hombre,7
Tabasco,1995,Julio,7,Mujer,1
Tabasco,1995,Agosto,8,Hombre,23
Tabasco,1995,Agosto,8,Mujer,2
Tabasco,1995,Septiembre,9,Hombre,14
Tabasco,1995,Septiembre,9,Mujer,2
Tabasco,1995,Octubre,10,Hombre,14
Tabasco,1995,Noviembre,11,Hombre,14
Tabasco,1995,Noviembre,11,Mujer,2
Tabasco,1995,Diciembre,12,Hombre,18
Tabasco,1995,Diciembre,12,Mujer,1
Tabasco,1996,Enero,1,Hombre,18
Tabasco,1996,Febrero,2,Hombre,9
Tabasco,1996,Marzo,3,Hombre,8
Tabasco,1996,Marzo,3,Mujer,1
Tabasco,1996,Abril,4,Hombre,18
Tabasco,1996,Abril,4,Mujer,1
Tabasco,1996,Mayo,5,Hombre,17
Tabasco,1996,Mayo,5,Mujer,2
Tabasco,1996,Junio,6,Hombre,21
Tabasco,1996,Julio,7,Hombre,14
Tabasco,1996,Julio,7,Mujer,2
Tabasco,1996,Agosto,8,Hombre,12
Tabasco,1996,Agosto,8,Mujer,1
Tabasco,1996,Septiembre,9,Hombre,6
Tabasco,1996,Septiembre,9,Mujer,1
Tabasco,1996,Octubre,10,Hombre,17
Tabasco,1996,Octubre,10,Mujer,4
Tabasco,1996,Noviembre,11,Hombre,14
Tabasco,1996,Diciembre,12,Hombre,13
Tabasco,1996,Diciembre,12,Mujer,2
Tabasco,1997,Enero,1,Hombre,7
Tabasco,1997,Enero,1,Mujer,2
Tabasco,1997,Febrero,2,Hombre,14
Tabasco,1997,Febrero,2,Mujer,2
Tabasco,1997,Marzo,3,Hombre,11
Tabasco,1997,Marzo,3,Mujer,4
Tabasco,1997,Abril,4,Hombre,8
Tabasco,1997,Abril,4,Mujer,1
Tabasco,1997,Mayo,5,Hombre,11
Tabasco,1997,Mayo,5,Mujer,3
Tabasco,1997,Junio,6,Hombre,14
Tabasco,1997,Junio,6,Mujer,1
Tabasco,1997,Julio,7,Hombre,12
Tabasco,1997,Julio,7,Mujer,2
Tabasco,1997,Agosto,8,Hombre,12
Tabasco,1997,Agosto,8,Mujer,1
Tabasco,1997,Septiembre,9,Hombre,8
Tabasco,1997,Octubre,10,Hombre,16
Tabasco,1997,Octubre,10,Mujer,2
Tabasco,1997,Noviembre,11,Hombre,10
Tabasco,1997,Noviembre,11,Mujer,1
Tabasco,1997,Diciembre,12,Hombre,15
Tabasco,1997,Diciembre,12,Mujer,1
Tabasco,1998,Enero,1,Hombre,11
Tabasco,1998,Febrero,2,Hombre,7
Tabasco,1998,Febrero,2,Mujer,2
Tabasco,1998,Marzo,3,Hombre,12
Tabasco,1998,Marzo,3,Mujer,1
Tabasco,1998,Abril,4,Hombre,6
Tabasco,1998,Abril,4,Mujer,1
Tabasco,1998,Mayo,5,Hombre,8
Tabasco,1998,Mayo,5,Mujer,3
Tabasco,1998,Junio,6,Hombre,13
Tabasco,1998,Junio,6,Mujer,1
Tabasco,1998,Julio,7,Hombre,8
Tabasco,1998,Julio,7,Mujer,1
Tabasco,1998,Agosto,8,Hombre,10
Tabasco,1998,Agosto,8,Mujer,1
Tabasco,1998,Septiembre,9,Hombre,9
Tabasco,1998,Septiembre,9,Mujer,2
Tabasco,1998,Octubre,10,Hombre,12
Tabasco,1998,Octubre,10,Mujer,2
Tabasco,1998,Noviembre,11,Hombre,9
Tabasco,1998,Noviembre,11,Mujer,2
Tabasco,1998,Diciembre,12,Hombre,15
Tabasco,1998,Diciembre,12,Mujer,1
Tabasco,1999,Enero,1,Hombre,7
Tabasco,1999,Enero,1,Mujer,1
Tabasco,1999,Febrero,2,Hombre,10
Tabasco,1999,Marzo,3,Hombre,14
Tabasco,1999,Marzo,3,Mujer,1
Tabasco,1999,Abril,4,Hombre,13
Tabasco,1999,Mayo,5,Hombre,13
Tabasco,1999,Mayo,5,Mujer,2
Tabasco,1999,Junio,6,Hombre,10
Tabasco,1999,Junio,6,Mujer,1
Tabasco,1999,Julio,7,Hombre,10
Tabasco,1999,Julio,7,Mujer,1
Tabasco,1999,Agosto,8,Hombre,19
Tabasco,1999,Agosto,8,Mujer,2
Tabasco,1999,Septiembre,9,Hombre,3
Tabasco,1999,Septiembre,9,Mujer,3
Tabasco,1999,Octubre,10,Hombre,12
Tabasco,1999,Octubre,10,Mujer,1
Tabasco,1999,Noviembre,11,Hombre,7
Tabasco,1999,Noviembre,11,Mujer,3
Tabasco,1999,Diciembre,12,Hombre,9
Tabasco,1999,Diciembre,12,Mujer,4
Tabasco,2000,Enero,1,Hombre,8
Tabasco,2000,Enero,1,Mujer,2
Tabasco,2000,Febrero,2,Hombre,11
Tabasco,2000,Marzo,3,Hombre,7
Tabasco,2000,Abril,4,Hombre,4
Tabasco,2000,Abril,4,Mujer,1
Tabasco,2000,Mayo,5,Hombre,10
Tabasco,2000,Mayo,5,Mujer,2
Tabasco,2000,Junio,6,Hombre,7
Tabasco,2000,Julio,7,Hombre,6
Tabasco,2000,Julio,7,Mujer,1
Tabasco,2000,Agosto,8,Hombre,2
Tabasco,2000,Septiembre,9,Hombre,8
Tabasco,2000,Septiembre,9,Mujer,1
Tabasco,2000,Octubre,10,Hombre,4
Tabasco,2000,Octubre,10,Mujer,2
Tabasco,2000,Noviembre,11,Hombre,6
Tabasco,2000,Noviembre,11,Mujer,2
Tabasco,2000,Diciembre,12,Hombre,8
Tabasco,2001,Enero,1,Hombre,3
Tabasco,2001,Febrero,2,Hombre,9
Tabasco,2001,Marzo,3,Hombre,6
Tabasco,2001,Abril,4,Hombre,11
Tabasco,2001,Abril,4,Mujer,1
Tabasco,2001,Mayo,5,Hombre,8
Tabasco,2001,Junio,6,Hombre,5
Tabasco,2001,Julio,7,Hombre,6
Tabasco,2001,Julio,7,Mujer,1
Tabasco,2001,Agosto,8,Hombre,8
Tabasco,2001,Agosto,8,Mujer,3
Tabasco,2001,Septiembre,9,Hombre,13
Tabasco,2001,Septiembre,9,Mujer,1
Tabasco,2001,Octubre,10,Hombre,9
Tabasco,2001,Noviembre,11,Hombre,9
Tabasco,2001,Noviembre,11,Mujer,2
Tabasco,2001,Diciembre,12,Hombre,6
Tabasco,2002,Enero,1,Hombre,4
Tabasco,2002,Enero,1,Mujer,1
Tabasco,2002,Febrero,2,Hombre,5
Tabasco,2002,Febrero,2,Mujer,1
Tabasco,2002,Marzo,3,Hombre,4
Tabasco,2002,Abril,4,Hombre,11
Tabasco,2002,Abril,4,Mujer,2
Tabasco,2002,Mayo,5,Hombre,8
Tabasco,2002,Mayo,5,Mujer,1
Tabasco,2002,Junio,6,Hombre,4
Tabasco,2002,Julio,7,Hombre,4
Tabasco,2002,Agosto,8,Hombre,11
Tabasco,2002,Agosto,8,Mujer,3
Tabasco,2002,Septiembre,9,Hombre,16
Tabasco,2002,Octubre,10,Hombre,5
Tabasco,2002,Octubre,10,Mujer,1
Tabasco,2002,Noviembre,11,Hombre,8
Tabasco,2002,Noviembre,11,Mujer,2
Tabasco,2002,Diciembre,12,Hombre,3
Tabasco,2002,Diciembre,12,Mujer,1
Tabasco,2003,Enero,1,Hombre,8
Tabasco,2003,Enero,1,Mujer,2
Tabasco,2003,Febrero,2,Hombre,6
Tabasco,2003,Febrero,2,Mujer,1
Tabasco,2003,Marzo,3,Hombre,8
Tabasco,2003,Marzo,3,Mujer,1
Tabasco,2003,Abril,4,Hombre,11
Tabasco,2003,Abril,4,Mujer,2
Tabasco,2003,Mayo,5,Hombre,9
Tabasco,2003,Mayo,5,Mujer,2
Tabasco,2003,Junio,6,Hombre,6
Tabasco,2003,Junio,6,Mujer,2
Tabasco,2003,Julio,7,Hombre,8
Tabasco,2003,Julio,7,Mujer,2
Tabasco,2003,Agosto,8,Hombre,6
Tabasco,2003,Agosto,8,Mujer,4
Tabasco,2003,Septiembre,9,Hombre,11
Tabasco,2003,Septiembre,9,Mujer,1
Tabasco,2003,Octubre,10,Hombre,8
Tabasco,2003,Noviembre,11,Hombre,9
Tabasco,2003,Diciembre,12,Hombre,8
Tabasco,2003,Diciembre,12,Mujer,1
Tabasco,2004,Enero,1,Hombre,7
Tabasco,2004,Enero,1,Mujer,3
Tabasco,2004,Febrero,2,Hombre,3
Tabasco,2004,Febrero,2,Mujer,2
Tabasco,2004,Marzo,3,Hombre,10
Tabasco,2004,Abril,4,Hombre,9
Tabasco,2004,Abril,4,Mujer,1
Tabasco,2004,Mayo,5,Hombre,7
Tabasco,2004,Mayo,5,Mujer,2
Tabasco,2004,Junio,6,Hombre,6
Tabasco,2004,Julio,7,Hombre,9
Tabasco,2004,Julio,7,Mujer,1
Tabasco,2004,Agosto,8,Hombre,10
Tabasco,2004,Agosto,8,Mujer,2
Tabasco,2004,Septiembre,9,Hombre,10
Tabasco,2004,Septiembre,9,Mujer,1
Tabasco,2004,Octubre,10,Hombre,6
Tabasco,2004,Octubre,10,Mujer,2
Tabasco,2004,Noviembre,11,Hombre,7
Tabasco,2004,Noviembre,11,Mujer,1
Tabasco,2004,Diciembre,12,Hombre,9
Tabasco,2004,Diciembre,12,Mujer,1
Tabasco,2005,Enero,1,Hombre,7
Tabasco,2005,Enero,1,Mujer,1
Tabasco,2005,Febrero,2,Hombre,8
Tabasco,2005,Marzo,3,Hombre,3
Tabasco,2005,Marzo,3,Mujer,2
Tabasco,2005,Abril,4,Hombre,5
Tabasco,2005,Mayo,5,Hombre,11
Tabasco,2005,Junio,6,Hombre,7
Tabasco,2005,Julio,7,Hombre,4
Tabasco,2005,Julio,7,Mujer,1
Tabasco,2005,Agosto,8,Hombre,7
Tabasco,2005,Septiembre,9,Hombre,7
Tabasco,2005,Septiembre,9,Mujer,2
Tabasco,2005,Octubre,10,Hombre,9
Tabasco,2005,Octubre,10,Mujer,1
Tabasco,2005,Noviembre,11,Hombre,13
Tabasco,2005,Diciembre,12,Hombre,9
Tabasco,2005,Diciembre,12,Mujer,2
Tabasco,2006,Enero,1,Hombre,6
Tabasco,2006,Enero,1,Mujer,2
Tabasco,2006,Febrero,2,Hombre,9
Tabasco,2006,Febrero,2,Mujer,1
Tabasco,2006,Marzo,3,Hombre,4
Tabasco,2006,Marzo,3,Mujer,2
Tabasco,2006,Abril,4,Hombre,9
Tabasco,2006,Abril,4,Mujer,1
Tabasco,2006,Mayo,5,Hombre,12
Tabasco,2006,Mayo,5,Mujer,3
Tabasco,2006,Junio,6,Hombre,16
Tabasco,2006,Junio,6,Mujer,2
Tabasco,2006,Julio,7,Hombre,10
Tabasco,2006,Agosto,8,Hombre,7
Tabasco,2006,Septiembre,9,Hombre,18
Tabasco,2006,Septiembre,9,Mujer,1
Tabasco,2006,Octubre,10,Hombre,10
Tabasco,2006,Noviembre,11,Hombre,14
Tabasco,2006,Noviembre,11,Mujer,5
Tabasco,2006,Diciembre,12,Hombre,8
Tabasco,2007,Enero,1,Hombre,10
Tabasco,2007,Enero,1,Mujer,2
Tabasco,2007,Febrero,2,Hombre,10
Tabasco,2007,Marzo,3,Hombre,11
Tabasco,2007,Marzo,3,Mujer,3
Tabasco,2007,Abril,4,Hombre,9
Tabasco,2007,Abril,4,Mujer,1
Tabasco,2007,Mayo,5,Hombre,18
Tabasco,2007,Mayo,5,Mujer,3
Tabasco,2007,Junio,6,Hombre,10
Tabasco,2007,Junio,6,Mujer,3
Tabasco,2007,Julio,7,Hombre,15
Tabasco,2007,Agosto,8,Hombre,6
Tabasco,2007,Agosto,8,Mujer,1
Tabasco,2007,Septiembre,9,Hombre,8
Tabasco,2007,Septiembre,9,Mujer,2
Tabasco,2007,Octubre,10,Hombre,10
Tabasco,2007,Octubre,10,Mujer,1
Tabasco,2007,Noviembre,11,Hombre,5
Tabasco,2007,Noviembre,11,Mujer,1
Tabasco,2007,Diciembre,12,Hombre,12
Tabasco,2007,Diciembre,12,Mujer,2
Tabasco,2008,Enero,1,Hombre,14
Tabasco,2008,Febrero,2,Hombre,7
Tabasco,2008,Febrero,2,Mujer,4
Tabasco,2008,Marzo,3,Hombre,6
Tabasco,2008,Marzo,3,Mujer,2
Tabasco,2008,Abril,4,Hombre,7
Tabasco,2008,Abril,4,Mujer,2
Tabasco,2008,Mayo,5,Hombre,7
Tabasco,2008,Mayo,5,Mujer,3
Tabasco,2008,Junio,6,Hombre,13
Tabasco,2008,Junio,6,Mujer,2
Tabasco,2008,Julio,7,Hombre,11
Tabasco,2008,Julio,7,Mujer,2
Tabasco,2008,Agosto,8,Hombre,17
Tabasco,2008,Agosto,8,Mujer,2
Tabasco,2008,Septiembre,9,Hombre,14
Tabasco,2008,Octubre,10,Hombre,13
Tabasco,2008,Noviembre,11,Hombre,5
Tabasco,2008,Noviembre,11,Mujer,3
Tabasco,2008,Diciembre,12,Hombre,11
Tabasco,2008,Diciembre,12,Mujer,4
Tabasco,2009,Enero,1,Hombre,8
Tabasco,2009,Enero,1,Mujer,2
Tabasco,2009,Febrero,2,Hombre,13
Tabasco,2009,Febrero,2,Mujer,6
Tabasco,2009,Marzo,3,Hombre,6
Tabasco,2009,Marzo,3,Mujer,2
Tabasco,2009,Abril,4,Hombre,4
Tabasco,2009,Abril,4,Mujer,2
Tabasco,2009,Mayo,5,Hombre,16
Tabasco,2009,Mayo,5,Mujer,6
Tabasco,2009,Junio,6,Hombre,6
Tabasco,2009,Julio,7,Hombre,18
Tabasco,2009,Julio,7,Mujer,1
Tabasco,2009,Agosto,8,Hombre,17
Tabasco,2009,Agosto,8,Mujer,2
Tabasco,2009,Septiembre,9,Hombre,14
Tabasco,2009,Septiembre,9,Mujer,3
Tabasco,2009,Octubre,10,Hombre,13
Tabasco,2009,Noviembre,11,Hombre,15
Tabasco,2009,Noviembre,11,Mujer,1
Tabasco,2009,Diciembre,12,Hombre,13
Tabasco,2009,Diciembre,12,Mujer,2
Tabasco,2010,Enero,1,Hombre,13
Tabasco,2010,Enero,1,Mujer,3
Tabasco,2010,Febrero,2,Hombre,10
Tabasco,2010,Febrero,2,Mujer,2
Tabasco,2010,Marzo,3,Hombre,13
Tabasco,2010,Abril,4,Hombre,20
Tabasco,2010,Abril,4,Mujer,1
Tabasco,2010,Mayo,5,Hombre,13
Tabasco,2010,Mayo,5,Mujer,2
Tabasco,2010,Junio,6,Hombre,12
Tabasco,2010,Junio,6,Mujer,2
Tabasco,2010,Julio,7,Hombre,9
Tabasco,2010,Julio,7,Mujer,2
Tabasco,2010,Agosto,8,Hombre,16
Tabasco,2010,Agosto,8,Mujer,3
Tabasco,2010,Septiembre,9,Hombre,12
Tabasco,2010,Septiembre,9,Mujer,1
Tabasco,2010,Octubre,10,Hombre,15
Tabasco,2010,Noviembre,11,Hombre,19
Tabasco,2010,Noviembre,11,Mujer,2
Tabasco,2010,Diciembre,12,Hombre,16
Tabasco,2010,Diciembre,12,Mujer,3
Tabasco,2011,Enero,1,Hombre,18
Tabasco,2011,Enero,1,Mujer,4
Tabasco,2011,Febrero,2,Hombre,12
Tabasco,2011,Febrero,2,Mujer,3
Tabasco,2011,Marzo,3,Hombre,16
Tabasco,2011,Marzo,3,Mujer,4
Tabasco,2011,Abril,4,Hombre,20
Tabasco,2011,Abril,4,Mujer,1
Tabasco,2011,Mayo,5,Hombre,23
Tabasco,2011,Mayo,5,Mujer,2
Tabasco,2011,Junio,6,Hombre,18
Tabasco,2011,Junio,6,Mujer,2
Tabasco,2011,Julio,7,Hombre,15
Tabasco,2011,Julio,7,Mujer,2
Tabasco,2011,Agosto,8,Hombre,20
Tabasco,2011,Agosto,8,Mujer,1
Tabasco,2011,Septiembre,9,Hombre,15
Tabasco,2011,Octubre,10,Hombre,16
Tabasco,2011,Octubre,10,Mujer,1
Tabasco,2011,Noviembre,11,Hombre,15
Tabasco,2011,Noviembre,11,Mujer,3
Tabasco,2011,Diciembre,12,Hombre,16
Tabasco,2011,Diciembre,12,Mujer,1
Tabasco,2012,Enero,1,Hombre,18
Tabasco,2012,Febrero,2,Hombre,9
Tabasco,2012,Marzo,3,Hombre,15
Tabasco,2012,Marzo,3,Mujer,2
Tabasco,2012,Abril,4,Hombre,13
Tabasco,2012,Abril,4,Mujer,3
Tabasco,2012,Mayo,5,Hombre,19
Tabasco,2012,Mayo,5,Mujer,3
Tabasco,2012,Junio,6,Hombre,19
Tabasco,2012,Julio,7,Hombre,18
Tabasco,2012,Julio,7,Mujer,1
Tabasco,2012,Agosto,8,Hombre,15
Tabasco,2012,Agosto,8,Mujer,2
Tabasco,2012,Septiembre,9,Hombre,15
Tabasco,2012,Septiembre,9,Mujer,2
Tabasco,2012,Octubre,10,Hombre,6
Tabasco,2012,Octubre,10,Mujer,1
Tabasco,2012,Noviembre,11,Hombre,18
Tabasco,2012,Noviembre,11,Mujer,1
Tabasco,2012,Diciembre,12,Hombre,10
Tabasco,2012,Diciembre,12,Mujer,5
Tabasco,2013,Enero,1,Hombre,16
Tabasco,2013,Enero,1,Mujer,4
Tabasco,2013,Febrero,2,Hombre,16
Tabasco,2013,Febrero,2,Mujer,1
Tabasco,2013,Marzo,3,Hombre,14
Tabasco,2013,Marzo,3,Mujer,1
Tabasco,2013,Abril,4,Hombre,21
Tabasco,2013,Abril,4,Mujer,1
Tabasco,2013,Mayo,5,Hombre,21
Tabasco,2013,Mayo,5,Mujer,2
Tabasco,2013,Junio,6,Hombre,10
Tabasco,2013,Junio,6,Mujer,4
Tabasco,2013,Julio,7,Hombre,23
Tabasco,2013,Julio,7,Mujer,2
Tabasco,2013,Agosto,8,Hombre,25
Tabasco,2013,Agosto,8,Mujer,4
Tabasco,2013,Septiembre,9,Hombre,22
Tabasco,2013,Septiembre,9,Mujer,1
Tabasco,2013,Octubre,10,Hombre,21
Tabasco,2013,Octubre,10,Mujer,1
Tabasco,2013,Noviembre,11,Hombre,11
Tabasco,2013,Diciembre,12,Hombre,13
Tabasco,2013,Diciembre,12,Mujer,8
Tabasco,2014,Enero,1,Hombre,18
Tabasco,2014,Enero,1,Mujer,3
Tabasco,2014,Febrero,2,Hombre,6
Tabasco,2014,Marzo,3,Hombre,20
Tabasco,2014,Marzo,3,Mujer,5
Tabasco,2014,Abril,4,Hombre,23
Tabasco,2014,Abril,4,Mujer,2
Tabasco,2014,Mayo,5,Hombre,10
Tabasco,2014,Mayo,5,Mujer,2
Tabasco,2014,Junio,6,Hombre,21
Tabasco,2014,Junio,6,Mujer,4
Tabasco,2014,Julio,7,Hombre,19
Tabasco,2014,Julio,7,Mujer,2
Tabasco,2014,Agosto,8,Hombre,9
Tabasco,2014,Agosto,8,Mujer,2
Tabasco,2014,Septiembre,9,Hombre,22
Tabasco,2014,Septiembre,9,Mujer,3
Tabasco,2014,Octubre,10,Hombre,20
Tabasco,2014,Noviembre,11,Hombre,18
Tabasco,2014,Noviembre,11,Mujer,2
Tabasco,2014,Diciembre,12,Hombre,19
Tabasco,2015,Enero,1,Hombre,20
Tabasco,2015,Enero,1,Mujer,3
Tabasco,2015,Febrero,2,Hombre,25
Tabasco,2015,Febrero,2,Mujer,6
Tabasco,2015,Marzo,3,Hombre,22
Tabasco,2015,Marzo,3,Mujer,2
Tabasco,2015,Abril,4,Hombre,24
Tabasco,2015,Abril,4,Mujer,4
Tabasco,2015,Mayo,5,Hombre,22
Tabasco,2015,Junio,6,Hombre,42
Tabasco,2015,Julio,7,Hombre,44
Tabasco,2015,Julio,7,Mujer,4
Tabasco,2015,Agosto,8,Hombre,32
Tabasco,2015,Agosto,8,Mujer,2
Tabasco,2015,Septiembre,9,Hombre,29
Tabasco,2015,Septiembre,9,Mujer,2
Tabasco,2015,Octubre,10,Hombre,27
Tabasco,2015,Octubre,10,Mujer,3
Tabasco,2015,Noviembre,11,Hombre,26
Tabasco,2015,Noviembre,11,Mujer,2
Tabasco,2015,Diciembre,12,Hombre,22
Tabasco,2015,Diciembre,12,Mujer,5
Tabasco,2016,Enero,1,Hombre,16
Tabasco,2016,Enero,1,Mujer,3
Tabasco,2016,Febrero,2,Hombre,26
Tabasco,2016,Febrero,2,Mujer,4
Tabasco,2016,Marzo,3,Hombre,22
Tabasco,2016,Marzo,3,Mujer,8
Tabasco,2016,Abril,4,Hombre,29
Tabasco,2016,Abril,4,Mujer,1
Tabasco,2016,Mayo,5,Hombre,25
Tabasco,2016,Mayo,5,Mujer,3
Tabasco,2016,Junio,6,Hombre,21
Tabasco,2016,Junio,6,Mujer,5
Tabasco,2016,Julio,7,Hombre,31
Tabasco,2016,Julio,7,Mujer,1
Tabasco,2016,Agosto,8,Hombre,37
Tabasco,2016,Agosto,8,Mujer,7
Tabasco,2016,Septiembre,9,Hombre,36
Tabasco,2016,Septiembre,9,Mujer,1
Tabasco,2016,Octubre,10,Hombre,33
Tabasco,2016,Octubre,10,Mujer,2
Tabasco,2016,Noviembre,11,Hombre,43
Tabasco,2016,Noviembre,11,Mujer,4
Tabasco,2016,Diciembre,12,Hombre,58
Tabasco,2016,Diciembre,12,Mujer,7
Tabasco,2017,Enero,1,Hombre,20
Tabasco,2017,Enero,1,Mujer,1
Tabasco,2017,Febrero,2,Hombre,27
Tabasco,2017,Febrero,2,Mujer,3
Tabasco,2017,Marzo,3,Hombre,28
Tabasco,2017,Marzo,3,Mujer,3
Tabasco,2017,Abril,4,Hombre,26
Tabasco,2017,Abril,4,Mujer,4
Tabasco,2017,Mayo,5,Hombre,42
Tabasco,2017,Mayo,5,Mujer,7
Tabasco,2017,Junio,6,Hombre,28
Tabasco,2017,Junio,6,Mujer,1
Tabasco,2017,Julio,7,Hombre,38
Tabasco,2017,Julio,7,Mujer,7
Tabasco,2017,Agosto,8,Hombre,36
Tabasco,2017,Agosto,8,Mujer,2
Tabasco,2017,Septiembre,9,Hombre,32
Tabasco,2017,Septiembre,9,Mujer,3
Tabasco,2017,Octubre,10,Hombre,38
Tabasco,2017,Octubre,10,Mujer,6
Tabasco,2017,Noviembre,11,Hombre,41
Tabasco,2017,Noviembre,11,Mujer,1
Tabasco,2017,Diciembre,12,Hombre,43
Tabasco,2017,Diciembre,12,Mujer,5
Tabasco,2018,Enero,1,Hombre,33
Tabasco,2018,Enero,1,Mujer,4
Tabasco,2018,Febrero,2,Hombre,39
Tabasco,2018,Febrero,2,Mujer,4
Tabasco,2018,Marzo,3,Hombre,26
Tabasco,2018,Abril,4,Hombre,38
Tabasco,2018,Abril,4,Mujer,4
Tabasco,2018,Mayo,5,Hombre,43
Tabasco,2018,Mayo,5,Mujer,6
Tabasco,2018,Junio,6,Hombre,47
Tabasco,2018,Junio,6,Mujer,5
Tabasco,2018,Julio,7,Hombre,76
Tabasco,2018,Julio,7,Mujer,5
Tabasco,2018,Agosto,8,Hombre,42
Tabasco,2018,Agosto,8,Mujer,4
Tabasco,2018,Septiembre,9,Hombre,36
Tabasco,2018,Septiembre,9,Mujer,2
Tabasco,2018,Octubre,10,Hombre,35
Tabasco,2018,Octubre,10,Mujer,2
Tabasco,2018,Noviembre,11,Hombre,41
Tabasco,2018,Noviembre,11,Mujer,5
Tabasco,2018,Diciembre,12,Hombre,55
Tabasco,2018,Diciembre,12,Mujer,7
Tabasco,2019,Enero,1,Hombre,36
Tabasco,2019,Enero,1,Mujer,7
Tabasco,2019,Febrero,2,Hombre,48
Tabasco,2019,Febrero,2,Mujer,4
Tabasco,2019,Marzo,3,Hombre,71
Tabasco,2019,Marzo,3,Mujer,13
Tabasco,2019,Abril,4,Hombre,62
Tabasco,2019,Abril,4,Mujer,8
Tabasco,2019,Mayo,5,Hombre,61
Tabasco,2019,Mayo,5,Mujer,7
Tabasco,2019,Junio,6,Hombre,37
Tabasco,2019,Junio,6,Mujer,9
Tabasco,2019,Julio,7,Hombre,43
Tabasco,2019,Julio,7,Mujer,7
Tabasco,2019,Agosto,8,Hombre,38
Tabasco,2019,Agosto,8,Mujer,5
Tabasco,2019,Septiembre,9,Hombre,58
Tabasco,2019,Septiembre,9,Mujer,2
Tabasco,2019,Octubre,10,Hombre,55
Tabasco,2019,Octubre,10,Mujer,5
Tabasco,2019,Noviembre,11,Hombre,49
Tabasco,2019,Noviembre,11,Mujer,6
Tabasco,2019,Diciembre,12,Hombre,43
Tabasco,2019,Diciembre,12,Mujer,7
Tabasco,2020,Enero,1,Hombre,43
Tabasco,2020,Enero,1,Mujer,4
Tabasco,2020,Febrero,2,Hombre,50
Tabasco,2020,Febrero,2,Mujer,6
Tabasco,2020,Marzo,3,Hombre,53
Tabasco,2020,Marzo,3,Mujer,3
Tabasco,2020,Abril,4,Hombre,23
Tabasco,2020,Abril,4,Mujer,6
Tabasco,2020,Mayo,5,Hombre,31
Tabasco,2020,Mayo,5,Mujer,2
Tabasco,2020,Junio,6,Hombre,33
Tabasco,2020,Junio,6,Mujer,1
Tabasco,2020,Julio,7,Hombre,54
Tabasco,2020,Julio,7,Mujer,6
Tabasco,2020,Agosto,8,Hombre,47
Tabasco,2020,Agosto,8,Mujer,5
Tabasco,2020,Septiembre,9,Hombre,60
Tabasco,2020,Septiembre,9,Mujer,10
Tabasco,2020,Octubre,10,Hombre,42
Tabasco,2020,Octubre,10,Mujer,7
Tabasco,2020,Noviembre,11,Hombre,39
Tabasco,2020,Noviembre,11,Mujer,3
Tabasco,2020,Diciembre,12,Hombre,52
Tabasco,2020,Diciembre,12,Mujer,2
Tabasco,2021,Enero,1,Hombre,25
Tabasco,2021,Enero,1,Mujer,3
Tabasco,2021,Febrero,2,Hombre,47
Tabasco,2021,Febrero,2,Mujer,4
Tabasco,2021,Marzo,3,Hombre,31
Tabasco,2021,Marzo,3,Mujer,2
Tabasco,2021,Abril,4,Hombre,47
Tabasco,2021,Abril,4,Mujer,1
Tabasco,2021,Mayo,5,Hombre,28
Tabasco,2021,Mayo,5,Mujer,9
Tabasco,2021,Junio,6,Hombre,39
Tabasco,2021,Junio,6,Mujer,5
Tabasco,2021,Julio,7,Hombre,33
Tabasco,2021,Julio,7,Mujer,4
Tabasco,2021,Agosto,8,Hombre,37
Tabasco,2021,Septiembre,9,Hombre,34
Tabasco,2021,Septiembre,9,Mujer,5
Tabasco,2021,Octubre,10,Hombre,19
Tabasco,2021,Octubre,10,Mujer,4
Tabasco,2021,Noviembre,11,Hombre,24
Tabasco,2021,Noviembre,11,Mujer,4
Tabasco,2021,Diciembre,12,Hombre,30
Tabasco,2021,Diciembre,12,Mujer,4
Tabasco,2022,Enero,1,Hombre,23
Tabasco,2022,Enero,1,Mujer,2
Tabasco,2022,Febrero,2,Hombre,16
Tabasco,2022,Febrero,2,Mujer,7
Tabasco,2022,Marzo,3,Hombre,25
Tabasco,2022,Marzo,3,Mujer,3
Tabasco,2022,Abril,4,Hombre,26
Tabasco,2022,Abril,4,Mujer,1
Tabasco,2022,Mayo,5,Hombre,26
Tabasco,2022,Mayo,5,Mujer,4
Tabasco,2022,Junio,6,Hombre,27
Tabasco,2022,Junio,6,Mujer,4
Tabasco,2022,Julio,7,Hombre,20
Tabasco,2022,Julio,7,Mujer,5
Tabasco,2022,Agosto,8,Hombre,28
Tabasco,2022,Agosto,8,Mujer,3
Tabasco,2022,Septiembre,9,Hombre,27
Tabasco,2022,Septiembre,9,Mujer,4
Tabasco,2022,Octubre,10,Hombre,18
Tabasco,2022,Octubre,10,Mujer,2
Tabasco,2022,Noviembre,11,Hombre,26
Tabasco,2022,Noviembre,11,Mujer,1
Tabasco,2022,Diciembre,12,Hombre,34
Tabasco,2022,Diciembre,12,Mujer,6
Tabasco,2023,Enero,1,Hombre,13
Tabasco,2023,Enero,1,Mujer,2
Tabasco,2023,Febrero,2,Hombre,22
Tabasco,2023,Febrero,2,Mujer,4
Tabasco,2023,Marzo,3,Hombre,22
Tabasco,2023,Marzo,3,Mujer,3
Tabasco,2023,Abril,4,Hombre,28
Tabasco,2023,Abril,4,Mujer,2
Tabasco,2023,Mayo,5,Hombre,20
Tabasco,2023,Junio,6,Hombre,15
Tabasco,2023,Junio,6,Mujer,1
Tabasco,2023,Julio,7,Hombre,12
Tabasco,2023,Julio,7,Mujer,3
Tabasco,2023,Agosto,8,Hombre,27
Tabasco,2023,Agosto,8,Mujer,3
Tabasco,2023,Septiembre,9,Hombre,17
Tabasco,2023,Septiembre,9,Mujer,1
Tabasco,2023,Octubre,10,Hombre,26
Tabasco,2023,Octubre,10,Mujer,5
Tabasco,2023,Noviembre,11,Hombre,16
Tabasco,2023,Noviembre,11,Mujer,3
Tabasco,2023,Diciembre,12,Hombre,22
Tabasco,2023,Diciembre,12,Mujer,2
Tabasco,2024,Enero,1,Hombre,13
Tabasco,2024,Enero,1,Mujer,3
Tabasco,2024,Febrero,2,Hombre,37
Tabasco,2024,Febrero,2,Mujer,5
Tabasco,2024,Marzo,3,Hombre,50
Tabasco,2024,Marzo,3,Mujer,6
Tabasco,2024,Abril,4,Hombre,98
Tabasco,2024,Abril,4,Mujer,11
Tabasco,2024,Mayo,5,Hombre,65
Tabasco,2024,Mayo,5,Mujer,9
Tabasco,2024,Junio,6,Hombre,71
Tabasco,2024,Junio,6,Mujer,14
Tabasco,2024,Julio,7,Hombre,49
Tabasco,2024,Julio,7,Mujer,6
Tabasco,2024,Agosto,8,Hombre,59
Tabasco,2024,Agosto,8,Mujer,9
Tabasco,2024,Septiembre,9,Hombre,64
Tabasco,2024,Septiembre,9,Mujer,6
Tabasco,2024,Octubre,10,Hombre,63
Tabasco,2024,Octubre,10,Mujer,6
Tabasco,2024,Noviembre,11,Hombre,84
Tabasco,2024,Noviembre,11,Mujer,13
Tabasco,2024,Diciembre,12,Hombre,86
Tabasco,2024,Diciembre,12,Mujer,9
Tamaulipas,1990,Enero,1,Hombre,18
Tamaulipas,1990,Enero,1,Mujer,1
Tamaulipas,1990,Febrero,2,Hombre,17
Tamaulipas,1990,Febrero,2,Mujer,3
Tamaulipas,1990,Marzo,3,Hombre,20
Tamaulipas,1990,Marzo,3,Mujer,3
Tamaulipas,1990,Abril,4,Hombre,12
Tamaulipas,1990,Abril,4,Mujer,2
Tamaulipas,1990,Mayo,5,Hombre,14
Tamaulipas,1990,Mayo,5,Mujer,1
Tamaulipas,1990,Junio,6,Hombre,21
Tamaulipas,1990,Junio,6,Mujer,1
Tamaulipas,1990,Julio,7,Hombre,23
Tamaulipas,1990,Julio,7,Mujer,1
Tamaulipas,1990,Agosto,8,Hombre,26
Tamaulipas,1990,Agosto,8,Mujer,2
Tamaulipas,1990,Septiembre,9,Hombre,19
Tamaulipas,1990,Septiembre,9,Mujer,2
Tamaulipas,1990,Octubre,10,Hombre,25
Tamaulipas,1990,Octubre,10,Mujer,1
Tamaulipas,1990,Noviembre,11,Hombre,15
Tamaulipas,1990,Noviembre,11,Mujer,5
Tamaulipas,1990,Diciembre,12,Hombre,26
Tamaulipas,1990,Diciembre,12,Mujer,3
Tamaulipas,1991,Enero,1,Hombre,35
Tamaulipas,1991,Enero,1,Mujer,3
Tamaulipas,1991,Febrero,2,Hombre,9
Tamaulipas,1991,Febrero,2,Mujer,4
Tamaulipas,1991,Marzo,3,Hombre,18
Tamaulipas,1991,Marzo,3,Mujer,1
Tamaulipas,1991,Abril,4,Hombre,34
Tamaulipas,1991,Abril,4,Mujer,2
Tamaulipas,1991,Mayo,5,Hombre,38
Tamaulipas,1991,Mayo,5,Mujer,4
Tamaulipas,1991,Junio,6,Hombre,21
Tamaulipas,1991,Junio,6,Mujer,2
Tamaulipas,1991,Julio,7,Hombre,25
Tamaulipas,1991,Julio,7,Mujer,2
Tamaulipas,1991,Agosto,8,Hombre,29
Tamaulipas,1991,Agosto,8,Mujer,2
Tamaulipas,1991,Septiembre,9,Hombre,19
Tamaulipas,1991,Septiembre,9,Mujer,3
Tamaulipas,1991,Octubre,10,Hombre,15
Tamaulipas,1991,Octubre,10,Mujer,8
Tamaulipas,1991,Noviembre,11,Hombre,25
Tamaulipas,1991,Noviembre,11,Mujer,6
Tamaulipas,1991,Diciembre,12,Hombre,26
Tamaulipas,1991,Diciembre,12,Mujer,2
Tamaulipas,1992,Enero,1,Hombre,33
Tamaulipas,1992,Enero,1,Mujer,4
Tamaulipas,1992,Febrero,2,Hombre,28
Tamaulipas,1992,Febrero,2,Mujer,2
Tamaulipas,1992,Marzo,3,Hombre,19
Tamaulipas,1992,Marzo,3,Mujer,2
Tamaulipas,1992,Abril,4,Hombre,24
Tamaulipas,1992,Abril,4,Mujer,4
Tamaulipas,1992,Mayo,5,Hombre,27
Tamaulipas,1992,Mayo,5,Mujer,4
Tamaulipas,1992,Junio,6,Hombre,34
Tamaulipas,1992,Junio,6,Mujer,2
Tamaulipas,1992,Julio,7,Hombre,24
Tamaulipas,1992,Julio,7,Mujer,1
Tamaulipas,1992,Agosto,8,Hombre,39
Tamaulipas,1992,Agosto,8,Mujer,2
Tamaulipas,1992,Septiembre,9,Hombre,45
Tamaulipas,1992,Octubre,10,Hombre,37
Tamaulipas,1992,Octubre,10,Mujer,3
Tamaulipas,1992,Noviembre,11,Hombre,27
Tamaulipas,1992,Noviembre,11,Mujer,3
Tamaulipas,1992,Diciembre,12,Hombre,37
Tamaulipas,1992,Diciembre,12,Mujer,5
Tamaulipas,1993,Enero,1,Hombre,39
Tamaulipas,1993,Enero,1,Mujer,2
Tamaulipas,1993,Febrero,2,Hombre,22
Tamaulipas,1993,Febrero,2,Mujer,2
Tamaulipas,1993,Marzo,3,Hombre,37
Tamaulipas,1993,Marzo,3,Mujer,1
Tamaulipas,1993,Abril,4,Hombre,37
Tamaulipas,1993,Abril,4,Mujer,6
Tamaulipas,1993,Mayo,5,Hombre,32
Tamaulipas,1993,Mayo,5,Mujer,5
Tamaulipas,1993,Junio,6,Hombre,45
Tamaulipas,1993,Junio,6,Mujer,2
Tamaulipas,1993,Julio,7,Hombre,22
Tamaulipas,1993,Agosto,8,Hombre,19
Tamaulipas,1993,Agosto,8,Mujer,1
Tamaulipas,1993,Septiembre,9,Hombre,13
Tamaulipas,1993,Octubre,10,Hombre,25
Tamaulipas,1993,Octubre,10,Mujer,2
Tamaulipas,1993,Noviembre,11,Hombre,26
Tamaulipas,1993,Noviembre,11,Mujer,3
Tamaulipas,1993,Diciembre,12,Hombre,31
Tamaulipas,1993,Diciembre,12,Mujer,2
Tamaulipas,1994,Enero,1,Hombre,31
Tamaulipas,1994,Enero,1,Mujer,1
Tamaulipas,1994,Febrero,2,Hombre,19
Tamaulipas,1994,Febrero,2,Mujer,3
Tamaulipas,1994,Marzo,3,Hombre,32
Tamaulipas,1994,Marzo,3,Mujer,5
Tamaulipas,1994,Abril,4,Hombre,33
Tamaulipas,1994,Abril,4,Mujer,4
Tamaulipas,1994,Mayo,5,Hombre,34
Tamaulipas,1994,Mayo,5,Mujer,8
Tamaulipas,1994,Junio,6,Hombre,26
Tamaulipas,1994,Junio,6,Mujer,2
Tamaulipas,1994,Julio,7,Hombre,22
Tamaulipas,1994,Julio,7,Mujer,5
Tamaulipas,1994,Agosto,8,Hombre,34
Tamaulipas,1994,Agosto,8,Mujer,1
Tamaulipas,1994,Septiembre,9,Hombre,29
Tamaulipas,1994,Septiembre,9,Mujer,1
Tamaulipas,1994,Octubre,10,Hombre,18
Tamaulipas,1994,Noviembre,11,Hombre,20
Tamaulipas,1994,Diciembre,12,Hombre,20
Tamaulipas,1994,Diciembre,12,Mujer,6
Tamaulipas,1995,Enero,1,Hombre,26
Tamaulipas,1995,Enero,1,Mujer,3
Tamaulipas,1995,Febrero,2,Hombre,21
Tamaulipas,1995,Febrero,2,Mujer,3
Tamaulipas,1995,Marzo,3,Hombre,20
Tamaulipas,1995,Marzo,3,Mujer,3
Tamaulipas,1995,Abril,4,Hombre,26
Tamaulipas,1995,Mayo,5,Hombre,21
Tamaulipas,1995,Mayo,5,Mujer,2
Tamaulipas,1995,Junio,6,Hombre,33
Tamaulipas,1995,Junio,6,Mujer,2
Tamaulipas,1995,Julio,7,Hombre,27
Tamaulipas,1995,Julio,7,Mujer,2
Tamaulipas,1995,Agosto,8,Hombre,28
Tamaulipas,1995,Agosto,8,Mujer,2
Tamaulipas,1995,Septiembre,9,Hombre,29
Tamaulipas,1995,Septiembre,9,Mujer,1
Tamaulipas,1995,Octubre,10,Hombre,29
Tamaulipas,1995,Octubre,10,Mujer,5
Tamaulipas,1995,Noviembre,11,Hombre,18
Tamaulipas,1995,Noviembre,11,Mujer,4
Tamaulipas,1995,Diciembre,12,Hombre,13
Tamaulipas,1995,Diciembre,12,Mujer,2
Tamaulipas,1996,Enero,1,Hombre,30
Tamaulipas,1996,Enero,1,Mujer,3
Tamaulipas,1996,Febrero,2,Hombre,12
Tamaulipas,1996,Marzo,3,Hombre,15
Tamaulipas,1996,Abril,4,Hombre,24
Tamaulipas,1996,Abril,4,Mujer,2
Tamaulipas,1996,Mayo,5,Hombre,28
Tamaulipas,1996,Junio,6,Hombre,17
Tamaulipas,1996,Junio,6,Mujer,3
Tamaulipas,1996,Julio,7,Hombre,30
Tamaulipas,1996,Julio,7,Mujer,3
Tamaulipas,1996,Agosto,8,Hombre,18
Tamaulipas,1996,Agosto,8,Mujer,3
Tamaulipas,1996,Septiembre,9,Hombre,16
Tamaulipas,1996,Septiembre,9,Mujer,4
Tamaulipas,1996,Octubre,10,Hombre,19
Tamaulipas,1996,Octubre,10,Mujer,3
Tamaulipas,1996,Noviembre,11,Hombre,24
Tamaulipas,1996,Noviembre,11,Mujer,2
Tamaulipas,1996,Diciembre,12,Hombre,18
Tamaulipas,1996,Diciembre,12,Mujer,1
Tamaulipas,1997,Enero,1,Hombre,17
Tamaulipas,1997,Enero,1,Mujer,5
Tamaulipas,1997,Febrero,2,Hombre,14
Tamaulipas,1997,Febrero,2,Mujer,4
Tamaulipas,1997,Marzo,3,Hombre,18
Tamaulipas,1997,Marzo,3,Mujer,1
Tamaulipas,1997,Abril,4,Hombre,14
Tamaulipas,1997,Abril,4,Mujer,5
Tamaulipas,1997,Mayo,5,Hombre,26
Tamaulipas,1997,Mayo,5,Mujer,1
Tamaulipas,1997,Junio,6,Hombre,15
Tamaulipas,1997,Junio,6,Mujer,4
Tamaulipas,1997,Julio,7,Hombre,23
Tamaulipas,1997,Julio,7,Mujer,1
Tamaulipas,1997,Agosto,8,Hombre,26
Tamaulipas,1997,Agosto,8,Mujer,1
Tamaulipas,1997,Septiembre,9,Hombre,25
Tamaulipas,1997,Octubre,10,Hombre,22
Tamaulipas,1997,Octubre,10,Mujer,1
Tamaulipas,1997,Noviembre,11,Hombre,24
Tamaulipas,1997,Noviembre,11,Mujer,1
Tamaulipas,1997,Diciembre,12,Hombre,27
Tamaulipas,1998,Enero,1,Hombre,29
Tamaulipas,1998,Enero,1,Mujer,3
Tamaulipas,1998,Febrero,2,Hombre,28
Tamaulipas,1998,Febrero,2,Mujer,2
Tamaulipas,1998,Marzo,3,Hombre,14
Tamaulipas,1998,Marzo,3,Mujer,6
Tamaulipas,1998,Abril,4,Hombre,23
Tamaulipas,1998,Abril,4,Mujer,3
Tamaulipas,1998,Mayo,5,Hombre,30
Tamaulipas,1998,Mayo,5,Mujer,1
Tamaulipas,1998,Junio,6,Hombre,20
Tamaulipas,1998,Junio,6,Mujer,3
Tamaulipas,1998,Julio,7,Hombre,29
Tamaulipas,1998,Julio,7,Mujer,5
Tamaulipas,1998,Agosto,8,Hombre,11
Tamaulipas,1998,Septiembre,9,Hombre,32
Tamaulipas,1998,Septiembre,9,Mujer,3
Tamaulipas,1998,Octubre,10,Hombre,22
Tamaulipas,1998,Octubre,10,Mujer,1
Tamaulipas,1998,Noviembre,11,Hombre,15
Tamaulipas,1998,Noviembre,11,Mujer,5
Tamaulipas,1998,Diciembre,12,Hombre,31
Tamaulipas,1998,Diciembre,12,Mujer,3
Tamaulipas,1999,Enero,1,Hombre,23
Tamaulipas,1999,Enero,1,Mujer,3
Tamaulipas,1999,Febrero,2,Hombre,11
Tamaulipas,1999,Febrero,2,Mujer,1
Tamaulipas,1999,Marzo,3,Hombre,29
Tamaulipas,1999,Marzo,3,Mujer,2
Tamaulipas,1999,Abril,4,Hombre,16
Tamaulipas,1999,Abril,4,Mujer,5
Tamaulipas,1999,Mayo,5,Hombre,24
Tamaulipas,1999,Mayo,5,Mujer,3
Tamaulipas,1999,Junio,6,Hombre,22
Tamaulipas,1999,Junio,6,Mujer,5
Tamaulipas,1999,Julio,7,Hombre,24
Tamaulipas,1999,Julio,7,Mujer,2
Tamaulipas,1999,Agosto,8,Hombre,18
Tamaulipas,1999,Agosto,8,Mujer,7
Tamaulipas,1999,Septiembre,9,Hombre,19
Tamaulipas,1999,Septiembre,9,Mujer,3
Tamaulipas,1999,Octubre,10,Hombre,22
Tamaulipas,1999,Octubre,10,Mujer,9
Tamaulipas,1999,Noviembre,11,Hombre,16
Tamaulipas,1999,Noviembre,11,Mujer,2
Tamaulipas,1999,Diciembre,12,Hombre,18
Tamaulipas,1999,Diciembre,12,Mujer,2
Tamaulipas,2000,Enero,1,Hombre,14
Tamaulipas,2000,Enero,1,Mujer,1
Tamaulipas,2000,Febrero,2,Hombre,24
Tamaulipas,2000,Febrero,2,Mujer,2
Tamaulipas,2000,Marzo,3,Hombre,18
Tamaulipas,2000,Marzo,3,Mujer,2
Tamaulipas,2000,Abril,4,Hombre,23
Tamaulipas,2000,Abril,4,Mujer,5
Tamaulipas,2000,Mayo,5,Hombre,12
Tamaulipas,2000,Mayo,5,Mujer,7
Tamaulipas,2000,Junio,6,Hombre,15
Tamaulipas,2000,Junio,6,Mujer,6
Tamaulipas,2000,Julio,7,Hombre,16
Tamaulipas,2000,Julio,7,Mujer,6
Tamaulipas,2000,Agosto,8,Hombre,10
Tamaulipas,2000,Agosto,8,Mujer,6
Tamaulipas,2000,Septiembre,9,Hombre,29
Tamaulipas,2000,Septiembre,9,Mujer,4
Tamaulipas,2000,Octubre,10,Hombre,16
Tamaulipas,2000,Octubre,10,Mujer,2
Tamaulipas,2000,Noviembre,11,Hombre,21
Tamaulipas,2000,Noviembre,11,Mujer,4
Tamaulipas,2000,Diciembre,12,Hombre,16
Tamaulipas,2000,Diciembre,12,Mujer,5
Tamaulipas,2001,Enero,1,Hombre,14
Tamaulipas,2001,Febrero,2,Hombre,6
Tamaulipas,2001,Febrero,2,Mujer,2
Tamaulipas,2001,Marzo,3,Hombre,12
Tamaulipas,2001,Marzo,3,Mujer,3
Tamaulipas,2001,Abril,4,Hombre,13
Tamaulipas,2001,Abril,4,Mujer,2
Tamaulipas,2001,Mayo,5,Hombre,16
Tamaulipas,2001,Mayo,5,Mujer,1
Tamaulipas,2001,Junio,6,Hombre,11
Tamaulipas,2001,Junio,6,Mujer,3
Tamaulipas,2001,Julio,7,Hombre,15
Tamaulipas,2001,Julio,7,Mujer,2
Tamaulipas,2001,Agosto,8,Hombre,12
Tamaulipas,2001,Agosto,8,Mujer,3
Tamaulipas,2001,Septiembre,9,Hombre,8
Tamaulipas,2001,Octubre,10,Hombre,11
Tamaulipas,2001,Octubre,10,Mujer,2
Tamaulipas,2001,Noviembre,11,Hombre,17
Tamaulipas,2001,Noviembre,11,Mujer,3
Tamaulipas,2001,Diciembre,12,Hombre,23
Tamaulipas,2001,Diciembre,12,Mujer,2
Tamaulipas,2002,Enero,1,Hombre,12
Tamaulipas,2002,Enero,1,Mujer,2
Tamaulipas,2002,Febrero,2,Hombre,12
Tamaulipas,2002,Marzo,3,Hombre,16
Tamaulipas,2002,Abril,4,Hombre,10
Tamaulipas,2002,Abril,4,Mujer,1
Tamaulipas,2002,Mayo,5,Hombre,15
Tamaulipas,2002,Mayo,5,Mujer,1
Tamaulipas,2002,Junio,6,Hombre,13
Tamaulipas,2002,Junio,6,Mujer,2
Tamaulipas,2002,Julio,7,Hombre,15
Tamaulipas,2002,Julio,7,Mujer,2
Tamaulipas,2002,Agosto,8,Hombre,13
Tamaulipas,2002,Agosto,8,Mujer,2
Tamaulipas,2002,Septiembre,9,Hombre,15
Tamaulipas,2002,Septiembre,9,Mujer,1
Tamaulipas,2002,Octubre,10,Hombre,10
Tamaulipas,2002,Octubre,10,Mujer,1
Tamaulipas,2002,Noviembre,11,Hombre,13
Tamaulipas,2002,Noviembre,11,Mujer,1
Tamaulipas,2002,Diciembre,12,Hombre,17
Tamaulipas,2002,Diciembre,12,Mujer,1
Tamaulipas,2003,Enero,1,Hombre,8
Tamaulipas,2003,Enero,1,Mujer,2
Tamaulipas,2003,Febrero,2,Hombre,9
Tamaulipas,2003,Febrero,2,Mujer,1
Tamaulipas,2003,Marzo,3,Hombre,18
Tamaulipas,2003,Marzo,3,Mujer,1
Tamaulipas,2003,Abril,4,Hombre,17
Tamaulipas,2003,Abril,4,Mujer,3
Tamaulipas,2003,Mayo,5,Hombre,11
Tamaulipas,2003,Mayo,5,Mujer,4
Tamaulipas,2003,Junio,6,Hombre,13
Tamaulipas,2003,Junio,6,Mujer,3
Tamaulipas,2003,Julio,7,Hombre,20
Tamaulipas,2003,Julio,7,Mujer,1
Tamaulipas,2003,Agosto,8,Hombre,18
Tamaulipas,2003,Agosto,8,Mujer,5
Tamaulipas,2003,Septiembre,9,Hombre,23
Tamaulipas,2003,Septiembre,9,Mujer,5
Tamaulipas,2003,Octubre,10,Hombre,16
Tamaulipas,2003,Octubre,10,Mujer,1
Tamaulipas,2003,Noviembre,11,Hombre,19
Tamaulipas,2003,Noviembre,11,Mujer,2
Tamaulipas,2003,Diciembre,12,Hombre,19
Tamaulipas,2003,Diciembre,12,Mujer,3
Tamaulipas,2004,Enero,1,Hombre,9
Tamaulipas,2004,Enero,1,Mujer,1
Tamaulipas,2004,Febrero,2,Hombre,16
Tamaulipas,2004,Febrero,2,Mujer,4
Tamaulipas,2004,Marzo,3,Hombre,11
Tamaulipas,2004,Marzo,3,Mujer,1
Tamaulipas,2004,Abril,4,Hombre,20
Tamaulipas,2004,Abril,4,Mujer,1
Tamaulipas,2004,Mayo,5,Hombre,17
Tamaulipas,2004,Mayo,5,Mujer,7
Tamaulipas,2004,Junio,6,Hombre,17
Tamaulipas,2004,Junio,6,Mujer,4
Tamaulipas,2004,Julio,7,Hombre,11
Tamaulipas,2004,Julio,7,Mujer,2
Tamaulipas,2004,Agosto,8,Hombre,19
Tamaulipas,2004,Agosto,8,Mujer,4
Tamaulipas,2004,Septiembre,9,Hombre,13
Tamaulipas,2004,Septiembre,9,Mujer,3
Tamaulipas,2004,Octubre,10,Hombre,21
Tamaulipas,2004,Octubre,10,Mujer,1
Tamaulipas,2004,Noviembre,11,Hombre,13
Tamaulipas,2004,Noviembre,11,Mujer,2
Tamaulipas,2004,Diciembre,12,Hombre,7
Tamaulipas,2005,Enero,1,Hombre,31
Tamaulipas,2005,Enero,1,Mujer,2
Tamaulipas,2005,Febrero,2,Hombre,15
Tamaulipas,2005,Febrero,2,Mujer,8
Tamaulipas,2005,Marzo,3,Hombre,20
Tamaulipas,2005,Marzo,3,Mujer,1
Tamaulipas,2005,Abril,4,Hombre,19
Tamaulipas,2005,Abril,4,Mujer,4
Tamaulipas,2005,Mayo,5,Hombre,27
Tamaulipas,2005,Mayo,5,Mujer,2
Tamaulipas,2005,Junio,6,Hombre,32
Tamaulipas,2005,Junio,6,Mujer,2
Tamaulipas,2005,Julio,7,Hombre,44
Tamaulipas,2005,Julio,7,Mujer,5
Tamaulipas,2005,Agosto,8,Hombre,25
Tamaulipas,2005,Agosto,8,Mujer,7
Tamaulipas,2005,Septiembre,9,Hombre,15
Tamaulipas,2005,Septiembre,9,Mujer,6
Tamaulipas,2005,Octubre,10,Hombre,28
Tamaulipas,2005,Octubre,10,Mujer,1
Tamaulipas,2005,Noviembre,11,Hombre,14
Tamaulipas,2005,Noviembre,11,Mujer,3
Tamaulipas,2005,Diciembre,12,Hombre,23
Tamaulipas,2005,Diciembre,12,Mujer,2
Tamaulipas,2006,Enero,1,Hombre,25
Tamaulipas,2006,Enero,1,Mujer,9
Tamaulipas,2006,Febrero,2,Hombre,19
Tamaulipas,2006,Febrero,2,Mujer,2
Tamaulipas,2006,Marzo,3,Hombre,34
Tamaulipas,2006,Marzo,3,Mujer,4
Tamaulipas,2006,Abril,4,Hombre,34
Tamaulipas,2006,Abril,4,Mujer,1
Tamaulipas,2006,Mayo,5,Hombre,40
Tamaulipas,2006,Mayo,5,Mujer,8
Tamaulipas,2006,Junio,6,Hombre,29
Tamaulipas,2006,Junio,6,Mujer,2
Tamaulipas,2006,Julio,7,Hombre,23
Tamaulipas,2006,Julio,7,Mujer,5
Tamaulipas,2006,Agosto,8,Hombre,17
Tamaulipas,2006,Agosto,8,Mujer,2
Tamaulipas,2006,Septiembre,9,Hombre,26
Tamaulipas,2006,Septiembre,9,Mujer,5
Tamaulipas,2006,Octubre,10,Hombre,14
Tamaulipas,2006,Octubre,10,Mujer,6
Tamaulipas,2006,Noviembre,11,Hombre,21
Tamaulipas,2006,Noviembre,11,Mujer,4
Tamaulipas,2006,Diciembre,12,Hombre,14
Tamaulipas,2006,Diciembre,12,Mujer,5
Tamaulipas,2007,Enero,1,Hombre,6
Tamaulipas,2007,Enero,1,Mujer,1
Tamaulipas,2007,Febrero,2,Hombre,2
Tamaulipas,2007,Febrero,2,Mujer,1
Tamaulipas,2007,Marzo,3,Hombre,6
Tamaulipas,2007,Abril,4,Hombre,11
Tamaulipas,2007,Mayo,5,Hombre,7
Tamaulipas,2007,Mayo,5,Mujer,1
Tamaulipas,2007,Junio,6,Hombre,16
Tamaulipas,2007,Junio,6,Mujer,2
Tamaulipas,2007,Julio,7,Hombre,19
Tamaulipas,2007,Julio,7,Mujer,3
Tamaulipas,2007,Agosto,8,Hombre,15
Tamaulipas,2007,Agosto,8,Mujer,4
Tamaulipas,2007,Septiembre,9,Hombre,13
Tamaulipas,2007,Octubre,10,Hombre,26
Tamaulipas,2007,Octubre,10,Mujer,4
Tamaulipas,2007,Noviembre,11,Hombre,10
Tamaulipas,2007,Noviembre,11,Mujer,6
Tamaulipas,2007,Diciembre,12,Hombre,29
Tamaulipas,2007,Diciembre,12,Mujer,4
Tamaulipas,2008,Enero,1,Hombre,20
Tamaulipas,2008,Enero,1,Mujer,5
Tamaulipas,2008,Febrero,2,Hombre,13
Tamaulipas,2008,Febrero,2,Mujer,6
Tamaulipas,2008,Marzo,3,Hombre,22
Tamaulipas,2008,Marzo,3,Mujer,4
Tamaulipas,2008,Abril,4,Hombre,17
Tamaulipas,2008,Abril,4,Mujer,2
Tamaulipas,2008,Mayo,5,Hombre,19
Tamaulipas,2008,Mayo,5,Mujer,4
Tamaulipas,2008,Junio,6,Hombre,20
Tamaulipas,2008,Junio,6,Mujer,4
Tamaulipas,2008,Julio,7,Hombre,16
Tamaulipas,2008,Agosto,8,Hombre,18
Tamaulipas,2008,Agosto,8,Mujer,4
Tamaulipas,2008,Septiembre,9,Hombre,14
Tamaulipas,2008,Septiembre,9,Mujer,2
Tamaulipas,2008,Octubre,10,Hombre,28
Tamaulipas,2008,Octubre,10,Mujer,2
Tamaulipas,2008,Noviembre,11,Hombre,18
Tamaulipas,2008,Noviembre,11,Mujer,5
Tamaulipas,2008,Diciembre,12,Hombre,11
Tamaulipas,2008,Diciembre,12,Mujer,3
Tamaulipas,2009,Enero,1,Hombre,18
Tamaulipas,2009,Enero,1,Mujer,9
Tamaulipas,2009,Febrero,2,Hombre,24
Tamaulipas,2009,Febrero,2,Mujer,3
Tamaulipas,2009,Marzo,3,Hombre,10
Tamaulipas,2009,Marzo,3,Mujer,2
Tamaulipas,2009,Abril,4,Hombre,16
Tamaulipas,2009,Abril,4,Mujer,6
Tamaulipas,2009,Mayo,5,Hombre,14
Tamaulipas,2009,Mayo,5,Mujer,4
Tamaulipas,2009,Junio,6,Hombre,27
Tamaulipas,2009,Junio,6,Mujer,7
Tamaulipas,2009,Julio,7,Hombre,17
Tamaulipas,2009,Julio,7,Mujer,7
Tamaulipas,2009,Agosto,8,Hombre,14
Tamaulipas,2009,Agosto,8,Mujer,8
Tamaulipas,2009,Septiembre,9,Hombre,24
Tamaulipas,2009,Septiembre,9,Mujer,6
Tamaulipas,2009,Octubre,10,Hombre,21
Tamaulipas,2009,Octubre,10,Mujer,9
Tamaulipas,2009,Noviembre,11,Hombre,32
Tamaulipas,2009,Noviembre,11,Mujer,7
Tamaulipas,2009,Diciembre,12,Hombre,24
Tamaulipas,2009,Diciembre,12,Mujer,3
Tamaulipas,2010,Enero,1,Hombre,20
Tamaulipas,2010,Enero,1,Mujer,6
Tamaulipas,2010,Febrero,2,Hombre,30
Tamaulipas,2010,Febrero,2,Mujer,3
Tamaulipas,2010,Marzo,3,Hombre,61
Tamaulipas,2010,Marzo,3,Mujer,2
Tamaulipas,2010,Abril,4,Hombre,88
Tamaulipas,2010,Abril,4,Mujer,6
Tamaulipas,2010,Mayo,5,Hombre,46
Tamaulipas,2010,Mayo,5,Mujer,4
Tamaulipas,2010,Junio,6,Hombre,77
Tamaulipas,2010,Junio,6,Mujer,8
Tamaulipas,2010,Julio,7,Hombre,74
Tamaulipas,2010,Julio,7,Mujer,10
Tamaulipas,2010,Agosto,8,Hombre,121
Tamaulipas,2010,Agosto,8,Mujer,11
Tamaulipas,2010,Septiembre,9,Hombre,75
Tamaulipas,2010,Septiembre,9,Mujer,6
Tamaulipas,2010,Octubre,10,Hombre,53
Tamaulipas,2010,Octubre,10,Mujer,11
Tamaulipas,2010,Noviembre,11,Hombre,89
Tamaulipas,2010,Noviembre,11,Mujer,14
Tamaulipas,2010,Diciembre,12,Hombre,60
Tamaulipas,2010,Diciembre,12,Mujer,12
Tamaulipas,2011,Enero,1,Hombre,64
Tamaulipas,2011,Enero,1,Mujer,9
Tamaulipas,2011,Febrero,2,Hombre,59
Tamaulipas,2011,Febrero,2,Mujer,4
Tamaulipas,2011,Marzo,3,Hombre,69
Tamaulipas,2011,Marzo,3,Mujer,7
Tamaulipas,2011,Abril,4,Hombre,71
Tamaulipas,2011,Abril,4,Mujer,4
Tamaulipas,2011,Mayo,5,Hombre,102
Tamaulipas,2011,Mayo,5,Mujer,4
Tamaulipas,2011,Junio,6,Hombre,69
Tamaulipas,2011,Junio,6,Mujer,2
Tamaulipas,2011,Julio,7,Hombre,36
Tamaulipas,2011,Julio,7,Mujer,5
Tamaulipas,2011,Agosto,8,Hombre,57
Tamaulipas,2011,Agosto,8,Mujer,9
Tamaulipas,2011,Septiembre,9,Hombre,67
Tamaulipas,2011,Septiembre,9,Mujer,8
Tamaulipas,2011,Octubre,10,Hombre,75
Tamaulipas,2011,Octubre,10,Mujer,6
Tamaulipas,2011,Noviembre,11,Hombre,75
Tamaulipas,2011,Noviembre,11,Mujer,5
Tamaulipas,2011,Diciembre,12,Hombre,67
Tamaulipas,2011,Diciembre,12,Mujer,7
Tamaulipas,2012,Enero,1,Hombre,98
Tamaulipas,2012,Enero,1,Mujer,6
Tamaulipas,2012,Febrero,2,Hombre,58
Tamaulipas,2012,Febrero,2,Mujer,9
Tamaulipas,2012,Marzo,3,Hombre,113
Tamaulipas,2012,Marzo,3,Mujer,11
Tamaulipas,2012,Abril,4,Hombre,92
Tamaulipas,2012,Abril,4,Mujer,10
Tamaulipas,2012,Mayo,5,Hombre,154
Tamaulipas,2012,Mayo,5,Mujer,16
Tamaulipas,2012,Junio,6,Hombre,87
Tamaulipas,2012,Junio,6,Mujer,13
Tamaulipas,2012,Julio,7,Hombre,74
Tamaulipas,2012,Julio,7,Mujer,10
Tamaulipas,2012,Agosto,8,Hombre,95
Tamaulipas,2012,Agosto,8,Mujer,14
Tamaulipas,2012,Septiembre,9,Hombre,153
Tamaulipas,2012,Septiembre,9,Mujer,22
Tamaulipas,2012,Octubre,10,Hombre,131
Tamaulipas,2012,Octubre,10,Mujer,16
Tamaulipas,2012,Noviembre,11,Hombre,96
Tamaulipas,2012,Noviembre,11,Mujer,13
Tamaulipas,2012,Diciembre,12,Hombre,76
Tamaulipas,2012,Diciembre,12,Mujer,9
Tamaulipas,2013,Enero,1,Hombre,84
Tamaulipas,2013,Enero,1,Mujer,8
Tamaulipas,2013,Febrero,2,Hombre,84
Tamaulipas,2013,Febrero,2,Mujer,6
Tamaulipas,2013,Marzo,3,Hombre,57
Tamaulipas,2013,Marzo,3,Mujer,11
Tamaulipas,2013,Abril,4,Hombre,47
Tamaulipas,2013,Abril,4,Mujer,11
Tamaulipas,2013,Mayo,5,Hombre,53
Tamaulipas,2013,Mayo,5,Mujer,4
Tamaulipas,2013,Junio,6,Hombre,44
Tamaulipas,2013,Junio,6,Mujer,5
Tamaulipas,2013,Julio,7,Hombre,52
Tamaulipas,2013,Julio,7,Mujer,6
Tamaulipas,2013,Agosto,8,Hombre,68
Tamaulipas,2013,Agosto,8,Mujer,6
Tamaulipas,2013,Septiembre,9,Hombre,36
Tamaulipas,2013,Septiembre,9,Mujer,5
Tamaulipas,2013,Octubre,10,Hombre,56
Tamaulipas,2013,Octubre,10,Mujer,7
Tamaulipas,2013,Noviembre,11,Hombre,50
Tamaulipas,2013,Noviembre,11,Mujer,10
Tamaulipas,2013,Diciembre,12,Hombre,52
Tamaulipas,2013,Diciembre,12,Mujer,9
Tamaulipas,2014,Enero,1,Hombre,35
Tamaulipas,2014,Enero,1,Mujer,11
Tamaulipas,2014,Febrero,2,Hombre,44
Tamaulipas,2014,Febrero,2,Mujer,8
Tamaulipas,2014,Marzo,3,Hombre,34
Tamaulipas,2014,Marzo,3,Mujer,5
Tamaulipas,2014,Abril,4,Hombre,74
Tamaulipas,2014,Abril,4,Mujer,7
Tamaulipas,2014,Mayo,5,Hombre,117
Tamaulipas,2014,Mayo,5,Mujer,18
Tamaulipas,2014,Junio,6,Hombre,72
Tamaulipas,2014,Junio,6,Mujer,8
Tamaulipas,2014,Julio,7,Hombre,45
Tamaulipas,2014,Julio,7,Mujer,12
Tamaulipas,2014,Agosto,8,Hombre,46
Tamaulipas,2014,Agosto,8,Mujer,14
Tamaulipas,2014,Septiembre,9,Hombre,44
Tamaulipas,2014,Septiembre,9,Mujer,9
Tamaulipas,2014,Octubre,10,Hombre,54
Tamaulipas,2014,Octubre,10,Mujer,14
Tamaulipas,2014,Noviembre,11,Hombre,33
Tamaulipas,2014,Noviembre,11,Mujer,5
Tamaulipas,2014,Diciembre,12,Hombre,39
Tamaulipas,2014,Diciembre,12,Mujer,11
Tamaulipas,2015,Enero,1,Hombre,29
Tamaulipas,2015,Enero,1,Mujer,2
Tamaulipas,2015,Febrero,2,Hombre,53
Tamaulipas,2015,Febrero,2,Mujer,6
Tamaulipas,2015,Marzo,3,Hombre,55
Tamaulipas,2015,Marzo,3,Mujer,8
Tamaulipas,2015,Abril,4,Hombre,49
Tamaulipas,2015,Abril,4,Mujer,3
Tamaulipas,2015,Mayo,5,Hombre,48
Tamaulipas,2015,Mayo,5,Mujer,3
Tamaulipas,2015,Junio,6,Hombre,53
Tamaulipas,2015,Junio,6,Mujer,9
Tamaulipas,2015,Julio,7,Hombre,61
Tamaulipas,2015,Julio,7,Mujer,6
Tamaulipas,2015,Agosto,8,Hombre,43
Tamaulipas,2015,Agosto,8,Mujer,6
Tamaulipas,2015,Septiembre,9,Hombre,35
Tamaulipas,2015,Septiembre,9,Mujer,7
Tamaulipas,2015,Octubre,10,Hombre,36
Tamaulipas,2015,Octubre,10,Mujer,8
Tamaulipas,2015,Noviembre,11,Hombre,37
Tamaulipas,2015,Noviembre,11,Mujer,5
Tamaulipas,2015,Diciembre,12,Hombre,31
Tamaulipas,2015,Diciembre,12,Mujer,7
Tamaulipas,2016,Enero,1,Hombre,24
Tamaulipas,2016,Enero,1,Mujer,3
Tamaulipas,2016,Febrero,2,Hombre,50
Tamaulipas,2016,Febrero,2,Mujer,6
Tamaulipas,2016,Marzo,3,Hombre,55
Tamaulipas,2016,Marzo,3,Mujer,10
Tamaulipas,2016,Abril,4,Hombre,60
Tamaulipas,2016,Abril,4,Mujer,13
Tamaulipas,2016,Mayo,5,Hombre,50
Tamaulipas,2016,Mayo,5,Mujer,10
Tamaulipas,2016,Junio,6,Hombre,48
Tamaulipas,2016,Junio,6,Mujer,10
Tamaulipas,2016,Julio,7,Hombre,47
Tamaulipas,2016,Julio,7,Mujer,22
Tamaulipas,2016,Agosto,8,Hombre,53
Tamaulipas,2016,Agosto,8,Mujer,8
Tamaulipas,2016,Septiembre,9,Hombre,71
Tamaulipas,2016,Septiembre,9,Mujer,12
Tamaulipas,2016,Octubre,10,Hombre,60
Tamaulipas,2016,Octubre,10,Mujer,12
Tamaulipas,2016,Noviembre,11,Hombre,59
Tamaulipas,2016,Noviembre,11,Mujer,12
Tamaulipas,2016,Diciembre,12,Hombre,55
Tamaulipas,2016,Diciembre,12,Mujer,12
Tamaulipas,2017,Enero,1,Hombre,47
Tamaulipas,2017,Enero,1,Mujer,4
Tamaulipas,2017,Febrero,2,Hombre,46
Tamaulipas,2017,Febrero,2,Mujer,12
Tamaulipas,2017,Marzo,3,Hombre,43
Tamaulipas,2017,Marzo,3,Mujer,3
Tamaulipas,2017,Abril,4,Hombre,41
Tamaulipas,2017,Abril,4,Mujer,13
Tamaulipas,2017,Mayo,5,Hombre,81
Tamaulipas,2017,Mayo,5,Mujer,16
Tamaulipas,2017,Junio,6,Hombre,103
Tamaulipas,2017,Junio,6,Mujer,13
Tamaulipas,2017,Julio,7,Hombre,61
Tamaulipas,2017,Julio,7,Mujer,10
Tamaulipas,2017,Agosto,8,Hombre,95
Tamaulipas,2017,Agosto,8,Mujer,16
Tamaulipas,2017,Septiembre,9,Hombre,103
Tamaulipas,2017,Septiembre,9,Mujer,10
Tamaulipas,2017,Octubre,10,Hombre,120
Tamaulipas,2017,Octubre,10,Mujer,19
Tamaulipas,2017,Noviembre,11,Hombre,121
Tamaulipas,2017,Noviembre,11,Mujer,9
Tamaulipas,2017,Diciembre,12,Hombre,121
Tamaulipas,2017,Diciembre,12,Mujer,13
Tamaulipas,2018,Enero,1,Hombre,82
Tamaulipas,2018,Enero,1,Mujer,9
Tamaulipas,2018,Febrero,2,Hombre,73
Tamaulipas,2018,Febrero,2,Mujer,9
Tamaulipas,2018,Marzo,3,Hombre,96
Tamaulipas,2018,Marzo,3,Mujer,13
Tamaulipas,2018,Abril,4,Hombre,131
Tamaulipas,2018,Abril,4,Mujer,17
Tamaulipas,2018,Mayo,5,Hombre,186
Tamaulipas,2018,Mayo,5,Mujer,15
Tamaulipas,2018,Junio,6,Hombre,158
Tamaulipas,2018,Junio,6,Mujer,9
Tamaulipas,2018,Julio,7,Hombre,94
Tamaulipas,2018,Julio,7,Mujer,5
Tamaulipas,2018,Agosto,8,Hombre,71
Tamaulipas,2018,Agosto,8,Mujer,12
Tamaulipas,2018,Septiembre,9,Hombre,73
Tamaulipas,2018,Septiembre,9,Mujer,14
Tamaulipas,2018,Octubre,10,Hombre,72
Tamaulipas,2018,Octubre,10,Mujer,5
Tamaulipas,2018,Noviembre,11,Hombre,68
Tamaulipas,2018,Noviembre,11,Mujer,8
Tamaulipas,2018,Diciembre,12,Hombre,77
Tamaulipas,2018,Diciembre,12,Mujer,10
Tamaulipas,2019,Enero,1,Hombre,66
Tamaulipas,2019,Enero,1,Mujer,7
Tamaulipas,2019,Febrero,2,Hombre,50
Tamaulipas,2019,Febrero,2,Mujer,4
Tamaulipas,2019,Marzo,3,Hombre,61
Tamaulipas,2019,Marzo,3,Mujer,11
Tamaulipas,2019,Abril,4,Hombre,50
Tamaulipas,2019,Abril,4,Mujer,8
Tamaulipas,2019,Mayo,5,Hombre,46
Tamaulipas,2019,Mayo,5,Mujer,9
Tamaulipas,2019,Junio,6,Hombre,60
Tamaulipas,2019,Junio,6,Mujer,5
Tamaulipas,2019,Julio,7,Hombre,71
Tamaulipas,2019,Julio,7,Mujer,11
Tamaulipas,2019,Agosto,8,Hombre,58
Tamaulipas,2019,Agosto,8,Mujer,9
Tamaulipas,2019,Septiembre,9,Hombre,61
Tamaulipas,2019,Septiembre,9,Mujer,9
Tamaulipas,2019,Octubre,10,Hombre,67
Tamaulipas,2019,Octubre,10,Mujer,11
Tamaulipas,2019,Noviembre,11,Hombre,46
Tamaulipas,2019,Noviembre,11,Mujer,14
Tamaulipas,2019,Diciembre,12,Hombre,51
Tamaulipas,2019,Diciembre,12,Mujer,9
Tamaulipas,2020,Enero,1,Hombre,58
Tamaulipas,2020,Enero,1,Mujer,9
Tamaulipas,2020,Febrero,2,Hombre,74
Tamaulipas,2020,Febrero,2,Mujer,4
Tamaulipas,2020,Marzo,3,Hombre,58
Tamaulipas,2020,Marzo,3,Mujer,7
Tamaulipas,2020,Abril,4,Hombre,47
Tamaulipas,2020,Abril,4,Mujer,6
Tamaulipas,2020,Mayo,5,Hombre,66
Tamaulipas,2020,Mayo,5,Mujer,1
Tamaulipas,2020,Junio,6,Hombre,53
Tamaulipas,2020,Junio,6,Mujer,10
Tamaulipas,2020,Julio,7,Hombre,73
Tamaulipas,2020,Julio,7,Mujer,8
Tamaulipas,2020,Agosto,8,Hombre,62
Tamaulipas,2020,Agosto,8,Mujer,6
Tamaulipas,2020,Septiembre,9,Hombre,56
Tamaulipas,2020,Septiembre,9,Mujer,6
Tamaulipas,2020,Octubre,10,Hombre,46
Tamaulipas,2020,Octubre,10,Mujer,6
Tamaulipas,2020,Noviembre,11,Hombre,42
Tamaulipas,2020,Noviembre,11,Mujer,2
Tamaulipas,2020,Diciembre,12,Hombre,41
Tamaulipas,2020,Diciembre,12,Mujer,8
Tamaulipas,2021,Enero,1,Hombre,20
Tamaulipas,2021,Enero,1,Mujer,3
Tamaulipas,2021,Febrero,2,Hombre,32
Tamaulipas,2021,Febrero,2,Mujer,4
Tamaulipas,2021,Marzo,3,Hombre,70
Tamaulipas,2021,Marzo,3,Mujer,8
Tamaulipas,2021,Abril,4,Hombre,41
Tamaulipas,2021,Abril,4,Mujer,3
Tamaulipas,2021,Mayo,5,Hombre,28
Tamaulipas,2021,Mayo,5,Mujer,3
Tamaulipas,2021,Junio,6,Hombre,61
Tamaulipas,2021,Junio,6,Mujer,6
Tamaulipas,2021,Julio,7,Hombre,30
Tamaulipas,2021,Julio,7,Mujer,3
Tamaulipas,2021,Agosto,8,Hombre,57
Tamaulipas,2021,Agosto,8,Mujer,2
Tamaulipas,2021,Septiembre,9,Hombre,59
Tamaulipas,2021,Septiembre,9,Mujer,8
Tamaulipas,2021,Octubre,10,Hombre,35
Tamaulipas,2021,Octubre,10,Mujer,9
Tamaulipas,2021,Noviembre,11,Hombre,54
Tamaulipas,2021,Noviembre,11,Mujer,5
Tamaulipas,2021,Diciembre,12,Hombre,41
Tamaulipas,2021,Diciembre,12,Mujer,6
Tamaulipas,2022,Enero,1,Hombre,39
Tamaulipas,2022,Enero,1,Mujer,3
Tamaulipas,2022,Febrero,2,Hombre,17
Tamaulipas,2022,Febrero,2,Mujer,4
Tamaulipas,2022,Marzo,3,Hombre,30
Tamaulipas,2022,Marzo,3,Mujer,2
Tamaulipas,2022,Abril,4,Hombre,18
Tamaulipas,2022,Abril,4,Mujer,2
Tamaulipas,2022,Mayo,5,Hombre,22
Tamaulipas,2022,Mayo,5,Mujer,9
Tamaulipas,2022,Junio,6,Hombre,29
Tamaulipas,2022,Junio,6,Mujer,4
Tamaulipas,2022,Julio,7,Hombre,33
Tamaulipas,2022,Julio,7,Mujer,3
Tamaulipas,2022,Agosto,8,Hombre,32
Tamaulipas,2022,Agosto,8,Mujer,6
Tamaulipas,2022,Septiembre,9,Hombre,25
Tamaulipas,2022,Septiembre,9,Mujer,6
Tamaulipas,2022,Octubre,10,Hombre,26
Tamaulipas,2022,Octubre,10,Mujer,5
Tamaulipas,2022,Noviembre,11,Hombre,41
Tamaulipas,2022,Noviembre,11,Mujer,6
Tamaulipas,2022,Diciembre,12,Hombre,35
Tamaulipas,2022,Diciembre,12,Mujer,3
Tamaulipas,2023,Enero,1,Hombre,56
Tamaulipas,2023,Enero,1,Mujer,9
Tamaulipas,2023,Febrero,2,Hombre,25
Tamaulipas,2023,Febrero,2,Mujer,3
Tamaulipas,2023,Marzo,3,Hombre,23
Tamaulipas,2023,Marzo,3,Mujer,6
Tamaulipas,2023,Abril,4,Hombre,26
Tamaulipas,2023,Abril,4,Mujer,5
Tamaulipas,2023,Mayo,5,Hombre,65
Tamaulipas,2023,Mayo,5,Mujer,3
Tamaulipas,2023,Junio,6,Hombre,51
Tamaulipas,2023,Junio,6,Mujer,7
Tamaulipas,2023,Julio,7,Hombre,48
Tamaulipas,2023,Julio,7,Mujer,7
Tamaulipas,2023,Agosto,8,Hombre,34
Tamaulipas,2023,Agosto,8,Mujer,2
Tamaulipas,2023,Septiembre,9,Hombre,31
Tamaulipas,2023,Septiembre,9,Mujer,5
Tamaulipas,2023,Octubre,10,Hombre,30
Tamaulipas,2023,Octubre,10,Mujer,5
Tamaulipas,2023,Noviembre,11,Hombre,49
Tamaulipas,2023,Noviembre,11,Mujer,3
Tamaulipas,2023,Diciembre,12,Hombre,43
Tamaulipas,2023,Diciembre,12,Mujer,3
Tamaulipas,2024,Enero,1,Hombre,24
Tamaulipas,2024,Enero,1,Mujer,4
Tamaulipas,2024,Febrero,2,Hombre,27
Tamaulipas,2024,Febrero,2,Mujer,5
Tamaulipas,2024,Marzo,3,Hombre,33
Tamaulipas,2024,Marzo,3,Mujer,1
Tamaulipas,2024,Abril,4,Hombre,43
Tamaulipas,2024,Abril,4,Mujer,5
Tamaulipas,2024,Mayo,5,Hombre,53
Tamaulipas,2024,Mayo,5,Mujer,5
Tamaulipas,2024,Junio,6,Hombre,33
Tamaulipas,2024,Junio,6,Mujer,4
Tamaulipas,2024,Julio,7,Hombre,35
Tamaulipas,2024,Julio,7,Mujer,4
Tamaulipas,2024,Agosto,8,Hombre,34
Tamaulipas,2024,Agosto,8,Mujer,1
Tamaulipas,2024,Septiembre,9,Hombre,22
Tamaulipas,2024,Septiembre,9,Mujer,3
Tamaulipas,2024,Octubre,10,Hombre,34
Tamaulipas,2024,Octubre,10,Mujer,6
Tamaulipas,2024,Noviembre,11,Hombre,38
Tamaulipas,2024,Noviembre,11,Mujer,5
Tamaulipas,2024,Diciembre,12,Hombre,30
Tamaulipas,2024,Diciembre,12,Mujer,4
Tlaxcala,1990,Enero,1,Hombre,4
Tlaxcala,1990,Enero,1,Mujer,2
Tlaxcala,1990,Febrero,2,Hombre,3
Tlaxcala,1990,Marzo,3,Hombre,4
Tlaxcala,1990,Marzo,3,Mujer,1
Tlaxcala,1990,Abril,4,Hombre,2
Tlaxcala,1990,Mayo,5,Hombre,5
Tlaxcala,1990,Mayo,5,Mujer,1
Tlaxcala,1990,Junio,6,Hombre,1
Tlaxcala,1990,Junio,6,Mujer,1
Tlaxcala,1990,Julio,7,Hombre,3
Tlaxcala,1990,Julio,7,Mujer,2
Tlaxcala,1990,Agosto,8,Hombre,4
Tlaxcala,1990,Septiembre,9,Hombre,5
Tlaxcala,1990,Octubre,10,Hombre,4
Tlaxcala,1990,Noviembre,11,Hombre,4
Tlaxcala,1990,Noviembre,11,Mujer,1
Tlaxcala,1991,Enero,1,Hombre,2
Tlaxcala,1991,Enero,1,Mujer,2
Tlaxcala,1991,Febrero,2,Mujer,2
Tlaxcala,1991,Marzo,3,Hombre,2
Tlaxcala,1991,Abril,4,Hombre,2
Tlaxcala,1991,Mayo,5,Hombre,2
Tlaxcala,1991,Mayo,5,Mujer,1
Tlaxcala,1991,Junio,6,Hombre,2
Tlaxcala,1991,Julio,7,Hombre,2
Tlaxcala,1991,Agosto,8,Hombre,2
Tlaxcala,1991,Septiembre,9,Hombre,6
Tlaxcala,1991,Noviembre,11,Hombre,3
Tlaxcala,1991,Noviembre,11,Mujer,2
Tlaxcala,1991,Diciembre,12,Hombre,3
Tlaxcala,1992,Enero,1,Hombre,7
Tlaxcala,1992,Febrero,2,Hombre,3
Tlaxcala,1992,Febrero,2,Mujer,1
Tlaxcala,1992,Marzo,3,Hombre,5
Tlaxcala,1992,Abril,4,Hombre,5
Tlaxcala,1992,Mayo,5,Hombre,4
Tlaxcala,1992,Junio,6,Hombre,2
Tlaxcala,1992,Julio,7,Hombre,2
Tlaxcala,1992,Agosto,8,Hombre,1
Tlaxcala,1992,Agosto,8,Mujer,3
Tlaxcala,1992,Septiembre,9,Hombre,3
Tlaxcala,1992,Noviembre,11,Hombre,1
Tlaxcala,1992,Noviembre,11,Mujer,3
Tlaxcala,1992,Diciembre,12,Hombre,3
Tlaxcala,1993,Enero,1,Hombre,2
Tlaxcala,1993,Enero,1,Mujer,1
Tlaxcala,1993,Febrero,2,Hombre,3
Tlaxcala,1993,Marzo,3,Hombre,4
Tlaxcala,1993,Abril,4,Hombre,2
Tlaxcala,1993,Mayo,5,Hombre,4
Tlaxcala,1993,Junio,6,Hombre,3
Tlaxcala,1993,Julio,7,Hombre,3
Tlaxcala,1993,Agosto,8,Hombre,2
Tlaxcala,1993,Agosto,8,Mujer,1
Tlaxcala,1993,Septiembre,9,Hombre,9
Tlaxcala,1993,Octubre,10,Hombre,2
Tlaxcala,1993,Noviembre,11,Hombre,2
Tlaxcala,1993,Noviembre,11,Mujer,1
Tlaxcala,1993,Diciembre,12,Hombre,4
Tlaxcala,1993,Diciembre,12,Mujer,1
Tlaxcala,1994,Enero,1,Hombre,1
Tlaxcala,1994,Febrero,2,Hombre,2
Tlaxcala,1994,Marzo,3,Hombre,3
Tlaxcala,1994,Abril,4,Hombre,2
Tlaxcala,1994,Mayo,5,Hombre,2
Tlaxcala,1994,Junio,6,Hombre,4
Tlaxcala,1994,Julio,7,Hombre,5
Tlaxcala,1994,Agosto,8,Hombre,5
Tlaxcala,1994,Septiembre,9,Hombre,1
Tlaxcala,1994,Octubre,10,Hombre,6
Tlaxcala,1994,Octubre,10,Mujer,1
Tlaxcala,1994,Noviembre,11,Hombre,5
Tlaxcala,1994,Diciembre,12,Hombre,2
Tlaxcala,1995,Enero,1,Hombre,6
Tlaxcala,1995,Enero,1,Mujer,1
Tlaxcala,1995,Febrero,2,Hombre,4
Tlaxcala,1995,Febrero,2,Mujer,1
Tlaxcala,1995,Marzo,3,Hombre,6
Tlaxcala,1995,Abril,4,Hombre,3
Tlaxcala,1995,Mayo,5,Hombre,3
Tlaxcala,1995,Junio,6,Hombre,11
Tlaxcala,1995,Junio,6,Mujer,1
Tlaxcala,1995,Julio,7,Hombre,4
Tlaxcala,1995,Agosto,8,Hombre,4
Tlaxcala,1995,Agosto,8,Mujer,2
Tlaxcala,1995,Septiembre,9,Hombre,3
Tlaxcala,1995,Septiembre,9,Mujer,1
Tlaxcala,1995,Octubre,10,Hombre,3
Tlaxcala,1995,Noviembre,11,Hombre,4
Tlaxcala,1995,Noviembre,11,Mujer,1
Tlaxcala,1995,Diciembre,12,Hombre,8
Tlaxcala,1996,Enero,1,Hombre,3
Tlaxcala,1996,Febrero,2,Hombre,1
Tlaxcala,1996,Febrero,2,Mujer,1
Tlaxcala,1996,Marzo,3,Hombre,6
Tlaxcala,1996,Marzo,3,Mujer,2
Tlaxcala,1996,Abril,4,Hombre,4
Tlaxcala,1996,Abril,4,Mujer,2
Tlaxcala,1996,Mayo,5,Hombre,6
Tlaxcala,1996,Junio,6,Hombre,4
Tlaxcala,1996,Junio,6,Mujer,2
Tlaxcala,1996,Julio,7,Hombre,7
Tlaxcala,1996,Agosto,8,Hombre,4
Tlaxcala,1996,Septiembre,9,Hombre,3
Tlaxcala,1996,Octubre,10,Hombre,3
Tlaxcala,1996,Octubre,10,Mujer,1
Tlaxcala,1996,Noviembre,11,Hombre,2
Tlaxcala,1996,Diciembre,12,Hombre,4
Tlaxcala,1997,Enero,1,Hombre,2
Tlaxcala,1997,Febrero,2,Hombre,10
Tlaxcala,1997,Marzo,3,Hombre,5
Tlaxcala,1997,Marzo,3,Mujer,2
Tlaxcala,1997,Abril,4,Hombre,6
Tlaxcala,1997,Abril,4,Mujer,1
Tlaxcala,1997,Mayo,5,Hombre,5
Tlaxcala,1997,Mayo,5,Mujer,1
Tlaxcala,1997,Junio,6,Hombre,3
Tlaxcala,1997,Julio,7,Hombre,4
Tlaxcala,1997,Agosto,8,Hombre,2
Tlaxcala,1997,Agosto,8,Mujer,1
Tlaxcala,1997,Septiembre,9,Hombre,5
Tlaxcala,1997,Octubre,10,Hombre,5
Tlaxcala,1997,Octubre,10,Mujer,1
Tlaxcala,1997,Noviembre,11,Hombre,3
Tlaxcala,1997,Noviembre,11,Mujer,1
Tlaxcala,1997,Diciembre,12,Hombre,5
Tlaxcala,1997,Diciembre,12,Mujer,1
Tlaxcala,1998,Enero,1,Hombre,3
Tlaxcala,1998,Febrero,2,Hombre,5
Tlaxcala,1998,Febrero,2,Mujer,1
Tlaxcala,1998,Marzo,3,Hombre,4
Tlaxcala,1998,Abril,4,Hombre,1
Tlaxcala,1998,Abril,4,Mujer,2
Tlaxcala,1998,Mayo,5,Hombre,3
Tlaxcala,1998,Junio,6,Hombre,3
Tlaxcala,1998,Junio,6,Mujer,2
Tlaxcala,1998,Julio,7,Hombre,5
Tlaxcala,1998,Julio,7,Mujer,2
Tlaxcala,1998,Agosto,8,Hombre,3
Tlaxcala,1998,Agosto,8,Mujer,1
Tlaxcala,1998,Septiembre,9,Hombre,6
Tlaxcala,1998,Septiembre,9,Mujer,1
Tlaxcala,1998,Octubre,10,Hombre,8
Tlaxcala,1998,Octubre,10,Mujer,2
Tlaxcala,1998,Noviembre,11,Hombre,7
Tlaxcala,1998,Noviembre,11,Mujer,1
Tlaxcala,1998,Diciembre,12,Hombre,3
Tlaxcala,1999,Enero,1,Hombre,4
Tlaxcala,1999,Enero,1,Mujer,2
Tlaxcala,1999,Febrero,2,Hombre,6
Tlaxcala,1999,Febrero,2,Mujer,4
Tlaxcala,1999,Marzo,3,Hombre,3
Tlaxcala,1999,Marzo,3,Mujer,1
Tlaxcala,1999,Abril,4,Hombre,5
Tlaxcala,1999,Abril,4,Mujer,2
Tlaxcala,1999,Mayo,5,Hombre,9
Tlaxcala,1999,Mayo,5,Mujer,1
Tlaxcala,1999,Junio,6,Hombre,4
Tlaxcala,1999,Junio,6,Mujer,3
Tlaxcala,1999,Julio,7,Hombre,4
Tlaxcala,1999,Agosto,8,Hombre,4
Tlaxcala,1999,Agosto,8,Mujer,1
Tlaxcala,1999,Septiembre,9,Hombre,4
Tlaxcala,1999,Octubre,10,Hombre,2
Tlaxcala,1999,Noviembre,11,Hombre,6
Tlaxcala,1999,Noviembre,11,Mujer,1
Tlaxcala,1999,Diciembre,12,Hombre,4
Tlaxcala,2000,Febrero,2,Hombre,3
Tlaxcala,2000,Febrero,2,Mujer,1
Tlaxcala,2000,Marzo,3,Hombre,3
Tlaxcala,2000,Marzo,3,Mujer,2
Tlaxcala,2000,Abril,4,Hombre,4
Tlaxcala,2000,Abril,4,Mujer,1
Tlaxcala,2000,Mayo,5,Hombre,5
Tlaxcala,2000,Mayo,5,Mujer,1
Tlaxcala,2000,Junio,6,Hombre,3
Tlaxcala,2000,Julio,7,Hombre,4
Tlaxcala,2000,Agosto,8,Hombre,8
Tlaxcala,2000,Agosto,8,Mujer,7
Tlaxcala,2000,Septiembre,9,Hombre,3
Tlaxcala,2000,Septiembre,9,Mujer,1
Tlaxcala,2000,Octubre,10,Hombre,1
Tlaxcala,2000,Noviembre,11,Hombre,3
Tlaxcala,2000,Noviembre,11,Mujer,2
Tlaxcala,2000,Diciembre,12,Hombre,2
Tlaxcala,2000,Diciembre,12,Mujer,1
Tlaxcala,2001,Enero,1,Hombre,5
Tlaxcala,2001,Enero,1,Mujer,2
Tlaxcala,2001,Febrero,2,Hombre,3
Tlaxcala,2001,Febrero,2,Mujer,2
Tlaxcala,2001,Marzo,3,Hombre,3
Tlaxcala,2001,Abril,4,Hombre,4
Tlaxcala,2001,Abril,4,Mujer,1
Tlaxcala,2001,Mayo,5,Hombre,4
Tlaxcala,2001,Mayo,5,Mujer,1
Tlaxcala,2001,Junio,6,Hombre,4
Tlaxcala,2001,Julio,7,Hombre,4
Tlaxcala,2001,Julio,7,Mujer,1
Tlaxcala,2001,Agosto,8,Hombre,1
Tlaxcala,2001,Septiembre,9,Hombre,2
Tlaxcala,2001,Septiembre,9,Mujer,1
Tlaxcala,2001,Octubre,10,Hombre,3
Tlaxcala,2001,Octubre,10,Mujer,1
Tlaxcala,2001,Noviembre,11,Mujer,1
Tlaxcala,2001,Diciembre,12,Hombre,7
Tlaxcala,2002,Enero,1,Hombre,6
Tlaxcala,2002,Enero,1,Mujer,1
Tlaxcala,2002,Febrero,2,Hombre,3
Tlaxcala,2002,Febrero,2,Mujer,1
Tlaxcala,2002,Marzo,3,Hombre,1
Tlaxcala,2002,Marzo,3,Mujer,1
Tlaxcala,2002,Abril,4,Hombre,1
Tlaxcala,2002,Abril,4,Mujer,1
Tlaxcala,2002,Mayo,5,Hombre,8
Tlaxcala,2002,Mayo,5,Mujer,1
Tlaxcala,2002,Junio,6,Hombre,3
Tlaxcala,2002,Julio,7,Mujer,2
Tlaxcala,2002,Agosto,8,Hombre,3
Tlaxcala,2002,Septiembre,9,Hombre,4
Tlaxcala,2002,Octubre,10,Hombre,3
Tlaxcala,2002,Noviembre,11,Hombre,5
Tlaxcala,2002,Noviembre,11,Mujer,1
Tlaxcala,2002,Diciembre,12,Hombre,2
Tlaxcala,2002,Diciembre,12,Mujer,4
Tlaxcala,2003,Febrero,2,Hombre,1
Tlaxcala,2003,Marzo,3,Hombre,3
Tlaxcala,2003,Marzo,3,Mujer,1
Tlaxcala,2003,Abril,4,Hombre,1
Tlaxcala,2003,Abril,4,Mujer,2
Tlaxcala,2003,Mayo,5,Hombre,1
Tlaxcala,2003,Junio,6,Hombre,1
Tlaxcala,2003,Junio,6,Mujer,3
Tlaxcala,2003,Julio,7,Hombre,6
Tlaxcala,2003,Agosto,8,Mujer,2
Tlaxcala,2003,Septiembre,9,Hombre,2
Tlaxcala,2003,Octubre,10,Mujer,2
Tlaxcala,2003,Noviembre,11,Hombre,4
Tlaxcala,2003,Diciembre,12,Hombre,6
Tlaxcala,2004,Enero,1,Hombre,3
Tlaxcala,2004,Enero,1,Mujer,1
Tlaxcala,2004,Febrero,2,Hombre,6
Tlaxcala,2004,Febrero,2,Mujer,1
Tlaxcala,2004,Marzo,3,Hombre,6
Tlaxcala,2004,Marzo,3,Mujer,2
Tlaxcala,2004,Abril,4,Hombre,2
Tlaxcala,2004,Abril,4,Mujer,2
Tlaxcala,2004,Mayo,5,Hombre,1
Tlaxcala,2004,Junio,6,Hombre,1
Tlaxcala,2004,Agosto,8,Hombre,4
Tlaxcala,2004,Septiembre,9,Hombre,2
Tlaxcala,2004,Octubre,10,Hombre,2
Tlaxcala,2004,Octubre,10,Mujer,4
Tlaxcala,2004,Noviembre,11,Hombre,2
Tlaxcala,2004,Noviembre,11,Mujer,1
Tlaxcala,2004,Diciembre,12,Hombre,6
Tlaxcala,2004,Diciembre,12,Mujer,2
Tlaxcala,2005,Enero,1,Hombre,1
Tlaxcala,2005,Febrero,2,Mujer,1
Tlaxcala,2005,Marzo,3,Hombre,5
Tlaxcala,2005,Abril,4,Hombre,4
Tlaxcala,2005,Abril,4,Mujer,2
Tlaxcala,2005,Mayo,5,Hombre,4
Tlaxcala,2005,Mayo,5,Mujer,1
Tlaxcala,2005,Junio,6,Hombre,3
Tlaxcala,2005,Junio,6,Mujer,1
Tlaxcala,2005,Julio,7,Hombre,3
Tlaxcala,2005,Julio,7,Mujer,2
Tlaxcala,2005,Agosto,8,Hombre,1
Tlaxcala,2005,Septiembre,9,Hombre,4
Tlaxcala,2005,Octubre,10,Hombre,5
Tlaxcala,2005,Octubre,10,Mujer,1
Tlaxcala,2005,Noviembre,11,Hombre,3
Tlaxcala,2005,Noviembre,11,Mujer,1
Tlaxcala,2005,Diciembre,12,Hombre,2
Tlaxcala,2005,Diciembre,12,Mujer,1
Tlaxcala,2006,Enero,1,Hombre,2
Tlaxcala,2006,Enero,1,Mujer,1
Tlaxcala,2006,Febrero,2,Hombre,6
Tlaxcala,2006,Febrero,2,Mujer,3
Tlaxcala,2006,Marzo,3,Hombre,3
Tlaxcala,2006,Marzo,3,Mujer,2
Tlaxcala,2006,Abril,4,Hombre,4
Tlaxcala,2006,Mayo,5,Hombre,2
Tlaxcala,2006,Junio,6,Hombre,2
Tlaxcala,2006,Junio,6,Mujer,1
Tlaxcala,2006,Julio,7,Hombre,3
Tlaxcala,2006,Julio,7,Mujer,1
Tlaxcala,2006,Agosto,8,Hombre,3
Tlaxcala,2006,Octubre,10,Hombre,2
Tlaxcala,2006,Octubre,10,Mujer,1
Tlaxcala,2006,Noviembre,11,Hombre,5
Tlaxcala,2006,Diciembre,12,Mujer,1
Tlaxcala,2007,Febrero,2,Hombre,1
Tlaxcala,2007,Febrero,2,Mujer,1
Tlaxcala,2007,Marzo,3,Hombre,7
Tlaxcala,2007,Marzo,3,Mujer,2
Tlaxcala,2007,Abril,4,Hombre,2
Tlaxcala,2007,Abril,4,Mujer,1
Tlaxcala,2007,Mayo,5,Hombre,2
Tlaxcala,2007,Mayo,5,Mujer,1
Tlaxcala,2007,Junio,6,Hombre,3
Tlaxcala,2007,Julio,7,Hombre,1
Tlaxcala,2007,Agosto,8,Hombre,3
Tlaxcala,2007,Agosto,8,Mujer,2
Tlaxcala,2007,Septiembre,9,Hombre,2
Tlaxcala,2007,Septiembre,9,Mujer,2
Tlaxcala,2007,Octubre,10,Hombre,2
Tlaxcala,2007,Octubre,10,Mujer,1
Tlaxcala,2007,Noviembre,11,Mujer,1
Tlaxcala,2007,Diciembre,12,Hombre,2
Tlaxcala,2008,Enero,1,Hombre,2
Tlaxcala,2008,Enero,1,Mujer,1
Tlaxcala,2008,Febrero,2,Hombre,7
Tlaxcala,2008,Marzo,3,Hombre,1
Tlaxcala,2008,Marzo,3,Mujer,1
Tlaxcala,2008,Abril,4,Hombre,3
Tlaxcala,2008,Mayo,5,Hombre,3
Tlaxcala,2008,Mayo,5,Mujer,1
Tlaxcala,2008,Junio,6,Hombre,4
Tlaxcala,2008,Junio,6,Mujer,2
Tlaxcala,2008,Julio,7,Hombre,2
Tlaxcala,2008,Julio,7,Mujer,1
Tlaxcala,2008,Agosto,8,Hombre,5
Tlaxcala,2008,Septiembre,9,Hombre,7
Tlaxcala,2008,Septiembre,9,Mujer,1
Tlaxcala,2008,Octubre,10,Hombre,2
Tlaxcala,2008,Octubre,10,Mujer,1
Tlaxcala,2008,Noviembre,11,Hombre,2
Tlaxcala,2008,Diciembre,12,Hombre,1
Tlaxcala,2008,Diciembre,12,Mujer,3
Tlaxcala,2009,Enero,1,Hombre,7
Tlaxcala,2009,Enero,1,Mujer,2
Tlaxcala,2009,Febrero,2,Hombre,7
Tlaxcala,2009,Febrero,2,Mujer,1
Tlaxcala,2009,Marzo,3,Hombre,5
Tlaxcala,2009,Marzo,3,Mujer,1
Tlaxcala,2009,Abril,4,Hombre,3
Tlaxcala,2009,Mayo,5,Hombre,7
Tlaxcala,2009,Mayo,5,Mujer,1
Tlaxcala,2009,Junio,6,Hombre,3
Tlaxcala,2009,Julio,7,Hombre,5
Tlaxcala,2009,Agosto,8,Hombre,8
Tlaxcala,2009,Septiembre,9,Hombre,6
Tlaxcala,2009,Octubre,10,Hombre,8
Tlaxcala,2009,Octubre,10,Mujer,2
Tlaxcala,2009,Noviembre,11,Hombre,3
Tlaxcala,2009,Diciembre,12,Hombre,5
Tlaxcala,2009,Diciembre,12,Mujer,2
Tlaxcala,2010,Enero,1,Hombre,2
Tlaxcala,2010,Febrero,2,Hombre,1
Tlaxcala,2010,Marzo,3,Hombre,2
Tlaxcala,2010,Marzo,3,Mujer,1
Tlaxcala,2010,Abril,4,Hombre,4
Tlaxcala,2010,Mayo,5,Hombre,4
Tlaxcala,2010,Mayo,5,Mujer,1
Tlaxcala,2010,Junio,6,Hombre,1
Tlaxcala,2010,Julio,7,Hombre,1
Tlaxcala,2010,Julio,7,Mujer,1
Tlaxcala,2010,Agosto,8,Hombre,5
Tlaxcala,2010,Septiembre,9,Hombre,5
Tlaxcala,2010,Septiembre,9,Mujer,2
Tlaxcala,2010,Octubre,10,Hombre,6
Tlaxcala,2010,Octubre,10,Mujer,1
Tlaxcala,2010,Noviembre,11,Hombre,6
Tlaxcala,2010,Diciembre,12,Hombre,5
Tlaxcala,2010,Diciembre,12,Mujer,1
Tlaxcala,2011,Enero,1,Hombre,6
Tlaxcala,2011,Febrero,2,Hombre,5
Tlaxcala,2011,Febrero,2,Mujer,2
Tlaxcala,2011,Marzo,3,Hombre,8
Tlaxcala,2011,Marzo,3,Mujer,1
Tlaxcala,2011,Abril,4,Hombre,5
Tlaxcala,2011,Mayo,5,Hombre,2
Tlaxcala,2011,Mayo,5,Mujer,1
Tlaxcala,2011,Junio,6,Hombre,9
Tlaxcala,2011,Junio,6,Mujer,1
Tlaxcala,2011,Julio,7,Hombre,8
Tlaxcala,2011,Julio,7,Mujer,1
Tlaxcala,2011,Agosto,8,Hombre,6
Tlaxcala,2011,Agosto,8,Mujer,4
Tlaxcala,2011,Septiembre,9,Hombre,1
Tlaxcala,2011,Septiembre,9,Mujer,3
Tlaxcala,2011,Octubre,10,Hombre,4
Tlaxcala,2011,Octubre,10,Mujer,1
Tlaxcala,2011,Noviembre,11,Hombre,4
Tlaxcala,2011,Diciembre,12,Hombre,9
Tlaxcala,2012,Enero,1,Hombre,3
Tlaxcala,2012,Febrero,2,Hombre,4
Tlaxcala,2012,Marzo,3,Hombre,6
Tlaxcala,2012,Marzo,3,Mujer,3
Tlaxcala,2012,Abril,4,Hombre,2
Tlaxcala,2012,Mayo,5,Hombre,4
Tlaxcala,2012,Mayo,5,Mujer,1
Tlaxcala,2012,Junio,6,Hombre,5
Tlaxcala,2012,Junio,6,Mujer,1
Tlaxcala,2012,Julio,7,Hombre,9
Tlaxcala,2012,Julio,7,Mujer,1
Tlaxcala,2012,Agosto,8,Hombre,2
Tlaxcala,2012,Agosto,8,Mujer,2
Tlaxcala,2012,Septiembre,9,Hombre,5
Tlaxcala,2012,Septiembre,9,Mujer,1
Tlaxcala,2012,Octubre,10,Hombre,7
Tlaxcala,2012,Noviembre,11,Hombre,5
Tlaxcala,2012,Noviembre,11,Mujer,1
Tlaxcala,2012,Diciembre,12,Hombre,6
Tlaxcala,2012,Diciembre,12,Mujer,2
Tlaxcala,2013,Enero,1,Hombre,3
Tlaxcala,2013,Enero,1,Mujer,5
Tlaxcala,2013,Febrero,2,Hombre,5
Tlaxcala,2013,Marzo,3,Hombre,5
Tlaxcala,2013,Marzo,3,Mujer,3
Tlaxcala,2013,Abril,4,Hombre,8
Tlaxcala,2013,Abril,4,Mujer,1
Tlaxcala,2013,Mayo,5,Hombre,4
Tlaxcala,2013,Mayo,5,Mujer,1
Tlaxcala,2013,Junio,6,Hombre,6
Tlaxcala,2013,Julio,7,Hombre,7
Tlaxcala,2013,Julio,7,Mujer,3
Tlaxcala,2013,Agosto,8,Hombre,5
Tlaxcala,2013,Septiembre,9,Hombre,4
Tlaxcala,2013,Octubre,10,Hombre,10
Tlaxcala,2013,Noviembre,11,Hombre,5
Tlaxcala,2013,Noviembre,11,Mujer,4
Tlaxcala,2013,Diciembre,12,Hombre,4
Tlaxcala,2014,Enero,1,Hombre,4
Tlaxcala,2014,Enero,1,Mujer,1
Tlaxcala,2014,Febrero,2,Hombre,6
Tlaxcala,2014,Febrero,2,Mujer,1
Tlaxcala,2014,Marzo,3,Hombre,5
Tlaxcala,2014,Abril,4,Hombre,6
Tlaxcala,2014,Abril,4,Mujer,2
Tlaxcala,2014,Mayo,5,Hombre,4
Tlaxcala,2014,Mayo,5,Mujer,1
Tlaxcala,2014,Junio,6,Hombre,6
Tlaxcala,2014,Junio,6,Mujer,2
Tlaxcala,2014,Julio,7,Hombre,7
Tlaxcala,2014,Julio,7,Mujer,4
Tlaxcala,2014,Agosto,8,Hombre,6
Tlaxcala,2014,Agosto,8,Mujer,4
Tlaxcala,2014,Septiembre,9,Hombre,4
Tlaxcala,2014,Septiembre,9,Mujer,2
Tlaxcala,2014,Octubre,10,Hombre,4
Tlaxcala,2014,Octubre,10,Mujer,2
Tlaxcala,2014,Noviembre,11,Hombre,1
Tlaxcala,2014,Noviembre,11,Mujer,1
Tlaxcala,2014,Diciembre,12,Hombre,6
Tlaxcala,2014,Diciembre,12,Mujer,2
Tlaxcala,2015,Enero,1,Hombre,4
Tlaxcala,2015,Enero,1,Mujer,1
Tlaxcala,2015,Febrero,2,Hombre,4
Tlaxcala,2015,Marzo,3,Hombre,9
Tlaxcala,2015,Marzo,3,Mujer,2
Tlaxcala,2015,Abril,4,Hombre,9
Tlaxcala,2015,Abril,4,Mujer,2
Tlaxcala,2015,Mayo,5,Hombre,3
Tlaxcala,2015,Mayo,5,Mujer,1
Tlaxcala,2015,Junio,6,Hombre,4
Tlaxcala,2015,Junio,6,Mujer,1
Tlaxcala,2015,Julio,7,Hombre,2
Tlaxcala,2015,Julio,7,Mujer,2
Tlaxcala,2015,Agosto,8,Hombre,6
Tlaxcala,2015,Septiembre,9,Hombre,1
Tlaxcala,2015,Septiembre,9,Mujer,1
Tlaxcala,2015,Octubre,10,Hombre,4
Tlaxcala,2015,Noviembre,11,Hombre,6
Tlaxcala,2015,Noviembre,11,Mujer,2
Tlaxcala,2015,Diciembre,12,Hombre,11
Tlaxcala,2016,Enero,1,Hombre,6
Tlaxcala,2016,Enero,1,Mujer,1
Tlaxcala,2016,Febrero,2,Hombre,7
Tlaxcala,2016,Marzo,3,Hombre,9
Tlaxcala,2016,Marzo,3,Mujer,1
Tlaxcala,2016,Abril,4,Hombre,3
Tlaxcala,2016,Abril,4,Mujer,1
Tlaxcala,2016,Mayo,5,Hombre,6
Tlaxcala,2016,Junio,6,Hombre,8
Tlaxcala,2016,Junio,6,Mujer,2
Tlaxcala,2016,Julio,7,Hombre,7
Tlaxcala,2016,Agosto,8,Hombre,9
Tlaxcala,2016,Septiembre,9,Hombre,7
Tlaxcala,2016,Septiembre,9,Mujer,2
Tlaxcala,2016,Octubre,10,Hombre,3
Tlaxcala,2016,Octubre,10,Mujer,1
Tlaxcala,2016,Noviembre,11,Hombre,7
Tlaxcala,2016,Noviembre,11,Mujer,2
Tlaxcala,2016,Diciembre,12,Hombre,5
Tlaxcala,2016,Diciembre,12,Mujer,1
Tlaxcala,2017,Enero,1,Hombre,7
Tlaxcala,2017,Enero,1,Mujer,2
Tlaxcala,2017,Febrero,2,Hombre,10
Tlaxcala,2017,Febrero,2,Mujer,1
Tlaxcala,2017,Marzo,3,Hombre,12
Tlaxcala,2017,Marzo,3,Mujer,1
Tlaxcala,2017,Abril,4,Hombre,8
Tlaxcala,2017,Abril,4,Mujer,5
Tlaxcala,2017,Mayo,5,Hombre,5
Tlaxcala,2017,Mayo,5,Mujer,1
Tlaxcala,2017,Junio,6,Hombre,6
Tlaxcala,2017,Junio,6,Mujer,1
Tlaxcala,2017,Julio,7,Hombre,7
Tlaxcala,2017,Julio,7,Mujer,1
Tlaxcala,2017,Agosto,8,Hombre,10
Tlaxcala,2017,Agosto,8,Mujer,2
Tlaxcala,2017,Septiembre,9,Hombre,8
Tlaxcala,2017,Septiembre,9,Mujer,1
Tlaxcala,2017,Octubre,10,Hombre,10
Tlaxcala,2017,Octubre,10,Mujer,1
Tlaxcala,2017,Noviembre,11,Hombre,7
Tlaxcala,2017,Diciembre,12,Hombre,14
Tlaxcala,2017,Diciembre,12,Mujer,1
Tlaxcala,2018,Enero,1,Hombre,14
Tlaxcala,2018,Enero,1,Mujer,4
Tlaxcala,2018,Febrero,2,Hombre,14
Tlaxcala,2018,Febrero,2,Mujer,2
Tlaxcala,2018,Marzo,3,Hombre,12
Tlaxcala,2018,Abril,4,Hombre,8
Tlaxcala,2018,Abril,4,Mujer,3
Tlaxcala,2018,Mayo,5,Hombre,11
Tlaxcala,2018,Mayo,5,Mujer,1
Tlaxcala,2018,Junio,6,Hombre,6
Tlaxcala,2018,Julio,7,Hombre,13
Tlaxcala,2018,Julio,7,Mujer,1
Tlaxcala,2018,Agosto,8,Hombre,5
Tlaxcala,2018,Agosto,8,Mujer,1
Tlaxcala,2018,Septiembre,9,Hombre,16
Tlaxcala,2018,Septiembre,9,Mujer,3
Tlaxcala,2018,Octubre,10,Hombre,18
Tlaxcala,2018,Octubre,10,Mujer,4
Tlaxcala,2018,Noviembre,11,Hombre,6
Tlaxcala,2018,Noviembre,11,Mujer,2
Tlaxcala,2018,Diciembre,12,Hombre,7
Tlaxcala,2018,Diciembre,12,Mujer,1
Tlaxcala,2019,Enero,1,Hombre,15
Tlaxcala,2019,Enero,1,Mujer,1
Tlaxcala,2019,Febrero,2,Hombre,7
Tlaxcala,2019,Febrero,2,Mujer,2
Tlaxcala,2019,Marzo,3,Hombre,14
Tlaxcala,2019,Marzo,3,Mujer,3
Tlaxcala,2019,Abril,4,Hombre,10
Tlaxcala,2019,Abril,4,Mujer,3
Tlaxcala,2019,Mayo,5,Hombre,13
Tlaxcala,2019,Junio,6,Hombre,24
Tlaxcala,2019,Junio,6,Mujer,5
Tlaxcala,2019,Julio,7,Hombre,10
Tlaxcala,2019,Julio,7,Mujer,1
Tlaxcala,2019,Agosto,8,Hombre,12
Tlaxcala,2019,Agosto,8,Mujer,2
Tlaxcala,2019,Septiembre,9,Hombre,17
Tlaxcala,2019,Septiembre,9,Mujer,3
Tlaxcala,2019,Octubre,10,Hombre,10
Tlaxcala,2019,Octubre,10,Mujer,4
Tlaxcala,2019,Noviembre,11,Hombre,12
Tlaxcala,2019,Noviembre,11,Mujer,1
Tlaxcala,2019,Diciembre,12,Hombre,19
Tlaxcala,2019,Diciembre,12,Mujer,1
Tlaxcala,2020,Enero,1,Hombre,13
Tlaxcala,2020,Enero,1,Mujer,2
Tlaxcala,2020,Febrero,2,Hombre,7
Tlaxcala,2020,Marzo,3,Hombre,14
Tlaxcala,2020,Abril,4,Hombre,9
Tlaxcala,2020,Abril,4,Mujer,2
Tlaxcala,2020,Mayo,5,Hombre,8
Tlaxcala,2020,Mayo,5,Mujer,2
Tlaxcala,2020,Junio,6,Hombre,6
Tlaxcala,2020,Junio,6,Mujer,2
Tlaxcala,2020,Julio,7,Hombre,8
Tlaxcala,2020,Julio,7,Mujer,3
Tlaxcala,2020,Agosto,8,Hombre,12
Tlaxcala,2020,Agosto,8,Mujer,1
Tlaxcala,2020,Septiembre,9,Hombre,16
Tlaxcala,2020,Septiembre,9,Mujer,3
Tlaxcala,2020,Octubre,10,Hombre,6
Tlaxcala,2020,Octubre,10,Mujer,4
Tlaxcala,2020,Noviembre,11,Hombre,12
Tlaxcala,2020,Noviembre,11,Mujer,4
Tlaxcala,2020,Diciembre,12,Hombre,6
Tlaxcala,2020,Diciembre,12,Mujer,4
Tlaxcala,2021,Enero,1,Hombre,9
Tlaxcala,2021,Enero,1,Mujer,2
Tlaxcala,2021,Febrero,2,Hombre,7
Tlaxcala,2021,Febrero,2,Mujer,3
Tlaxcala,2021,Marzo,3,Hombre,14
Tlaxcala,2021,Marzo,3,Mujer,2
Tlaxcala,2021,Abril,4,Hombre,12
Tlaxcala,2021,Abril,4,Mujer,2
Tlaxcala,2021,Mayo,5,Hombre,11
Tlaxcala,2021,Mayo,5,Mujer,4
Tlaxcala,2021,Junio,6,Hombre,14
Tlaxcala,2021,Julio,7,Hombre,6
Tlaxcala,2021,Julio,7,Mujer,3
Tlaxcala,2021,Agosto,8,Hombre,10
Tlaxcala,2021,Agosto,8,Mujer,5
Tlaxcala,2021,Septiembre,9,Hombre,15
Tlaxcala,2021,Septiembre,9,Mujer,2
Tlaxcala,2021,Octubre,10,Hombre,12
Tlaxcala,2021,Octubre,10,Mujer,3
Tlaxcala,2021,Noviembre,11,Hombre,11
Tlaxcala,2021,Diciembre,12,Hombre,8
Tlaxcala,2021,Diciembre,12,Mujer,2
Tlaxcala,2022,Enero,1,Hombre,5
Tlaxcala,2022,Enero,1,Mujer,1
Tlaxcala,2022,Febrero,2,Hombre,13
Tlaxcala,2022,Febrero,2,Mujer,3
Tlaxcala,2022,Marzo,3,Hombre,11
Tlaxcala,2022,Abril,4,Hombre,21
Tlaxcala,2022,Abril,4,Mujer,2
Tlaxcala,2022,Mayo,5,Hombre,15
Tlaxcala,2022,Junio,6,Hombre,6
Tlaxcala,2022,Junio,6,Mujer,3
Tlaxcala,2022,Julio,7,Hombre,11
Tlaxcala,2022,Julio,7,Mujer,2
Tlaxcala,2022,Agosto,8,Hombre,10
Tlaxcala,2022,Agosto,8,Mujer,1
Tlaxcala,2022,Septiembre,9,Hombre,9
Tlaxcala,2022,Septiembre,9,Mujer,1
Tlaxcala,2022,Octubre,10,Hombre,16
Tlaxcala,2022,Noviembre,11,Hombre,8
Tlaxcala,2022,Diciembre,12,Hombre,10
Tlaxcala,2022,Diciembre,12,Mujer,2
Tlaxcala,2023,Enero,1,Hombre,4
Tlaxcala,2023,Febrero,2,Hombre,3
Tlaxcala,2023,Febrero,2,Mujer,2
Tlaxcala,2023,Marzo,3,Hombre,20
Tlaxcala,2023,Marzo,3,Mujer,1
Tlaxcala,2023,Abril,4,Hombre,10
Tlaxcala,2023,Abril,4,Mujer,1
Tlaxcala,2023,Mayo,5,Hombre,13
Tlaxcala,2023,Junio,6,Hombre,18
Tlaxcala,2023,Julio,7,Hombre,9
Tlaxcala,2023,Julio,7,Mujer,4
Tlaxcala,2023,Agosto,8,Hombre,11
Tlaxcala,2023,Agosto,8,Mujer,3
Tlaxcala,2023,Septiembre,9,Hombre,9
Tlaxcala,2023,Septiembre,9,Mujer,3
Tlaxcala,2023,Octubre,10,Hombre,6
Tlaxcala,2023,Octubre,10,Mujer,1
Tlaxcala,2023,Noviembre,11,Hombre,2
Tlaxcala,2023,Noviembre,11,Mujer,1
Tlaxcala,2023,Diciembre,12,Hombre,11
Tlaxcala,2023,Diciembre,12,Mujer,1
Tlaxcala,2024,Enero,1,Hombre,6
Tlaxcala,2024,Febrero,2,Hombre,10
Tlaxcala,2024,Febrero,2,Mujer,4
Tlaxcala,2024,Marzo,3,Hombre,6
Tlaxcala,2024,Marzo,3,Mujer,2
Tlaxcala,2024,Abril,4,Hombre,14
Tlaxcala,2024,Abril,4,Mujer,2
Tlaxcala,2024,Mayo,5,Hombre,12
Tlaxcala,2024,Mayo,5,Mujer,1
Tlaxcala,2024,Junio,6,Hombre,7
Tlaxcala,2024,Junio,6,Mujer,2
Tlaxcala,2024,Julio,7,Hombre,15
Tlaxcala,2024,Julio,7,Mujer,1
Tlaxcala,2024,Agosto,8,Hombre,18
Tlaxcala,2024,Agosto,8,Mujer,2
Tlaxcala,2024,Septiembre,9,Hombre,15
Tlaxcala,2024,Septiembre,9,Mujer,5
Tlaxcala,2024,Octubre,10,Hombre,14
Tlaxcala,2024,Octubre,10,Mujer,3
Tlaxcala,2024,Noviembre,11,Hombre,14
Tlaxcala,2024,Noviembre,11,Mujer,2
Tlaxcala,2024,Diciembre,12,Hombre,11
Veracruz de Ignacio de la Llave,1990,Enero,1,Hombre,47
Veracruz de Ignacio de la Llave,1990,Enero,1,Mujer,5
Veracruz de Ignacio de la Llave,1990,Febrero,2,Hombre,42
Veracruz de Ignacio de la Llave,1990,Febrero,2,Mujer,4
Veracruz de Ignacio de la Llave,1990,Marzo,3,Hombre,51
Veracruz de Ignacio de la Llave,1990,Marzo,3,Mujer,2
Veracruz de Ignacio de la Llave,1990,Abril,4,Hombre,65
Veracruz de Ignacio de la Llave,1990,Abril,4,Mujer,6
Veracruz de Ignacio de la Llave,1990,Mayo,5,Hombre,56
Veracruz de Ignacio de la Llave,1990,Mayo,5,Mujer,5
Veracruz de Ignacio de la Llave,1990,Junio,6,Hombre,68
Veracruz de Ignacio de la Llave,1990,Junio,6,Mujer,5
Veracruz de Ignacio de la Llave,1990,Julio,7,Hombre,49
Veracruz de Ignacio de la Llave,1990,Julio,7,Mujer,2
Veracruz de Ignacio de la Llave,1990,Agosto,8,Hombre,64
Veracruz de Ignacio de la Llave,1990,Agosto,8,Mujer,8
Veracruz de Ignacio de la Llave,1990,Septiembre,9,Hombre,62
Veracruz de Ignacio de la Llave,1990,Septiembre,9,Mujer,1
Veracruz de Ignacio de la Llave,1990,Octubre,10,Hombre,50
Veracruz de Ignacio de la Llave,1990,Octubre,10,Mujer,8
Veracruz de Ignacio de la Llave,1990,Noviembre,11,Hombre,72
Veracruz de Ignacio de la Llave,1990,Noviembre,11,Mujer,10
Veracruz de Ignacio de la Llave,1990,Diciembre,12,Hombre,75
Veracruz de Ignacio de la Llave,1990,Diciembre,12,Mujer,9
Veracruz de Ignacio de la Llave,1991,Enero,1,Hombre,77
Veracruz de Ignacio de la Llave,1991,Enero,1,Mujer,5
Veracruz de Ignacio de la Llave,1991,Febrero,2,Hombre,65
Veracruz de Ignacio de la Llave,1991,Febrero,2,Mujer,8
Veracruz de Ignacio de la Llave,1991,Marzo,3,Hombre,78
Veracruz de Ignacio de la Llave,1991,Marzo,3,Mujer,8
Veracruz de Ignacio de la Llave,1991,Abril,4,Hombre,82
Veracruz de Ignacio de la Llave,1991,Abril,4,Mujer,5
Veracruz de Ignacio de la Llave,1991,Mayo,5,Hombre,67
Veracruz de Ignacio de la Llave,1991,Mayo,5,Mujer,4
Veracruz de Ignacio de la Llave,1991,Junio,6,Hombre,57
Veracruz de Ignacio de la Llave,1991,Junio,6,Mujer,4
Veracruz de Ignacio de la Llave,1991,Julio,7,Hombre,59
Veracruz de Ignacio de la Llave,1991,Julio,7,Mujer,6
Veracruz de Ignacio de la Llave,1991,Agosto,8,Hombre,53
Veracruz de Ignacio de la Llave,1991,Agosto,8,Mujer,7
Veracruz de Ignacio de la Llave,1991,Septiembre,9,Hombre,49
Veracruz de Ignacio de la Llave,1991,Septiembre,9,Mujer,3
Veracruz de Ignacio de la Llave,1991,Octubre,10,Hombre,67
Veracruz de Ignacio de la Llave,1991,Octubre,10,Mujer,7
Veracruz de Ignacio de la Llave,1991,Noviembre,11,Hombre,45
Veracruz de Ignacio de la Llave,1991,Noviembre,11,Mujer,5
Veracruz de Ignacio de la Llave,1991,Diciembre,12,Hombre,65
Veracruz de Ignacio de la Llave,1991,Diciembre,12,Mujer,7
Veracruz de Ignacio de la Llave,1992,Enero,1,Hombre,61
Veracruz de Ignacio de la Llave,1992,Enero,1,Mujer,3
Veracruz de Ignacio de la Llave,1992,Febrero,2,Hombre,53
Veracruz de Ignacio de la Llave,1992,Febrero,2,Mujer,2
Veracruz de Ignacio de la Llave,1992,Marzo,3,Hombre,68
Veracruz de Ignacio de la Llave,1992,Marzo,3,Mujer,5
Veracruz de Ignacio de la Llave,1992,Abril,4,Hombre,64
Veracruz de Ignacio de la Llave,1992,Abril,4,Mujer,9
Veracruz de Ignacio de la Llave,1992,Mayo,5,Hombre,62
Veracruz de Ignacio de la Llave,1992,Mayo,5,Mujer,3
Veracruz de Ignacio de la Llave,1992,Junio,6,Hombre,59
Veracruz de Ignacio de la Llave,1992,Junio,6,Mujer,8
Veracruz de Ignacio de la Llave,1992,Julio,7,Hombre,64
Veracruz de Ignacio de la Llave,1992,Julio,7,Mujer,4
Veracruz de Ignacio de la Llave,1992,Agosto,8,Hombre,52
Veracruz de Ignacio de la Llave,1992,Agosto,8,Mujer,5
Veracruz de Ignacio de la Llave,1992,Septiembre,9,Hombre,50
Veracruz de Ignacio de la Llave,1992,Septiembre,9,Mujer,8
Veracruz de Ignacio de la Llave,1992,Octubre,10,Hombre,41
Veracruz de Ignacio de la Llave,1992,Octubre,10,Mujer,9
Veracruz de Ignacio de la Llave,1992,Noviembre,11,Hombre,42
Veracruz de Ignacio de la Llave,1992,Noviembre,11,Mujer,4
Veracruz de Ignacio de la Llave,1992,Diciembre,12,Hombre,56
Veracruz de Ignacio de la Llave,1992,Diciembre,12,Mujer,5
Veracruz de Ignacio de la Llave,1993,Enero,1,Hombre,56
Veracruz de Ignacio de la Llave,1993,Enero,1,Mujer,3
Veracruz de Ignacio de la Llave,1993,Febrero,2,Hombre,41
Veracruz de Ignacio de la Llave,1993,Febrero,2,Mujer,6
Veracruz de Ignacio de la Llave,1993,Marzo,3,Hombre,49
Veracruz de Ignacio de la Llave,1993,Marzo,3,Mujer,8
Veracruz de Ignacio de la Llave,1993,Abril,4,Hombre,65
Veracruz de Ignacio de la Llave,1993,Abril,4,Mujer,4
Veracruz de Ignacio de la Llave,1993,Mayo,5,Hombre,55
Veracruz de Ignacio de la Llave,1993,Mayo,5,Mujer,8
Veracruz de Ignacio de la Llave,1993,Junio,6,Hombre,51
Veracruz de Ignacio de la Llave,1993,Junio,6,Mujer,7
Veracruz de Ignacio de la Llave,1993,Julio,7,Hombre,61
Veracruz de Ignacio de la Llave,1993,Julio,7,Mujer,5
Veracruz de Ignacio de la Llave,1993,Agosto,8,Hombre,57
Veracruz de Ignacio de la Llave,1993,Agosto,8,Mujer,2
Veracruz de Ignacio de la Llave,1993,Septiembre,9,Hombre,42
Veracruz de Ignacio de la Llave,1993,Septiembre,9,Mujer,4
Veracruz de Ignacio de la Llave,1993,Octubre,10,Hombre,49
Veracruz de Ignacio de la Llave,1993,Octubre,10,Mujer,9
Veracruz de Ignacio de la Llave,1993,Noviembre,11,Hombre,44
Veracruz de Ignacio de la Llave,1993,Noviembre,11,Mujer,1
Veracruz de Ignacio de la Llave,1993,Diciembre,12,Hombre,59
Veracruz de Ignacio de la Llave,1993,Diciembre,12,Mujer,1
Veracruz de Ignacio de la Llave,1994,Enero,1,Hombre,36
Veracruz de Ignacio de la Llave,1994,Enero,1,Mujer,3
Veracruz de Ignacio de la Llave,1994,Febrero,2,Hombre,41
Veracruz de Ignacio de la Llave,1994,Febrero,2,Mujer,2
Veracruz de Ignacio de la Llave,1994,Marzo,3,Hombre,68
Veracruz de Ignacio de la Llave,1994,Marzo,3,Mujer,4
Veracruz de Ignacio de la Llave,1994,Abril,4,Hombre,50
Veracruz de Ignacio de la Llave,1994,Abril,4,Mujer,5
Veracruz de Ignacio de la Llave,1994,Mayo,5,Hombre,64
Veracruz de Ignacio de la Llave,1994,Mayo,5,Mujer,5
Veracruz de Ignacio de la Llave,1994,Junio,6,Hombre,72
Veracruz de Ignacio de la Llave,1994,Junio,6,Mujer,3
Veracruz de Ignacio de la Llave,1994,Julio,7,Hombre,55
Veracruz de Ignacio de la Llave,1994,Julio,7,Mujer,1
Veracruz de Ignacio de la Llave,1994,Agosto,8,Hombre,43
Veracruz de Ignacio de la Llave,1994,Agosto,8,Mujer,3
Veracruz de Ignacio de la Llave,1994,Septiembre,9,Hombre,45
Veracruz de Ignacio de la Llave,1994,Septiembre,9,Mujer,4
Veracruz de Ignacio de la Llave,1994,Octubre,10,Hombre,58
Veracruz de Ignacio de la Llave,1994,Octubre,10,Mujer,6
Veracruz de Ignacio de la Llave,1994,Noviembre,11,Hombre,48
Veracruz de Ignacio de la Llave,1994,Noviembre,11,Mujer,8
Veracruz de Ignacio de la Llave,1994,Diciembre,12,Hombre,57
Veracruz de Ignacio de la Llave,1994,Diciembre,12,Mujer,5
Veracruz de Ignacio de la Llave,1995,Enero,1,Hombre,60
Veracruz de Ignacio de la Llave,1995,Enero,1,Mujer,4
Veracruz de Ignacio de la Llave,1995,Febrero,2,Hombre,49
Veracruz de Ignacio de la Llave,1995,Febrero,2,Mujer,4
Veracruz de Ignacio de la Llave,1995,Marzo,3,Hombre,52
Veracruz de Ignacio de la Llave,1995,Marzo,3,Mujer,3
Veracruz de Ignacio de la Llave,1995,Abril,4,Hombre,41
Veracruz de Ignacio de la Llave,1995,Abril,4,Mujer,3
Veracruz de Ignacio de la Llave,1995,Mayo,5,Hombre,54
Veracruz de Ignacio de la Llave,1995,Mayo,5,Mujer,3
Veracruz de Ignacio de la Llave,1995,Junio,6,Hombre,44
Veracruz de Ignacio de la Llave,1995,Junio,6,Mujer,5
Veracruz de Ignacio de la Llave,1995,Julio,7,Hombre,44
Veracruz de Ignacio de la Llave,1995,Julio,7,Mujer,6
Veracruz de Ignacio de la Llave,1995,Agosto,8,Hombre,57
Veracruz de Ignacio de la Llave,1995,Agosto,8,Mujer,9
Veracruz de Ignacio de la Llave,1995,Septiembre,9,Hombre,47
Veracruz de Ignacio de la Llave,1995,Septiembre,9,Mujer,10
Veracruz de Ignacio de la Llave,1995,Octubre,10,Hombre,37
Veracruz de Ignacio de la Llave,1995,Octubre,10,Mujer,5
Veracruz de Ignacio de la Llave,1995,Noviembre,11,Hombre,28
Veracruz de Ignacio de la Llave,1995,Noviembre,11,Mujer,3
Veracruz de Ignacio de la Llave,1995,Diciembre,12,Hombre,28
Veracruz de Ignacio de la Llave,1995,Diciembre,12,Mujer,3
Veracruz de Ignacio de la Llave,1996,Enero,1,Hombre,54
Veracruz de Ignacio de la Llave,1996,Enero,1,Mujer,2
Veracruz de Ignacio de la Llave,1996,Febrero,2,Hombre,43
Veracruz de Ignacio de la Llave,1996,Febrero,2,Mujer,2
Veracruz de Ignacio de la Llave,1996,Marzo,3,Hombre,33
Veracruz de Ignacio de la Llave,1996,Marzo,3,Mujer,5
Veracruz de Ignacio de la Llave,1996,Abril,4,Hombre,48
Veracruz de Ignacio de la Llave,1996,Abril,4,Mujer,1
Veracruz de Ignacio de la Llave,1996,Mayo,5,Hombre,48
Veracruz de Ignacio de la Llave,1996,Mayo,5,Mujer,2
Veracruz de Ignacio de la Llave,1996,Junio,6,Hombre,35
Veracruz de Ignacio de la Llave,1996,Junio,6,Mujer,5
Veracruz de Ignacio de la Llave,1996,Julio,7,Hombre,37
Veracruz de Ignacio de la Llave,1996,Julio,7,Mujer,6
Veracruz de Ignacio de la Llave,1996,Agosto,8,Hombre,51
Veracruz de Ignacio de la Llave,1996,Agosto,8,Mujer,5
Veracruz de Ignacio de la Llave,1996,Septiembre,9,Hombre,33
Veracruz de Ignacio de la Llave,1996,Septiembre,9,Mujer,8
Veracruz de Ignacio de la Llave,1996,Octubre,10,Hombre,46
Veracruz de Ignacio de la Llave,1996,Octubre,10,Mujer,4
Veracruz de Ignacio de la Llave,1996,Noviembre,11,Hombre,33
Veracruz de Ignacio de la Llave,1996,Noviembre,11,Mujer,2
Veracruz de Ignacio de la Llave,1996,Diciembre,12,Hombre,38
Veracruz de Ignacio de la Llave,1996,Diciembre,12,Mujer,1
Veracruz de Ignacio de la Llave,1997,Enero,1,Hombre,52
Veracruz de Ignacio de la Llave,1997,Enero,1,Mujer,6
Veracruz de Ignacio de la Llave,1997,Febrero,2,Hombre,33
Veracruz de Ignacio de la Llave,1997,Febrero,2,Mujer,11
Veracruz de Ignacio de la Llave,1997,Marzo,3,Hombre,53
Veracruz de Ignacio de la Llave,1997,Marzo,3,Mujer,6
Veracruz de Ignacio de la Llave,1997,Abril,4,Hombre,62
Veracruz de Ignacio de la Llave,1997,Abril,4,Mujer,6
Veracruz de Ignacio de la Llave,1997,Mayo,5,Hombre,53
Veracruz de Ignacio de la Llave,1997,Mayo,5,Mujer,6
Veracruz de Ignacio de la Llave,1997,Junio,6,Hombre,51
Veracruz de Ignacio de la Llave,1997,Junio,6,Mujer,6
Veracruz de Ignacio de la Llave,1997,Julio,7,Hombre,37
Veracruz de Ignacio de la Llave,1997,Julio,7,Mujer,5
Veracruz de Ignacio de la Llave,1997,Agosto,8,Hombre,38
Veracruz de Ignacio de la Llave,1997,Agosto,8,Mujer,4
Veracruz de Ignacio de la Llave,1997,Septiembre,9,Hombre,46
Veracruz de Ignacio de la Llave,1997,Septiembre,9,Mujer,3
Veracruz de Ignacio de la Llave,1997,Octubre,10,Hombre,43
Veracruz de Ignacio de la Llave,1997,Octubre,10,Mujer,7
Veracruz de Ignacio de la Llave,1997,Noviembre,11,Hombre,45
Veracruz de Ignacio de la Llave,1997,Noviembre,11,Mujer,5
Veracruz de Ignacio de la Llave,1997,Diciembre,12,Hombre,43
Veracruz de Ignacio de la Llave,1997,Diciembre,12,Mujer,3
Veracruz de Ignacio de la Llave,1998,Enero,1,Hombre,41
Veracruz de Ignacio de la Llave,1998,Enero,1,Mujer,5
Veracruz de Ignacio de la Llave,1998,Febrero,2,Hombre,47
Veracruz de Ignacio de la Llave,1998,Febrero,2,Mujer,2
Veracruz de Ignacio de la Llave,1998,Marzo,3,Hombre,33
Veracruz de Ignacio de la Llave,1998,Marzo,3,Mujer,1
Veracruz de Ignacio de la Llave,1998,Abril,4,Hombre,48
Veracruz de Ignacio de la Llave,1998,Abril,4,Mujer,5
Veracruz de Ignacio de la Llave,1998,Mayo,5,Hombre,48
Veracruz de Ignacio de la Llave,1998,Mayo,5,Mujer,3
Veracruz de Ignacio de la Llave,1998,Junio,6,Hombre,37
Veracruz de Ignacio de la Llave,1998,Junio,6,Mujer,5
Veracruz de Ignacio de la Llave,1998,Julio,7,Hombre,29
Veracruz de Ignacio de la Llave,1998,Julio,7,Mujer,3
Veracruz de Ignacio de la Llave,1998,Agosto,8,Hombre,38
Veracruz de Ignacio de la Llave,1998,Agosto,8,Mujer,3
Veracruz de Ignacio de la Llave,1998,Septiembre,9,Hombre,29
Veracruz de Ignacio de la Llave,1998,Septiembre,9,Mujer,5
Veracruz de Ignacio de la Llave,1998,Octubre,10,Hombre,26
Veracruz de Ignacio de la Llave,1998,Octubre,10,Mujer,3
Veracruz de Ignacio de la Llave,1998,Noviembre,11,Hombre,29
Veracruz de Ignacio de la Llave,1998,Noviembre,11,Mujer,5
Veracruz de Ignacio de la Llave,1998,Diciembre,12,Hombre,40
Veracruz de Ignacio de la Llave,1998,Diciembre,12,Mujer,7
Veracruz de Ignacio de la Llave,1999,Enero,1,Hombre,31
Veracruz de Ignacio de la Llave,1999,Enero,1,Mujer,4
Veracruz de Ignacio de la Llave,1999,Febrero,2,Hombre,38
Veracruz de Ignacio de la Llave,1999,Febrero,2,Mujer,6
Veracruz de Ignacio de la Llave,1999,Marzo,3,Hombre,45
Veracruz de Ignacio de la Llave,1999,Marzo,3,Mujer,3
Veracruz de Ignacio de la Llave,1999,Abril,4,Hombre,34
Veracruz de Ignacio de la Llave,1999,Abril,4,Mujer,3
Veracruz de Ignacio de la Llave,1999,Mayo,5,Hombre,29
Veracruz de Ignacio de la Llave,1999,Mayo,5,Mujer,4
Veracruz de Ignacio de la Llave,1999,Junio,6,Hombre,37
Veracruz de Ignacio de la Llave,1999,Junio,6,Mujer,2
Veracruz de Ignacio de la Llave,1999,Julio,7,Hombre,35
Veracruz de Ignacio de la Llave,1999,Julio,7,Mujer,4
Veracruz de Ignacio de la Llave,1999,Agosto,8,Hombre,30
Veracruz de Ignacio de la Llave,1999,Agosto,8,Mujer,7
Veracruz de Ignacio de la Llave,1999,Septiembre,9,Hombre,34
Veracruz de Ignacio de la Llave,1999,Septiembre,9,Mujer,6
Veracruz de Ignacio de la Llave,1999,Octubre,10,Hombre,27
Veracruz de Ignacio de la Llave,1999,Octubre,10,Mujer,3
Veracruz de Ignacio de la Llave,1999,Noviembre,11,Hombre,28
Veracruz de Ignacio de la Llave,1999,Noviembre,11,Mujer,5
Veracruz de Ignacio de la Llave,1999,Diciembre,12,Hombre,19
Veracruz de Ignacio de la Llave,1999,Diciembre,12,Mujer,3
Veracruz de Ignacio de la Llave,2000,Enero,1,Hombre,37
Veracruz de Ignacio de la Llave,2000,Enero,1,Mujer,3
Veracruz de Ignacio de la Llave,2000,Febrero,2,Hombre,26
Veracruz de Ignacio de la Llave,2000,Febrero,2,Mujer,4
Veracruz de Ignacio de la Llave,2000,Marzo,3,Hombre,30
Veracruz de Ignacio de la Llave,2000,Marzo,3,Mujer,3
Veracruz de Ignacio de la Llave,2000,Abril,4,Hombre,39
Veracruz de Ignacio de la Llave,2000,Abril,4,Mujer,7
Veracruz de Ignacio de la Llave,2000,Mayo,5,Hombre,33
Veracruz de Ignacio de la Llave,2000,Mayo,5,Mujer,2
Veracruz de Ignacio de la Llave,2000,Junio,6,Hombre,26
Veracruz de Ignacio de la Llave,2000,Junio,6,Mujer,5
Veracruz de Ignacio de la Llave,2000,Julio,7,Hombre,34
Veracruz de Ignacio de la Llave,2000,Julio,7,Mujer,6
Veracruz de Ignacio de la Llave,2000,Agosto,8,Hombre,23
Veracruz de Ignacio de la Llave,2000,Agosto,8,Mujer,1
Veracruz de Ignacio de la Llave,2000,Septiembre,9,Hombre,35
Veracruz de Ignacio de la Llave,2000,Septiembre,9,Mujer,7
Veracruz de Ignacio de la Llave,2000,Octubre,10,Hombre,24
Veracruz de Ignacio de la Llave,2000,Octubre,10,Mujer,5
Veracruz de Ignacio de la Llave,2000,Noviembre,11,Hombre,36
Veracruz de Ignacio de la Llave,2000,Noviembre,11,Mujer,4
Veracruz de Ignacio de la Llave,2000,Diciembre,12,Hombre,23
Veracruz de Ignacio de la Llave,2000,Diciembre,12,Mujer,2
Veracruz de Ignacio de la Llave,2001,Enero,1,Hombre,20
Veracruz de Ignacio de la Llave,2001,Enero,1,Mujer,3
Veracruz de Ignacio de la Llave,2001,Febrero,2,Hombre,21
Veracruz de Ignacio de la Llave,2001,Febrero,2,Mujer,3
Veracruz de Ignacio de la Llave,2001,Marzo,3,Hombre,23
Veracruz de Ignacio de la Llave,2001,Marzo,3,Mujer,4
Veracruz de Ignacio de la Llave,2001,Abril,4,Hombre,40
Veracruz de Ignacio de la Llave,2001,Abril,4,Mujer,6
Veracruz de Ignacio de la Llave,2001,Mayo,5,Hombre,30
Veracruz de Ignacio de la Llave,2001,Mayo,5,Mujer,6
Veracruz de Ignacio de la Llave,2001,Junio,6,Hombre,29
Veracruz de Ignacio de la Llave,2001,Junio,6,Mujer,3
Veracruz de Ignacio de la Llave,2001,Julio,7,Hombre,28
Veracruz de Ignacio de la Llave,2001,Julio,7,Mujer,7
Veracruz de Ignacio de la Llave,2001,Agosto,8,Hombre,25
Veracruz de Ignacio de la Llave,2001,Agosto,8,Mujer,6
Veracruz de Ignacio de la Llave,2001,Septiembre,9,Hombre,26
Veracruz de Ignacio de la Llave,2001,Septiembre,9,Mujer,5
Veracruz de Ignacio de la Llave,2001,Octubre,10,Hombre,33
Veracruz de Ignacio de la Llave,2001,Noviembre,11,Hombre,24
Veracruz de Ignacio de la Llave,2001,Noviembre,11,Mujer,4
Veracruz de Ignacio de la Llave,2001,Diciembre,12,Hombre,28
Veracruz de Ignacio de la Llave,2001,Diciembre,12,Mujer,3
Veracruz de Ignacio de la Llave,2002,Enero,1,Hombre,34
Veracruz de Ignacio de la Llave,2002,Enero,1,Mujer,10
Veracruz de Ignacio de la Llave,2002,Febrero,2,Hombre,16
Veracruz de Ignacio de la Llave,2002,Febrero,2,Mujer,2
Veracruz de Ignacio de la Llave,2002,Marzo,3,Hombre,24
Veracruz de Ignacio de la Llave,2002,Marzo,3,Mujer,2
Veracruz de Ignacio de la Llave,2002,Abril,4,Hombre,20
Veracruz de Ignacio de la Llave,2002,Abril,4,Mujer,7
Veracruz de Ignacio de la Llave,2002,Mayo,5,Hombre,29
Veracruz de Ignacio de la Llave,2002,Mayo,5,Mujer,3
Veracruz de Ignacio de la Llave,2002,Junio,6,Hombre,13
Veracruz de Ignacio de la Llave,2002,Junio,6,Mujer,5
Veracruz de Ignacio de la Llave,2002,Julio,7,Hombre,28
Veracruz de Ignacio de la Llave,2002,Julio,7,Mujer,2
Veracruz de Ignacio de la Llave,2002,Agosto,8,Hombre,20
Veracruz de Ignacio de la Llave,2002,Agosto,8,Mujer,6
Veracruz de Ignacio de la Llave,2002,Septiembre,9,Hombre,26
Veracruz de Ignacio de la Llave,2002,Septiembre,9,Mujer,6
Veracruz de Ignacio de la Llave,2002,Octubre,10,Hombre,29
Veracruz de Ignacio de la Llave,2002,Octubre,10,Mujer,6
Veracruz de Ignacio de la Llave,2002,Noviembre,11,Hombre,23
Veracruz de Ignacio de la Llave,2002,Noviembre,11,Mujer,1
Veracruz de Ignacio de la Llave,2002,Diciembre,12,Hombre,26
Veracruz de Ignacio de la Llave,2002,Diciembre,12,Mujer,2
Veracruz de Ignacio de la Llave,2003,Enero,1,Hombre,31
Veracruz de Ignacio de la Llave,2003,Enero,1,Mujer,4
Veracruz de Ignacio de la Llave,2003,Febrero,2,Hombre,22
Veracruz de Ignacio de la Llave,2003,Febrero,2,Mujer,4
Veracruz de Ignacio de la Llave,2003,Marzo,3,Hombre,32
Veracruz de Ignacio de la Llave,2003,Marzo,3,Mujer,1
Veracruz de Ignacio de la Llave,2003,Abril,4,Hombre,27
Veracruz de Ignacio de la Llave,2003,Abril,4,Mujer,4
Veracruz de Ignacio de la Llave,2003,Mayo,5,Hombre,34
Veracruz de Ignacio de la Llave,2003,Mayo,5,Mujer,4
Veracruz de Ignacio de la Llave,2003,Junio,6,Hombre,31
Veracruz de Ignacio de la Llave,2003,Junio,6,Mujer,6
Veracruz de Ignacio de la Llave,2003,Julio,7,Hombre,36
Veracruz de Ignacio de la Llave,2003,Julio,7,Mujer,3
Veracruz de Ignacio de la Llave,2003,Agosto,8,Hombre,31
Veracruz de Ignacio de la Llave,2003,Agosto,8,Mujer,2
Veracruz de Ignacio de la Llave,2003,Septiembre,9,Hombre,23
Veracruz de Ignacio de la Llave,2003,Septiembre,9,Mujer,7
Veracruz de Ignacio de la Llave,2003,Octubre,10,Hombre,28
Veracruz de Ignacio de la Llave,2003,Octubre,10,Mujer,5
Veracruz de Ignacio de la Llave,2003,Noviembre,11,Hombre,30
Veracruz de Ignacio de la Llave,2003,Noviembre,11,Mujer,3
Veracruz de Ignacio de la Llave,2003,Diciembre,12,Hombre,27
Veracruz de Ignacio de la Llave,2003,Diciembre,12,Mujer,7
Veracruz de Ignacio de la Llave,2004,Enero,1,Hombre,26
Veracruz de Ignacio de la Llave,2004,Enero,1,Mujer,3
Veracruz de Ignacio de la Llave,2004,Febrero,2,Hombre,27
Veracruz de Ignacio de la Llave,2004,Febrero,2,Mujer,3
Veracruz de Ignacio de la Llave,2004,Marzo,3,Hombre,29
Veracruz de Ignacio de la Llave,2004,Marzo,3,Mujer,8
Veracruz de Ignacio de la Llave,2004,Abril,4,Hombre,16
Veracruz de Ignacio de la Llave,2004,Abril,4,Mujer,5
Veracruz de Ignacio de la Llave,2004,Mayo,5,Hombre,23
Veracruz de Ignacio de la Llave,2004,Mayo,5,Mujer,4
Veracruz de Ignacio de la Llave,2004,Junio,6,Hombre,19
Veracruz de Ignacio de la Llave,2004,Junio,6,Mujer,2
Veracruz de Ignacio de la Llave,2004,Julio,7,Hombre,18
Veracruz de Ignacio de la Llave,2004,Julio,7,Mujer,3
Veracruz de Ignacio de la Llave,2004,Agosto,8,Hombre,26
Veracruz de Ignacio de la Llave,2004,Agosto,8,Mujer,3
Veracruz de Ignacio de la Llave,2004,Septiembre,9,Hombre,31
Veracruz de Ignacio de la Llave,2004,Septiembre,9,Mujer,2
Veracruz de Ignacio de la Llave,2004,Octubre,10,Hombre,22
Veracruz de Ignacio de la Llave,2004,Octubre,10,Mujer,1
Veracruz de Ignacio de la Llave,2004,Noviembre,11,Hombre,24
Veracruz de Ignacio de la Llave,2004,Noviembre,11,Mujer,2
Veracruz de Ignacio de la Llave,2004,Diciembre,12,Hombre,23
Veracruz de Ignacio de la Llave,2004,Diciembre,12,Mujer,6
Veracruz de Ignacio de la Llave,2005,Enero,1,Hombre,16
Veracruz de Ignacio de la Llave,2005,Enero,1,Mujer,2
Veracruz de Ignacio de la Llave,2005,Febrero,2,Hombre,25
Veracruz de Ignacio de la Llave,2005,Febrero,2,Mujer,7
Veracruz de Ignacio de la Llave,2005,Marzo,3,Hombre,37
Veracruz de Ignacio de la Llave,2005,Marzo,3,Mujer,2
Veracruz de Ignacio de la Llave,2005,Abril,4,Hombre,27
Veracruz de Ignacio de la Llave,2005,Abril,4,Mujer,3
Veracruz de Ignacio de la Llave,2005,Mayo,5,Hombre,20
Veracruz de Ignacio de la Llave,2005,Mayo,5,Mujer,2
Veracruz de Ignacio de la Llave,2005,Junio,6,Hombre,29
Veracruz de Ignacio de la Llave,2005,Junio,6,Mujer,8
Veracruz de Ignacio de la Llave,2005,Julio,7,Hombre,17
Veracruz de Ignacio de la Llave,2005,Julio,7,Mujer,5
Veracruz de Ignacio de la Llave,2005,Agosto,8,Hombre,25
Veracruz de Ignacio de la Llave,2005,Agosto,8,Mujer,3
Veracruz de Ignacio de la Llave,2005,Septiembre,9,Hombre,31
Veracruz de Ignacio de la Llave,2005,Septiembre,9,Mujer,6
Veracruz de Ignacio de la Llave,2005,Octubre,10,Hombre,24
Veracruz de Ignacio de la Llave,2005,Octubre,10,Mujer,3
Veracruz de Ignacio de la Llave,2005,Noviembre,11,Hombre,16
Veracruz de Ignacio de la Llave,2005,Noviembre,11,Mujer,2
Veracruz de Ignacio de la Llave,2005,Diciembre,12,Hombre,23
Veracruz de Ignacio de la Llave,2005,Diciembre,12,Mujer,3
Veracruz de Ignacio de la Llave,2006,Enero,1,Hombre,26
Veracruz de Ignacio de la Llave,2006,Enero,1,Mujer,9
Veracruz de Ignacio de la Llave,2006,Febrero,2,Hombre,31
Veracruz de Ignacio de la Llave,2006,Febrero,2,Mujer,2
Veracruz de Ignacio de la Llave,2006,Marzo,3,Hombre,24
Veracruz de Ignacio de la Llave,2006,Marzo,3,Mujer,3
Veracruz de Ignacio de la Llave,2006,Abril,4,Hombre,20
Veracruz de Ignacio de la Llave,2006,Abril,4,Mujer,2
Veracruz de Ignacio de la Llave,2006,Mayo,5,Hombre,37
Veracruz de Ignacio de la Llave,2006,Mayo,5,Mujer,3
Veracruz de Ignacio de la Llave,2006,Junio,6,Hombre,18
Veracruz de Ignacio de la Llave,2006,Julio,7,Hombre,22
Veracruz de Ignacio de la Llave,2006,Julio,7,Mujer,5
Veracruz de Ignacio de la Llave,2006,Agosto,8,Hombre,25
Veracruz de Ignacio de la Llave,2006,Agosto,8,Mujer,5
Veracruz de Ignacio de la Llave,2006,Septiembre,9,Hombre,20
Veracruz de Ignacio de la Llave,2006,Septiembre,9,Mujer,3
Veracruz de Ignacio de la Llave,2006,Octubre,10,Hombre,32
Veracruz de Ignacio de la Llave,2006,Octubre,10,Mujer,5
Veracruz de Ignacio de la Llave,2006,Noviembre,11,Hombre,25
Veracruz de Ignacio de la Llave,2006,Noviembre,11,Mujer,1
Veracruz de Ignacio de la Llave,2006,Diciembre,12,Hombre,24
Veracruz de Ignacio de la Llave,2006,Diciembre,12,Mujer,6
Veracruz de Ignacio de la Llave,2007,Enero,1,Hombre,23
Veracruz de Ignacio de la Llave,2007,Enero,1,Mujer,1
Veracruz de Ignacio de la Llave,2007,Febrero,2,Hombre,22
Veracruz de Ignacio de la Llave,2007,Febrero,2,Mujer,1
Veracruz de Ignacio de la Llave,2007,Marzo,3,Hombre,26
Veracruz de Ignacio de la Llave,2007,Marzo,3,Mujer,3
Veracruz de Ignacio de la Llave,2007,Abril,4,Hombre,25
Veracruz de Ignacio de la Llave,2007,Abril,4,Mujer,2
Veracruz de Ignacio de la Llave,2007,Mayo,5,Hombre,39
Veracruz de Ignacio de la Llave,2007,Mayo,5,Mujer,9
Veracruz de Ignacio de la Llave,2007,Junio,6,Hombre,33
Veracruz de Ignacio de la Llave,2007,Junio,6,Mujer,7
Veracruz de Ignacio de la Llave,2007,Julio,7,Hombre,27
Veracruz de Ignacio de la Llave,2007,Julio,7,Mujer,3
Veracruz de Ignacio de la Llave,2007,Agosto,8,Hombre,34
Veracruz de Ignacio de la Llave,2007,Agosto,8,Mujer,7
Veracruz de Ignacio de la Llave,2007,Septiembre,9,Hombre,18
Veracruz de Ignacio de la Llave,2007,Septiembre,9,Mujer,3
Veracruz de Ignacio de la Llave,2007,Octubre,10,Hombre,21
Veracruz de Ignacio de la Llave,2007,Octubre,10,Mujer,3
Veracruz de Ignacio de la Llave,2007,Noviembre,11,Hombre,32
Veracruz de Ignacio de la Llave,2007,Noviembre,11,Mujer,3
Veracruz de Ignacio de la Llave,2007,Diciembre,12,Hombre,29
Veracruz de Ignacio de la Llave,2007,Diciembre,12,Mujer,3
Veracruz de Ignacio de la Llave,2008,Enero,1,Hombre,29
Veracruz de Ignacio de la Llave,2008,Enero,1,Mujer,5
Veracruz de Ignacio de la Llave,2008,Febrero,2,Hombre,30
Veracruz de Ignacio de la Llave,2008,Febrero,2,Mujer,7
Veracruz de Ignacio de la Llave,2008,Marzo,3,Hombre,27
Veracruz de Ignacio de la Llave,2008,Marzo,3,Mujer,2
Veracruz de Ignacio de la Llave,2008,Abril,4,Hombre,34
Veracruz de Ignacio de la Llave,2008,Abril,4,Mujer,2
Veracruz de Ignacio de la Llave,2008,Mayo,5,Hombre,8
Veracruz de Ignacio de la Llave,2008,Mayo,5,Mujer,3
Veracruz de Ignacio de la Llave,2008,Junio,6,Hombre,24
Veracruz de Ignacio de la Llave,2008,Junio,6,Mujer,9
Veracruz de Ignacio de la Llave,2008,Julio,7,Hombre,22
Veracruz de Ignacio de la Llave,2008,Julio,7,Mujer,5
Veracruz de Ignacio de la Llave,2008,Agosto,8,Hombre,22
Veracruz de Ignacio de la Llave,2008,Agosto,8,Mujer,4
Veracruz de Ignacio de la Llave,2008,Septiembre,9,Hombre,24
Veracruz de Ignacio de la Llave,2008,Septiembre,9,Mujer,3
Veracruz de Ignacio de la Llave,2008,Octubre,10,Hombre,8
Veracruz de Ignacio de la Llave,2008,Octubre,10,Mujer,3
Veracruz de Ignacio de la Llave,2008,Noviembre,11,Hombre,27
Veracruz de Ignacio de la Llave,2008,Noviembre,11,Mujer,8
Veracruz de Ignacio de la Llave,2008,Diciembre,12,Hombre,29
Veracruz de Ignacio de la Llave,2008,Diciembre,12,Mujer,3
Veracruz de Ignacio de la Llave,2009,Enero,1,Hombre,43
Veracruz de Ignacio de la Llave,2009,Enero,1,Mujer,4
Veracruz de Ignacio de la Llave,2009,Febrero,2,Hombre,34
Veracruz de Ignacio de la Llave,2009,Febrero,2,Mujer,14
Veracruz de Ignacio de la Llave,2009,Marzo,3,Hombre,39
Veracruz de Ignacio de la Llave,2009,Marzo,3,Mujer,7
Veracruz de Ignacio de la Llave,2009,Abril,4,Hombre,48
Veracruz de Ignacio de la Llave,2009,Abril,4,Mujer,10
Veracruz de Ignacio de la Llave,2009,Mayo,5,Hombre,39
Veracruz de Ignacio de la Llave,2009,Mayo,5,Mujer,2
Veracruz de Ignacio de la Llave,2009,Junio,6,Hombre,49
Veracruz de Ignacio de la Llave,2009,Junio,6,Mujer,11
Veracruz de Ignacio de la Llave,2009,Julio,7,Hombre,60
Veracruz de Ignacio de la Llave,2009,Julio,7,Mujer,5
Veracruz de Ignacio de la Llave,2009,Agosto,8,Hombre,59
Veracruz de Ignacio de la Llave,2009,Agosto,8,Mujer,14
Veracruz de Ignacio de la Llave,2009,Septiembre,9,Hombre,53
Veracruz de Ignacio de la Llave,2009,Septiembre,9,Mujer,6
Veracruz de Ignacio de la Llave,2009,Octubre,10,Hombre,55
Veracruz de Ignacio de la Llave,2009,Octubre,10,Mujer,18
Veracruz de Ignacio de la Llave,2009,Noviembre,11,Hombre,39
Veracruz de Ignacio de la Llave,2009,Noviembre,11,Mujer,6
Veracruz de Ignacio de la Llave,2009,Diciembre,12,Hombre,51
Veracruz de Ignacio de la Llave,2009,Diciembre,12,Mujer,4
Veracruz de Ignacio de la Llave,2010,Enero,1,Hombre,24
Veracruz de Ignacio de la Llave,2010,Enero,1,Mujer,3
Veracruz de Ignacio de la Llave,2010,Febrero,2,Hombre,33
Veracruz de Ignacio de la Llave,2010,Febrero,2,Mujer,4
Veracruz de Ignacio de la Llave,2010,Marzo,3,Hombre,40
Veracruz de Ignacio de la Llave,2010,Marzo,3,Mujer,4
Veracruz de Ignacio de la Llave,2010,Abril,4,Hombre,26
Veracruz de Ignacio de la Llave,2010,Abril,4,Mujer,6
Veracruz de Ignacio de la Llave,2010,Mayo,5,Hombre,37
Veracruz de Ignacio de la Llave,2010,Mayo,5,Mujer,4
Veracruz de Ignacio de la Llave,2010,Junio,6,Hombre,36
Veracruz de Ignacio de la Llave,2010,Junio,6,Mujer,9
Veracruz de Ignacio de la Llave,2010,Julio,7,Hombre,35
Veracruz de Ignacio de la Llave,2010,Julio,7,Mujer,9
Veracruz de Ignacio de la Llave,2010,Agosto,8,Hombre,31
Veracruz de Ignacio de la Llave,2010,Agosto,8,Mujer,2
Veracruz de Ignacio de la Llave,2010,Septiembre,9,Hombre,37
Veracruz de Ignacio de la Llave,2010,Septiembre,9,Mujer,4
Veracruz de Ignacio de la Llave,2010,Octubre,10,Hombre,27
Veracruz de Ignacio de la Llave,2010,Octubre,10,Mujer,4
Veracruz de Ignacio de la Llave,2010,Noviembre,11,Hombre,27
Veracruz de Ignacio de la Llave,2010,Noviembre,11,Mujer,6
Veracruz de Ignacio de la Llave,2010,Diciembre,12,Hombre,39
Veracruz de Ignacio de la Llave,2010,Diciembre,12,Mujer,5
Veracruz de Ignacio de la Llave,2011,Enero,1,Hombre,43
Veracruz de Ignacio de la Llave,2011,Enero,1,Mujer,6
Veracruz de Ignacio de la Llave,2011,Febrero,2,Hombre,35
Veracruz de Ignacio de la Llave,2011,Febrero,2,Mujer,5
Veracruz de Ignacio de la Llave,2011,Marzo,3,Hombre,51
Veracruz de Ignacio de la Llave,2011,Marzo,3,Mujer,6
Veracruz de Ignacio de la Llave,2011,Abril,4,Hombre,62
Veracruz de Ignacio de la Llave,2011,Abril,4,Mujer,8
Veracruz de Ignacio de la Llave,2011,Mayo,5,Hombre,40
Veracruz de Ignacio de la Llave,2011,Mayo,5,Mujer,5
Veracruz de Ignacio de la Llave,2011,Junio,6,Hombre,67
Veracruz de Ignacio de la Llave,2011,Junio,6,Mujer,8
Veracruz de Ignacio de la Llave,2011,Julio,7,Hombre,54
Veracruz de Ignacio de la Llave,2011,Julio,7,Mujer,15
Veracruz de Ignacio de la Llave,2011,Agosto,8,Hombre,79
Veracruz de Ignacio de la Llave,2011,Agosto,8,Mujer,10
Veracruz de Ignacio de la Llave,2011,Septiembre,9,Hombre,111
Veracruz de Ignacio de la Llave,2011,Septiembre,9,Mujer,21
Veracruz de Ignacio de la Llave,2011,Octubre,10,Hombre,96
Veracruz de Ignacio de la Llave,2011,Octubre,10,Mujer,25
Veracruz de Ignacio de la Llave,2011,Noviembre,11,Hombre,63
Veracruz de Ignacio de la Llave,2011,Noviembre,11,Mujer,7
Veracruz de Ignacio de la Llave,2011,Diciembre,12,Hombre,87
Veracruz de Ignacio de la Llave,2011,Diciembre,12,Mujer,25
Veracruz de Ignacio de la Llave,2012,Enero,1,Hombre,69
Veracruz de Ignacio de la Llave,2012,Enero,1,Mujer,12
Veracruz de Ignacio de la Llave,2012,Febrero,2,Hombre,67
Veracruz de Ignacio de la Llave,2012,Febrero,2,Mujer,9
Veracruz de Ignacio de la Llave,2012,Marzo,3,Hombre,61
Veracruz de Ignacio de la Llave,2012,Marzo,3,Mujer,9
Veracruz de Ignacio de la Llave,2012,Abril,4,Hombre,76
Veracruz de Ignacio de la Llave,2012,Abril,4,Mujer,9
Veracruz de Ignacio de la Llave,2012,Mayo,5,Hombre,58
Veracruz de Ignacio de la Llave,2012,Mayo,5,Mujer,12
Veracruz de Ignacio de la Llave,2012,Junio,6,Hombre,80
Veracruz de Ignacio de la Llave,2012,Junio,6,Mujer,16
Veracruz de Ignacio de la Llave,2012,Julio,7,Hombre,82
Veracruz de Ignacio de la Llave,2012,Julio,7,Mujer,10
Veracruz de Ignacio de la Llave,2012,Agosto,8,Hombre,66
Veracruz de Ignacio de la Llave,2012,Agosto,8,Mujer,13
Veracruz de Ignacio de la Llave,2012,Septiembre,9,Hombre,51
Veracruz de Ignacio de la Llave,2012,Septiembre,9,Mujer,10
Veracruz de Ignacio de la Llave,2012,Octubre,10,Hombre,51
Veracruz de Ignacio de la Llave,2012,Octubre,10,Mujer,7
Veracruz de Ignacio de la Llave,2012,Noviembre,11,Hombre,49
Veracruz de Ignacio de la Llave,2012,Noviembre,11,Mujer,9
Veracruz de Ignacio de la Llave,2012,Diciembre,12,Hombre,51
Veracruz de Ignacio de la Llave,2012,Diciembre,12,Mujer,8
Veracruz de Ignacio de la Llave,2013,Enero,1,Hombre,40
Veracruz de Ignacio de la Llave,2013,Enero,1,Mujer,8
Veracruz de Ignacio de la Llave,2013,Febrero,2,Hombre,41
Veracruz de Ignacio de la Llave,2013,Febrero,2,Mujer,9
Veracruz de Ignacio de la Llave,2013,Marzo,3,Hombre,55
Veracruz de Ignacio de la Llave,2013,Marzo,3,Mujer,9
Veracruz de Ignacio de la Llave,2013,Abril,4,Hombre,66
Veracruz de Ignacio de la Llave,2013,Abril,4,Mujer,4
Veracruz de Ignacio de la Llave,2013,Mayo,5,Hombre,54
Veracruz de Ignacio de la Llave,2013,Mayo,5,Mujer,13
Veracruz de Ignacio de la Llave,2013,Junio,6,Hombre,50
Veracruz de Ignacio de la Llave,2013,Junio,6,Mujer,8
Veracruz de Ignacio de la Llave,2013,Julio,7,Hombre,45
Veracruz de Ignacio de la Llave,2013,Julio,7,Mujer,10
Veracruz de Ignacio de la Llave,2013,Agosto,8,Hombre,64
Veracruz de Ignacio de la Llave,2013,Agosto,8,Mujer,5
Veracruz de Ignacio de la Llave,2013,Septiembre,9,Hombre,44
Veracruz de Ignacio de la Llave,2013,Septiembre,9,Mujer,7
Veracruz de Ignacio de la Llave,2013,Octubre,10,Hombre,53
Veracruz de Ignacio de la Llave,2013,Octubre,10,Mujer,9
Veracruz de Ignacio de la Llave,2013,Noviembre,11,Hombre,54
Veracruz de Ignacio de la Llave,2013,Noviembre,11,Mujer,1
Veracruz de Ignacio de la Llave,2013,Diciembre,12,Hombre,58
Veracruz de Ignacio de la Llave,2013,Diciembre,12,Mujer,10
Veracruz de Ignacio de la Llave,2014,Enero,1,Hombre,50
Veracruz de Ignacio de la Llave,2014,Enero,1,Mujer,6
Veracruz de Ignacio de la Llave,2014,Febrero,2,Hombre,52
Veracruz de Ignacio de la Llave,2014,Febrero,2,Mujer,8
Veracruz de Ignacio de la Llave,2014,Marzo,3,Hombre,53
Veracruz de Ignacio de la Llave,2014,Marzo,3,Mujer,4
Veracruz de Ignacio de la Llave,2014,Abril,4,Hombre,62
Veracruz de Ignacio de la Llave,2014,Abril,4,Mujer,5
Veracruz de Ignacio de la Llave,2014,Mayo,5,Hombre,79
Veracruz de Ignacio de la Llave,2014,Mayo,5,Mujer,7
Veracruz de Ignacio de la Llave,2014,Junio,6,Hombre,63
Veracruz de Ignacio de la Llave,2014,Junio,6,Mujer,11
Veracruz de Ignacio de la Llave,2014,Julio,7,Hombre,50
Veracruz de Ignacio de la Llave,2014,Julio,7,Mujer,12
Veracruz de Ignacio de la Llave,2014,Agosto,8,Hombre,52
Veracruz de Ignacio de la Llave,2014,Agosto,8,Mujer,7
Veracruz de Ignacio de la Llave,2014,Septiembre,9,Hombre,66
Veracruz de Ignacio de la Llave,2014,Septiembre,9,Mujer,6
Veracruz de Ignacio de la Llave,2014,Octubre,10,Hombre,62
Veracruz de Ignacio de la Llave,2014,Octubre,10,Mujer,11
Veracruz de Ignacio de la Llave,2014,Noviembre,11,Hombre,66
Veracruz de Ignacio de la Llave,2014,Noviembre,11,Mujer,10
Veracruz de Ignacio de la Llave,2014,Diciembre,12,Hombre,74
Veracruz de Ignacio de la Llave,2014,Diciembre,12,Mujer,3
Veracruz de Ignacio de la Llave,2015,Enero,1,Hombre,72
Veracruz de Ignacio de la Llave,2015,Enero,1,Mujer,6
Veracruz de Ignacio de la Llave,2015,Febrero,2,Hombre,65
Veracruz de Ignacio de la Llave,2015,Febrero,2,Mujer,7
Veracruz de Ignacio de la Llave,2015,Marzo,3,Hombre,58
Veracruz de Ignacio de la Llave,2015,Marzo,3,Mujer,5
Veracruz de Ignacio de la Llave,2015,Abril,4,Hombre,80
Veracruz de Ignacio de la Llave,2015,Abril,4,Mujer,14
Veracruz de Ignacio de la Llave,2015,Mayo,5,Hombre,68
Veracruz de Ignacio de la Llave,2015,Mayo,5,Mujer,11
Veracruz de Ignacio de la Llave,2015,Junio,6,Hombre,78
Veracruz de Ignacio de la Llave,2015,Junio,6,Mujer,8
Veracruz de Ignacio de la Llave,2015,Julio,7,Hombre,64
Veracruz de Ignacio de la Llave,2015,Julio,7,Mujer,6
Veracruz de Ignacio de la Llave,2015,Agosto,8,Hombre,64
Veracruz de Ignacio de la Llave,2015,Agosto,8,Mujer,7
Veracruz de Ignacio de la Llave,2015,Septiembre,9,Hombre,72
Veracruz de Ignacio de la Llave,2015,Septiembre,9,Mujer,16
Veracruz de Ignacio de la Llave,2015,Octubre,10,Hombre,66
Veracruz de Ignacio de la Llave,2015,Octubre,10,Mujer,13
Veracruz de Ignacio de la Llave,2015,Noviembre,11,Hombre,63
Veracruz de Ignacio de la Llave,2015,Noviembre,11,Mujer,6
Veracruz de Ignacio de la Llave,2015,Diciembre,12,Hombre,86
Veracruz de Ignacio de la Llave,2015,Diciembre,12,Mujer,8
Veracruz de Ignacio de la Llave,2016,Enero,1,Hombre,76
Veracruz de Ignacio de la Llave,2016,Enero,1,Mujer,11
Veracruz de Ignacio de la Llave,2016,Febrero,2,Hombre,62
Veracruz de Ignacio de la Llave,2016,Febrero,2,Mujer,7
Veracruz de Ignacio de la Llave,2016,Marzo,3,Hombre,56
Veracruz de Ignacio de la Llave,2016,Marzo,3,Mujer,9
Veracruz de Ignacio de la Llave,2016,Abril,4,Hombre,64
Veracruz de Ignacio de la Llave,2016,Abril,4,Mujer,8
Veracruz de Ignacio de la Llave,2016,Mayo,5,Hombre,94
Veracruz de Ignacio de la Llave,2016,Mayo,5,Mujer,9
Veracruz de Ignacio de la Llave,2016,Junio,6,Hombre,118
Veracruz de Ignacio de la Llave,2016,Junio,6,Mujer,19
Veracruz de Ignacio de la Llave,2016,Julio,7,Hombre,119
Veracruz de Ignacio de la Llave,2016,Julio,7,Mujer,15
Veracruz de Ignacio de la Llave,2016,Agosto,8,Hombre,131
Veracruz de Ignacio de la Llave,2016,Agosto,8,Mujer,12
Veracruz de Ignacio de la Llave,2016,Septiembre,9,Hombre,114
Veracruz de Ignacio de la Llave,2016,Septiembre,9,Mujer,7
Veracruz de Ignacio de la Llave,2016,Octubre,10,Hombre,92
Veracruz de Ignacio de la Llave,2016,Octubre,10,Mujer,13
Veracruz de Ignacio de la Llave,2016,Noviembre,11,Hombre,76
Veracruz de Ignacio de la Llave,2016,Noviembre,11,Mujer,13
Veracruz de Ignacio de la Llave,2016,Diciembre,12,Hombre,94
Veracruz de Ignacio de la Llave,2016,Diciembre,12,Mujer,11
Veracruz de Ignacio de la Llave,2017,Enero,1,Hombre,110
Veracruz de Ignacio de la Llave,2017,Enero,1,Mujer,6
Veracruz de Ignacio de la Llave,2017,Febrero,2,Hombre,102
Veracruz de Ignacio de la Llave,2017,Febrero,2,Mujer,14
Veracruz de Ignacio de la Llave,2017,Marzo,3,Hombre,150
Veracruz de Ignacio de la Llave,2017,Marzo,3,Mujer,16
Veracruz de Ignacio de la Llave,2017,Abril,4,Hombre,122
Veracruz de Ignacio de la Llave,2017,Abril,4,Mujer,20
Veracruz de Ignacio de la Llave,2017,Mayo,5,Hombre,142
Veracruz de Ignacio de la Llave,2017,Mayo,5,Mujer,17
Veracruz de Ignacio de la Llave,2017,Junio,6,Hombre,160
Veracruz de Ignacio de la Llave,2017,Junio,6,Mujer,29
Veracruz de Ignacio de la Llave,2017,Julio,7,Hombre,129
Veracruz de Ignacio de la Llave,2017,Julio,7,Mujer,14
Veracruz de Ignacio de la Llave,2017,Agosto,8,Hombre,150
Veracruz de Ignacio de la Llave,2017,Agosto,8,Mujer,17
Veracruz de Ignacio de la Llave,2017,Septiembre,9,Hombre,129
Veracruz de Ignacio de la Llave,2017,Septiembre,9,Mujer,23
Veracruz de Ignacio de la Llave,2017,Octubre,10,Hombre,137
Veracruz de Ignacio de la Llave,2017,Octubre,10,Mujer,19
Veracruz de Ignacio de la Llave,2017,Noviembre,11,Hombre,125
Veracruz de Ignacio de la Llave,2017,Noviembre,11,Mujer,16
Veracruz de Ignacio de la Llave,2017,Diciembre,12,Hombre,155
Veracruz de Ignacio de la Llave,2017,Diciembre,12,Mujer,19
Veracruz de Ignacio de la Llave,2018,Enero,1,Hombre,127
Veracruz de Ignacio de la Llave,2018,Enero,1,Mujer,6
Veracruz de Ignacio de la Llave,2018,Febrero,2,Hombre,84
Veracruz de Ignacio de la Llave,2018,Febrero,2,Mujer,11
Veracruz de Ignacio de la Llave,2018,Marzo,3,Hombre,121
Veracruz de Ignacio de la Llave,2018,Marzo,3,Mujer,17
Veracruz de Ignacio de la Llave,2018,Abril,4,Hombre,119
Veracruz de Ignacio de la Llave,2018,Abril,4,Mujer,17
Veracruz de Ignacio de la Llave,2018,Mayo,5,Hombre,129
Veracruz de Ignacio de la Llave,2018,Mayo,5,Mujer,14
Veracruz de Ignacio de la Llave,2018,Junio,6,Hombre,135
Veracruz de Ignacio de la Llave,2018,Junio,6,Mujer,13
Veracruz de Ignacio de la Llave,2018,Julio,7,Hombre,94
Veracruz de Ignacio de la Llave,2018,Julio,7,Mujer,6
Veracruz de Ignacio de la Llave,2018,Agosto,8,Hombre,109
Veracruz de Ignacio de la Llave,2018,Agosto,8,Mujer,13
Veracruz de Ignacio de la Llave,2018,Septiembre,9,Hombre,103
Veracruz de Ignacio de la Llave,2018,Septiembre,9,Mujer,13
Veracruz de Ignacio de la Llave,2018,Octubre,10,Hombre,112
Veracruz de Ignacio de la Llave,2018,Octubre,10,Mujer,6
Veracruz de Ignacio de la Llave,2018,Noviembre,11,Hombre,119
Veracruz de Ignacio de la Llave,2018,Noviembre,11,Mujer,12
Veracruz de Ignacio de la Llave,2018,Diciembre,12,Hombre,87
Veracruz de Ignacio de la Llave,2018,Diciembre,12,Mujer,15
Veracruz de Ignacio de la Llave,2019,Enero,1,Hombre,100
Veracruz de Ignacio de la Llave,2019,Enero,1,Mujer,9
Veracruz de Ignacio de la Llave,2019,Febrero,2,Hombre,109
Veracruz de Ignacio de la Llave,2019,Febrero,2,Mujer,10
Veracruz de Ignacio de la Llave,2019,Marzo,3,Hombre,134
Veracruz de Ignacio de la Llave,2019,Marzo,3,Mujer,14
Veracruz de Ignacio de la Llave,2019,Abril,4,Hombre,128
Veracruz de Ignacio de la Llave,2019,Abril,4,Mujer,26
Veracruz de Ignacio de la Llave,2019,Mayo,5,Hombre,127
Veracruz de Ignacio de la Llave,2019,Mayo,5,Mujer,11
Veracruz de Ignacio de la Llave,2019,Junio,6,Hombre,117
Veracruz de Ignacio de la Llave,2019,Junio,6,Mujer,17
Veracruz de Ignacio de la Llave,2019,Julio,7,Hombre,112
Veracruz de Ignacio de la Llave,2019,Julio,7,Mujer,15
Veracruz de Ignacio de la Llave,2019,Agosto,8,Hombre,132
Veracruz de Ignacio de la Llave,2019,Agosto,8,Mujer,19
Veracruz de Ignacio de la Llave,2019,Septiembre,9,Hombre,91
Veracruz de Ignacio de la Llave,2019,Septiembre,9,Mujer,19
Veracruz de Ignacio de la Llave,2019,Octubre,10,Hombre,87
Veracruz de Ignacio de la Llave,2019,Octubre,10,Mujer,14
Veracruz de Ignacio de la Llave,2019,Noviembre,11,Hombre,86
Veracruz de Ignacio de la Llave,2019,Noviembre,11,Mujer,8
Veracruz de Ignacio de la Llave,2019,Diciembre,12,Hombre,79
Veracruz de Ignacio de la Llave,2019,Diciembre,12,Mujer,8
Veracruz de Ignacio de la Llave,2020,Enero,1,Hombre,65
Veracruz de Ignacio de la Llave,2020,Enero,1,Mujer,6
Veracruz de Ignacio de la Llave,2020,Febrero,2,Hombre,83
Veracruz de Ignacio de la Llave,2020,Febrero,2,Mujer,17
Veracruz de Ignacio de la Llave,2020,Marzo,3,Hombre,86
Veracruz de Ignacio de la Llave,2020,Marzo,3,Mujer,6
Veracruz de Ignacio de la Llave,2020,Abril,4,Hombre,101
Veracruz de Ignacio de la Llave,2020,Abril,4,Mujer,11
Veracruz de Ignacio de la Llave,2020,Mayo,5,Hombre,69
Veracruz de Ignacio de la Llave,2020,Mayo,5,Mujer,9
Veracruz de Ignacio de la Llave,2020,Junio,6,Hombre,110
Veracruz de Ignacio de la Llave,2020,Junio,6,Mujer,18
Veracruz de Ignacio de la Llave,2020,Julio,7,Hombre,98
Veracruz de Ignacio de la Llave,2020,Julio,7,Mujer,15
Veracruz de Ignacio de la Llave,2020,Agosto,8,Hombre,101
Veracruz de Ignacio de la Llave,2020,Agosto,8,Mujer,16
Veracruz de Ignacio de la Llave,2020,Septiembre,9,Hombre,86
Veracruz de Ignacio de la Llave,2020,Septiembre,9,Mujer,10
Veracruz de Ignacio de la Llave,2020,Octubre,10,Hombre,65
Veracruz de Ignacio de la Llave,2020,Octubre,10,Mujer,7
Veracruz de Ignacio de la Llave,2020,Noviembre,11,Hombre,76
Veracruz de Ignacio de la Llave,2020,Noviembre,11,Mujer,13
Veracruz de Ignacio de la Llave,2020,Diciembre,12,Hombre,92
Veracruz de Ignacio de la Llave,2020,Diciembre,12,Mujer,11
Veracruz de Ignacio de la Llave,2021,Enero,1,Hombre,88
Veracruz de Ignacio de la Llave,2021,Enero,1,Mujer,11
Veracruz de Ignacio de la Llave,2021,Febrero,2,Hombre,67
Veracruz de Ignacio de la Llave,2021,Febrero,2,Mujer,12
Veracruz de Ignacio de la Llave,2021,Marzo,3,Hombre,70
Veracruz de Ignacio de la Llave,2021,Marzo,3,Mujer,8
Veracruz de Ignacio de la Llave,2021,Abril,4,Hombre,77
Veracruz de Ignacio de la Llave,2021,Abril,4,Mujer,5
Veracruz de Ignacio de la Llave,2021,Mayo,5,Hombre,81
Veracruz de Ignacio de la Llave,2021,Mayo,5,Mujer,7
Veracruz de Ignacio de la Llave,2021,Junio,6,Hombre,57
Veracruz de Ignacio de la Llave,2021,Junio,6,Mujer,7
Veracruz de Ignacio de la Llave,2021,Julio,7,Hombre,60
Veracruz de Ignacio de la Llave,2021,Julio,7,Mujer,8
Veracruz de Ignacio de la Llave,2021,Agosto,8,Hombre,67
Veracruz de Ignacio de la Llave,2021,Agosto,8,Mujer,10
Veracruz de Ignacio de la Llave,2021,Septiembre,9,Hombre,61
Veracruz de Ignacio de la Llave,2021,Septiembre,9,Mujer,10
Veracruz de Ignacio de la Llave,2021,Octubre,10,Hombre,72
Veracruz de Ignacio de la Llave,2021,Octubre,10,Mujer,17
Veracruz de Ignacio de la Llave,2021,Noviembre,11,Hombre,57
Veracruz de Ignacio de la Llave,2021,Noviembre,11,Mujer,8
Veracruz de Ignacio de la Llave,2021,Diciembre,12,Hombre,76
Veracruz de Ignacio de la Llave,2021,Diciembre,12,Mujer,9
Veracruz de Ignacio de la Llave,2022,Enero,1,Hombre,72
Veracruz de Ignacio de la Llave,2022,Enero,1,Mujer,5
Veracruz de Ignacio de la Llave,2022,Febrero,2,Hombre,41
Veracruz de Ignacio de la Llave,2022,Febrero,2,Mujer,9
Veracruz de Ignacio de la Llave,2022,Marzo,3,Hombre,59
Veracruz de Ignacio de la Llave,2022,Marzo,3,Mujer,8
Veracruz de Ignacio de la Llave,2022,Abril,4,Hombre,50
Veracruz de Ignacio de la Llave,2022,Abril,4,Mujer,19
Veracruz de Ignacio de la Llave,2022,Mayo,5,Hombre,66
Veracruz de Ignacio de la Llave,2022,Mayo,5,Mujer,15
Veracruz de Ignacio de la Llave,2022,Junio,6,Hombre,48
Veracruz de Ignacio de la Llave,2022,Junio,6,Mujer,6
Veracruz de Ignacio de la Llave,2022,Julio,7,Hombre,56
Veracruz de Ignacio de la Llave,2022,Julio,7,Mujer,6
Veracruz de Ignacio de la Llave,2022,Agosto,8,Hombre,71
Veracruz de Ignacio de la Llave,2022,Agosto,8,Mujer,7
Veracruz de Ignacio de la Llave,2022,Septiembre,9,Hombre,64
Veracruz de Ignacio de la Llave,2022,Septiembre,9,Mujer,11
Veracruz de Ignacio de la Llave,2022,Octubre,10,Hombre,37
Veracruz de Ignacio de la Llave,2022,Octubre,10,Mujer,7
Veracruz de Ignacio de la Llave,2022,Noviembre,11,Hombre,58
Veracruz de Ignacio de la Llave,2022,Noviembre,11,Mujer,8
Veracruz de Ignacio de la Llave,2022,Diciembre,12,Hombre,58
Veracruz de Ignacio de la Llave,2022,Diciembre,12,Mujer,6
Veracruz de Ignacio de la Llave,2023,Enero,1,Hombre,61
Veracruz de Ignacio de la Llave,2023,Enero,1,Mujer,11
Veracruz de Ignacio de la Llave,2023,Febrero,2,Hombre,38
Veracruz de Ignacio de la Llave,2023,Febrero,2,Mujer,5
Veracruz de Ignacio de la Llave,2023,Marzo,3,Hombre,50
Veracruz de Ignacio de la Llave,2023,Marzo,3,Mujer,15
Veracruz de Ignacio de la Llave,2023,Abril,4,Hombre,66
Veracruz de Ignacio de la Llave,2023,Abril,4,Mujer,10
Veracruz de Ignacio de la Llave,2023,Mayo,5,Hombre,74
Veracruz de Ignacio de la Llave,2023,Mayo,5,Mujer,10
Veracruz de Ignacio de la Llave,2023,Junio,6,Hombre,63
Veracruz de Ignacio de la Llave,2023,Junio,6,Mujer,6
Veracruz de Ignacio de la Llave,2023,Julio,7,Hombre,59
Veracruz de Ignacio de la Llave,2023,Julio,7,Mujer,5
Veracruz de Ignacio de la Llave,2023,Agosto,8,Hombre,58
Veracruz de Ignacio de la Llave,2023,Agosto,8,Mujer,6
Veracruz de Ignacio de la Llave,2023,Septiembre,9,Hombre,70
Veracruz de Ignacio de la Llave,2023,Septiembre,9,Mujer,7
Veracruz de Ignacio de la Llave,2023,Octubre,10,Hombre,68
Veracruz de Ignacio de la Llave,2023,Octubre,10,Mujer,6
Veracruz de Ignacio de la Llave,2023,Noviembre,11,Hombre,60
Veracruz de Ignacio de la Llave,2023,Noviembre,11,Mujer,6
Veracruz de Ignacio de la Llave,2023,Diciembre,12,Hombre,50
Veracruz de Ignacio de la Llave,2023,Diciembre,12,Mujer,5
Veracruz de Ignacio de la Llave,2024,Enero,1,Hombre,46
Veracruz de Ignacio de la Llave,2024,Enero,1,Mujer,10
Veracruz de Ignacio de la Llave,2024,Febrero,2,Hombre,43
Veracruz de Ignacio de la Llave,2024,Febrero,2,Mujer,4
Veracruz de Ignacio de la Llave,2024,Marzo,3,Hombre,68
Veracruz de Ignacio de la Llave,2024,Marzo,3,Mujer,9
Veracruz de Ignacio de la Llave,2024,Abril,4,Hombre,65
Veracruz de Ignacio de la Llave,2024,Abril,4,Mujer,10
Veracruz de Ignacio de la Llave,2024,Mayo,5,Hombre,62
Veracruz de Ignacio de la Llave,2024,Mayo,5,Mujer,13
Veracruz de Ignacio de la Llave,2024,Junio,6,Hombre,66
Veracruz de Ignacio de la Llave,2024,Junio,6,Mujer,7
Veracruz de Ignacio de la Llave,2024,Julio,7,Hombre,75
Veracruz de Ignacio de la Llave,2024,Julio,7,Mujer,13
Veracruz de Ignacio de la Llave,2024,Agosto,8,Hombre,56
Veracruz de Ignacio de la Llave,2024,Agosto,8,Mujer,11
Veracruz de Ignacio de la Llave,2024,Septiembre,9,Hombre,69
Veracruz de Ignacio de la Llave,2024,Septiembre,9,Mujer,7
Veracruz de Ignacio de la Llave,2024,Octubre,10,Hombre,65
Veracruz de Ignacio de la Llave,2024,Octubre,10,Mujer,15
Veracruz de Ignacio de la Llave,2024,Noviembre,11,Hombre,58
Veracruz de Ignacio de la Llave,2024,Noviembre,11,Mujer,4
Veracruz de Ignacio de la Llave,2024,Diciembre,12,Hombre,63
Veracruz de Ignacio de la Llave,2024,Diciembre,12,Mujer,3
Yucat�n,1990,Enero,1,Hombre,3
Yucat�n,1990,Febrero,2,Hombre,1
Yucat�n,1990,Marzo,3,Hombre,2
Yucat�n,1990,Abril,4,Hombre,5
Yucat�n,1990,Abril,4,Mujer,1
Yucat�n,1990,Mayo,5,Hombre,7
Yucat�n,1990,Mayo,5,Mujer,2
Yucat�n,1990,Junio,6,Hombre,3
Yucat�n,1990,Julio,7,Hombre,3
Yucat�n,1990,Agosto,8,Hombre,4
Yucat�n,1990,Agosto,8,Mujer,2
Yucat�n,1990,Septiembre,9,Hombre,3
Yucat�n,1990,Septiembre,9,Mujer,1
Yucat�n,1990,Octubre,10,Hombre,7
Yucat�n,1990,Octubre,10,Mujer,1
Yucat�n,1990,Noviembre,11,Hombre,7
Yucat�n,1990,Diciembre,12,Hombre,7
Yucat�n,1990,Diciembre,12,Mujer,2
Yucat�n,1991,Enero,1,Hombre,7
Yucat�n,1991,Enero,1,Mujer,1
Yucat�n,1991,Febrero,2,Hombre,5
Yucat�n,1991,Marzo,3,Hombre,5
Yucat�n,1991,Abril,4,Hombre,8
Yucat�n,1991,Mayo,5,Hombre,9
Yucat�n,1991,Junio,6,Hombre,2
Yucat�n,1991,Junio,6,Mujer,2
Yucat�n,1991,Julio,7,Hombre,6
Yucat�n,1991,Septiembre,9,Hombre,7
Yucat�n,1991,Octubre,10,Hombre,6
Yucat�n,1991,Noviembre,11,Hombre,4
Yucat�n,1991,Diciembre,12,Hombre,4
Yucat�n,1992,Enero,1,Hombre,7
Yucat�n,1992,Enero,1,Mujer,2
Yucat�n,1992,Febrero,2,Hombre,4
Yucat�n,1992,Marzo,3,Hombre,1
Yucat�n,1992,Abril,4,Hombre,3
Yucat�n,1992,Mayo,5,Hombre,4
Yucat�n,1992,Mayo,5,Mujer,1
Yucat�n,1992,Junio,6,Hombre,4
Yucat�n,1992,Julio,7,Hombre,4
Yucat�n,1992,Agosto,8,Hombre,1
Yucat�n,1992,Agosto,8,Mujer,1
Yucat�n,1992,Septiembre,9,Hombre,1
Yucat�n,1992,Octubre,10,Hombre,3
Yucat�n,1992,Octubre,10,Mujer,1
Yucat�n,1992,Noviembre,11,Hombre,2
Yucat�n,1992,Diciembre,12,Hombre,7
Yucat�n,1992,Diciembre,12,Mujer,1
Yucat�n,1993,Enero,1,Hombre,3
Yucat�n,1993,Febrero,2,Hombre,3
Yucat�n,1993,Marzo,3,Hombre,2
Yucat�n,1993,Abril,4,Hombre,5
Yucat�n,1993,Mayo,5,Hombre,6
Yucat�n,1993,Mayo,5,Mujer,3
Yucat�n,1993,Junio,6,Hombre,9
Yucat�n,1993,Julio,7,Hombre,2
Yucat�n,1993,Julio,7,Mujer,1
Yucat�n,1993,Agosto,8,Hombre,7
Yucat�n,1993,Septiembre,9,Hombre,2
Yucat�n,1993,Octubre,10,Hombre,2
Yucat�n,1993,Noviembre,11,Hombre,7
Yucat�n,1993,Noviembre,11,Mujer,2
Yucat�n,1993,Diciembre,12,Hombre,5
Yucat�n,1994,Enero,1,Hombre,4
Yucat�n,1994,Febrero,2,Hombre,1
Yucat�n,1994,Febrero,2,Mujer,2
Yucat�n,1994,Marzo,3,Hombre,6
Yucat�n,1994,Abril,4,Hombre,3
Yucat�n,1994,Mayo,5,Hombre,2
Yucat�n,1994,Mayo,5,Mujer,2
Yucat�n,1994,Junio,6,Hombre,5
Yucat�n,1994,Julio,7,Hombre,8
Yucat�n,1994,Agosto,8,Hombre,2
Yucat�n,1994,Septiembre,9,Hombre,3
Yucat�n,1994,Octubre,10,Hombre,5
Yucat�n,1994,Noviembre,11,Hombre,3
Yucat�n,1994,Diciembre,12,Hombre,1
Yucat�n,1995,Enero,1,Hombre,4
Yucat�n,1995,Enero,1,Mujer,1
Yucat�n,1995,Febrero,2,Hombre,3
Yucat�n,1995,Marzo,3,Hombre,1
Yucat�n,1995,Abril,4,Hombre,1
Yucat�n,1995,Mayo,5,Hombre,3
Yucat�n,1995,Junio,6,Hombre,3
Yucat�n,1995,Julio,7,Hombre,6
Yucat�n,1995,Julio,7,Mujer,2
Yucat�n,1995,Agosto,8,Hombre,3
Yucat�n,1995,Septiembre,9,Hombre,2
Yucat�n,1995,Septiembre,9,Mujer,1
Yucat�n,1995,Octubre,10,Hombre,6
Yucat�n,1995,Noviembre,11,Hombre,6
Yucat�n,1995,Noviembre,11,Mujer,1
Yucat�n,1995,Diciembre,12,Hombre,5
Yucat�n,1995,Diciembre,12,Mujer,1
Yucat�n,1996,Enero,1,Hombre,4
Yucat�n,1996,Febrero,2,Hombre,3
Yucat�n,1996,Marzo,3,Hombre,3
Yucat�n,1996,Abril,4,Hombre,3
Yucat�n,1996,Mayo,5,Hombre,2
Yucat�n,1996,Mayo,5,Mujer,1
Yucat�n,1996,Junio,6,Hombre,5
Yucat�n,1996,Julio,7,Hombre,2
Yucat�n,1996,Julio,7,Mujer,1
Yucat�n,1996,Agosto,8,Hombre,1
Yucat�n,1996,Agosto,8,Mujer,2
Yucat�n,1996,Septiembre,9,Hombre,2
Yucat�n,1996,Octubre,10,Hombre,3
Yucat�n,1996,Octubre,10,Mujer,1
Yucat�n,1996,Noviembre,11,Hombre,8
Yucat�n,1996,Diciembre,12,Hombre,3
Yucat�n,1997,Enero,1,Hombre,4
Yucat�n,1997,Febrero,2,Hombre,4
Yucat�n,1997,Febrero,2,Mujer,3
Yucat�n,1997,Marzo,3,Hombre,1
Yucat�n,1997,Marzo,3,Mujer,1
Yucat�n,1997,Abril,4,Hombre,5
Yucat�n,1997,Mayo,5,Hombre,2
Yucat�n,1997,Junio,6,Hombre,1
Yucat�n,1997,Julio,7,Hombre,5
Yucat�n,1997,Agosto,8,Hombre,2
Yucat�n,1997,Septiembre,9,Hombre,2
Yucat�n,1997,Septiembre,9,Mujer,2
Yucat�n,1997,Octubre,10,Hombre,4
Yucat�n,1997,Noviembre,11,Hombre,4
Yucat�n,1997,Diciembre,12,Hombre,6
Yucat�n,1998,Enero,1,Hombre,4
Yucat�n,1998,Febrero,2,Hombre,2
Yucat�n,1998,Febrero,2,Mujer,2
Yucat�n,1998,Marzo,3,Hombre,3
Yucat�n,1998,Marzo,3,Mujer,3
Yucat�n,1998,Abril,4,Hombre,3
Yucat�n,1998,Mayo,5,Hombre,2
Yucat�n,1998,Junio,6,Hombre,3
Yucat�n,1998,Julio,7,Hombre,1
Yucat�n,1998,Julio,7,Mujer,1
Yucat�n,1998,Agosto,8,Hombre,2
Yucat�n,1998,Septiembre,9,Mujer,1
Yucat�n,1998,Octubre,10,Hombre,5
Yucat�n,1998,Octubre,10,Mujer,2
Yucat�n,1998,Noviembre,11,Hombre,1
Yucat�n,1998,Noviembre,11,Mujer,1
Yucat�n,1998,Diciembre,12,Hombre,4
Yucat�n,1999,Enero,1,Hombre,3
Yucat�n,1999,Enero,1,Mujer,1
Yucat�n,1999,Febrero,2,Hombre,1
Yucat�n,1999,Marzo,3,Hombre,2
Yucat�n,1999,Abril,4,Hombre,2
Yucat�n,1999,Mayo,5,Hombre,1
Yucat�n,1999,Mayo,5,Mujer,2
Yucat�n,1999,Junio,6,Hombre,2
Yucat�n,1999,Julio,7,Hombre,2
Yucat�n,1999,Julio,7,Mujer,1
Yucat�n,1999,Agosto,8,Hombre,2
Yucat�n,1999,Agosto,8,Mujer,3
Yucat�n,1999,Septiembre,9,Hombre,1
Yucat�n,1999,Septiembre,9,Mujer,1
Yucat�n,1999,Octubre,10,Hombre,2
Yucat�n,1999,Octubre,10,Mujer,2
Yucat�n,1999,Noviembre,11,Mujer,1
Yucat�n,1999,Diciembre,12,Hombre,4
Yucat�n,2000,Enero,1,Hombre,2
Yucat�n,2000,Marzo,3,Hombre,3
Yucat�n,2000,Marzo,3,Mujer,1
Yucat�n,2000,Abril,4,Hombre,4
Yucat�n,2000,Mayo,5,Hombre,7
Yucat�n,2000,Mayo,5,Mujer,1
Yucat�n,2000,Junio,6,Hombre,4
Yucat�n,2000,Junio,6,Mujer,1
Yucat�n,2000,Julio,7,Hombre,4
Yucat�n,2000,Julio,7,Mujer,3
Yucat�n,2000,Agosto,8,Hombre,1
Yucat�n,2000,Agosto,8,Mujer,1
Yucat�n,2000,Septiembre,9,Hombre,2
Yucat�n,2000,Septiembre,9,Mujer,2
Yucat�n,2000,Noviembre,11,Hombre,6
Yucat�n,2000,Diciembre,12,Hombre,1
Yucat�n,2001,Enero,1,Hombre,3
Yucat�n,2001,Febrero,2,Hombre,2
Yucat�n,2001,Marzo,3,Mujer,1
Yucat�n,2001,Abril,4,Hombre,4
Yucat�n,2001,Mayo,5,Hombre,1
Yucat�n,2001,Mayo,5,Mujer,1
Yucat�n,2001,Junio,6,Hombre,5
Yucat�n,2001,Julio,7,Hombre,4
Yucat�n,2001,Agosto,8,Hombre,2
Yucat�n,2001,Septiembre,9,Hombre,4
Yucat�n,2001,Octubre,10,Hombre,3
Yucat�n,2001,Noviembre,11,Mujer,1
Yucat�n,2001,Diciembre,12,Hombre,5
Yucat�n,2002,Enero,1,Hombre,5
Yucat�n,2002,Enero,1,Mujer,1
Yucat�n,2002,Febrero,2,Hombre,5
Yucat�n,2002,Marzo,3,Hombre,2
Yucat�n,2002,Marzo,3,Mujer,2
Yucat�n,2002,Abril,4,Hombre,5
Yucat�n,2002,Mayo,5,Hombre,3
Yucat�n,2002,Mayo,5,Mujer,1
Yucat�n,2002,Junio,6,Hombre,4
Yucat�n,2002,Julio,7,Hombre,5
Yucat�n,2002,Julio,7,Mujer,1
Yucat�n,2002,Agosto,8,Hombre,3
Yucat�n,2002,Agosto,8,Mujer,1
Yucat�n,2002,Septiembre,9,Hombre,3
Yucat�n,2002,Octubre,10,Hombre,3
Yucat�n,2002,Noviembre,11,Hombre,2
Yucat�n,2002,Diciembre,12,Hombre,5
Yucat�n,2003,Enero,1,Hombre,2
Yucat�n,2003,Enero,1,Mujer,4
Yucat�n,2003,Febrero,2,Hombre,5
Yucat�n,2003,Febrero,2,Mujer,2
Yucat�n,2003,Marzo,3,Hombre,3
Yucat�n,2003,Abril,4,Hombre,6
Yucat�n,2003,Abril,4,Mujer,2
Yucat�n,2003,Mayo,5,Hombre,4
Yucat�n,2003,Mayo,5,Mujer,1
Yucat�n,2003,Junio,6,Hombre,1
Yucat�n,2003,Junio,6,Mujer,1
Yucat�n,2003,Julio,7,Hombre,1
Yucat�n,2003,Julio,7,Mujer,1
Yucat�n,2003,Agosto,8,Hombre,5
Yucat�n,2003,Septiembre,9,Hombre,4
Yucat�n,2003,Septiembre,9,Mujer,1
Yucat�n,2003,Octubre,10,Hombre,2
Yucat�n,2003,Octubre,10,Mujer,2
Yucat�n,2003,Noviembre,11,Hombre,1
Yucat�n,2003,Diciembre,12,Hombre,3
Yucat�n,2004,Enero,1,Hombre,3
Yucat�n,2004,Febrero,2,Hombre,2
Yucat�n,2004,Febrero,2,Mujer,1
Yucat�n,2004,Abril,4,Hombre,2
Yucat�n,2004,Mayo,5,Hombre,3
Yucat�n,2004,Junio,6,Hombre,7
Yucat�n,2004,Julio,7,Hombre,2
Yucat�n,2004,Julio,7,Mujer,2
Yucat�n,2004,Septiembre,9,Hombre,5
Yucat�n,2004,Octubre,10,Hombre,2
Yucat�n,2004,Noviembre,11,Hombre,2
Yucat�n,2004,Noviembre,11,Mujer,1
Yucat�n,2004,Diciembre,12,Hombre,3
Yucat�n,2004,Diciembre,12,Mujer,1
Yucat�n,2005,Enero,1,Hombre,2
Yucat�n,2005,Enero,1,Mujer,1
Yucat�n,2005,Febrero,2,Hombre,5
Yucat�n,2005,Marzo,3,Hombre,4
Yucat�n,2005,Abril,4,Hombre,2
Yucat�n,2005,Abril,4,Mujer,1
Yucat�n,2005,Mayo,5,Hombre,2
Yucat�n,2005,Junio,6,Hombre,3
Yucat�n,2005,Junio,6,Mujer,2
Yucat�n,2005,Julio,7,Hombre,2
Yucat�n,2005,Julio,7,Mujer,1
Yucat�n,2005,Agosto,8,Hombre,2
Yucat�n,2005,Septiembre,9,Hombre,4
Yucat�n,2005,Octubre,10,Hombre,2
Yucat�n,2005,Diciembre,12,Hombre,3
Yucat�n,2006,Enero,1,Hombre,1
Yucat�n,2006,Febrero,2,Hombre,4
Yucat�n,2006,Febrero,2,Mujer,1
Yucat�n,2006,Abril,4,Hombre,1
Yucat�n,2006,Mayo,5,Hombre,5
Yucat�n,2006,Mayo,5,Mujer,1
Yucat�n,2006,Junio,6,Hombre,2
Yucat�n,2006,Julio,7,Hombre,3
Yucat�n,2006,Julio,7,Mujer,1
Yucat�n,2006,Agosto,8,Hombre,4
Yucat�n,2006,Septiembre,9,Hombre,2
Yucat�n,2006,Octubre,10,Hombre,4
Yucat�n,2006,Octubre,10,Mujer,2
Yucat�n,2006,Noviembre,11,Hombre,3
Yucat�n,2006,Noviembre,11,Mujer,2
Yucat�n,2006,Diciembre,12,Hombre,3
Yucat�n,2006,Diciembre,12,Mujer,1
Yucat�n,2007,Enero,1,Hombre,5
Yucat�n,2007,Enero,1,Mujer,1
Yucat�n,2007,Febrero,2,Hombre,1
Yucat�n,2007,Febrero,2,Mujer,2
Yucat�n,2007,Marzo,3,Hombre,2
Yucat�n,2007,Marzo,3,Mujer,1
Yucat�n,2007,Abril,4,Hombre,2
Yucat�n,2007,Abril,4,Mujer,1
Yucat�n,2007,Mayo,5,Hombre,2
Yucat�n,2007,Mayo,5,Mujer,1
Yucat�n,2007,Junio,6,Hombre,7
Yucat�n,2007,Julio,7,Hombre,5
Yucat�n,2007,Julio,7,Mujer,3
Yucat�n,2007,Agosto,8,Hombre,2
Yucat�n,2007,Agosto,8,Mujer,1
Yucat�n,2007,Septiembre,9,Hombre,4
Yucat�n,2007,Octubre,10,Hombre,3
Yucat�n,2007,Octubre,10,Mujer,1
Yucat�n,2007,Noviembre,11,Hombre,2
Yucat�n,2007,Diciembre,12,Hombre,1
Yucat�n,2007,Diciembre,12,Mujer,1
Yucat�n,2008,Enero,1,Hombre,1
Yucat�n,2008,Enero,1,Mujer,1
Yucat�n,2008,Febrero,2,Hombre,4
Yucat�n,2008,Marzo,3,Mujer,1
Yucat�n,2008,Abril,4,Hombre,1
Yucat�n,2008,Mayo,5,Hombre,5
Yucat�n,2008,Junio,6,Hombre,1
Yucat�n,2008,Junio,6,Mujer,1
Yucat�n,2008,Julio,7,Hombre,3
Yucat�n,2008,Agosto,8,Hombre,11
Yucat�n,2008,Agosto,8,Mujer,1
Yucat�n,2008,Septiembre,9,Hombre,5
Yucat�n,2008,Octubre,10,Hombre,4
Yucat�n,2008,Noviembre,11,Hombre,1
Yucat�n,2008,Diciembre,12,Hombre,4
Yucat�n,2008,Diciembre,12,Mujer,3
Yucat�n,2009,Enero,1,Hombre,5
Yucat�n,2009,Febrero,2,Hombre,2
Yucat�n,2009,Marzo,3,Hombre,4
Yucat�n,2009,Mayo,5,Hombre,4
Yucat�n,2009,Julio,7,Hombre,5
Yucat�n,2009,Agosto,8,Hombre,2
Yucat�n,2009,Septiembre,9,Hombre,4
Yucat�n,2009,Octubre,10,Hombre,4
Yucat�n,2009,Octubre,10,Mujer,1
Yucat�n,2009,Noviembre,11,Hombre,2
Yucat�n,2009,Noviembre,11,Mujer,1
Yucat�n,2009,Diciembre,12,Hombre,2
Yucat�n,2009,Diciembre,12,Mujer,1
Yucat�n,2010,Enero,1,Hombre,1
Yucat�n,2010,Febrero,2,Hombre,3
Yucat�n,2010,Marzo,3,Hombre,4
Yucat�n,2010,Abril,4,Hombre,4
Yucat�n,2010,Mayo,5,Hombre,2
Yucat�n,2010,Mayo,5,Mujer,1
Yucat�n,2010,Junio,6,Hombre,3
Yucat�n,2010,Julio,7,Hombre,3
Yucat�n,2010,Julio,7,Mujer,1
Yucat�n,2010,Agosto,8,Hombre,3
Yucat�n,2010,Octubre,10,Hombre,3
Yucat�n,2010,Noviembre,11,Hombre,3
Yucat�n,2010,Diciembre,12,Hombre,2
Yucat�n,2010,Diciembre,12,Mujer,1
Yucat�n,2011,Enero,1,Hombre,5
Yucat�n,2011,Febrero,2,Hombre,6
Yucat�n,2011,Marzo,3,Hombre,3
Yucat�n,2011,Marzo,3,Mujer,1
Yucat�n,2011,Abril,4,Hombre,5
Yucat�n,2011,Mayo,5,Hombre,5
Yucat�n,2011,Junio,6,Hombre,5
Yucat�n,2011,Junio,6,Mujer,1
Yucat�n,2011,Julio,7,Hombre,1
Yucat�n,2011,Julio,7,Mujer,1
Yucat�n,2011,Agosto,8,Hombre,4
Yucat�n,2011,Agosto,8,Mujer,3
Yucat�n,2011,Septiembre,9,Hombre,2
Yucat�n,2011,Septiembre,9,Mujer,1
Yucat�n,2011,Octubre,10,Hombre,3
Yucat�n,2011,Noviembre,11,Hombre,5
Yucat�n,2011,Diciembre,12,Hombre,2
Yucat�n,2012,Enero,1,Hombre,4
Yucat�n,2012,Febrero,2,Hombre,4
Yucat�n,2012,Marzo,3,Hombre,3
Yucat�n,2012,Abril,4,Hombre,3
Yucat�n,2012,Mayo,5,Hombre,4
Yucat�n,2012,Mayo,5,Mujer,2
Yucat�n,2012,Junio,6,Hombre,2
Yucat�n,2012,Junio,6,Mujer,1
Yucat�n,2012,Julio,7,Hombre,2
Yucat�n,2012,Julio,7,Mujer,1
Yucat�n,2012,Agosto,8,Hombre,1
Yucat�n,2012,Septiembre,9,Hombre,6
Yucat�n,2012,Septiembre,9,Mujer,1
Yucat�n,2012,Noviembre,11,Hombre,1
Yucat�n,2012,Noviembre,11,Mujer,3
Yucat�n,2012,Diciembre,12,Hombre,3
Yucat�n,2013,Enero,1,Hombre,1
Yucat�n,2013,Febrero,2,Hombre,1
Yucat�n,2013,Febrero,2,Mujer,1
Yucat�n,2013,Marzo,3,Hombre,8
Yucat�n,2013,Marzo,3,Mujer,1
Yucat�n,2013,Abril,4,Hombre,1
Yucat�n,2013,Abril,4,Mujer,3
Yucat�n,2013,Mayo,5,Mujer,2
Yucat�n,2013,Junio,6,Hombre,1
Yucat�n,2013,Julio,7,Hombre,2
Yucat�n,2013,Agosto,8,Hombre,4
Yucat�n,2013,Agosto,8,Mujer,1
Yucat�n,2013,Septiembre,9,Hombre,3
Yucat�n,2013,Octubre,10,Hombre,5
Yucat�n,2013,Octubre,10,Mujer,3
Yucat�n,2013,Noviembre,11,Hombre,3
Yucat�n,2013,Diciembre,12,Hombre,7
Yucat�n,2013,Diciembre,12,Mujer,2
Yucat�n,2014,Enero,1,Hombre,1
Yucat�n,2014,Febrero,2,Hombre,3
Yucat�n,2014,Marzo,3,Hombre,4
Yucat�n,2014,Abril,4,Hombre,1
Yucat�n,2014,Abril,4,Mujer,1
Yucat�n,2014,Mayo,5,Hombre,3
Yucat�n,2014,Mayo,5,Mujer,1
Yucat�n,2014,Junio,6,Hombre,3
Yucat�n,2014,Junio,6,Mujer,2
Yucat�n,2014,Julio,7,Hombre,6
Yucat�n,2014,Julio,7,Mujer,2
Yucat�n,2014,Agosto,8,Hombre,4
Yucat�n,2014,Septiembre,9,Hombre,2
Yucat�n,2014,Septiembre,9,Mujer,1
Yucat�n,2014,Octubre,10,Hombre,7
Yucat�n,2014,Noviembre,11,Hombre,3
Yucat�n,2014,Noviembre,11,Mujer,1
Yucat�n,2014,Diciembre,12,Hombre,2
Yucat�n,2015,Enero,1,Hombre,1
Yucat�n,2015,Febrero,2,Hombre,3
Yucat�n,2015,Marzo,3,Hombre,8
Yucat�n,2015,Marzo,3,Mujer,2
Yucat�n,2015,Abril,4,Hombre,2
Yucat�n,2015,Abril,4,Mujer,1
Yucat�n,2015,Mayo,5,Hombre,7
Yucat�n,2015,Junio,6,Hombre,6
Yucat�n,2015,Julio,7,Hombre,5
Yucat�n,2015,Julio,7,Mujer,3
Yucat�n,2015,Septiembre,9,Hombre,4
Yucat�n,2015,Octubre,10,Hombre,2
Yucat�n,2015,Noviembre,11,Hombre,3
Yucat�n,2015,Diciembre,12,Hombre,8
Yucat�n,2015,Diciembre,12,Mujer,3
Yucat�n,2016,Enero,1,Hombre,1
Yucat�n,2016,Enero,1,Mujer,1
Yucat�n,2016,Febrero,2,Hombre,10
Yucat�n,2016,Febrero,2,Mujer,1
Yucat�n,2016,Marzo,3,Hombre,3
Yucat�n,2016,Abril,4,Hombre,2
Yucat�n,2016,Mayo,5,Hombre,3
Yucat�n,2016,Mayo,5,Mujer,3
Yucat�n,2016,Junio,6,Hombre,3
Yucat�n,2016,Julio,7,Hombre,5
Yucat�n,2016,Agosto,8,Hombre,7
Yucat�n,2016,Agosto,8,Mujer,2
Yucat�n,2016,Septiembre,9,Hombre,5
Yucat�n,2016,Octubre,10,Hombre,5
Yucat�n,2016,Octubre,10,Mujer,2
Yucat�n,2016,Noviembre,11,Hombre,9
Yucat�n,2016,Diciembre,12,Hombre,2
Yucat�n,2017,Enero,1,Hombre,6
Yucat�n,2017,Febrero,2,Hombre,6
Yucat�n,2017,Febrero,2,Mujer,1
Yucat�n,2017,Marzo,3,Hombre,5
Yucat�n,2017,Marzo,3,Mujer,2
Yucat�n,2017,Abril,4,Hombre,3
Yucat�n,2017,Mayo,5,Hombre,2
Yucat�n,2017,Mayo,5,Mujer,1
Yucat�n,2017,Junio,6,Hombre,1
Yucat�n,2017,Junio,6,Mujer,3
Yucat�n,2017,Julio,7,Hombre,3
Yucat�n,2017,Agosto,8,Hombre,5
Yucat�n,2017,Agosto,8,Mujer,2
Yucat�n,2017,Septiembre,9,Hombre,1
Yucat�n,2017,Septiembre,9,Mujer,1
Yucat�n,2017,Octubre,10,Hombre,1
Yucat�n,2017,Octubre,10,Mujer,1
Yucat�n,2017,Noviembre,11,Hombre,3
Yucat�n,2017,Noviembre,11,Mujer,1
Yucat�n,2017,Diciembre,12,Hombre,2
Yucat�n,2017,Diciembre,12,Mujer,1
Yucat�n,2018,Enero,1,Hombre,2
Yucat�n,2018,Febrero,2,Hombre,5
Yucat�n,2018,Febrero,2,Mujer,1
Yucat�n,2018,Marzo,3,Hombre,1
Yucat�n,2018,Marzo,3,Mujer,1
Yucat�n,2018,Abril,4,Hombre,8
Yucat�n,2018,Mayo,5,Hombre,3
Yucat�n,2018,Junio,6,Hombre,1
Yucat�n,2018,Junio,6,Mujer,1
Yucat�n,2018,Julio,7,Hombre,10
Yucat�n,2018,Agosto,8,Hombre,8
Yucat�n,2018,Agosto,8,Mujer,1
Yucat�n,2018,Septiembre,9,Hombre,3
Yucat�n,2018,Septiembre,9,Mujer,1
Yucat�n,2018,Octubre,10,Hombre,4
Yucat�n,2018,Octubre,10,Mujer,2
Yucat�n,2018,Noviembre,11,Hombre,2
Yucat�n,2018,Noviembre,11,Mujer,1
Yucat�n,2018,Diciembre,12,Hombre,2
Yucat�n,2018,Diciembre,12,Mujer,2
Yucat�n,2019,Enero,1,Hombre,2
Yucat�n,2019,Febrero,2,Hombre,6
Yucat�n,2019,Marzo,3,Hombre,2
Yucat�n,2019,Abril,4,Hombre,6
Yucat�n,2019,Abril,4,Mujer,1
Yucat�n,2019,Mayo,5,Hombre,3
Yucat�n,2019,Mayo,5,Mujer,1
Yucat�n,2019,Junio,6,Hombre,3
Yucat�n,2019,Junio,6,Mujer,2
Yucat�n,2019,Julio,7,Hombre,4
Yucat�n,2019,Agosto,8,Hombre,2
Yucat�n,2019,Septiembre,9,Hombre,7
Yucat�n,2019,Octubre,10,Hombre,1
Yucat�n,2019,Noviembre,11,Hombre,3
Yucat�n,2019,Diciembre,12,Hombre,3
Yucat�n,2020,Enero,1,Hombre,3
Yucat�n,2020,Febrero,2,Hombre,4
Yucat�n,2020,Febrero,2,Mujer,2
Yucat�n,2020,Marzo,3,Hombre,4
Yucat�n,2020,Marzo,3,Mujer,2
Yucat�n,2020,Abril,4,Hombre,4
Yucat�n,2020,Abril,4,Mujer,1
Yucat�n,2020,Mayo,5,Hombre,4
Yucat�n,2020,Mayo,5,Mujer,1
Yucat�n,2020,Junio,6,Hombre,7
Yucat�n,2020,Junio,6,Mujer,1
Yucat�n,2020,Julio,7,Hombre,5
Yucat�n,2020,Agosto,8,Hombre,2
Yucat�n,2020,Agosto,8,Mujer,2
Yucat�n,2020,Septiembre,9,Hombre,5
Yucat�n,2020,Septiembre,9,Mujer,1
Yucat�n,2020,Octubre,10,Hombre,2
Yucat�n,2020,Octubre,10,Mujer,1
Yucat�n,2020,Noviembre,11,Hombre,7
Yucat�n,2020,Diciembre,12,Hombre,12
Yucat�n,2020,Diciembre,12,Mujer,1
Yucat�n,2021,Enero,1,Hombre,6
Yucat�n,2021,Febrero,2,Hombre,4
Yucat�n,2021,Febrero,2,Mujer,1
Yucat�n,2021,Marzo,3,Hombre,6
Yucat�n,2021,Marzo,3,Mujer,1
Yucat�n,2021,Abril,4,Hombre,2
Yucat�n,2021,Abril,4,Mujer,1
Yucat�n,2021,Mayo,5,Hombre,2
Yucat�n,2021,Mayo,5,Mujer,1
Yucat�n,2021,Junio,6,Hombre,4
Yucat�n,2021,Julio,7,Hombre,6
Yucat�n,2021,Julio,7,Mujer,1
Yucat�n,2021,Agosto,8,Hombre,3
Yucat�n,2021,Agosto,8,Mujer,1
Yucat�n,2021,Septiembre,9,Hombre,6
Yucat�n,2021,Octubre,10,Hombre,1
Yucat�n,2021,Noviembre,11,Hombre,2
Yucat�n,2021,Noviembre,11,Mujer,1
Yucat�n,2021,Diciembre,12,Hombre,5
Yucat�n,2022,Enero,1,Hombre,5
Yucat�n,2022,Enero,1,Mujer,1
Yucat�n,2022,Febrero,2,Hombre,5
Yucat�n,2022,Marzo,3,Hombre,4
Yucat�n,2022,Abril,4,Hombre,1
Yucat�n,2022,Mayo,5,Hombre,5
Yucat�n,2022,Mayo,5,Mujer,2
Yucat�n,2022,Junio,6,Hombre,1
Yucat�n,2022,Junio,6,Mujer,2
Yucat�n,2022,Julio,7,Hombre,5
Yucat�n,2022,Agosto,8,Hombre,6
Yucat�n,2022,Agosto,8,Mujer,1
Yucat�n,2022,Septiembre,9,Hombre,3
Yucat�n,2022,Octubre,10,Hombre,1
Yucat�n,2022,Noviembre,11,Hombre,1
Yucat�n,2022,Noviembre,11,Mujer,1
Yucat�n,2022,Diciembre,12,Hombre,3
Yucat�n,2023,Enero,1,Hombre,3
Yucat�n,2023,Enero,1,Mujer,1
Yucat�n,2023,Febrero,2,Hombre,2
Yucat�n,2023,Marzo,3,Hombre,2
Yucat�n,2023,Marzo,3,Mujer,2
Yucat�n,2023,Abril,4,Hombre,3
Yucat�n,2023,Abril,4,Mujer,1
Yucat�n,2023,Mayo,5,Hombre,7
Yucat�n,2023,Junio,6,Hombre,3
Yucat�n,2023,Junio,6,Mujer,2
Yucat�n,2023,Julio,7,Hombre,3
Yucat�n,2023,Julio,7,Mujer,4
Yucat�n,2023,Agosto,8,Hombre,4
Yucat�n,2023,Agosto,8,Mujer,2
Yucat�n,2023,Septiembre,9,Hombre,3
Yucat�n,2023,Septiembre,9,Mujer,1
Yucat�n,2023,Octubre,10,Hombre,1
Yucat�n,2023,Noviembre,11,Hombre,3
Yucat�n,2023,Diciembre,12,Hombre,3
Yucat�n,2024,Enero,1,Hombre,5
Yucat�n,2024,Febrero,2,Hombre,3
Yucat�n,2024,Marzo,3,Hombre,5
Yucat�n,2024,Marzo,3,Mujer,1
Yucat�n,2024,Abril,4,Hombre,6
Yucat�n,2024,Abril,4,Mujer,3
Yucat�n,2024,Mayo,5,Hombre,4
Yucat�n,2024,Mayo,5,Mujer,1
Yucat�n,2024,Junio,6,Hombre,5
Yucat�n,2024,Junio,6,Mujer,1
Yucat�n,2024,Julio,7,Hombre,4
Yucat�n,2024,Julio,7,Mujer,1
Yucat�n,2024,Agosto,8,Hombre,1
Yucat�n,2024,Septiembre,9,Hombre,4
Yucat�n,2024,Septiembre,9,Mujer,2
Yucat�n,2024,Octubre,10,Hombre,5
Yucat�n,2024,Octubre,10,Mujer,2
Yucat�n,2024,Noviembre,11,Hombre,5
Yucat�n,2024,Noviembre,11,Mujer,1
Yucat�n,2024,Diciembre,12,Hombre,3
Yucat�n,2024,Diciembre,12,Mujer,2
Zacatecas,1990,Enero,1,Hombre,14
Zacatecas,1990,Enero,1,Mujer,4
Zacatecas,1990,Febrero,2,Hombre,11
Zacatecas,1990,Febrero,2,Mujer,2
Zacatecas,1990,Marzo,3,Hombre,10
Zacatecas,1990,Abril,4,Hombre,7
Zacatecas,1990,Mayo,5,Hombre,9
Zacatecas,1990,Mayo,5,Mujer,4
Zacatecas,1990,Junio,6,Hombre,14
Zacatecas,1990,Julio,7,Hombre,12
Zacatecas,1990,Julio,7,Mujer,1
Zacatecas,1990,Agosto,8,Hombre,13
Zacatecas,1990,Agosto,8,Mujer,2
Zacatecas,1990,Septiembre,9,Hombre,14
Zacatecas,1990,Septiembre,9,Mujer,2
Zacatecas,1990,Octubre,10,Hombre,12
Zacatecas,1990,Octubre,10,Mujer,3
Zacatecas,1990,Noviembre,11,Hombre,14
Zacatecas,1990,Noviembre,11,Mujer,3
Zacatecas,1990,Diciembre,12,Hombre,10
Zacatecas,1990,Diciembre,12,Mujer,1
Zacatecas,1991,Enero,1,Hombre,13
Zacatecas,1991,Febrero,2,Hombre,15
Zacatecas,1991,Marzo,3,Hombre,6
Zacatecas,1991,Marzo,3,Mujer,1
Zacatecas,1991,Abril,4,Hombre,15
Zacatecas,1991,Abril,4,Mujer,1
Zacatecas,1991,Mayo,5,Hombre,12
Zacatecas,1991,Junio,6,Hombre,15
Zacatecas,1991,Junio,6,Mujer,1
Zacatecas,1991,Julio,7,Hombre,16
Zacatecas,1991,Julio,7,Mujer,1
Zacatecas,1991,Agosto,8,Hombre,12
Zacatecas,1991,Septiembre,9,Hombre,16
Zacatecas,1991,Septiembre,9,Mujer,2
Zacatecas,1991,Octubre,10,Hombre,10
Zacatecas,1991,Octubre,10,Mujer,1
Zacatecas,1991,Noviembre,11,Hombre,8
Zacatecas,1991,Diciembre,12,Hombre,15
Zacatecas,1992,Enero,1,Hombre,14
Zacatecas,1992,Febrero,2,Hombre,11
Zacatecas,1992,Marzo,3,Hombre,22
Zacatecas,1992,Marzo,3,Mujer,3
Zacatecas,1992,Abril,4,Hombre,17
Zacatecas,1992,Abril,4,Mujer,2
Zacatecas,1992,Mayo,5,Hombre,11
Zacatecas,1992,Mayo,5,Mujer,1
Zacatecas,1992,Junio,6,Hombre,15
Zacatecas,1992,Junio,6,Mujer,1
Zacatecas,1992,Julio,7,Hombre,10
Zacatecas,1992,Julio,7,Mujer,2
Zacatecas,1992,Agosto,8,Hombre,10
Zacatecas,1992,Septiembre,9,Hombre,11
Zacatecas,1992,Octubre,10,Hombre,10
Zacatecas,1992,Octubre,10,Mujer,2
Zacatecas,1992,Noviembre,11,Hombre,18
Zacatecas,1992,Noviembre,11,Mujer,1
Zacatecas,1992,Diciembre,12,Hombre,11
Zacatecas,1992,Diciembre,12,Mujer,1
Zacatecas,1993,Enero,1,Hombre,13
Zacatecas,1993,Enero,1,Mujer,2
Zacatecas,1993,Febrero,2,Hombre,17
Zacatecas,1993,Febrero,2,Mujer,2
Zacatecas,1993,Marzo,3,Hombre,8
Zacatecas,1993,Marzo,3,Mujer,1
Zacatecas,1993,Abril,4,Hombre,9
Zacatecas,1993,Mayo,5,Hombre,9
Zacatecas,1993,Junio,6,Hombre,10
Zacatecas,1993,Julio,7,Hombre,18
Zacatecas,1993,Julio,7,Mujer,1
Zacatecas,1993,Agosto,8,Hombre,15
Zacatecas,1993,Septiembre,9,Hombre,12
Zacatecas,1993,Septiembre,9,Mujer,1
Zacatecas,1993,Octubre,10,Hombre,15
Zacatecas,1993,Noviembre,11,Hombre,18
Zacatecas,1993,Diciembre,12,Hombre,14
Zacatecas,1994,Enero,1,Hombre,17
Zacatecas,1994,Enero,1,Mujer,4
Zacatecas,1994,Febrero,2,Hombre,12
Zacatecas,1994,Marzo,3,Hombre,7
Zacatecas,1994,Marzo,3,Mujer,2
Zacatecas,1994,Abril,4,Hombre,4
Zacatecas,1994,Mayo,5,Hombre,15
Zacatecas,1994,Junio,6,Hombre,7
Zacatecas,1994,Julio,7,Hombre,6
Zacatecas,1994,Agosto,8,Hombre,11
Zacatecas,1994,Agosto,8,Mujer,1
Zacatecas,1994,Septiembre,9,Hombre,12
Zacatecas,1994,Octubre,10,Hombre,12
Zacatecas,1994,Octubre,10,Mujer,1
Zacatecas,1994,Noviembre,11,Hombre,9
Zacatecas,1994,Noviembre,11,Mujer,1
Zacatecas,1994,Diciembre,12,Hombre,11
Zacatecas,1994,Diciembre,12,Mujer,1
Zacatecas,1995,Enero,1,Hombre,7
Zacatecas,1995,Febrero,2,Hombre,10
Zacatecas,1995,Febrero,2,Mujer,1
Zacatecas,1995,Marzo,3,Hombre,17
Zacatecas,1995,Abril,4,Hombre,8
Zacatecas,1995,Abril,4,Mujer,1
Zacatecas,1995,Mayo,5,Hombre,12
Zacatecas,1995,Mayo,5,Mujer,1
Zacatecas,1995,Junio,6,Hombre,9
Zacatecas,1995,Julio,7,Hombre,11
Zacatecas,1995,Agosto,8,Hombre,19
Zacatecas,1995,Agosto,8,Mujer,5
Zacatecas,1995,Septiembre,9,Hombre,16
Zacatecas,1995,Septiembre,9,Mujer,1
Zacatecas,1995,Octubre,10,Hombre,17
Zacatecas,1995,Noviembre,11,Hombre,15
Zacatecas,1995,Noviembre,11,Mujer,1
Zacatecas,1995,Diciembre,12,Hombre,12
Zacatecas,1995,Diciembre,12,Mujer,1
Zacatecas,1996,Enero,1,Hombre,16
Zacatecas,1996,Febrero,2,Hombre,5
Zacatecas,1996,Marzo,3,Hombre,6
Zacatecas,1996,Abril,4,Hombre,9
Zacatecas,1996,Mayo,5,Hombre,10
Zacatecas,1996,Mayo,5,Mujer,4
Zacatecas,1996,Junio,6,Hombre,13
Zacatecas,1996,Junio,6,Mujer,2
Zacatecas,1996,Julio,7,Hombre,5
Zacatecas,1996,Julio,7,Mujer,1
Zacatecas,1996,Agosto,8,Hombre,8
Zacatecas,1996,Agosto,8,Mujer,1
Zacatecas,1996,Septiembre,9,Hombre,8
Zacatecas,1996,Septiembre,9,Mujer,3
Zacatecas,1996,Octubre,10,Hombre,12
Zacatecas,1996,Noviembre,11,Hombre,14
Zacatecas,1996,Diciembre,12,Hombre,12
Zacatecas,1996,Diciembre,12,Mujer,2
Zacatecas,1997,Enero,1,Hombre,19
Zacatecas,1997,Febrero,2,Hombre,7
Zacatecas,1997,Marzo,3,Hombre,12
Zacatecas,1997,Abril,4,Hombre,6
Zacatecas,1997,Abril,4,Mujer,4
Zacatecas,1997,Mayo,5,Hombre,13
Zacatecas,1997,Junio,6,Hombre,10
Zacatecas,1997,Junio,6,Mujer,1
Zacatecas,1997,Julio,7,Hombre,4
Zacatecas,1997,Julio,7,Mujer,1
Zacatecas,1997,Agosto,8,Hombre,13
Zacatecas,1997,Agosto,8,Mujer,1
Zacatecas,1997,Septiembre,9,Hombre,14
Zacatecas,1997,Septiembre,9,Mujer,1
Zacatecas,1997,Octubre,10,Hombre,6
Zacatecas,1997,Noviembre,11,Hombre,5
Zacatecas,1997,Diciembre,12,Hombre,12
Zacatecas,1997,Diciembre,12,Mujer,1
Zacatecas,1998,Enero,1,Hombre,6
Zacatecas,1998,Febrero,2,Hombre,14
Zacatecas,1998,Febrero,2,Mujer,1
Zacatecas,1998,Marzo,3,Hombre,16
Zacatecas,1998,Abril,4,Hombre,10
Zacatecas,1998,Abril,4,Mujer,2
Zacatecas,1998,Mayo,5,Hombre,5
Zacatecas,1998,Junio,6,Hombre,7
Zacatecas,1998,Julio,7,Hombre,7
Zacatecas,1998,Julio,7,Mujer,1
Zacatecas,1998,Agosto,8,Hombre,11
Zacatecas,1998,Agosto,8,Mujer,3
Zacatecas,1998,Septiembre,9,Hombre,9
Zacatecas,1998,Septiembre,9,Mujer,1
Zacatecas,1998,Octubre,10,Hombre,10
Zacatecas,1998,Noviembre,11,Hombre,12
Zacatecas,1998,Noviembre,11,Mujer,1
Zacatecas,1998,Diciembre,12,Hombre,14
Zacatecas,1998,Diciembre,12,Mujer,1
Zacatecas,1999,Enero,1,Hombre,5
Zacatecas,1999,Febrero,2,Hombre,5
Zacatecas,1999,Marzo,3,Hombre,6
Zacatecas,1999,Marzo,3,Mujer,1
Zacatecas,1999,Abril,4,Hombre,5
Zacatecas,1999,Mayo,5,Hombre,9
Zacatecas,1999,Junio,6,Hombre,5
Zacatecas,1999,Junio,6,Mujer,3
Zacatecas,1999,Julio,7,Hombre,8
Zacatecas,1999,Agosto,8,Hombre,10
Zacatecas,1999,Septiembre,9,Hombre,4
Zacatecas,1999,Septiembre,9,Mujer,2
Zacatecas,1999,Octubre,10,Hombre,8
Zacatecas,1999,Noviembre,11,Hombre,9
Zacatecas,1999,Noviembre,11,Mujer,3
Zacatecas,1999,Diciembre,12,Hombre,11
Zacatecas,2000,Enero,1,Hombre,10
Zacatecas,2000,Febrero,2,Hombre,3
Zacatecas,2000,Marzo,3,Hombre,3
Zacatecas,2000,Abril,4,Hombre,8
Zacatecas,2000,Mayo,5,Hombre,11
Zacatecas,2000,Junio,6,Hombre,7
Zacatecas,2000,Julio,7,Hombre,11
Zacatecas,2000,Agosto,8,Hombre,5
Zacatecas,2000,Agosto,8,Mujer,1
Zacatecas,2000,Septiembre,9,Hombre,6
Zacatecas,2000,Octubre,10,Hombre,2
Zacatecas,2000,Octubre,10,Mujer,1
Zacatecas,2000,Noviembre,11,Hombre,9
Zacatecas,2000,Diciembre,12,Hombre,10
Zacatecas,2001,Enero,1,Hombre,9
Zacatecas,2001,Enero,1,Mujer,3
Zacatecas,2001,Febrero,2,Hombre,11
Zacatecas,2001,Marzo,3,Hombre,7
Zacatecas,2001,Abril,4,Hombre,16
Zacatecas,2001,Abril,4,Mujer,2
Zacatecas,2001,Mayo,5,Hombre,8
Zacatecas,2001,Mayo,5,Mujer,2
Zacatecas,2001,Junio,6,Hombre,10
Zacatecas,2001,Julio,7,Hombre,5
Zacatecas,2001,Julio,7,Mujer,1
Zacatecas,2001,Agosto,8,Hombre,6
Zacatecas,2001,Agosto,8,Mujer,1
Zacatecas,2001,Septiembre,9,Hombre,5
Zacatecas,2001,Octubre,10,Hombre,5
Zacatecas,2001,Noviembre,11,Hombre,9
Zacatecas,2001,Diciembre,12,Hombre,4
Zacatecas,2002,Enero,1,Hombre,9
Zacatecas,2002,Enero,1,Mujer,1
Zacatecas,2002,Febrero,2,Hombre,6
Zacatecas,2002,Febrero,2,Mujer,1
Zacatecas,2002,Marzo,3,Hombre,11
Zacatecas,2002,Abril,4,Hombre,10
Zacatecas,2002,Abril,4,Mujer,3
Zacatecas,2002,Mayo,5,Hombre,5
Zacatecas,2002,Mayo,5,Mujer,8
Zacatecas,2002,Junio,6,Hombre,4
Zacatecas,2002,Junio,6,Mujer,1
Zacatecas,2002,Julio,7,Hombre,6
Zacatecas,2002,Julio,7,Mujer,1
Zacatecas,2002,Agosto,8,Hombre,4
Zacatecas,2002,Septiembre,9,Hombre,9
Zacatecas,2002,Octubre,10,Hombre,10
Zacatecas,2002,Noviembre,11,Hombre,10
Zacatecas,2002,Noviembre,11,Mujer,2
Zacatecas,2002,Diciembre,12,Hombre,7
Zacatecas,2002,Diciembre,12,Mujer,1
Zacatecas,2003,Enero,1,Hombre,8
Zacatecas,2003,Enero,1,Mujer,1
Zacatecas,2003,Febrero,2,Hombre,7
Zacatecas,2003,Febrero,2,Mujer,1
Zacatecas,2003,Marzo,3,Hombre,12
Zacatecas,2003,Marzo,3,Mujer,1
Zacatecas,2003,Abril,4,Hombre,11
Zacatecas,2003,Abril,4,Mujer,1
Zacatecas,2003,Mayo,5,Hombre,5
Zacatecas,2003,Mayo,5,Mujer,2
Zacatecas,2003,Junio,6,Hombre,5
Zacatecas,2003,Junio,6,Mujer,1
Zacatecas,2003,Julio,7,Hombre,3
Zacatecas,2003,Julio,7,Mujer,1
Zacatecas,2003,Agosto,8,Hombre,6
Zacatecas,2003,Septiembre,9,Hombre,8
Zacatecas,2003,Septiembre,9,Mujer,1
Zacatecas,2003,Octubre,10,Hombre,6
Zacatecas,2003,Octubre,10,Mujer,1
Zacatecas,2003,Noviembre,11,Hombre,8
Zacatecas,2003,Noviembre,11,Mujer,1
Zacatecas,2003,Diciembre,12,Hombre,7
Zacatecas,2004,Enero,1,Hombre,7
Zacatecas,2004,Enero,1,Mujer,1
Zacatecas,2004,Febrero,2,Hombre,2
Zacatecas,2004,Marzo,3,Hombre,6
Zacatecas,2004,Marzo,3,Mujer,2
Zacatecas,2004,Abril,4,Hombre,9
Zacatecas,2004,Abril,4,Mujer,1
Zacatecas,2004,Mayo,5,Hombre,6
Zacatecas,2004,Mayo,5,Mujer,1
Zacatecas,2004,Junio,6,Hombre,4
Zacatecas,2004,Julio,7,Hombre,10
Zacatecas,2004,Julio,7,Mujer,2
Zacatecas,2004,Agosto,8,Hombre,9
Zacatecas,2004,Septiembre,9,Mujer,1
Zacatecas,2004,Octubre,10,Hombre,10
Zacatecas,2004,Noviembre,11,Hombre,8
Zacatecas,2004,Noviembre,11,Mujer,1
Zacatecas,2004,Diciembre,12,Hombre,14
Zacatecas,2005,Enero,1,Hombre,4
Zacatecas,2005,Enero,1,Mujer,2
Zacatecas,2005,Febrero,2,Hombre,5
Zacatecas,2005,Marzo,3,Hombre,5
Zacatecas,2005,Abril,4,Hombre,5
Zacatecas,2005,Abril,4,Mujer,2
Zacatecas,2005,Mayo,5,Hombre,8
Zacatecas,2005,Mayo,5,Mujer,1
Zacatecas,2005,Junio,6,Hombre,4
Zacatecas,2005,Junio,6,Mujer,1
Zacatecas,2005,Julio,7,Hombre,9
Zacatecas,2005,Julio,7,Mujer,1
Zacatecas,2005,Agosto,8,Hombre,2
Zacatecas,2005,Agosto,8,Mujer,1
Zacatecas,2005,Septiembre,9,Hombre,4
Zacatecas,2005,Septiembre,9,Mujer,5
Zacatecas,2005,Octubre,10,Hombre,3
Zacatecas,2005,Octubre,10,Mujer,1
Zacatecas,2005,Noviembre,11,Hombre,3
Zacatecas,2005,Diciembre,12,Hombre,7
Zacatecas,2005,Diciembre,12,Mujer,1
Zacatecas,2006,Enero,1,Hombre,7
Zacatecas,2006,Enero,1,Mujer,1
Zacatecas,2006,Febrero,2,Hombre,6
Zacatecas,2006,Febrero,2,Mujer,1
Zacatecas,2006,Marzo,3,Hombre,7
Zacatecas,2006,Abril,4,Hombre,2
Zacatecas,2006,Abril,4,Mujer,2
Zacatecas,2006,Mayo,5,Hombre,3
Zacatecas,2006,Mayo,5,Mujer,1
Zacatecas,2006,Junio,6,Hombre,8
Zacatecas,2006,Julio,7,Hombre,5
Zacatecas,2006,Julio,7,Mujer,2
Zacatecas,2006,Agosto,8,Hombre,8
Zacatecas,2006,Septiembre,9,Hombre,1
Zacatecas,2006,Septiembre,9,Mujer,1
Zacatecas,2006,Octubre,10,Hombre,6
Zacatecas,2006,Octubre,10,Mujer,2
Zacatecas,2006,Noviembre,11,Hombre,6
Zacatecas,2006,Diciembre,12,Hombre,5
Zacatecas,2007,Enero,1,Hombre,8
Zacatecas,2007,Febrero,2,Hombre,1
Zacatecas,2007,Marzo,3,Hombre,5
Zacatecas,2007,Abril,4,Hombre,5
Zacatecas,2007,Mayo,5,Hombre,5
Zacatecas,2007,Mayo,5,Mujer,1
Zacatecas,2007,Junio,6,Hombre,8
Zacatecas,2007,Junio,6,Mujer,1
Zacatecas,2007,Julio,7,Hombre,5
Zacatecas,2007,Julio,7,Mujer,2
Zacatecas,2007,Agosto,8,Hombre,9
Zacatecas,2007,Agosto,8,Mujer,1
Zacatecas,2007,Septiembre,9,Hombre,3
Zacatecas,2007,Septiembre,9,Mujer,3
Zacatecas,2007,Octubre,10,Hombre,5
Zacatecas,2007,Octubre,10,Mujer,2
Zacatecas,2007,Noviembre,11,Hombre,2
Zacatecas,2007,Diciembre,12,Hombre,7
Zacatecas,2007,Diciembre,12,Mujer,1
Zacatecas,2008,Enero,1,Hombre,11
Zacatecas,2008,Enero,1,Mujer,1
Zacatecas,2008,Febrero,2,Hombre,5
Zacatecas,2008,Febrero,2,Mujer,1
Zacatecas,2008,Marzo,3,Hombre,3
Zacatecas,2008,Marzo,3,Mujer,1
Zacatecas,2008,Abril,4,Hombre,10
Zacatecas,2008,Mayo,5,Hombre,9
Zacatecas,2008,Mayo,5,Mujer,1
Zacatecas,2008,Junio,6,Hombre,9
Zacatecas,2008,Junio,6,Mujer,1
Zacatecas,2008,Julio,7,Hombre,3
Zacatecas,2008,Agosto,8,Hombre,11
Zacatecas,2008,Agosto,8,Mujer,1
Zacatecas,2008,Septiembre,9,Hombre,11
Zacatecas,2008,Septiembre,9,Mujer,1
Zacatecas,2008,Octubre,10,Hombre,6
Zacatecas,2008,Noviembre,11,Hombre,4
Zacatecas,2008,Diciembre,12,Hombre,9
Zacatecas,2008,Diciembre,12,Mujer,1
Zacatecas,2009,Enero,1,Hombre,7
Zacatecas,2009,Febrero,2,Hombre,4
Zacatecas,2009,Febrero,2,Mujer,2
Zacatecas,2009,Marzo,3,Hombre,9
Zacatecas,2009,Abril,4,Hombre,9
Zacatecas,2009,Abril,4,Mujer,1
Zacatecas,2009,Mayo,5,Hombre,5
Zacatecas,2009,Junio,6,Hombre,13
Zacatecas,2009,Julio,7,Hombre,13
Zacatecas,2009,Agosto,8,Hombre,12
Zacatecas,2009,Septiembre,9,Hombre,17
Zacatecas,2009,Septiembre,9,Mujer,1
Zacatecas,2009,Octubre,10,Hombre,9
Zacatecas,2009,Noviembre,11,Hombre,8
Zacatecas,2009,Noviembre,11,Mujer,1
Zacatecas,2009,Diciembre,12,Hombre,10
Zacatecas,2009,Diciembre,12,Mujer,2
Zacatecas,2010,Enero,1,Hombre,10
Zacatecas,2010,Enero,1,Mujer,5
Zacatecas,2010,Febrero,2,Hombre,5
Zacatecas,2010,Marzo,3,Hombre,3
Zacatecas,2010,Abril,4,Hombre,12
Zacatecas,2010,Mayo,5,Hombre,11
Zacatecas,2010,Mayo,5,Mujer,4
Zacatecas,2010,Junio,6,Hombre,7
Zacatecas,2010,Junio,6,Mujer,1
Zacatecas,2010,Julio,7,Hombre,13
Zacatecas,2010,Julio,7,Mujer,1
Zacatecas,2010,Agosto,8,Hombre,13
Zacatecas,2010,Septiembre,9,Hombre,13
Zacatecas,2010,Septiembre,9,Mujer,1
Zacatecas,2010,Octubre,10,Hombre,14
Zacatecas,2010,Octubre,10,Mujer,1
Zacatecas,2010,Noviembre,11,Hombre,11
Zacatecas,2010,Diciembre,12,Hombre,12
Zacatecas,2010,Diciembre,12,Mujer,2
Zacatecas,2011,Enero,1,Hombre,11
Zacatecas,2011,Enero,1,Mujer,1
Zacatecas,2011,Febrero,2,Hombre,23
Zacatecas,2011,Febrero,2,Mujer,3
Zacatecas,2011,Marzo,3,Hombre,23
Zacatecas,2011,Marzo,3,Mujer,1
Zacatecas,2011,Abril,4,Hombre,8
Zacatecas,2011,Abril,4,Mujer,1
Zacatecas,2011,Mayo,5,Hombre,21
Zacatecas,2011,Junio,6,Hombre,15
Zacatecas,2011,Julio,7,Hombre,19
Zacatecas,2011,Julio,7,Mujer,1
Zacatecas,2011,Agosto,8,Hombre,25
Zacatecas,2011,Agosto,8,Mujer,4
Zacatecas,2011,Septiembre,9,Hombre,20
Zacatecas,2011,Septiembre,9,Mujer,3
Zacatecas,2011,Octubre,10,Hombre,21
Zacatecas,2011,Octubre,10,Mujer,1
Zacatecas,2011,Noviembre,11,Hombre,15
Zacatecas,2011,Diciembre,12,Hombre,20
Zacatecas,2011,Diciembre,12,Mujer,3
Zacatecas,2012,Enero,1,Hombre,32
Zacatecas,2012,Enero,1,Mujer,2
Zacatecas,2012,Febrero,2,Hombre,10
Zacatecas,2012,Febrero,2,Mujer,4
Zacatecas,2012,Marzo,3,Hombre,28
Zacatecas,2012,Marzo,3,Mujer,4
Zacatecas,2012,Abril,4,Hombre,16
Zacatecas,2012,Abril,4,Mujer,5
Zacatecas,2012,Mayo,5,Hombre,25
Zacatecas,2012,Mayo,5,Mujer,1
Zacatecas,2012,Junio,6,Hombre,20
Zacatecas,2012,Junio,6,Mujer,1
Zacatecas,2012,Julio,7,Hombre,31
Zacatecas,2012,Julio,7,Mujer,4
Zacatecas,2012,Agosto,8,Hombre,36
Zacatecas,2012,Agosto,8,Mujer,4
Zacatecas,2012,Septiembre,9,Hombre,31
Zacatecas,2012,Septiembre,9,Mujer,6
Zacatecas,2012,Octubre,10,Hombre,46
Zacatecas,2012,Octubre,10,Mujer,3
Zacatecas,2012,Noviembre,11,Hombre,29
Zacatecas,2012,Noviembre,11,Mujer,5
Zacatecas,2012,Diciembre,12,Hombre,38
Zacatecas,2012,Diciembre,12,Mujer,10
Zacatecas,2013,Enero,1,Hombre,40
Zacatecas,2013,Enero,1,Mujer,12
Zacatecas,2013,Febrero,2,Hombre,18
Zacatecas,2013,Febrero,2,Mujer,3
Zacatecas,2013,Marzo,3,Hombre,26
Zacatecas,2013,Marzo,3,Mujer,7
Zacatecas,2013,Abril,4,Hombre,26
Zacatecas,2013,Abril,4,Mujer,4
Zacatecas,2013,Mayo,5,Hombre,36
Zacatecas,2013,Mayo,5,Mujer,5
Zacatecas,2013,Junio,6,Hombre,38
Zacatecas,2013,Julio,7,Hombre,18
Zacatecas,2013,Julio,7,Mujer,2
Zacatecas,2013,Agosto,8,Hombre,21
Zacatecas,2013,Agosto,8,Mujer,3
Zacatecas,2013,Septiembre,9,Hombre,40
Zacatecas,2013,Septiembre,9,Mujer,2
Zacatecas,2013,Octubre,10,Hombre,25
Zacatecas,2013,Octubre,10,Mujer,1
Zacatecas,2013,Noviembre,11,Hombre,13
Zacatecas,2013,Noviembre,11,Mujer,3
Zacatecas,2013,Diciembre,12,Hombre,11
Zacatecas,2013,Diciembre,12,Mujer,4
Zacatecas,2014,Enero,1,Hombre,9
Zacatecas,2014,Febrero,2,Hombre,8
Zacatecas,2014,Febrero,2,Mujer,4
Zacatecas,2014,Marzo,3,Hombre,6
Zacatecas,2014,Abril,4,Hombre,7
Zacatecas,2014,Mayo,5,Hombre,15
Zacatecas,2014,Mayo,5,Mujer,2
Zacatecas,2014,Junio,6,Hombre,2
Zacatecas,2014,Junio,6,Mujer,3
Zacatecas,2014,Julio,7,Hombre,17
Zacatecas,2014,Julio,7,Mujer,2
Zacatecas,2014,Agosto,8,Hombre,17
Zacatecas,2014,Septiembre,9,Hombre,11
Zacatecas,2014,Septiembre,9,Mujer,3
Zacatecas,2014,Octubre,10,Hombre,25
Zacatecas,2014,Octubre,10,Mujer,2
Zacatecas,2014,Noviembre,11,Hombre,28
Zacatecas,2014,Noviembre,11,Mujer,1
Zacatecas,2014,Diciembre,12,Hombre,16
Zacatecas,2014,Diciembre,12,Mujer,4
Zacatecas,2015,Enero,1,Hombre,28
Zacatecas,2015,Enero,1,Mujer,1
Zacatecas,2015,Febrero,2,Hombre,22
Zacatecas,2015,Febrero,2,Mujer,1
Zacatecas,2015,Marzo,3,Hombre,26
Zacatecas,2015,Marzo,3,Mujer,3
Zacatecas,2015,Abril,4,Hombre,19
Zacatecas,2015,Mayo,5,Hombre,15
Zacatecas,2015,Mayo,5,Mujer,1
Zacatecas,2015,Junio,6,Hombre,25
Zacatecas,2015,Junio,6,Mujer,1
Zacatecas,2015,Julio,7,Hombre,26
Zacatecas,2015,Julio,7,Mujer,4
Zacatecas,2015,Agosto,8,Hombre,24
Zacatecas,2015,Agosto,8,Mujer,1
Zacatecas,2015,Septiembre,9,Hombre,18
Zacatecas,2015,Septiembre,9,Mujer,3
Zacatecas,2015,Octubre,10,Hombre,28
Zacatecas,2015,Noviembre,11,Hombre,30
Zacatecas,2015,Noviembre,11,Mujer,5
Zacatecas,2015,Diciembre,12,Hombre,29
Zacatecas,2015,Diciembre,12,Mujer,3
Zacatecas,2016,Enero,1,Hombre,15
Zacatecas,2016,Enero,1,Mujer,2
Zacatecas,2016,Febrero,2,Hombre,44
Zacatecas,2016,Febrero,2,Mujer,6
Zacatecas,2016,Marzo,3,Hombre,30
Zacatecas,2016,Marzo,3,Mujer,8
Zacatecas,2016,Abril,4,Hombre,20
Zacatecas,2016,Abril,4,Mujer,4
Zacatecas,2016,Mayo,5,Hombre,40
Zacatecas,2016,Mayo,5,Mujer,6
Zacatecas,2016,Junio,6,Hombre,44
Zacatecas,2016,Junio,6,Mujer,6
Zacatecas,2016,Julio,7,Hombre,33
Zacatecas,2016,Julio,7,Mujer,5
Zacatecas,2016,Agosto,8,Hombre,60
Zacatecas,2016,Agosto,8,Mujer,9
Zacatecas,2016,Septiembre,9,Hombre,50
Zacatecas,2016,Septiembre,9,Mujer,3
Zacatecas,2016,Octubre,10,Hombre,34
Zacatecas,2016,Octubre,10,Mujer,10
Zacatecas,2016,Noviembre,11,Hombre,36
Zacatecas,2016,Noviembre,11,Mujer,12
Zacatecas,2016,Diciembre,12,Hombre,51
Zacatecas,2016,Diciembre,12,Mujer,8
Zacatecas,2017,Enero,1,Hombre,45
Zacatecas,2017,Enero,1,Mujer,10
Zacatecas,2017,Febrero,2,Hombre,41
Zacatecas,2017,Febrero,2,Mujer,4
Zacatecas,2017,Marzo,3,Hombre,32
Zacatecas,2017,Marzo,3,Mujer,6
Zacatecas,2017,Abril,4,Hombre,48
Zacatecas,2017,Abril,4,Mujer,6
Zacatecas,2017,Mayo,5,Hombre,43
Zacatecas,2017,Mayo,5,Mujer,6
Zacatecas,2017,Junio,6,Hombre,34
Zacatecas,2017,Junio,6,Mujer,5
Zacatecas,2017,Julio,7,Hombre,50
Zacatecas,2017,Julio,7,Mujer,10
Zacatecas,2017,Agosto,8,Hombre,57
Zacatecas,2017,Agosto,8,Mujer,9
Zacatecas,2017,Septiembre,9,Hombre,64
Zacatecas,2017,Septiembre,9,Mujer,11
Zacatecas,2017,Octubre,10,Hombre,77
Zacatecas,2017,Octubre,10,Mujer,9
Zacatecas,2017,Noviembre,11,Hombre,42
Zacatecas,2017,Noviembre,11,Mujer,6
Zacatecas,2017,Diciembre,12,Hombre,39
Zacatecas,2017,Diciembre,12,Mujer,7
Zacatecas,2018,Enero,1,Hombre,28
Zacatecas,2018,Enero,1,Mujer,7
Zacatecas,2018,Febrero,2,Hombre,53
Zacatecas,2018,Febrero,2,Mujer,3
Zacatecas,2018,Marzo,3,Hombre,38
Zacatecas,2018,Marzo,3,Mujer,5
Zacatecas,2018,Abril,4,Hombre,56
Zacatecas,2018,Abril,4,Mujer,5
Zacatecas,2018,Mayo,5,Hombre,35
Zacatecas,2018,Mayo,5,Mujer,7
Zacatecas,2018,Junio,6,Hombre,36
Zacatecas,2018,Junio,6,Mujer,11
Zacatecas,2018,Julio,7,Hombre,57
Zacatecas,2018,Julio,7,Mujer,16
Zacatecas,2018,Agosto,8,Hombre,52
Zacatecas,2018,Agosto,8,Mujer,4
Zacatecas,2018,Septiembre,9,Hombre,54
Zacatecas,2018,Septiembre,9,Mujer,8
Zacatecas,2018,Octubre,10,Hombre,74
Zacatecas,2018,Octubre,10,Mujer,4
Zacatecas,2018,Noviembre,11,Hombre,64
Zacatecas,2018,Noviembre,11,Mujer,7
Zacatecas,2018,Diciembre,12,Hombre,56
Zacatecas,2018,Diciembre,12,Mujer,15
Zacatecas,2019,Enero,1,Hombre,46
Zacatecas,2019,Enero,1,Mujer,4
Zacatecas,2019,Febrero,2,Hombre,37
Zacatecas,2019,Febrero,2,Mujer,4
Zacatecas,2019,Marzo,3,Hombre,51
Zacatecas,2019,Marzo,3,Mujer,2
Zacatecas,2019,Abril,4,Hombre,45
Zacatecas,2019,Abril,4,Mujer,5
Zacatecas,2019,Mayo,5,Hombre,47
Zacatecas,2019,Mayo,5,Mujer,10
Zacatecas,2019,Junio,6,Hombre,44
Zacatecas,2019,Junio,6,Mujer,8
Zacatecas,2019,Julio,7,Hombre,43
Zacatecas,2019,Julio,7,Mujer,9
Zacatecas,2019,Agosto,8,Hombre,44
Zacatecas,2019,Agosto,8,Mujer,4
Zacatecas,2019,Septiembre,9,Hombre,48
Zacatecas,2019,Septiembre,9,Mujer,9
Zacatecas,2019,Octubre,10,Hombre,49
Zacatecas,2019,Octubre,10,Mujer,9
Zacatecas,2019,Noviembre,11,Hombre,56
Zacatecas,2019,Noviembre,11,Mujer,4
Zacatecas,2019,Diciembre,12,Hombre,63
Zacatecas,2019,Diciembre,12,Mujer,7
Zacatecas,2020,Enero,1,Hombre,46
Zacatecas,2020,Enero,1,Mujer,2
Zacatecas,2020,Febrero,2,Hombre,49
Zacatecas,2020,Febrero,2,Mujer,9
Zacatecas,2020,Marzo,3,Hombre,61
Zacatecas,2020,Marzo,3,Mujer,7
Zacatecas,2020,Abril,4,Hombre,65
Zacatecas,2020,Abril,4,Mujer,7
Zacatecas,2020,Mayo,5,Hombre,72
Zacatecas,2020,Mayo,5,Mujer,11
Zacatecas,2020,Junio,6,Hombre,88
Zacatecas,2020,Junio,6,Mujer,9
Zacatecas,2020,Julio,7,Hombre,82
Zacatecas,2020,Julio,7,Mujer,17
Zacatecas,2020,Agosto,8,Hombre,71
Zacatecas,2020,Agosto,8,Mujer,12
Zacatecas,2020,Septiembre,9,Hombre,87
Zacatecas,2020,Septiembre,9,Mujer,6
Zacatecas,2020,Octubre,10,Hombre,99
Zacatecas,2020,Octubre,10,Mujer,11
Zacatecas,2020,Noviembre,11,Hombre,98
Zacatecas,2020,Noviembre,11,Mujer,5
Zacatecas,2020,Diciembre,12,Hombre,148
Zacatecas,2020,Diciembre,12,Mujer,5
Zacatecas,2021,Enero,1,Hombre,107
Zacatecas,2021,Enero,1,Mujer,5
Zacatecas,2021,Febrero,2,Hombre,122
Zacatecas,2021,Febrero,2,Mujer,10
Zacatecas,2021,Marzo,3,Hombre,112
Zacatecas,2021,Marzo,3,Mujer,11
Zacatecas,2021,Abril,4,Hombre,106
Zacatecas,2021,Abril,4,Mujer,11
Zacatecas,2021,Mayo,5,Hombre,104
Zacatecas,2021,Mayo,5,Mujer,15
Zacatecas,2021,Junio,6,Hombre,101
Zacatecas,2021,Junio,6,Mujer,15
Zacatecas,2021,Julio,7,Hombre,124
Zacatecas,2021,Julio,7,Mujer,14
Zacatecas,2021,Agosto,8,Hombre,132
Zacatecas,2021,Agosto,8,Mujer,15
Zacatecas,2021,Septiembre,9,Hombre,125
Zacatecas,2021,Septiembre,9,Mujer,21
Zacatecas,2021,Octubre,10,Hombre,156
Zacatecas,2021,Octubre,10,Mujer,18
Zacatecas,2021,Noviembre,11,Hombre,142
Zacatecas,2021,Noviembre,11,Mujer,12
Zacatecas,2021,Diciembre,12,Hombre,130
Zacatecas,2021,Diciembre,12,Mujer,11
Zacatecas,2022,Enero,1,Hombre,96
Zacatecas,2022,Enero,1,Mujer,16
Zacatecas,2022,Febrero,2,Hombre,80
Zacatecas,2022,Febrero,2,Mujer,13
Zacatecas,2022,Marzo,3,Hombre,84
Zacatecas,2022,Marzo,3,Mujer,12
Zacatecas,2022,Abril,4,Hombre,98
Zacatecas,2022,Abril,4,Mujer,13
Zacatecas,2022,Mayo,5,Hombre,90
Zacatecas,2022,Mayo,5,Mujer,15
Zacatecas,2022,Junio,6,Hombre,99
Zacatecas,2022,Junio,6,Mujer,8
Zacatecas,2022,Julio,7,Hombre,99
Zacatecas,2022,Julio,7,Mujer,9
Zacatecas,2022,Agosto,8,Hombre,89
Zacatecas,2022,Agosto,8,Mujer,17
Zacatecas,2022,Septiembre,9,Hombre,94
Zacatecas,2022,Septiembre,9,Mujer,10
Zacatecas,2022,Octubre,10,Hombre,118
Zacatecas,2022,Octubre,10,Mujer,13
Zacatecas,2022,Noviembre,11,Hombre,115
Zacatecas,2022,Noviembre,11,Mujer,17
Zacatecas,2022,Diciembre,12,Hombre,128
Zacatecas,2022,Diciembre,12,Mujer,14
Zacatecas,2023,Enero,1,Hombre,99
Zacatecas,2023,Enero,1,Mujer,19
Zacatecas,2023,Febrero,2,Hombre,92
Zacatecas,2023,Febrero,2,Mujer,6
Zacatecas,2023,Marzo,3,Hombre,83
Zacatecas,2023,Marzo,3,Mujer,6
Zacatecas,2023,Abril,4,Hombre,94
Zacatecas,2023,Abril,4,Mujer,7
Zacatecas,2023,Mayo,5,Hombre,75
Zacatecas,2023,Mayo,5,Mujer,5
Zacatecas,2023,Junio,6,Hombre,63
Zacatecas,2023,Junio,6,Mujer,11
Zacatecas,2023,Julio,7,Hombre,43
Zacatecas,2023,Julio,7,Mujer,10
Zacatecas,2023,Agosto,8,Hombre,70
Zacatecas,2023,Agosto,8,Mujer,12
Zacatecas,2023,Septiembre,9,Hombre,65
Zacatecas,2023,Septiembre,9,Mujer,7
Zacatecas,2023,Octubre,10,Hombre,47
Zacatecas,2023,Octubre,10,Mujer,10
Zacatecas,2023,Noviembre,11,Hombre,63
Zacatecas,2023,Noviembre,11,Mujer,9
Zacatecas,2023,Diciembre,12,Hombre,51
Zacatecas,2023,Diciembre,12,Mujer,7
Zacatecas,2024,Enero,1,Hombre,39
Zacatecas,2024,Enero,1,Mujer,6
Zacatecas,2024,Febrero,2,Hombre,28
Zacatecas,2024,Febrero,2,Mujer,4
Zacatecas,2024,Marzo,3,Hombre,34
Zacatecas,2024,Abril,4,Hombre,38
Zacatecas,2024,Abril,4,Mujer,5
Zacatecas,2024,Mayo,5,Hombre,51
Zacatecas,2024,Mayo,5,Mujer,3
Zacatecas,2024,Junio,6,Hombre,29
Zacatecas,2024,Julio,7,Hombre,46
Zacatecas,2024,Julio,7,Mujer,3
Zacatecas,2024,Agosto,8,Hombre,39
Zacatecas,2024,Agosto,8,Mujer,5
Zacatecas,2024,Septiembre,9,Hombre,39
Zacatecas,2024,Septiembre,9,Mujer,12
Zacatecas,2024,Octubre,10,Hombre,42
Zacatecas,2024,Octubre,10,Mujer,6
Zacatecas,2024,Noviembre,11,Hombre,37
Zacatecas,2024,Noviembre,11,Mujer,3
Zacatecas,2024,Diciembre,12,Hombre,60
Zacatecas,2024,Diciembre,12,Mujer,3
